Biometry_ID,Region,Period,SpecificChronology,ChronGeneral,Chron,Excluded_from_NISP,Site.name,Area,SiteID,TaxonName,Taxon,Element,ElementName,GL,GLl,GLm,Bp,Dp,SD,DD_shaft,Dl,Bd,Dd,BT,HT,HTC,GLpe,BatF,Dc,GB,BFd,BFp,Comments,AnalysisEdits,Individual,IndiDuplicate,MeasurementPrecision,TaxonGroup
100,South,Iron Age,IA1,IA1,IA.Mid,NA,Castenaso,Bologna - Castenaso,59,Cattle,B,AS,Astragalus,NA,56.8,52.1,NA,NA,NA,NA,32.5,38.6,NA,NA,NA,NA,NA,NA,NA,NA,NA,NA,NA,NA,57.1,NA,NA,Cattle
198,Veneto,Bronze Age,BA.R-F,BRF-IA0,BA.Late,NA,Fondo Paviani,Riedel 1979 - Recent/Final,21,Cattle,B,AS,Astragalus,NA,54,NA,NA,NA,NA,NA,NA,33.3,NA,NA,NA,NA,NA,NA,NA,NA,NA,NA,NA,NA,NA,NA,NA,Cattle
199,Veneto,Bronze Age,BA.R-F,BRF-IA0,BA.Late,NA,Fondo Paviani,Riedel 1979 - Recent/Final,21,Cattle,B,AS,Astragalus,NA,54.1,NA,NA,NA,NA,NA,28.8,NA,NA,NA,NA,NA,NA,NA,NA,NA,NA,NA,NA,NA,NA,NA,NA,Cattle
200,Veneto,Bronze Age,BA.R-F,BRF-IA0,BA.Late,NA,Fondo Paviani,Riedel 1979 - Recent/Final,21,Cattle,B,AS,Astragalus,NA,56.3,NA,NA,NA,NA,NA,30.6,35.5,NA,NA,NA,NA,NA,NA,NA,NA,NA,NA,NA,NA,NA,NA,NA,Cattle
202,Veneto,Bronze Age,BA.R-F,BRF-IA0,BA.Late,NA,Fondo Paviani,Riedel 1979 - Recent/Final,21,Cattle,B,AS,Astragalus,NA,59.2,NA,NA,NA,NA,NA,32.6,NA,NA,NA,NA,NA,NA,NA,NA,NA,NA,NA,NA,NA,NA,NA,NA,Cattle
203,Veneto,Bronze Age,BA.R-F,BRF-IA0,BA.Late,NA,Fondo Paviani,Riedel 1979 - Recent/Final,21,Cattle,B,AS,Astragalus,NA,63.8,NA,NA,NA,NA,NA,35.9,39,NA,NA,NA,NA,NA,NA,NA,NA,NA,NA,NA,NA,NA,NA,NA,Cattle
204,Veneto,Bronze Age,BA.R-F,BRF-IA0,BA.Late,NA,Fondo Paviani,Riedel 1979 - Recent/Final,21,Cattle,B,AS,Astragalus,NA,NA,NA,NA,NA,NA,NA,NA,41.1,NA,NA,NA,NA,NA,NA,NA,NA,NA,NA,NA,NA,NA,NA,NA,Cattle
205,North,Bronze Age,BA.R-F,BRF-IA0,BA.Late,NA,Cavalzara,Riedel 1979,20,Cattle,B,AS,Astragalus,NA,57.2,NA,NA,NA,NA,NA,32.2,38.1,NA,NA,NA,NA,NA,NA,NA,NA,NA,NA,NA,NA,NA,NA,NA,Cattle
243,South,Iron Age,IA1,IA1,IA.Mid,NA,Marzabotto,V 3,68,Cattle,B,AS,Astragalus,NA,62.3,NA,NA,NA,NA,NA,NA,NA,NA,NA,NA,NA,NA,NA,NA,NA,NA,NA,NA,NA,NA,NA,NA,Cattle
244,South,Iron Age,IA1,IA1,IA.Mid,NA,Marzabotto,V 3,68,Cattle,B,AS,Astragalus,NA,57.6,NA,NA,NA,NA,NA,NA,NA,NA,NA,NA,NA,NA,NA,NA,NA,NA,NA,NA,NA,NA,NA,NA,Cattle
245,South,Iron Age,IA1,IA1,IA.Mid,NA,Marzabotto,V 3,68,Cattle,B,AS,Astragalus,NA,60.8,NA,NA,NA,NA,NA,NA,NA,NA,NA,NA,NA,NA,NA,NA,NA,NA,NA,NA,NA,NA,NA,NA,Cattle
246,South,Iron Age,IA1,IA1,IA.Mid,NA,Marzabotto,V 3,68,Cattle,B,AS,Astragalus,NA,54.5,NA,NA,NA,NA,NA,NA,NA,NA,NA,NA,NA,NA,NA,NA,NA,NA,NA,NA,NA,NA,NA,NA,Cattle
247,South,Iron Age,IA1,IA1,IA.Mid,NA,Marzabotto,V 3,68,Cattle,B,AS,Astragalus,NA,59.4,NA,NA,NA,NA,NA,NA,NA,NA,NA,NA,NA,NA,NA,NA,NA,NA,NA,NA,NA,NA,NA,NA,Cattle
269,South,Iron Age,IA2,IA2,IA.Late,NA,Casale di Rivalta,NA,71,Cattle,B,AS,Astragalus,NA,59.6,55.2,NA,NA,NA,NA,NA,NA,NA,NA,NA,NA,NA,NA,NA,NA,NA,NA,NA,NA,NA,NA,NA,Cattle
270,South,Iron Age,IA2,IA2,IA.Late,NA,Casale di Rivalta,NA,71,Cattle,B,AS,Astragalus,NA,52.7,51.5,NA,NA,NA,NA,NA,NA,NA,NA,NA,NA,NA,NA,NA,NA,NA,NA,NA,NA,NA,NA,NA,Cattle
271,South,Iron Age,IA2,IA2,IA.Late,NA,Casale di Rivalta,NA,71,Cattle,B,AS,Astragalus,NA,63.2,NA,NA,NA,NA,NA,NA,NA,NA,NA,NA,NA,NA,NA,NA,NA,NA,NA,NA,NA,NA,NA,NA,Cattle
409,North,Iron Age,IA2,IA2,IA.Late,NA,Colognola ai Colli,NA,54,Cattle,B,AS,Astragalus,NA,57.6,52.3,NA,NA,NA,NA,32.4,36,NA,NA,NA,NA,NA,NA,NA,NA,NA,NA,NA,NA,NA,NA,NA,Cattle
410,North,Iron Age,IA2,IA2,IA.Late,NA,Colognola ai Colli,NA,54,Cattle,B,AS,Astragalus,NA,59,54.6,NA,NA,NA,NA,31.7,35.4,NA,NA,NA,NA,NA,NA,NA,NA,NA,NA,NA,NA,NA,NA,NA,Cattle
411,North,Iron Age,IA2,IA2,IA.Late,NA,Colognola ai Colli,NA,54,Cattle,B,AS,Astragalus,NA,61.8,57,NA,NA,NA,NA,34.1,NA,NA,NA,NA,NA,NA,NA,NA,NA,NA,NA,NA,NA,NA,NA,NA,Cattle
412,North,Iron Age,IA2,IA2,IA.Late,NA,Colognola ai Colli,NA,54,Cattle,B,AS,Astragalus,NA,62.7,57,NA,NA,NA,NA,37.3,41.7,NA,NA,NA,NA,NA,NA,NA,NA,NA,NA,NA,NA,NA,NA,NA,Cattle
413,North,Iron Age,IA2,IA2,IA.Late,NA,Colognola ai Colli,NA,54,Cattle,B,AS,Astragalus,NA,65.4,NA,NA,NA,NA,NA,36.8,NA,NA,NA,NA,NA,NA,NA,NA,NA,NA,NA,NA,NA,NA,NA,NA,Cattle
414,North,Iron Age,IA2,IA2,IA.Late,NA,Colognola ai Colli,NA,54,Cattle,B,AS,Astragalus,NA,67,62,NA,NA,NA,NA,NA,43.1,NA,NA,NA,NA,NA,NA,NA,NA,NA,NA,NA,NA,NA,NA,NA,Cattle
922,North,Iron Age,IA2,IA2,IA.Late,NA,Castelrotto,NA,53,Cattle,B,AS,Astragalus,NA,53.5,49.8,NA,NA,NA,NA,29.8,33.5,NA,NA,NA,NA,NA,NA,NA,NA,NA,NA,NA,NA,NA,NA,NA,Cattle
923,North,Iron Age,IA2,IA2,IA.Late,NA,Castelrotto,NA,53,Cattle,B,AS,Astragalus,NA,53.4,48.8,NA,NA,NA,NA,31.7,34.5,NA,NA,NA,NA,NA,NA,NA,NA,NA,NA,NA,NA,NA,NA,NA,Cattle
924,North,Iron Age,IA2,IA2,IA.Late,NA,Castelrotto,NA,53,Cattle,B,AS,Astragalus,NA,54,50.5,NA,NA,NA,NA,30.3,NA,NA,NA,NA,NA,NA,NA,NA,NA,NA,NA,NA,NA,NA,NA,NA,Cattle
925,North,Iron Age,IA2,IA2,IA.Late,NA,Castelrotto,NA,53,Cattle,B,AS,Astragalus,NA,54,NA,NA,NA,NA,NA,30.5,NA,NA,NA,NA,NA,NA,NA,NA,NA,NA,NA,NA,NA,NA,NA,NA,Cattle
926,North,Iron Age,IA2,IA2,IA.Late,NA,Castelrotto,NA,53,Cattle,B,AS,Astragalus,NA,54.8,50,NA,NA,NA,NA,30.5,35,NA,NA,NA,NA,NA,NA,NA,NA,NA,NA,NA,NA,NA,NA,*,Cattle
928,North,Iron Age,IA2,IA2,IA.Late,NA,Castelrotto,NA,53,Cattle,B,AS,Astragalus,NA,57,52.3,NA,NA,NA,NA,NA,37.6,NA,NA,NA,NA,NA,NA,NA,NA,NA,NA,NA,NA,NA,NA,NA,Cattle
929,North,Iron Age,IA2,IA2,IA.Late,NA,Castelrotto,NA,53,Cattle,B,AS,Astragalus,NA,58,NA,NA,NA,NA,NA,32.9,35.6,NA,NA,NA,NA,NA,NA,NA,NA,NA,NA,NA,NA,NA,NA,*,Cattle
930,North,Iron Age,IA2,IA2,IA.Late,NA,Castelrotto,NA,53,Cattle,B,AS,Astragalus,NA,58.8,53.4,NA,NA,NA,NA,32,35.6,NA,NA,NA,NA,NA,NA,NA,NA,NA,NA,NA,NA,NA,NA,NA,Cattle
931,North,Iron Age,IA2,IA2,IA.Late,NA,Castelrotto,NA,53,Cattle,B,AS,Astragalus,NA,60.8,NA,NA,NA,NA,NA,NA,NA,NA,NA,NA,NA,NA,NA,NA,NA,NA,NA,NA,NA,NA,NA,NA,Cattle
932,North,Iron Age,IA2,IA2,IA.Late,NA,Castelrotto,NA,53,Cattle,B,AS,Astragalus,NA,61.3,56.4,NA,NA,NA,NA,33.8,39.2,NA,NA,NA,NA,NA,NA,NA,NA,NA,NA,NA,NA,NA,NA,*,Cattle
933,North,Iron Age,IA2,IA2,IA.Late,NA,Castelrotto,NA,53,Cattle,B,AS,Astragalus,NA,61.4,NA,NA,NA,NA,NA,33.5,NA,NA,NA,NA,NA,NA,NA,NA,NA,NA,NA,NA,NA,NA,NA,NA,Cattle
934,North,Iron Age,IA2,IA2,IA.Late,NA,Castelrotto,NA,53,Cattle,B,AS,Astragalus,NA,NA,58.7,NA,NA,NA,NA,36,40.2,NA,NA,NA,NA,NA,NA,NA,NA,NA,NA,NA,NA,NA,NA,*,Cattle
935,North,Iron Age,IA2,IA2,IA.Late,NA,Castelrotto,NA,53,Cattle,B,AS,Astragalus,NA,61.9,NA,NA,NA,NA,NA,34.5,41.4,NA,NA,NA,NA,NA,NA,NA,NA,NA,NA,NA,NA,NA,NA,*,Cattle
936,North,Iron Age,IA2,IA2,IA.Late,NA,Castelrotto,NA,53,Cattle,B,AS,Astragalus,NA,62.4,NA,NA,NA,NA,NA,35.5,NA,NA,NA,NA,NA,NA,NA,NA,NA,NA,NA,NA,NA,NA,NA,NA,Cattle
937,North,Iron Age,IA2,IA2,IA.Late,NA,Castelrotto,NA,53,Cattle,B,AS,Astragalus,NA,63.4,58.8,NA,NA,NA,NA,34.7,40.1,NA,NA,NA,NA,NA,NA,NA,NA,NA,NA,NA,NA,NA,NA,NA,Cattle
938,North,Iron Age,IA2,IA2,IA.Late,NA,Castelrotto,NA,53,Cattle,B,AS,Astragalus,NA,63.4,59,NA,NA,NA,NA,35.8,41,NA,NA,NA,NA,NA,NA,NA,NA,NA,NA,NA,NA,NA,NA,NA,Cattle
939,North,Iron Age,IA2,IA2,IA.Late,NA,Castelrotto,NA,53,Cattle,B,AS,Astragalus,NA,63.8,59.1,NA,NA,NA,NA,35.5,41,NA,NA,NA,NA,NA,NA,NA,NA,NA,NA,NA,NA,NA,NA,NA,Cattle
940,North,Iron Age,IA2,IA2,IA.Late,NA,Castelrotto,NA,53,Cattle,B,AS,Astragalus,NA,NA,NA,NA,NA,NA,NA,NA,42.2,NA,NA,NA,NA,NA,NA,NA,NA,NA,NA,NA,NA,NA,NA,NA,Cattle
941,North,Iron Age,IA2,IA2,IA.Late,NA,Castelrotto,NA,53,Cattle,B,AS,Astragalus,NA,64.3,NA,NA,NA,NA,NA,36,42.5,NA,NA,NA,NA,NA,NA,NA,NA,NA,NA,NA,NA,NA,NA,NA,Cattle
942,North,Iron Age,IA2,IA2,IA.Late,NA,Castelrotto,NA,53,Cattle,B,AS,Astragalus,NA,64.5,58.6,NA,NA,NA,NA,35.7,41.4,NA,NA,NA,NA,NA,NA,NA,NA,NA,NA,NA,NA,NA,NA,*,Cattle
943,North,Iron Age,IA2,IA2,IA.Late,NA,Castelrotto,NA,53,Cattle,B,AS,Astragalus,NA,65.6,NA,NA,NA,NA,NA,36.8,NA,NA,NA,NA,NA,NA,NA,NA,NA,NA,NA,NA,NA,NA,NA,NA,Cattle
944,North,Iron Age,IA2,IA2,IA.Late,NA,Castelrotto,NA,53,Cattle,B,AS,Astragalus,NA,NA,62.8,NA,NA,NA,NA,NA,45.3,NA,NA,NA,NA,NA,NA,NA,NA,NA,NA,NA,NA,NA,NA,NA,Cattle
945,North,Iron Age,IA2,IA2,IA.Late,NA,Castelrotto,NA,53,Cattle,B,AS,Astragalus,NA,55.9,NA,NA,NA,NA,NA,32,NA,NA,NA,NA,NA,NA,NA,NA,NA,NA,NA,NA,NA,NA,NA,NA,Cattle
946,North,Iron Age,IA2,IA2,IA.Late,NA,Castelrotto,NA,53,Cattle,B,AS,Astragalus,NA,56.4,NA,NA,NA,NA,NA,32.5,NA,NA,NA,NA,NA,NA,NA,NA,NA,NA,NA,NA,NA,NA,NA,NA,Cattle
947,North,Iron Age,IA2,IA2,IA.Late,NA,Castelrotto,NA,53,Cattle,B,AS,Astragalus,NA,57.2,52,NA,NA,NA,NA,32.8,34.4,NA,NA,NA,NA,NA,NA,NA,NA,NA,NA,NA,NA,NA,NA,NA,Cattle
948,North,Iron Age,IA2,IA2,IA.Late,NA,Castelrotto,NA,53,Cattle,B,AS,Astragalus,NA,59.4,52,NA,NA,NA,NA,32.2,34.6,NA,NA,NA,NA,NA,NA,NA,NA,NA,NA,NA,NA,NA,NA,*,Cattle
949,North,Iron Age,IA2,IA2,IA.Late,NA,Castelrotto,NA,53,Cattle,B,AS,Astragalus,NA,NA,NA,NA,NA,NA,NA,NA,36.7,NA,NA,NA,NA,NA,NA,NA,NA,NA,NA,NA,NA,NA,NA,NA,Cattle
951,North,Iron Age,IA2,IA2,IA.Late,NA,Castelrotto,NA,53,Cattle,B,AS,Astragalus,NA,61,NA,NA,NA,NA,NA,33.9,NA,NA,NA,NA,NA,NA,NA,NA,NA,NA,NA,NA,NA,NA,NA,NA,Cattle
952,North,Iron Age,IA2,IA2,IA.Late,NA,Castelrotto,NA,53,Cattle,B,AS,Astragalus,NA,61,56,NA,NA,NA,NA,34.3,39.4,NA,NA,NA,NA,NA,NA,NA,NA,NA,NA,NA,NA,NA,NA,NA,Cattle
953,North,Iron Age,IA2,IA2,IA.Late,NA,Castelrotto,NA,53,Cattle,B,AS,Astragalus,NA,61.2,56.5,NA,NA,NA,NA,33.9,38.4,NA,NA,NA,NA,NA,NA,NA,NA,NA,NA,NA,NA,NA,NA,NA,Cattle
954,North,Iron Age,IA2,IA2,IA.Late,NA,Castelrotto,NA,53,Cattle,B,AS,Astragalus,NA,61.3,55.7,NA,NA,NA,NA,33.8,NA,NA,NA,NA,NA,NA,NA,NA,NA,NA,NA,NA,NA,NA,NA,*,Cattle
956,North,Iron Age,IA2,IA2,IA.Late,NA,Castelrotto,NA,53,Cattle,B,AS,Astragalus,NA,62.9,58,NA,NA,NA,NA,35,39.7,NA,NA,NA,NA,NA,NA,NA,NA,NA,NA,NA,NA,NA,NA,NA,Cattle
958,North,Iron Age,IA2,IA2,IA.Late,NA,Castelrotto,NA,53,Cattle,B,AS,Astragalus,NA,63.5,60.4,NA,NA,NA,NA,36,38.6,NA,NA,NA,NA,NA,NA,NA,NA,NA,NA,NA,NA,NA,NA,NA,Cattle
959,North,Iron Age,IA2,IA2,IA.Late,NA,Castelrotto,NA,53,Cattle,B,AS,Astragalus,NA,63.7,58.2,NA,NA,NA,NA,36,41.7,NA,NA,NA,NA,NA,NA,NA,NA,NA,NA,NA,NA,NA,NA,NA,Cattle
960,North,Iron Age,IA2,IA2,IA.Late,NA,Castelrotto,NA,53,Cattle,B,AS,Astragalus,NA,NA,62.5,NA,NA,NA,NA,NA,41.9,NA,NA,NA,NA,NA,NA,NA,NA,NA,NA,NA,NA,NA,NA,*,Cattle
961,North,Iron Age,IA2,IA2,IA.Late,NA,Castelrotto,NA,53,Cattle,B,AS,Astragalus,NA,64,60.3,NA,NA,NA,NA,36.1,42,NA,NA,NA,NA,NA,NA,NA,NA,NA,NA,NA,NA,NA,NA,NA,Cattle
962,North,Iron Age,IA2,IA2,IA.Late,NA,Castelrotto,NA,53,Cattle,B,AS,Astragalus,NA,64.7,57.7,NA,NA,NA,NA,36.4,42.8,NA,NA,NA,NA,NA,NA,NA,NA,NA,NA,NA,NA,NA,NA,NA,Cattle
963,North,Iron Age,IA2,IA2,IA.Late,NA,Castelrotto,NA,53,Cattle,B,AS,Astragalus,NA,NA,59.2,NA,NA,NA,NA,NA,44,NA,NA,NA,NA,NA,NA,NA,NA,NA,NA,NA,NA,NA,NA,*,Cattle
964,North,Iron Age,IA2,IA2,IA.Late,NA,Castelrotto,NA,53,Cattle,B,AS,Astragalus,NA,65.1,59.3,NA,NA,NA,NA,36,40.5,NA,NA,NA,NA,NA,NA,NA,NA,NA,NA,NA,NA,NA,NA,NA,Cattle
966,North,Iron Age,IA2,IA2,IA.Late,NA,Castelrotto,NA,53,Cattle,B,AS,Astragalus,NA,65.2,NA,NA,NA,NA,NA,34.8,NA,NA,NA,NA,NA,NA,NA,NA,NA,NA,NA,NA,NA,NA,NA,NA,Cattle
967,North,Iron Age,IA2,IA2,IA.Late,NA,Castelrotto,NA,53,Cattle,B,AS,Astragalus,NA,65.4,59.9,NA,NA,NA,NA,NA,44.2,NA,NA,NA,NA,NA,NA,NA,NA,NA,NA,NA,NA,NA,NA,*,Cattle
1482,South,Iron Age,IA2,IA2,IA.Late,NA,Casale di Rivalta,NA,71,Cattle,B,AS,Astragalus,NA,59.6,52.7,NA,NA,NA,NA,35.2,38.2,NA,NA,NA,NA,NA,NA,NA,NA,NA,NA,NA,NA,NA,NA,NA,Cattle
1483,South,Iron Age,IA2,IA2,IA.Late,NA,Casale di Rivalta,NA,71,Cattle,B,AS,Astragalus,NA,55.3,51.5,NA,NA,NA,NA,31.3,37.8,NA,NA,NA,NA,NA,NA,NA,NA,NA,NA,NA,NA,NA,NA,NA,Cattle
1561,South,Bronze Age,BA.M,BM-R,BA.Middle,NA,Tabina di Margreta,Bronze Age,22,Cattle,B,AS,Astragalus,NA,NA,57.5,NA,NA,NA,NA,NA,37,NA,NA,NA,NA,NA,NA,NA,NA,NA,NA,NA,NA,NA,NA,0.5,Cattle
1642,North,Iron Age,IA2,IA2,IA.Late,NA,Santorso,All phases,92,Cattle,B,AS,Astragalus,NA,57,54,NA,NA,NA,NA,31.3,36.9,NA,NA,NA,NA,NA,NA,NA,NA,NA,NA,NA,NA,NA,NA,NA,Cattle
1643,North,Iron Age,IA2,IA2,IA.Late,NA,Santorso,All phases,92,Cattle,B,AS,Astragalus,NA,57.3,NA,NA,NA,NA,NA,31.3,36.4,NA,NA,NA,NA,NA,NA,NA,NA,NA,NA,NA,NA,NA,NA,NA,Cattle
1644,North,Iron Age,IA2,IA2,IA.Late,NA,Santorso,All phases,92,Cattle,B,AS,Astragalus,NA,53.8,48.4,NA,NA,NA,NA,30.1,33.9,NA,NA,NA,NA,NA,NA,NA,NA,NA,NA,NA,NA,NA,NA,NA,Cattle
1645,North,Iron Age,IA2,IA2,IA.Late,NA,Santorso,All phases,92,Cattle,B,AS,Astragalus,NA,55.7,51.5,NA,NA,NA,NA,30.7,33,NA,NA,NA,NA,NA,NA,NA,NA,NA,NA,NA,NA,NA,NA,NA,Cattle
1646,North,Iron Age,IA2,IA2,IA.Late,NA,Santorso,All phases,92,Cattle,B,AS,Astragalus,NA,55.5,NA,NA,NA,NA,NA,31.2,34.3,NA,NA,NA,NA,NA,NA,NA,NA,NA,NA,NA,NA,NA,NA,NA,Cattle
1647,North,Iron Age,IA2,IA2,IA.Late,NA,Santorso,All phases,92,Cattle,B,AS,Astragalus,NA,58.7,53.9,NA,NA,NA,NA,33.8,38,NA,NA,NA,NA,NA,NA,NA,NA,NA,NA,NA,NA,NA,NA,NA,Cattle
1648,North,Iron Age,IA2,IA2,IA.Late,NA,Santorso,All phases,92,Cattle,B,AS,Astragalus,NA,61,56.2,NA,NA,NA,NA,34.1,38.2,NA,NA,NA,NA,NA,NA,NA,NA,NA,NA,NA,NA,NA,NA,NA,Cattle
1649,North,Iron Age,IA2,IA2,IA.Late,NA,Santorso,All phases,92,Cattle,B,AS,Astragalus,NA,55.8,50.3,NA,NA,NA,NA,31.7,37.1,NA,NA,NA,NA,NA,NA,NA,NA,NA,NA,NA,NA,NA,NA,NA,Cattle
1650,North,Iron Age,IA2,IA2,IA.Late,NA,Santorso,All phases,92,Cattle,B,AS,Astragalus,NA,57.1,NA,NA,NA,NA,NA,NA,NA,NA,NA,NA,NA,NA,NA,NA,NA,NA,NA,NA,NA,NA,NA,NA,Cattle
1651,North,Iron Age,IA2,IA2,IA.Late,NA,Santorso,All phases,92,Cattle,B,AS,Astragalus,NA,60.2,54.4,NA,NA,NA,NA,33.7,39.6,NA,NA,NA,NA,NA,NA,NA,NA,NA,NA,NA,NA,NA,NA,NA,Cattle
1652,North,Iron Age,IA2,IA2,IA.Late,NA,Santorso,All phases,92,Cattle,B,AS,Astragalus,NA,60.4,57.6,NA,NA,NA,NA,34.4,38.4,NA,NA,NA,NA,NA,NA,NA,NA,NA,NA,NA,NA,NA,NA,NA,Cattle
1653,North,Iron Age,IA2,IA2,IA.Late,NA,Santorso,All phases,92,Cattle,B,AS,Astragalus,NA,61.3,55.6,NA,NA,NA,NA,33,37.4,NA,NA,NA,NA,NA,NA,NA,NA,NA,NA,NA,NA,NA,NA,NA,Cattle
1654,North,Iron Age,IA2,IA2,IA.Late,NA,Santorso,All phases,92,Cattle,B,AS,Astragalus,NA,61.5,56.6,NA,NA,NA,NA,34.2,38.4,NA,NA,NA,NA,NA,NA,NA,NA,NA,NA,NA,NA,NA,NA,NA,Cattle
1655,North,Iron Age,IA2,IA2,IA.Late,NA,Santorso,All phases,92,Cattle,B,AS,Astragalus,NA,65.8,60.1,NA,NA,NA,NA,NA,41.5,NA,NA,NA,NA,NA,NA,NA,NA,NA,NA,NA,NA,NA,NA,NA,Cattle
1656,North,Iron Age,IA2,IA2,IA.Late,NA,Santorso,All phases,92,Cattle,B,AS,Astragalus,NA,69.3,NA,NA,NA,NA,NA,37.8,NA,NA,NA,NA,NA,NA,NA,NA,NA,NA,NA,NA,NA,NA,NA,NA,Cattle
2017,North,Bronze Age,BA.M,BM-R,BA.Middle,NA,Lavagnone,Sector A + E,126,Cattle,B,AS,Astragalus,NA,63,58.6,NA,NA,NA,NA,34.7,40.1,NA,NA,NA,NA,NA,NA,NA,NA,NA,NA,NA,NA,NA,NA,NA,Cattle
2018,North,Bronze Age,BA.M,BM-R,BA.Middle,NA,Lavagnone,Sector A + E,126,Cattle,B,AS,Astragalus,NA,61.9,55,NA,NA,NA,NA,35,38.2,NA,NA,NA,NA,NA,NA,NA,NA,NA,NA,NA,NA,NA,NA,NA,Cattle
2019,North,Bronze Age,BA.M,BM-R,BA.Middle,NA,Lavagnone,Sector A + E,126,Cattle,B,AS,Astragalus,NA,58.9,52.9,NA,NA,NA,NA,32.7,38,NA,NA,NA,NA,NA,NA,NA,NA,NA,NA,NA,NA,NA,NA,NA,Cattle
2020,North,Bronze Age,BA.M,BM-R,BA.Middle,NA,Lavagnone,Sector A + E,126,Cattle,B,AS,Astragalus,NA,56.8,53.4,NA,NA,NA,NA,31.1,35.3,NA,NA,NA,NA,NA,NA,NA,NA,NA,NA,NA,NA,NA,NA,NA,Cattle
2021,North,Bronze Age,BA.M,BM-R,BA.Middle,NA,Lavagnone,Sector A + E,126,Cattle,B,AS,Astragalus,NA,56.7,52.8,NA,NA,NA,NA,31.4,35,NA,NA,NA,NA,NA,NA,NA,NA,NA,NA,NA,NA,NA,NA,NA,Cattle
2022,North,Bronze Age,BA.M,BM-R,BA.Middle,NA,Lavagnone,Sector A + E,126,Cattle,B,AS,Astragalus,NA,55.7,50.2,NA,NA,NA,NA,33,33.8,NA,NA,NA,NA,NA,NA,NA,NA,NA,NA,NA,NA,NA,NA,NA,Cattle
2023,North,Bronze Age,BA.M,BM-R,BA.Middle,NA,Lavagnone,Sector A + E,126,Cattle,B,AS,Astragalus,NA,55.6,50.8,NA,NA,NA,NA,31.4,NA,NA,NA,NA,NA,NA,NA,NA,NA,NA,NA,NA,NA,NA,NA,NA,Cattle
2024,North,Bronze Age,BA.M,BM-R,BA.Middle,NA,Lavagnone,Sector A + E,126,Cattle,B,AS,Astragalus,NA,52.2,47.9,NA,NA,NA,NA,29.6,34.2,NA,NA,NA,NA,NA,NA,NA,NA,NA,NA,NA,NA,NA,NA,NA,Cattle
2025,North,Bronze Age,BA.M,BM-R,BA.Middle,NA,Lavagnone,Sector A + E,126,Cattle,B,AS,Astragalus,NA,46.1,43.6,NA,NA,NA,NA,26.8,26.8,NA,NA,NA,NA,NA,NA,NA,NA,NA,NA,NA,Small but appears in publication like this,NA,NA,NA,Cattle
2026,North,Bronze Age,BA.M,BM-R,BA.Middle,NA,Lavagnone,Sector A + E,126,Cattle,B,AS,Astragalus,NA,NA,45,NA,NA,NA,NA,NA,31.6,NA,NA,NA,NA,NA,NA,NA,NA,NA,NA,NA,Small but appears in publication like this,NA,NA,NA,Cattle
2048,North,Bronze Age,BA.M,BM-R,BA.Middle,NA,Lavagnone,Sector A + E,126,Cattle,B,AS,Astragalus,NA,58.1,51.7,NA,NA,NA,NA,33.8,37.9,NA,NA,NA,NA,NA,NA,NA,NA,NA,NA,NA,NA,NA,NA,NA,Cattle
2326,South,Bronze Age,BA.M,BM-R,BA.Middle,Rit,Noceto,*Vasca lignea,39,Cattle,B,AS,Astragalus,NA,64.3,59.5,NA,NA,NA,NA,36.2,41.1,NA,NA,NA,NA,NA,NA,NA,NA,NA,NA,NA,NA,NA,NA,NA,Cattle
2327,South,Bronze Age,BA.M,BM-R,BA.Middle,Rit,Noceto,*Vasca lignea,39,Cattle,B,AS,Astragalus,NA,62.6,59.4,NA,NA,NA,NA,34.8,34.8,NA,NA,NA,NA,NA,NA,NA,NA,NA,NA,NA,NA,NA,NA,NA,Cattle
2328,South,Bronze Age,BA.M,BM-R,BA.Middle,Rit,Noceto,*Vasca lignea,39,Cattle,B,AS,Astragalus,NA,60.8,55.2,NA,NA,NA,NA,34.9,39.9,NA,NA,NA,NA,NA,NA,NA,NA,NA,NA,NA,NA,NA,NA,NA,Cattle
2329,South,Bronze Age,BA.M,BM-R,BA.Middle,Rit,Noceto,*Vasca lignea,39,Cattle,B,AS,Astragalus,NA,59,54.7,NA,NA,NA,NA,34.3,38.2,NA,NA,NA,NA,NA,NA,NA,NA,NA,NA,NA,NA,NA,NA,NA,Cattle
2330,South,Bronze Age,BA.M,BM-R,BA.Middle,Rit,Noceto,*Vasca lignea,39,Cattle,B,AS,Astragalus,NA,58.9,NA,NA,NA,NA,NA,33.5,36,NA,NA,NA,NA,NA,NA,NA,NA,NA,NA,NA,NA,NA,NA,NA,Cattle
2331,South,Bronze Age,BA.M,BM-R,BA.Middle,Rit,Noceto,*Vasca lignea,39,Cattle,B,AS,Astragalus,NA,58.7,54.5,NA,NA,NA,NA,31.6,36.3,NA,NA,NA,NA,NA,NA,NA,NA,NA,NA,NA,NA,NA,NA,NA,Cattle
2332,South,Bronze Age,BA.M,BM-R,BA.Middle,Rit,Noceto,*Vasca lignea,39,Cattle,B,AS,Astragalus,NA,NA,48.7,NA,NA,NA,NA,29.6,34.2,NA,NA,NA,NA,NA,NA,NA,NA,NA,NA,NA,NA,NA,NA,NA,Cattle
2362,South,Bronze Age,BA.M,BM-R,BA.Middle,NA,Baggiovara,Opera Pia Bianchi,121,Cattle,B,AS,Astragalus,NA,63.1,58.8,NA,NA,NA,NA,33.5,39,NA,NA,NA,NA,NA,NA,NA,NA,NA,NA,NA,NA,NA,NA,NA,Cattle
2363,South,Bronze Age,BA.M,BM-R,BA.Middle,NA,Baggiovara,Opera Pia Bianchi,121,Cattle,B,AS,Astragalus,NA,NA,52.5,NA,NA,NA,NA,NA,32.2,NA,NA,NA,NA,NA,NA,NA,NA,NA,NA,NA,NA,NA,NA,NA,Cattle
2374,South,Bronze Age,BA.M,BM-R,BA.Middle,NA,Baggiovara,Opera Pia Bianchi,121,Cattle,B,AS,Astragalus,NA,57.8,51.7,NA,NA,NA,NA,32.4,35.4,NA,NA,NA,NA,NA,NA,NA,NA,NA,NA,NA,NA,NA,NA,NA,Cattle
2375,South,Bronze Age,BA.M,BM-R,BA.Middle,NA,Baggiovara,Opera Pia Bianchi,121,Cattle,B,AS,Astragalus,NA,55.2,52.5,NA,NA,NA,NA,NA,33.8,NA,NA,NA,NA,NA,NA,NA,NA,NA,NA,NA,NA,NA,NA,NA,Cattle
2376,South,Bronze Age,BA.M,BM-R,BA.Middle,NA,Baggiovara,Opera Pia Bianchi,121,Cattle,B,AS,Astragalus,NA,54.8,49.2,NA,NA,NA,NA,30.9,34.1,NA,NA,NA,NA,NA,NA,NA,NA,NA,NA,NA,NA,NA,NA,NA,Cattle
2437,South,Bronze Age,BA.M,BM-R,BA.Middle,NA,Gaggio,Struttura 1 + capanna alfa,122,Cattle,B,AS,Astragalus,NA,54.4,52.5,NA,NA,NA,NA,30,32,NA,NA,NA,NA,NA,NA,NA,NA,NA,NA,NA,NA,NA,NA,NA,Cattle
2438,South,Bronze Age,BA.M,BM-R,BA.Middle,NA,Gaggio,Struttura 1 + capanna alfa,122,Cattle,B,AS,Astragalus,NA,59.9,57.6,NA,NA,NA,NA,32.5,33.9,NA,NA,NA,NA,NA,NA,NA,NA,NA,NA,NA,NA,NA,NA,NA,Cattle
2439,South,Bronze Age,BA.M,BM-R,BA.Middle,NA,Gaggio,Struttura 1 + capanna alfa,122,Cattle,B,AS,Astragalus,NA,52.1,47.4,NA,NA,NA,NA,28.3,32.5,NA,NA,NA,NA,NA,NA,NA,NA,NA,NA,NA,NA,NA,NA,NA,Cattle
2444,South,Bronze Age,BA.M,BM-R,BA.Middle,NA,Gaggio,Struttura 1 + capanna alfa,122,Cattle,B,AS,Astragalus,NA,59.1,55.3,NA,NA,NA,NA,33.3,38,NA,NA,NA,NA,NA,NA,NA,NA,NA,NA,NA,NA,NA,NA,NA,Cattle
2632,Appennine,Bronze Age,BA.M,BM-R,BA.Middle,NA,Solarolo,via Odriere Settore 1,123,Cattle,B,AS,Astragalus,NA,59.6,55.4,NA,NA,NA,NA,34,38.3,NA,NA,NA,NA,NA,NA,NA,NA,NA,NA,NA,NA,NA,NA,NA,Cattle
2633,Appennine,Bronze Age,BA.M,BM-R,BA.Middle,NA,Solarolo,via Odriere Settore 1,123,Cattle,B,AS,Astragalus,NA,54,49.1,NA,NA,NA,NA,30.6,33.7,NA,NA,NA,NA,NA,NA,NA,NA,NA,NA,NA,NA,NA,NA,NA,Cattle
2634,Appennine,Bronze Age,BA.M,BM-R,BA.Middle,NA,Solarolo,via Odriere Settore 1,123,Cattle,B,AS,Astragalus,NA,53.5,48.8,NA,NA,NA,NA,31.4,38.8,NA,NA,NA,NA,NA,NA,NA,NA,NA,NA,NA,NA,NA,NA,NA,Cattle
2635,Appennine,Bronze Age,BA.M,BM-R,BA.Middle,NA,Solarolo,via Odriere Settore 1,123,Cattle,B,AS,Astragalus,NA,55.3,51.1,NA,NA,NA,NA,31,32.55,NA,NA,NA,NA,NA,NA,NA,NA,NA,NA,NA,NA,NA,NA,NA,Cattle
2754,Appennine,Iron Age,IA1,IA1,IA.Mid,NA,Verucchio,Scavo 1963,80,Cattle,B,AS,Astragalus,NA,67.1,62.3,NA,NA,NA,NA,36.5,44.1,NA,NA,NA,NA,NA,NA,NA,NA,NA,NA,NA,NA,NA,NA,NA,Cattle
2755,Appennine,Iron Age,IA1,IA1,IA.Mid,NA,Verucchio,Scavo 1963,80,Cattle,B,AS,Astragalus,NA,60.1,55.9,NA,NA,NA,NA,34.5,40.6,NA,NA,NA,NA,NA,NA,NA,NA,NA,NA,NA,NA,NA,NA,NA,Cattle
2756,Appennine,Iron Age,IA1,IA1,IA.Mid,NA,Verucchio,Scavo 1963,80,Cattle,B,AS,Astragalus,NA,55.5,52.8,NA,NA,NA,NA,30,34,NA,NA,NA,NA,NA,NA,NA,NA,NA,NA,NA,NA,NA,NA,NA,Cattle
2757,Appennine,Iron Age,IA1,IA1,IA.Mid,NA,Verucchio,Scavo 1963,80,Cattle,B,AS,Astragalus,NA,63.5,58.5,NA,NA,NA,NA,NA,41.8,NA,NA,NA,NA,NA,NA,NA,NA,NA,NA,NA,NA,NA,NA,NA,Cattle
2758,Appennine,Iron Age,IA1,IA1,IA.Mid,NA,Verucchio,Scavo 1963,80,Cattle,B,AS,Astragalus,NA,63.1,58.2,NA,NA,NA,NA,35.2,41.1,NA,NA,NA,NA,NA,NA,NA,NA,NA,NA,NA,NA,NA,NA,NA,Cattle
2759,Appennine,Iron Age,IA1,IA1,IA.Mid,NA,Verucchio,Scavo 1963,80,Cattle,B,AS,Astragalus,NA,59.4,54.7,NA,NA,NA,NA,34.4,38.4,NA,NA,NA,NA,NA,NA,NA,NA,NA,NA,NA,NA,NA,NA,NA,Cattle
2760,Appennine,Iron Age,IA1,IA1,IA.Mid,NA,Verucchio,Scavo 1963,80,Cattle,B,AS,Astragalus,NA,59.7,53.8,NA,NA,NA,NA,33.3,37,NA,NA,NA,NA,NA,NA,NA,NA,NA,NA,NA,NA,NA,NA,NA,Cattle
2891,Veneto,Iron Age,IA2,IA2,IA.Late,NA,Padova,Via Dietro Duomo,112,Cattle,B,AS,Astragalus,NA,58.1,53.2,NA,NA,NA,NA,32.6,39.1,NA,NA,NA,NA,NA,NA,NA,NA,NA,NA,NA,NA,NA,NA,NA,Cattle
2943,South,Iron Age,IA2,IA2,IA.Late,NA,Mirandola,Barchessone Cappello,83,Cattle,B,AS,Astragalus,NA,69.8,65.7,NA,NA,NA,NA,39,44,NA,NA,NA,NA,NA,NA,NA,NA,NA,NA,NA,NA,NA,NA,NA,Cattle
2977,South,Iron Age,IA2,IA2,IA.Late,ExNISP,Monte Bibele,Just Ambiente/Casa 14,79,Cattle,B,AS,Astragalus,NA,64,57.7,NA,NA,NA,NA,NA,39.9,NA,NA,NA,NA,NA,NA,NA,NA,NA,NA,NA,NA,NA,NA,NA,Cattle
3066,South,Iron Age,IA2,IA2,IA.Late,NA,Rubiera,Ca del Cristo,72,Cattle,B,AS,Astragalus,NA,62.2,NA,NA,NA,NA,NA,38.3,43.1,NA,NA,NA,NA,NA,NA,NA,NA,NA,NA,NA,NA,NA,NA,NA,Cattle
3086,South,Iron Age,IA2,IA2,IA.Late,NA,Spina,Excavations 2007-2009,118,Cattle,B,AS,Astragalus,NA,NA,62.6,NA,NA,NA,NA,NA,44,NA,NA,NA,NA,NA,NA,NA,NA,NA,NA,NA,NA,NA,NA,NA,Cattle
3108,South,Iron Age,IA2,IA2,IA.Late,NA,Spina,Excavations 2007-2009,118,Cattle,B,AS,Astragalus,NA,57.6,54.4,NA,NA,NA,NA,NA,NA,NA,NA,NA,NA,NA,NA,NA,NA,NA,NA,NA,NA,NA,NA,NA,Cattle
3109,South,Iron Age,IA2,IA2,IA.Late,NA,Spina,Excavations 2007-2009,118,Cattle,B,AS,Astragalus,NA,64,NA,NA,NA,NA,NA,NA,NA,NA,NA,NA,NA,NA,NA,NA,NA,NA,NA,NA,NA,NA,NA,NA,Cattle
3209,North,Bronze Age,BA.R,BM-R,BA.Late,NA,Feniletto,NA,15,Cattle,B,AS,Astragalus,NA,56,51.8,NA,NA,NA,NA,31.8,30.5,NA,NA,NA,NA,NA,NA,NA,NA,NA,NA,NA,NA,NA,NA,NA,Cattle
3314,South,Bronze Age,BA.M-R,BM-R,BA.Middle-Late,NA,Pilastri Bondeno,Sondaggi 1989,27,Cattle,B,AS,Astragalus,NA,NA,56.5,NA,NA,NA,NA,33.1,40.4,NA,NA,NA,NA,NA,NA,NA,NA,NA,NA,NA,NA,NA,NA,NA,Cattle
3315,South,Bronze Age,BA.M-R,BM-R,BA.Middle-Late,NA,Pilastri Bondeno,Sondaggi 1989,27,Cattle,B,AS,Astragalus,NA,59.6,56.2,NA,NA,NA,NA,35.5,38.8,NA,NA,NA,NA,NA,NA,NA,NA,NA,NA,NA,NA,NA,NA,NA,Cattle
3488,Appennine,Bronze Age,BA.M-R,BM-R,BA.Middle-Late,ExNISP,San Giuliano di Toscanella,NA,34,Cattle,B,AS,Astragalus,NA,54.5,50,NA,NA,NA,NA,30.2,36,NA,NA,NA,NA,NA,NA,NA,NA,NA,NA,NA,NA,NA,NA,NA,Cattle
3489,Appennine,Bronze Age,BA.M-R,BM-R,BA.Middle-Late,ExNISP,San Giuliano di Toscanella,NA,34,Cattle,B,AS,Astragalus,NA,60,52.5,NA,NA,NA,NA,33.6,34.8,NA,NA,NA,NA,NA,NA,NA,NA,NA,NA,NA,NA,NA,NA,NA,Cattle
3490,Appennine,Bronze Age,BA.M-R,BM-R,BA.Middle-Late,ExNISP,San Giuliano di Toscanella,NA,34,Cattle,B,AS,Astragalus,NA,55.2,52.4,NA,NA,NA,NA,31.8,36,NA,NA,NA,NA,NA,NA,NA,NA,NA,NA,NA,NA,NA,NA,NA,Cattle
3491,Appennine,Bronze Age,BA.M-R,BM-R,BA.Middle-Late,ExNISP,San Giuliano di Toscanella,NA,34,Cattle,B,AS,Astragalus,NA,58.3,54.7,NA,NA,NA,NA,33.3,38,NA,NA,NA,NA,NA,NA,NA,NA,NA,NA,NA,NA,NA,NA,NA,Cattle
3492,Appennine,Bronze Age,BA.M-R,BM-R,BA.Middle-Late,ExNISP,San Giuliano di Toscanella,NA,34,Cattle,B,AS,Astragalus,NA,60.4,56.5,NA,NA,NA,NA,33.5,39,NA,NA,NA,NA,NA,NA,NA,NA,NA,NA,NA,NA,NA,NA,NA,Cattle
3493,Appennine,Bronze Age,BA.M-R,BM-R,BA.Middle-Late,ExNISP,San Giuliano di Toscanella,NA,34,Cattle,B,AS,Astragalus,NA,59.7,56.4,NA,NA,NA,NA,33.7,39.3,NA,NA,NA,NA,NA,NA,NA,NA,NA,NA,NA,NA,NA,NA,NA,Cattle
3494,Appennine,Bronze Age,BA.M-R,BM-R,BA.Middle-Late,ExNISP,San Giuliano di Toscanella,NA,34,Cattle,B,AS,Astragalus,NA,59.3,57.4,NA,NA,NA,NA,34.4,40,NA,NA,NA,NA,NA,NA,NA,NA,NA,NA,NA,NA,NA,NA,NA,Cattle
3495,Appennine,Bronze Age,BA.M-R,BM-R,BA.Middle-Late,ExNISP,San Giuliano di Toscanella,NA,34,Cattle,B,AS,Astragalus,NA,57.7,54.3,NA,NA,NA,NA,32,38.2,NA,NA,NA,NA,NA,NA,NA,NA,NA,NA,NA,NA,NA,NA,NA,Cattle
3496,Appennine,Bronze Age,BA.M-R,BM-R,BA.Middle-Late,ExNISP,San Giuliano di Toscanella,NA,34,Cattle,B,AS,Astragalus,NA,59.5,57,NA,NA,NA,NA,33.4,39.6,NA,NA,NA,NA,NA,NA,NA,NA,NA,NA,NA,NA,NA,NA,NA,Cattle
3497,Appennine,Bronze Age,BA.M-R,BM-R,BA.Middle-Late,ExNISP,San Giuliano di Toscanella,NA,34,Cattle,B,AS,Astragalus,NA,57.7,53.8,NA,NA,NA,NA,32.1,37.7,NA,NA,NA,NA,NA,NA,NA,NA,NA,NA,NA,NA,NA,NA,NA,Cattle
3498,Appennine,Bronze Age,BA.M-R,BM-R,BA.Middle-Late,ExNISP,San Giuliano di Toscanella,NA,34,Cattle,B,AS,Astragalus,NA,60,55,NA,NA,NA,NA,33.2,35.5,NA,NA,NA,NA,NA,NA,NA,NA,NA,NA,NA,NA,NA,NA,NA,Cattle
3710,Friuli,Roman,Rom.Early,Early,Roman.Early,NA,Pozzuolo,Excavations 1980-83 Roman,160,Cattle,B,AS,Astragalus,NA,69,NA,NA,NA,NA,NA,55.2,41.2,NA,NA,NA,NA,NA,NA,NA,NA,NA,NA,NA,NA,NA,NA,NA,Cattle
3775,North,Bronze Age,BA.M-R,BM-R,BA.Middle-Late,NA,Castellaro Lagusello,NA,44,Cattle,B,AS,Astragalus,NA,55,49,NA,NA,NA,NA,30.2,34.8,NA,NA,NA,NA,NA,NA,NA,NA,NA,NA,NA,NA,NA,NA,NA,Cattle
3857,North,Bronze Age,BA.M-R,BM-R,BA.Middle-Late,NA,Peschiera,NA,14,Cattle,B,AS,Astragalus,NA,54.2,NA,NA,NA,NA,NA,29.8,34.2,NA,NA,NA,NA,NA,NA,NA,NA,NA,NA,NA,NA,NA,NA,NA,Cattle
3858,North,Bronze Age,BA.M-R,BM-R,BA.Middle-Late,NA,Peschiera,NA,14,Cattle,B,AS,Astragalus,NA,56.3,NA,NA,NA,NA,NA,30.8,34,NA,NA,NA,NA,NA,NA,NA,NA,NA,NA,NA,NA,NA,NA,NA,Cattle
3859,North,Bronze Age,BA.M-R,BM-R,BA.Middle-Late,NA,Peschiera,NA,14,Cattle,B,AS,Astragalus,NA,57.4,NA,NA,NA,NA,NA,32,36.5,NA,NA,NA,NA,NA,NA,NA,NA,NA,NA,NA,NA,NA,NA,NA,Cattle
3860,North,Bronze Age,BA.M-R,BM-R,BA.Middle-Late,NA,Peschiera,NA,14,Cattle,B,AS,Astragalus,NA,60.2,NA,NA,NA,NA,NA,34.2,41,NA,NA,NA,NA,NA,NA,NA,NA,NA,NA,NA,NA,NA,NA,NA,Cattle
3962,South,Bronze Age,BA.M,BM-R,BA.Middle,NA,Poviglio,Villaggio piccolo - MBA,26,Cattle,B,AS,Astragalus,NA,55,56,NA,NA,NA,NA,31.4,35.4,NA,NA,NA,NA,NA,NA,NA,NA,NA,NA,NA,NA,NA,NA,NA,Cattle
3963,South,Bronze Age,BA.M,BM-R,BA.Middle,NA,Poviglio,Villaggio piccolo - MBA,26,Cattle,B,AS,Astragalus,NA,56.7,51.7,NA,NA,NA,NA,31,37.6,NA,NA,NA,NA,NA,NA,NA,NA,NA,NA,NA,NA,NA,NA,NA,Cattle
3964,South,Bronze Age,BA.M,BM-R,BA.Middle,NA,Poviglio,Villaggio piccolo - MBA,26,Cattle,B,AS,Astragalus,NA,56.8,51,NA,NA,NA,NA,30.9,35.6,NA,NA,NA,NA,NA,NA,NA,NA,NA,NA,NA,NA,NA,NA,NA,Cattle
3965,South,Bronze Age,BA.M,BM-R,BA.Middle,NA,Poviglio,Villaggio piccolo - MBA,26,Cattle,B,AS,Astragalus,NA,59,53,NA,NA,NA,NA,33,38.6,NA,NA,NA,NA,NA,NA,NA,NA,NA,NA,NA,NA,NA,NA,NA,Cattle
3966,South,Bronze Age,BA.M,BM-R,BA.Middle,NA,Poviglio,Villaggio piccolo - MBA,26,Cattle,B,AS,Astragalus,NA,59.1,54.2,NA,NA,NA,NA,33,34.2,NA,NA,NA,NA,NA,NA,NA,NA,NA,NA,NA,NA,NA,NA,NA,Cattle
3967,South,Bronze Age,BA.M,BM-R,BA.Middle,NA,Poviglio,Villaggio piccolo - MBA,26,Cattle,B,AS,Astragalus,NA,NA,62,NA,NA,NA,NA,NA,41,NA,NA,NA,NA,NA,NA,NA,NA,NA,NA,NA,NA,NA,NA,NA,Cattle
3968,South,Bronze Age,BA.M,BM-R,BA.Middle,NA,Poviglio,Villaggio piccolo - MBA,26,Cattle,B,AS,Astragalus,NA,54.6,50,NA,NA,NA,NA,30.6,33,NA,NA,NA,NA,NA,NA,NA,NA,NA,NA,NA,NA,NA,NA,NA,Cattle
3969,South,Bronze Age,BA.M,BM-R,BA.Middle,NA,Poviglio,Villaggio piccolo - MBA,26,Cattle,B,AS,Astragalus,NA,57.3,51,NA,NA,NA,NA,30.8,35.4,NA,NA,NA,NA,NA,NA,NA,NA,NA,NA,NA,NA,NA,NA,NA,Cattle
3970,South,Bronze Age,BA.M,BM-R,BA.Middle,NA,Poviglio,Villaggio piccolo - MBA,26,Cattle,B,AS,Astragalus,NA,63.6,58.6,NA,NA,NA,NA,36.1,40.3,NA,NA,NA,NA,NA,NA,NA,NA,NA,NA,NA,NA,NA,NA,NA,Cattle
4230,Veneto,Bronze Age,BA.M,BM-R,BA.Middle,NA,Vallette,NA,145,Cattle,B,AS,Astragalus,NA,53,50,NA,NA,NA,NA,30,32,NA,NA,NA,NA,NA,NA,NA,NA,NA,NA,NA,NA,NA,NA,1,Cattle
4231,Veneto,Bronze Age,BA.M,BM-R,BA.Middle,NA,Vallette,NA,145,Cattle,B,AS,Astragalus,NA,56,52,NA,NA,NA,NA,31,35,NA,NA,NA,NA,NA,NA,NA,NA,NA,NA,NA,NA,NA,NA,1,Cattle
4232,Veneto,Bronze Age,BA.M,BM-R,BA.Middle,NA,Vallette,NA,145,Cattle,B,AS,Astragalus,NA,50.5,47,NA,NA,NA,NA,30,32,NA,NA,NA,NA,NA,NA,NA,NA,NA,NA,NA,NA,NA,NA,1,Cattle
4727,South,Iron Age,IA2,IA2,IA.Late,ExNISP,Forcello,Trentacoste PhD,84,Cattle,B,AS,Astragalus,NA,66.1,61.4,NA,NA,NA,NA,38,NA,NA,NA,NA,NA,NA,NA,NA,NA,NA,NA,NA,NA,NA,NA,NA,Cattle
4736,South,Iron Age,IA2,IA2,IA.Late,ExNISP,Forcello,Trentacoste PhD,84,Cattle,B,AS,Astragalus,NA,55.5,51.3,NA,NA,NA,NA,32.7,35.4,NA,NA,NA,NA,NA,NA,NA,NA,NA,NA,NA,NA,NA,NA,NA,Cattle
4792,South,Iron Age,IA2,IA2,IA.Late,ExNISP,Forcello,Trentacoste PhD,84,Cattle,B,AS,Astragalus,NA,58.4,NA,NA,NA,NA,NA,33.4,NA,NA,NA,NA,NA,NA,NA,NA,NA,NA,NA,NA,NA,NA,NA,NA,Cattle
4813,South,Iron Age,IA2,IA2,IA.Late,ExNISP,Forcello,Trentacoste PhD,84,Cattle,B,AS,Astragalus,NA,63,NA,NA,NA,NA,NA,36.4,NA,NA,NA,NA,NA,NA,NA,NA,NA,NA,NA,NA,NA,NA,NA,NA,Cattle
4921,South,Iron Age,IA2,IA2,IA.Late,ExNISP,Forcello,Trentacoste PhD,84,Cattle,B,AS,Astragalus,NA,64.5,58.7,NA,NA,NA,NA,NA,39.2,NA,NA,NA,NA,NA,NA,NA,NA,NA,NA,NA,NA,NA,NA,NA,Cattle
4946,South,Iron Age,IA2,IA2,IA.Late,ExNISP,Forcello,Trentacoste PhD,84,Cattle,B,AS,Astragalus,NA,59.2,54.9,NA,NA,NA,NA,33.8,37.2,NA,NA,NA,NA,NA,NA,NA,NA,NA,NA,NA,NA,NA,NA,NA,Cattle
5066,South,Iron Age,IA2,IA2,IA.Late,ExNISP,Forcello,Trentacoste PhD,84,Cattle,B,AS,Astragalus,NA,70.9,64.9,NA,NA,NA,NA,41.2,44.4,NA,NA,NA,NA,NA,NA,NA,NA,NA,NA,NA,NA,NA,NA,NA,Cattle
5304,South,Iron Age,IA2,IA2,IA.Late,ExNISP,Forcello,Trentacoste PhD,84,Cattle,B,AS,Astragalus,NA,68.6,63.2,NA,NA,NA,NA,37.9,43.6,NA,NA,NA,NA,NA,NA,NA,NA,NA,NA,NA,NA,NA,NA,NA,Cattle
5400,South,Iron Age,IA2,IA2,IA.Late,ExNISP,Forcello,Trentacoste PhD,84,Cattle,B,AS,Astragalus,NA,63.8,58.5,NA,NA,NA,NA,35.7,43.2,NA,NA,NA,NA,NA,NA,NA,NA,NA,NA,NA,NA,NA,NA,NA,Cattle
5447,South,Iron Age,IA2,IA2,IA.Late,ExNISP,Forcello,Trentacoste PhD,84,Cattle,B,AS,Astragalus,NA,58.9,57.2,NA,NA,NA,NA,33,NA,NA,NA,NA,NA,NA,NA,NA,NA,NA,NA,NA,NA,NA,NA,NA,Cattle
5572,South,Iron Age,IA2,IA2,IA.Late,ExNISP,Forcello,Trentacoste PhD,84,Cattle,B,AS,Astragalus,NA,63.5,58.4,NA,NA,NA,NA,36.3,42,NA,NA,NA,NA,NA,NA,NA,NA,NA,NA,NA,NA,NA,NA,NA,Cattle
5576,South,Iron Age,IA2,IA2,IA.Late,ExNISP,Forcello,Trentacoste PhD,84,Cattle,B,AS,Astragalus,NA,NA,NA,NA,NA,NA,NA,NA,35,NA,NA,NA,NA,NA,NA,NA,NA,NA,NA,NA,NA,NA,NA,NA,Cattle
5665,South,Iron Age,IA2,IA2,IA.Late,ExNISP,Forcello,Trentacoste PhD,84,Cattle,B,AS,Astragalus,NA,63.7,NA,NA,NA,NA,NA,35.3,43.4,NA,NA,NA,NA,NA,NA,NA,NA,NA,NA,NA,NA,NA,NA,NA,Cattle
5826,South,Iron Age,IA2,IA2,IA.Late,ExNISP,Forcello,Trentacoste PhD,84,Cattle,B,AS,Astragalus,NA,59,55.4,NA,NA,NA,NA,33.2,38.3,NA,NA,NA,NA,NA,NA,NA,NA,NA,NA,Joins individual 00H,NA,NA,NA,NA,Cattle
5865,South,Iron Age,IA2,IA2,IA.Late,ExNISP,Forcello,Trentacoste PhD,84,Cattle,B,AS,Astragalus,NA,64.6,57.9,NA,NA,NA,NA,37,NA,NA,NA,NA,NA,NA,NA,NA,NA,NA,NA,NA,NA,NA,NA,NA,Cattle
5883,South,Iron Age,IA2,IA2,IA.Late,ExNISP,Forcello,Trentacoste PhD,84,Cattle,B,AS,Astragalus,NA,56.5,NA,NA,NA,NA,NA,31.7,NA,NA,NA,NA,NA,NA,NA,NA,NA,NA,NA,NA,NA,NA,NA,NA,Cattle
5908,South,Iron Age,IA2,IA2,IA.Late,ExNISP,Forcello,Trentacoste PhD,84,Cattle,B,AS,Astragalus,NA,64.8,58.7,NA,NA,NA,NA,37.1,39.9,NA,NA,NA,NA,NA,NA,NA,NA,NA,NA,Joins individual 00I,NA,NA,NA,NA,Cattle
5909,South,Iron Age,IA2,IA2,IA.Late,ExNISP,Forcello,Trentacoste PhD,84,Cattle,B,AS,Astragalus,NA,55.9,51.1,NA,NA,NA,NA,31.7,36.1,NA,NA,NA,NA,NA,NA,NA,NA,NA,NA,NA,NA,NA,NA,NA,Cattle
5935,South,Iron Age,IA2,IA2,IA.Late,ExNISP,Forcello,Trentacoste PhD,84,Cattle,B,AS,Astragalus,NA,NA,NA,NA,NA,NA,NA,NA,42.3,NA,NA,NA,NA,NA,NA,NA,NA,NA,NA,NA,NA,NA,NA,NA,Cattle
6047,South,Iron Age,IA2,IA2,IA.Late,ExNISP,Forcello,Trentacoste PhD,84,Cattle,B,AS,Astragalus,NA,66.3,63.5,NA,NA,NA,NA,37.3,45.8,NA,NA,NA,NA,NA,NA,NA,NA,NA,NA,NA,NA,NA,NA,NA,Cattle
6086,South,Iron Age,IA2,IA2,IA.Late,ExNISP,Forcello,Trentacoste PhD,84,Cattle,B,AS,Astragalus,NA,61.5,55.9,NA,NA,NA,NA,34.2,39.7,NA,NA,NA,NA,NA,NA,NA,NA,NA,NA,NA,NA,NA,NA,NA,Cattle
8213,South,Iron Age,IA2,IA2,IA.Late,ExNISP,Forcello,Scarpa,1,Cattle,B,AS,Astragalus,NA,61,52,NA,NA,NA,NA,33,NA,NA,NA,NA,NA,NA,NA,NA,NA,NA,NA,NA,NA,NA,NA,1,Cattle
8214,South,Iron Age,IA2,IA2,IA.Late,ExNISP,Forcello,Scarpa,1,Cattle,B,AS,Astragalus,NA,58,56,NA,NA,NA,NA,30,NA,NA,NA,NA,NA,NA,NA,NA,NA,NA,NA,NA,NA,NA,NA,1,Cattle
8215,South,Iron Age,IA2,IA2,IA.Late,ExNISP,Forcello,Scarpa,1,Cattle,B,AS,Astragalus,NA,60,57,NA,NA,NA,NA,33,NA,NA,NA,NA,NA,NA,NA,NA,NA,NA,NA,NA,NA,NA,NA,1,Cattle
8216,South,Iron Age,IA2,IA2,IA.Late,ExNISP,Forcello,Scarpa,1,Cattle,B,AS,Astragalus,NA,58,53,NA,NA,NA,NA,34,NA,NA,NA,NA,NA,NA,NA,NA,NA,NA,NA,NA,NA,NA,NA,1,Cattle
8217,South,Iron Age,IA2,IA2,IA.Late,ExNISP,Forcello,Scarpa,1,Cattle,B,AS,Astragalus,NA,62,56,NA,NA,NA,NA,30,NA,NA,NA,NA,NA,NA,NA,NA,NA,NA,NA,NA,NA,NA,NA,1,Cattle
8379,North,Bronze Age,BA.R,BM-R,BA.Late,NA,Bovolone,Bertoloni et al. 2015,125,Cattle,B,AS,Astragalus,NA,57,NA,NA,NA,NA,NA,31.4,36.1,NA,NA,NA,NA,NA,NA,NA,NA,NA,NA,NA,NA,NA,NA,1,Cattle
8380,North,Bronze Age,BA.R,BM-R,BA.Late,NA,Bovolone,Bertoloni et al. 2015,125,Cattle,B,AS,Astragalus,NA,66.5,NA,NA,NA,NA,NA,38,44,NA,NA,NA,NA,NA,NA,NA,NA,NA,NA,NA,NA,NA,NA,1*,Cattle
8381,North,Bronze Age,BA.R,BM-R,BA.Late,NA,Bovolone,Bertoloni et al. 2015,125,Cattle,B,AS,Astragalus,NA,50,NA,NA,NA,NA,NA,27,31,NA,NA,NA,NA,NA,NA,NA,NA,NA,NA,NA,NA,NA,NA,1,Cattle
8382,North,Bronze Age,BA.R,BM-R,BA.Late,NA,Bovolone,Bertoloni et al. 2015,125,Cattle,B,AS,Astragalus,NA,NA,NA,NA,NA,NA,NA,NA,31.1,NA,NA,NA,NA,NA,NA,NA,NA,NA,NA,NA,NA,NA,NA,1,Cattle
8383,North,Bronze Age,BA.R,BM-R,BA.Late,NA,Bovolone,Bertoloni et al. 2015,125,Cattle,B,AS,Astragalus,NA,55,NA,NA,NA,NA,NA,31,35,NA,NA,NA,NA,NA,NA,NA,NA,NA,NA,NA,NA,NA,NA,1,Cattle
8384,North,Bronze Age,BA.R,BM-R,BA.Late,NA,Bovolone,Bertoloni et al. 2015,125,Cattle,B,AS,Astragalus,NA,57,NA,NA,NA,NA,NA,NA,NA,NA,NA,NA,NA,NA,NA,NA,NA,NA,NA,NA,NA,NA,NA,1,Cattle
8385,North,Bronze Age,BA.R,BM-R,BA.Late,NA,Bovolone,Bertoloni et al. 2015,125,Cattle,B,AS,Astragalus,NA,NA,NA,NA,NA,NA,NA,32,33,NA,NA,NA,NA,NA,NA,NA,NA,NA,NA,NA,NA,NA,NA,1,Cattle
8386,North,Bronze Age,BA.R,BM-R,BA.Late,NA,Bovolone,Bertoloni et al. 2015,125,Cattle,B,AS,Astragalus,NA,60,NA,NA,NA,NA,NA,37,39,NA,NA,NA,NA,NA,NA,NA,NA,NA,NA,NA,NA,NA,NA,1,Cattle
8387,North,Bronze Age,BA.R,BM-R,BA.Late,NA,Bovolone,Bertoloni et al. 2015,125,Cattle,B,AS,Astragalus,NA,70,NA,NA,NA,NA,NA,39,42,NA,NA,NA,NA,NA,NA,NA,NA,NA,NA,NA,NA,NA,NA,1,Cattle
8388,North,Bronze Age,BA.R,BM-R,BA.Late,NA,Bovolone,Bertoloni et al. 2015,125,Cattle,B,AS,Astragalus,NA,59,NA,NA,NA,NA,NA,29,39,NA,NA,NA,NA,NA,NA,NA,NA,NA,NA,NA,NA,NA,NA,1,Cattle
8389,North,Bronze Age,BA.R,BM-R,BA.Late,NA,Bovolone,Bertoloni et al. 2015,125,Cattle,B,AS,Astragalus,NA,57,NA,NA,NA,NA,NA,33,34.5,NA,NA,NA,NA,NA,NA,NA,NA,NA,NA,NA,NA,NA,NA,1,Cattle
8390,North,Bronze Age,BA.R,BM-R,BA.Late,NA,Bovolone,Bertoloni et al. 2015,125,Cattle,B,AS,Astragalus,NA,NA,NA,NA,NA,NA,NA,NA,34,NA,NA,NA,NA,NA,NA,NA,NA,NA,NA,NA,NA,NA,NA,1,Cattle
8391,North,Bronze Age,BA.R,BM-R,BA.Late,NA,Bovolone,Bertoloni et al. 2015,125,Cattle,B,AS,Astragalus,NA,52,NA,NA,NA,NA,NA,NA,31,NA,NA,NA,NA,NA,NA,NA,NA,NA,NA,NA,NA,NA,NA,1*,Cattle
8518,Veneto,Bronze Age,BA.R,BM-R,BA.Late,NA,Larda I,NA,147,Cattle,B,AS,Astragalus,NA,51,50.3,NA,NA,NA,NA,27.1,27.1,NA,NA,NA,NA,NA,NA,NA,NA,NA,NA,NA,Small but appears in publication like this,NA,NA,1,Cattle
8519,Veneto,Bronze Age,BA.R,BM-R,BA.Late,NA,Larda I,NA,147,Cattle,B,AS,Astragalus,NA,57,50,NA,NA,NA,NA,23.1,27.1,NA,NA,NA,NA,NA,NA,NA,NA,NA,NA,NA,Small but appears in publication like this,NA,NA,1,Cattle
8588,Veneto,Bronze Age,BA.R,BM-R,BA.Late,NA,Larda II,NA,148,Cattle,B,AS,Astragalus,NA,61.4,55,NA,NA,NA,NA,34.7,41,NA,NA,NA,NA,NA,NA,NA,NA,NA,NA,NA,NA,NA,NA,1,Cattle
8589,Veneto,Bronze Age,BA.R,BM-R,BA.Late,NA,Larda II,NA,148,Cattle,B,AS,Astragalus,NA,58,NA,NA,NA,NA,NA,35,36,NA,NA,NA,NA,NA,NA,NA,NA,NA,NA,NA,NA,NA,NA,1,Cattle
8590,Veneto,Bronze Age,BA.R,BM-R,BA.Late,NA,Larda II,NA,148,Cattle,B,AS,Astragalus,NA,56,52.6,NA,NA,NA,NA,NA,35,NA,NA,NA,NA,NA,NA,NA,NA,NA,NA,NA,NA,NA,NA,1,Cattle
8591,Veneto,Bronze Age,BA.R,BM-R,BA.Late,NA,Larda II,NA,148,Cattle,B,AS,Astragalus,NA,56,51,NA,NA,NA,NA,31,35,NA,NA,NA,NA,NA,NA,NA,NA,NA,NA,NA,NA,NA,NA,1,Cattle
8592,Veneto,Bronze Age,BA.R,BM-R,BA.Late,NA,Larda II,NA,148,Cattle,B,AS,Astragalus,NA,53,50,NA,NA,NA,NA,30,33,NA,NA,NA,NA,NA,NA,NA,NA,NA,NA,NA,NA,NA,NA,1,Cattle
8669,Veneto,Bronze Age,BA.R,BM-R,BA.Late,NA,Campestrin,NA,149,Cattle,B,AS,Astragalus,NA,51,51.8,NA,NA,NA,NA,32.2,35,NA,NA,NA,NA,NA,NA,NA,NA,NA,NA,NA,NA,NA,NA,1,Cattle
8670,Veneto,Bronze Age,BA.R,BM-R,BA.Late,NA,Campestrin,NA,149,Cattle,B,AS,Astragalus,NA,57,51,NA,NA,NA,NA,32.4,37,NA,NA,NA,NA,NA,NA,NA,NA,NA,NA,NA,NA,NA,NA,1,Cattle
8671,Veneto,Bronze Age,BA.R,BM-R,BA.Late,NA,Campestrin,NA,149,Cattle,B,AS,Astragalus,NA,56,NA,NA,NA,NA,NA,NA,34,NA,NA,NA,NA,NA,NA,NA,NA,NA,NA,NA,NA,NA,NA,1,Cattle
8672,Veneto,Bronze Age,BA.R,BM-R,BA.Late,NA,Campestrin,NA,149,Cattle,B,AS,Astragalus,NA,NA,NA,NA,NA,NA,NA,NA,36,NA,NA,NA,NA,NA,NA,NA,NA,NA,NA,NA,NA,NA,NA,1,Cattle
8673,Veneto,Bronze Age,BA.R,BM-R,BA.Late,NA,Campestrin,NA,149,Cattle,B,AS,Astragalus,NA,58,54,NA,NA,NA,NA,33,34,NA,NA,NA,NA,NA,NA,NA,NA,NA,NA,NA,NA,NA,NA,1,Cattle
8674,Veneto,Bronze Age,BA.R,BM-R,BA.Late,NA,Campestrin,NA,149,Cattle,B,AS,Astragalus,NA,NA,NA,NA,NA,NA,NA,NA,33.5,NA,NA,NA,NA,NA,NA,NA,NA,NA,NA,NA,NA,NA,NA,1,Cattle
8740,Veneto,Bronze Age,BA.R,BM-R,BA.Late,NA,Amolara,NA,150,Cattle,B,AS,Astragalus,NA,56,52,NA,NA,NA,NA,30,NA,NA,NA,NA,NA,NA,NA,NA,NA,NA,NA,NA,NA,NA,NA,1,Cattle
8741,Veneto,Bronze Age,BA.R,BM-R,BA.Late,NA,Amolara,NA,150,Cattle,B,AS,Astragalus,NA,60,55,NA,NA,NA,NA,34,37,NA,NA,NA,NA,NA,NA,NA,NA,NA,NA,NA,NA,NA,NA,1,Cattle
8742,Veneto,Bronze Age,BA.R,BM-R,BA.Late,NA,Amolara,NA,150,Cattle,B,AS,Astragalus,NA,61,58,NA,NA,NA,NA,34,39,NA,NA,NA,NA,NA,NA,NA,NA,NA,NA,NA,NA,NA,NA,1,Cattle
8743,Veneto,Bronze Age,BA.R,BM-R,BA.Late,NA,Amolara,NA,150,Cattle,B,AS,Astragalus,NA,55,50,NA,NA,NA,NA,29,33,NA,NA,NA,NA,NA,NA,NA,NA,NA,NA,NA,NA,NA,NA,1,Cattle
9062,Veneto,Bronze Age,BA.R,BM-R,BA.Late,NA,Terranegra,Depellegrin & Tecchiati - BR,61,Cattle,B,AS,Astragalus,NA,64.2,58,NA,NA,NA,NA,36.3,38.4,NA,NA,NA,NA,NA,NA,NA,NA,NA,NA,NA,NA,NA,NA,NA,Cattle
9063,Veneto,Bronze Age,BA.R,BM-R,BA.Late,NA,Terranegra,Depellegrin & Tecchiati - BR,61,Cattle,B,AS,Astragalus,NA,56.4,50.6,NA,NA,NA,NA,31.5,33.5,NA,NA,NA,NA,NA,NA,NA,NA,NA,NA,NA,NA,NA,NA,NA,Cattle
9064,Veneto,Bronze Age,BA.R,BM-R,BA.Late,NA,Terranegra,Depellegrin & Tecchiati - BR,61,Cattle,B,AS,Astragalus,NA,62.3,58.7,NA,NA,NA,NA,NA,40.6,NA,NA,NA,NA,NA,NA,NA,NA,NA,NA,NA,NA,NA,NA,*,Cattle
9065,Veneto,Bronze Age,BA.R,BM-R,BA.Late,NA,Terranegra,Depellegrin & Tecchiati - BR,61,Cattle,B,AS,Astragalus,NA,65.6,57.8,NA,NA,NA,NA,NA,39.8,NA,NA,NA,NA,NA,NA,NA,NA,NA,NA,NA,NA,NA,NA,*,Cattle
9066,Veneto,Bronze Age,BA.R,BM-R,BA.Late,NA,Terranegra,Depellegrin & Tecchiati - BR,61,Cattle,B,AS,Astragalus,NA,55.5,50.1,NA,NA,NA,NA,NA,35.8,NA,NA,NA,NA,NA,NA,NA,NA,NA,NA,NA,NA,NA,NA,*,Cattle
9067,Veneto,Iron Age,IA1-IA2,IA1,IA.Mid,NA,Terranegra,Depellegrin & Tecchiati - IA,156,Cattle,B,AS,Astragalus,NA,62.3,57.2,NA,NA,NA,NA,35.3,38.9,NA,NA,NA,NA,NA,NA,NA,NA,NA,NA,NA,NA,NA,NA,NA,Cattle
9068,Veneto,Iron Age,IA1-IA2,IA1,IA.Mid,NA,Terranegra,Depellegrin & Tecchiati - IA,156,Cattle,B,AS,Astragalus,NA,59.9,54.9,NA,NA,NA,NA,33.3,37.7,NA,NA,NA,NA,NA,NA,NA,NA,NA,NA,NA,NA,NA,NA,NA,Cattle
9069,Veneto,Iron Age,IA1-IA2,IA1,IA.Mid,NA,Terranegra,Depellegrin & Tecchiati - IA,156,Cattle,B,AS,Astragalus,NA,63.3,59,NA,NA,NA,NA,36.5,38.1,NA,NA,NA,NA,NA,NA,NA,NA,NA,NA,NA,NA,NA,NA,NA,Cattle
9070,Veneto,Iron Age,IA1-IA2,IA1,IA.Mid,NA,Terranegra,Depellegrin & Tecchiati - IA,156,Cattle,B,AS,Astragalus,NA,60,54.9,NA,NA,NA,NA,34,40.1,NA,NA,NA,NA,NA,NA,NA,NA,NA,NA,NA,NA,NA,NA,NA,Cattle
9071,Veneto,Iron Age,IA1-IA2,IA1,IA.Mid,NA,Terranegra,Depellegrin & Tecchiati - IA,156,Cattle,B,AS,Astragalus,NA,54.2,49.9,NA,NA,NA,NA,NA,34.7,NA,NA,NA,NA,NA,NA,NA,NA,NA,NA,NA,NA,NA,NA,*,Cattle
9072,Veneto,Iron Age,IA1-IA2,IA1,IA.Mid,NA,Terranegra,Depellegrin & Tecchiati - IA,156,Cattle,B,AS,Astragalus,NA,62.2,60.7,NA,NA,NA,NA,36.4,38.9,NA,NA,NA,NA,NA,NA,NA,NA,NA,NA,NA,NA,NA,NA,*,Cattle
9073,Veneto,Iron Age,IA1-IA2,IA1,IA.Mid,NA,Terranegra,Depellegrin & Tecchiati - IA,156,Cattle,B,AS,Astragalus,NA,52.1,48.6,NA,NA,NA,NA,29.2,32.2,NA,NA,NA,NA,NA,NA,NA,NA,NA,NA,NA,NA,NA,NA,NA,Cattle
9074,Veneto,Iron Age,IA1-IA2,IA1,IA.Mid,NA,Terranegra,Depellegrin & Tecchiati - IA,156,Cattle,B,AS,Astragalus,NA,57,54,NA,NA,NA,NA,NA,NA,NA,NA,NA,NA,NA,NA,NA,NA,NA,NA,NA,NA,NA,NA,*,Cattle
9075,Veneto,Iron Age,IA1-IA2,IA1,IA.Mid,NA,Terranegra,Depellegrin & Tecchiati - IA,156,Cattle,B,AS,Astragalus,NA,65.7,60.4,NA,NA,NA,NA,37.4,40.8,NA,NA,NA,NA,NA,NA,NA,NA,NA,NA,NA,NA,NA,NA,NA,Cattle
9258,North,Bronze Age,BA.M,BM-R,BA.Middle,NA,Nogarole Rocca,I Camponi,17,Cattle,B,AS,Astragalus,NA,55,50.5,NA,NA,NA,NA,NA,33.7,NA,NA,NA,NA,NA,NA,NA,NA,NA,NA,NA,NA,NA,NA,NA,Cattle
9259,North,Bronze Age,BA.M,BM-R,BA.Middle,NA,Nogarole Rocca,I Camponi,17,Cattle,B,AS,Astragalus,NA,56.2,52,NA,NA,NA,NA,NA,35.5,NA,NA,NA,NA,NA,NA,NA,NA,NA,NA,NA,NA,NA,NA,NA,Cattle
9260,North,Bronze Age,BA.M,BM-R,BA.Middle,NA,Nogarole Rocca,I Camponi,17,Cattle,B,AS,Astragalus,NA,59,53.8,NA,NA,NA,NA,NA,38,NA,NA,NA,NA,NA,NA,NA,NA,NA,NA,NA,NA,NA,NA,NA,Cattle
9505,Friuli,Iron Age,IA0,BRF-IA0,IA.Early,NA,Concordia Sagittaria,Quartiere Nord-Ovest 2001,167,Cattle,B,AS,Astragalus,NA,54,NA,NA,NA,NA,NA,NA,NA,NA,NA,NA,NA,NA,NA,NA,NA,NA,NA,NA,NA,NA,NA,1,Cattle
9507,Friuli,Iron Age,IA0,BRF-IA0,IA.Early,NA,Concordia Sagittaria,Quartiere Nord-Ovest 2001,167,Cattle,B,AS,Astragalus,NA,52,NA,NA,NA,NA,NA,NA,33,NA,NA,NA,NA,NA,NA,NA,NA,NA,NA,NA,NA,NA,NA,1,Cattle
9508,Friuli,Iron Age,IA0,BRF-IA0,IA.Early,NA,Concordia Sagittaria,Quartiere Nord-Ovest 2001,167,Cattle,B,AS,Astragalus,NA,NA,NA,NA,NA,NA,NA,NA,38,NA,NA,NA,NA,NA,NA,NA,NA,NA,NA,NA,NA,NA,NA,1,Cattle
9509,Friuli,Iron Age,IA0,BRF-IA0,IA.Early,NA,Concordia Sagittaria,Quartiere Nord-Ovest 2001,167,Cattle,B,AS,Astragalus,NA,64,58,NA,NA,NA,NA,35,NA,NA,NA,NA,NA,NA,NA,NA,NA,NA,NA,NA,NA,NA,NA,1,Cattle
9510,Friuli,Iron Age,IA0,BRF-IA0,IA.Early,NA,Concordia Sagittaria,Quartiere Nord-Ovest 2001,167,Cattle,B,AS,Astragalus,NA,54,NA,NA,NA,NA,NA,NA,39,NA,NA,NA,NA,NA,NA,NA,NA,NA,NA,NA,NA,NA,NA,1,Cattle
9598,South,Roman,Rom.Early,Early,Roman.Early,NA,Modena,Cassa di Risparmio,132,Cattle,B,AS,Astragalus,NA,69.5,67.5,NA,NA,NA,NA,41,47,NA,NA,NA,NA,NA,NA,NA,NA,NA,NA,NA,NA,NA,NA,0.5,Cattle
9599,South,Roman,Rom.Early,Early,Roman.Early,NA,Modena,Cassa di Risparmio,132,Cattle,B,AS,Astragalus,NA,62,58,NA,NA,NA,NA,35,39,NA,NA,NA,NA,NA,NA,NA,NA,NA,NA,NA,NA,NA,NA,0.5,Cattle
9974,Veneto,Roman,Rom.M-L,Mid-Late,Roman.Mid-Late,NA,Oderzo,Pozzo romano - all strata (1st-4th c AD),214,Cattle,B,AS,Astragalus,NA,67.2,63.4,NA,NA,NA,NA,39.5,47.4,NA,NA,NA,NA,NA,NA,NA,NA,NA,NA,NA,NA,NA,NA,NA,Cattle
10106,Veneto,Roman,Rom.M-L,Mid-Late,Roman.Mid-Late,NA,Altino,Riedel 1985,56,Cattle,B,AS,Astragalus,NA,71.5,65.6,NA,NA,NA,NA,40.3,47.3,NA,NA,NA,NA,NA,NA,NA,NA,NA,NA,NA,NA,NA,NA,NA,Cattle
10107,Veneto,Roman,Rom.M-L,Mid-Late,Roman.Mid-Late,NA,Altino,Riedel 1985,56,Cattle,B,AS,Astragalus,NA,84.2,77.3,NA,NA,NA,NA,NA,NA,NA,NA,NA,NA,NA,NA,NA,NA,NA,NA,NA,Large but appears in publication like this,NA,NA,NA,Cattle
10713,Friuli,Roman,Rom.Early,Early,Roman.Early,NA,Trieste,Crosada - Phase 2,235,Cattle,B,AS,Astragalus,NA,67.6,NA,NA,NA,NA,NA,NA,NA,NA,NA,NA,NA,NA,NA,NA,NA,NA,NA,NA,NA,NA,NA,NA,Cattle
10746,Friuli,Roman,Rom.Mid,Mid,Roman.Mid,NA,Trieste,Crosada - Phase 3,236,Cattle,B,AS,Astragalus,NA,66.2,60.3,NA,NA,NA,NA,37.5,41,NA,NA,NA,NA,NA,NA,NA,NA,NA,NA,NA,NA,NA,NA,NA,Cattle
11117,Friuli,Roman,Rom.Late,Late,Roman.Late,NA,Udine,Late Roman,246,Cattle,B,AS,Astragalus,NA,59,55.6,NA,NA,NA,NA,NA,37,NA,NA,NA,NA,NA,NA,NA,NA,NA,NA,NA,NA,NA,NA,NA,Cattle
11118,Friuli,Roman,Rom.Late,Late,Roman.Late,NA,Udine,Late Roman,246,Cattle,B,AS,Astragalus,NA,60,55.5,NA,NA,NA,NA,NA,39,NA,NA,NA,NA,NA,NA,NA,NA,NA,NA,NA,NA,NA,NA,NA,Cattle
11119,Friuli,Roman,Rom.Late,Late,Roman.Late,NA,Udine,Late Roman,246,Cattle,B,AS,Astragalus,NA,62.2,NA,NA,NA,NA,NA,NA,NA,NA,NA,NA,NA,NA,NA,NA,NA,NA,NA,NA,NA,NA,NA,NA,Cattle
11120,Friuli,Roman,Rom.Late,Late,Roman.Late,NA,Udine,Late Roman,246,Cattle,B,AS,Astragalus,NA,63.7,NA,NA,NA,NA,NA,NA,43.5,NA,NA,NA,NA,NA,NA,NA,NA,NA,NA,NA,NA,NA,NA,NA,Cattle
11289,Friuli,Bronze Age,BA.R-F,BRF-IA0,BA.Late,NA,Udine,'Late Bronze Age',247,Cattle,B,AS,Astragalus,NA,55.6,51.8,NA,NA,NA,NA,NA,36,NA,NA,NA,NA,NA,NA,NA,NA,NA,NA,NA,NA,NA,NA,NA,Cattle
11290,Friuli,Bronze Age,BA.R-F,BRF-IA0,BA.Late,NA,Udine,'Late Bronze Age',247,Cattle,B,AS,Astragalus,NA,57.6,NA,NA,NA,NA,NA,NA,35.6,NA,NA,NA,NA,NA,NA,NA,NA,NA,NA,NA,NA,NA,NA,NA,Cattle
11291,Friuli,Bronze Age,BA.R-F,BRF-IA0,BA.Late,NA,Udine,'Late Bronze Age',247,Cattle,B,AS,Astragalus,NA,62,58,NA,NA,NA,NA,NA,42,NA,NA,NA,NA,NA,NA,NA,NA,NA,NA,NA,NA,NA,NA,NA,Cattle
11346,Friuli,Bronze Age,BA.R,BRF-IA0,BA.Late,NA,Rividischia,Cjamps dai Cjastilirs,248,Cattle,B,AS,Astragalus,NA,53.7,49.8,NA,NA,NA,NA,30.1,34.1,NA,NA,NA,NA,NA,NA,NA,NA,NA,NA,NA,NA,NA,NA,NA,Cattle
11384,Veneto,Roman,Rom.Late,Late,Roman.Late,NA,Torcello,Late Antique II-VII / II-VI 5th-7th c. AD,257,Cattle,B,AS,Astragalus,NA,58.1,NA,NA,NA,NA,NA,32.8,37.3,NA,NA,NA,NA,NA,NA,NA,NA,NA,NA,NA,NA,NA,NA,NA,Cattle
11714,South,Roman,Rom.Early,Early,Roman.Early,NA,Calvatone,Wilkens - Bio data from academia,253,Cattle,B,AS,Astragalus,NA,72.2,65,NA,NA,NA,NA,40.2,47.9,NA,NA,NA,NA,NA,NA,NA,NA,NA,NA,NA,NA,NA,NA,NA,Cattle
11715,South,Roman,Rom.Early,Early,Roman.Early,NA,Calvatone,Wilkens - Bio data from academia,253,Cattle,B,AS,Astragalus,NA,NA,NA,NA,NA,NA,NA,40,42,NA,NA,NA,NA,NA,NA,NA,NA,NA,NA,NA,NA,NA,NA,NA,Cattle
11716,South,Roman,Rom.Early,Early,Roman.Early,NA,Calvatone,Wilkens - Bio data from academia,253,Cattle,B,AS,Astragalus,NA,67.2,62.5,NA,NA,NA,NA,NA,47,NA,NA,NA,NA,NA,NA,NA,NA,NA,NA,NA,NA,NA,NA,NA,Cattle
11731,South,Roman,Rom.Early,Early,Roman.Early,NA,Calvatone,Wilkens - Bio data from academia,253,Cattle,B,AS,Astragalus,NA,74.7,68.8,NA,NA,NA,NA,43,50.4,NA,NA,NA,NA,NA,NA,NA,NA,NA,NA,NA,NA,NA,NA,NA,Cattle
11745,South,Roman,Rom.Early,Early,Roman.Early,NA,Calvatone,Wilkens - Bio data from academia,253,Cattle,B,AS,Astragalus,NA,60,55,NA,NA,NA,NA,33.7,36.9,NA,NA,NA,NA,NA,NA,NA,NA,NA,NA,NA,NA,NA,NA,NA,Cattle
11812,South,Roman,Rom.Early,Early,Roman.Early,NA,Calvatone,Wilkens - Bio data from academia,253,Cattle,B,AS,Astragalus,NA,NA,59.2,NA,NA,NA,NA,NA,41,NA,NA,NA,NA,NA,NA,NA,NA,NA,NA,NA,NA,NA,NA,NA,Cattle
11933,South,Roman,Rom.Early,Early,Roman.Early,NA,Calvatone,Wilkens - Bio data from academia,253,Cattle,B,AS,Astragalus,NA,71.1,NA,NA,NA,NA,NA,38.3,44.9,NA,NA,NA,NA,NA,NA,NA,NA,NA,NA,NA,NA,NA,NA,NA,Cattle
11934,South,Roman,Rom.Early,Early,Roman.Early,NA,Calvatone,Wilkens - Bio data from academia,253,Cattle,B,AS,Astragalus,NA,70.4,65,NA,NA,NA,NA,39.1,46.9,NA,NA,NA,NA,NA,NA,NA,NA,NA,NA,NA,NA,NA,NA,NA,Cattle
12005,South,Roman,Rom.Early,Early,Roman.Early,NA,Calvatone,Wilkens - Bio data from academia,253,Cattle,B,AS,Astragalus,NA,59,54,NA,NA,NA,NA,32,36,NA,NA,NA,NA,NA,NA,NA,NA,NA,NA,NA,NA,NA,NA,NA,Cattle
12268,South,Roman,Rom.Early,Early,Roman.Early,NA,Calvatone,Wilkens - Bio data from academia,253,Cattle,B,AS,Astragalus,NA,NA,63.1,NA,NA,NA,NA,NA,41.6,NA,NA,NA,NA,NA,NA,NA,NA,NA,NA,NA,NA,NA,NA,NA,Cattle
12284,South,Roman,Rom.Early,Early,Roman.Early,NA,Calvatone,Wilkens - Bio data from academia,253,Cattle,B,AS,Astragalus,NA,63.3,NA,NA,NA,NA,NA,36,41.2,NA,NA,NA,NA,NA,NA,NA,NA,NA,NA,NA,NA,NA,NA,NA,Cattle
12293,South,Roman,Rom.Early,Early,Roman.Early,NA,Calvatone,Wilkens - Bio data from academia,253,Cattle,B,AS,Astragalus,NA,NA,NA,NA,NA,NA,NA,NA,41.5,NA,NA,NA,NA,NA,NA,NA,NA,NA,NA,NA,NA,NA,NA,NA,Cattle
NA,South,Bronze Age,BA.R,BM-R,BA.Late,NA,Monterenzio Vecchio,NA,446,Cattle,B,AS,Astragalus,NA,59,52,NA,NA,NA,NA,NA,33.6,NA,NA,NA,NA,NA,NA,NA,NA,NA,NA,NA,NA,NA,NA,NA,Cattle
NA,South,Bronze Age,BA.M-R,BM-R,BA.Middle-Late,NA,Montirone,NA,442,Cattle,B,AS,Astragalus,NA,54.9,50.9,NA,NA,NA,NA,30.3,33.8,NA,NA,NA,NA,NA,NA,NA,NA,NA,NA,NA,NA,NA,NA,NA,Cattle
NA,South,Bronze Age,BA.M-R,BM-R,BA.Middle-Late,NA,Montirone,NA,442,Cattle,B,AS,Astragalus,NA,58.7,54.7,NA,NA,NA,NA,34.2,NA,NA,NA,NA,NA,NA,NA,NA,NA,NA,NA,NA,NA,NA,NA,NA,Cattle
NA,Appennine,Bronze Age,BA.M-R,BM-R,BA.Middle-Late,NA,Case Missiroli,NA,453,Cattle,B,AS,Astragalus,NA,56.1,53.1,NA,NA,NA,NA,33.4,33.8,NA,NA,NA,NA,NA,NA,NA,NA,NA,NA,NA,NA,NA,NA,NA,Cattle
NA,Appennine,Bronze Age,BA.M-R,BM-R,BA.Middle-Late,NA,Case Missiroli,NA,453,Cattle,B,AS,Astragalus,NA,62.4,58.2,NA,NA,NA,NA,37,39.5,NA,NA,NA,NA,NA,NA,NA,NA,NA,NA,NA,NA,NA,NA,NA,Cattle
NA,Appennine,Bronze Age,BA.M-R,BM-R,BA.Middle-Late,NA,Case Missiroli,NA,453,Cattle,B,AS,Astragalus,NA,56,51.2,NA,NA,NA,NA,NA,39.2,NA,NA,NA,NA,NA,NA,NA,NA,NA,NA,NA,NA,NA,NA,NA,Cattle
NA,Appennine,Bronze Age,BA.M-R,BM-R,BA.Middle-Late,NA,Case Missiroli,NA,453,Cattle,B,AS,Astragalus,NA,54.6,49.6,NA,NA,NA,NA,30.7,33.4,NA,NA,NA,NA,NA,NA,NA,NA,NA,NA,NA,NA,NA,NA,NA,Cattle
NA,Appennine,Bronze Age,BA.M-R,BM-R,BA.Middle-Late,NA,Case Missiroli,NA,453,Cattle,B,AS,Astragalus,NA,56.1,51.7,NA,NA,NA,NA,32.2,37.6,NA,NA,NA,NA,NA,NA,NA,NA,NA,NA,NA,NA,NA,NA,NA,Cattle
NA,Appennine,Bronze Age,BA.M-R,BM-R,BA.Middle-Late,NA,Case Missiroli,NA,453,Cattle,B,AS,Astragalus,NA,61.1,57,NA,NA,NA,NA,34.1,39,NA,NA,NA,NA,NA,NA,NA,NA,NA,NA,NA,NA,NA,NA,NA,Cattle
NA,Veneto,Iron Age,IA1,IA1,IA.Mid,NA,Padova,"Via S. Canziano, phases I-III",466,Cattle,B,AS,Astragalus,NA,65.8,61.3,NA,NA,NA,NA,40.1,43.4,NA,NA,NA,NA,NA,NA,NA,NA,NA,NA,NA,NA,NA,NA,NA,Cattle
101,South,Iron Age,IA1,IA1,IA.Mid,NA,Castenaso,Bologna - Castenaso,59,Cattle,B,CA,Calcaneum,121.3,NA,NA,NA,NA,NA,NA,NA,NA,NA,NA,NA,NA,NA,NA,NA,NA,NA,NA,NA,NA,57.1,*,NA,Cattle
415,North,Iron Age,IA2,IA2,IA.Late,NA,Colognola ai Colli,NA,54,Cattle,B,CA,Calcaneum,137,NA,NA,NA,NA,NA,NA,NA,NA,NA,NA,NA,NA,NA,NA,NA,NA,NA,NA,NA,NA,NA,NA,NA,Cattle
1864,North,Iron Age,IA2,IA2,IA.Late,NA,Castelrotto,NA,53,Cattle,B,CA,Calcaneum,104.8,NA,NA,NA,NA,NA,NA,NA,NA,NA,NA,NA,NA,NA,NA,NA,NA,NA,NA,NA,NA,NA,NA,Checked,Cattle
1865,North,Iron Age,IA2,IA2,IA.Late,NA,Castelrotto,NA,53,Cattle,B,CA,Calcaneum,118.8,NA,NA,NA,NA,NA,NA,NA,NA,NA,NA,NA,NA,NA,NA,NA,NA,NA,NA,NA,NA,NA,NA,NA,Cattle
1866,North,Iron Age,IA2,IA2,IA.Late,NA,Castelrotto,NA,53,Cattle,B,CA,Calcaneum,130,NA,NA,NA,NA,NA,NA,NA,NA,NA,NA,NA,NA,NA,NA,NA,NA,NA,NA,NA,NA,NA,NA,NA,Cattle
2027,North,Bronze Age,BA.M,BM-R,BA.Middle,NA,Lavagnone,Sector A + E,126,Cattle,B,CA,Calcaneum,111,NA,NA,NA,NA,NA,NA,NA,NA,NA,NA,NA,NA,NA,NA,NA,NA,NA,NA,NA,NA,NA,NA,NA,Cattle
2028,North,Bronze Age,BA.M,BM-R,BA.Middle,NA,Lavagnone,Sector A + E,126,Cattle,B,CA,Calcaneum,110.8,NA,NA,NA,NA,NA,NA,NA,NA,NA,NA,NA,NA,NA,NA,NA,NA,NA,NA,NA,NA,NA,NA,NA,Cattle
2029,North,Bronze Age,BA.M,BM-R,BA.Middle,NA,Lavagnone,Sector A + E,126,Cattle,B,CA,Calcaneum,107.9,NA,NA,NA,NA,NA,NA,NA,NA,NA,NA,NA,NA,NA,NA,NA,35.3,NA,NA,NA,NA,NA,NA,NA,Cattle
2030,North,Bronze Age,BA.M,BM-R,BA.Middle,NA,Lavagnone,Sector A + E,126,Cattle,B,CA,Calcaneum,101.5,NA,NA,NA,NA,NA,NA,NA,NA,NA,NA,NA,NA,NA,NA,NA,36.4,NA,NA,NA,NA,NA,NA,NA,Cattle
2364,South,Bronze Age,BA.M,BM-R,BA.Middle,NA,Baggiovara,Opera Pia Bianchi,121,Cattle,B,CA,Calcaneum,124.5,NA,NA,NA,NA,NA,NA,NA,NA,NA,NA,NA,NA,NA,NA,NA,39,NA,NA,NA,NA,NA,NA,NA,Cattle
2631,Appennine,Bronze Age,BA.M,BM-R,BA.Middle,NA,Solarolo,via Odriere Settore 1,123,Cattle,B,CA,Calcaneum,124,NA,NA,NA,NA,NA,NA,NA,NA,NA,NA,NA,NA,NA,NA,NA,39.2,NA,NA,NA,NA,NA,NA,NA,Cattle
3776,North,Bronze Age,BA.M-R,BM-R,BA.Middle-Late,NA,Castellaro Lagusello,NA,44,Cattle,B,CA,Calcaneum,114.7,NA,NA,NA,NA,NA,NA,NA,NA,NA,NA,NA,NA,NA,NA,NA,38.5,NA,NA,NA,NA,NA,NA,NA,Cattle
3777,North,Bronze Age,BA.M-R,BM-R,BA.Middle-Late,NA,Castellaro Lagusello,NA,44,Cattle,B,CA,Calcaneum,125,NA,NA,NA,NA,NA,NA,NA,NA,NA,NA,NA,NA,NA,NA,NA,47,NA,NA,NA,NA,NA,NA,NA,Cattle
3856,North,Bronze Age,BA.M-R,BM-R,BA.Middle-Late,NA,Peschiera,NA,14,Cattle,B,CA,Calcaneum,111,NA,NA,NA,NA,NA,NA,NA,NA,NA,NA,NA,NA,NA,NA,NA,NA,NA,NA,NA,NA,NA,NA,NA,Cattle
3931,South,Bronze Age,BA.M,BM-R,BA.Middle,NA,Bazzano Rocca,NA,124,Cattle,B,CA,Calcaneum,115.4,NA,NA,NA,NA,NA,NA,NA,NA,NA,NA,NA,NA,NA,NA,NA,38.7,NA,NA,NA,NA,NA,NA,NA,Cattle
3971,South,Bronze Age,BA.M,BM-R,BA.Middle,NA,Poviglio,Villaggio piccolo - MBA,26,Cattle,B,CA,Calcaneum,107.7,NA,NA,NA,NA,NA,NA,NA,NA,NA,NA,NA,NA,NA,NA,NA,NA,NA,NA,NA,NA,NA,NA,NA,Cattle
5367,South,Iron Age,IA2,IA2,IA.Late,ExNISP,Forcello,Trentacoste PhD,84,Cattle,B,CA,Calcaneum,118.7,NA,NA,NA,NA,NA,NA,NA,NA,46.6,NA,NA,NA,NA,NA,NA,NA,NA,NA,NA,NA,NA,NA,NA,Cattle
5709,South,Iron Age,IA2,IA2,IA.Late,ExNISP,Forcello,Trentacoste PhD,84,Cattle,B,CA,Calcaneum,140.1,NA,NA,NA,NA,NA,NA,NA,NA,54.6,NA,NA,NA,NA,NA,NA,NA,NA,NA,Large,NA,NA,NA,NA,Cattle
5830,South,Iron Age,IA2,IA2,IA.Late,ExNISP,Forcello,Trentacoste PhD,84,Cattle,B,CA,Calcaneum,116.5,NA,NA,NA,NA,NA,NA,NA,NA,NA,NA,NA,NA,NA,NA,NA,NA,NA,NA,NA,NA,NA,NA,NA,Cattle
8392,North,Bronze Age,BA.R,BM-R,BA.Late,NA,Bovolone,Bertoloni et al. 2015,125,Cattle,B,CA,Calcaneum,100,NA,NA,NA,NA,NA,NA,NA,NA,NA,NA,NA,NA,NA,NA,NA,NA,NA,NA,NA,NA,NA,NA,1,Cattle
8393,North,Bronze Age,BA.R,BM-R,BA.Late,NA,Bovolone,Bertoloni et al. 2015,125,Cattle,B,CA,Calcaneum,130,NA,NA,NA,NA,NA,NA,NA,NA,NA,NA,NA,NA,NA,NA,NA,NA,NA,NA,NA,NA,NA,NA,1,Cattle
8586,Veneto,Bronze Age,BA.R,BM-R,BA.Late,NA,Larda II,NA,148,Cattle,B,CA,Calcaneum,125,NA,NA,NA,NA,NA,NA,NA,NA,NA,NA,NA,NA,NA,NA,NA,39,NA,NA,NA,NA,NA,NA,1,Cattle
8587,Veneto,Bronze Age,BA.R,BM-R,BA.Late,NA,Larda II,NA,148,Cattle,B,CA,Calcaneum,121,NA,NA,NA,NA,NA,NA,NA,NA,NA,NA,NA,NA,NA,NA,NA,38,NA,NA,NA,NA,NA,NA,1,Cattle
8675,Veneto,Bronze Age,BA.R,BM-R,BA.Late,NA,Campestrin,NA,149,Cattle,B,CA,Calcaneum,128.6,NA,NA,NA,NA,NA,NA,NA,NA,NA,NA,NA,NA,NA,NA,NA,38,NA,NA,NA,NA,NA,NA,1,Cattle
8678,Veneto,Bronze Age,BA.R,BM-R,BA.Late,NA,Campestrin,NA,149,Cattle,B,CA,Calcaneum,113,NA,NA,NA,NA,NA,NA,NA,NA,NA,NA,NA,NA,NA,NA,NA,38,NA,NA,NA,NA,NA,NA,1,Cattle
9511,Friuli,Iron Age,IA0,BRF-IA0,IA.Early,NA,Concordia Sagittaria,Quartiere Nord-Ovest 2001,167,Cattle,B,CA,Calcaneum,126,NA,NA,NA,NA,NA,NA,NA,NA,NA,NA,NA,NA,NA,NA,NA,45,NA,NA,NA,NA,NA,NA,1,Cattle
11121,Friuli,Roman,Rom.Late,Late,Roman.Late,NA,Udine,Late Roman,246,Cattle,B,CA,Calcaneum,127.6,NA,NA,NA,NA,NA,NA,NA,NA,NA,NA,NA,NA,NA,NA,NA,NA,NA,NA,NA,NA,NA,NA,*,Cattle
11122,Friuli,Roman,Rom.Late,Late,Roman.Late,NA,Udine,Late Roman,246,Cattle,B,CA,Calcaneum,132.4,NA,NA,NA,NA,NA,NA,NA,NA,NA,NA,NA,NA,NA,NA,NA,NA,NA,NA,NA,NA,NA,NA,NA,Cattle
11347,Friuli,Bronze Age,BA.R,BRF-IA0,BA.Late,NA,Rividischia,Cjamps dai Cjastilirs,248,Cattle,B,CA,Calcaneum,121.9,NA,NA,NA,NA,NA,NA,NA,NA,NA,NA,NA,NA,NA,NA,NA,NA,NA,NA,NA,NA,NA,NA,NA,Cattle
11717,South,Roman,Rom.Early,Early,Roman.Early,NA,Calvatone,Wilkens - Bio data from academia,253,Cattle,B,CA,Calcaneum,147,NA,NA,NA,NA,NA,NA,NA,NA,NA,NA,NA,NA,NA,NA,NA,NA,NA,NA,NA,NA,NA,NA,NA,Cattle
11746,South,Roman,Rom.Early,Early,Roman.Early,NA,Calvatone,Wilkens - Bio data from academia,253,Cattle,B,CA,Calcaneum,129,NA,NA,NA,NA,NA,NA,NA,NA,NA,NA,NA,NA,NA,NA,NA,38.9,NA,NA,NA,NA,NA,NA,NA,Cattle
11755,South,Roman,Rom.Early,Early,Roman.Early,NA,Calvatone,Wilkens - Bio data from academia,253,Cattle,B,CA,Calcaneum,143,NA,NA,NA,NA,NA,NA,NA,NA,NA,NA,NA,NA,NA,NA,NA,42,NA,NA,NA,NA,NA,NA,NA,Cattle
11855,South,Roman,Rom.Early,Early,Roman.Early,NA,Calvatone,Wilkens - Bio data from academia,253,Cattle,B,CA,Calcaneum,123,NA,NA,NA,NA,NA,NA,NA,NA,NA,NA,NA,NA,NA,NA,NA,NA,NA,NA,NA,NA,NA,NA,NA,Cattle
NA,Veneto,Iron Age,IA1,IA1,IA.Mid,NA,Padova,"Via S. Canziano, phases I-III",466,Cattle,B,CA,Calcaneum,138.4,NA,NA,NA,NA,NA,NA,NA,NA,NA,NA,NA,NA,NA,NA,NA,45.9,NA,NA,NA,NA,NA,NA,NA,Cattle
NA,Veneto,Iron Age,IA1,IA1,IA.Mid,NA,Padova,"Via S. Canziano, phases I-III",466,Cattle,B,CA,Calcaneum,148.3,NA,NA,NA,NA,NA,NA,NA,NA,NA,NA,NA,NA,NA,NA,NA,52.9,NA,NA,NA,NA,NA,NA,NA,Cattle
2003,North,Bronze Age,BA.M,BM-R,BA.Middle,NA,Lavagnone,Sector A + E,126,Cattle,B,FE,Femur,NA,NA,NA,NA,NA,NA,NA,NA,93,NA,NA,NA,NA,NA,NA,NA,NA,NA,NA,NA,NA,NA,NA,NA,Cattle
2004,North,Bronze Age,BA.M,BM-R,BA.Middle,NA,Lavagnone,Sector A + E,126,Cattle,B,FE,Femur,NA,NA,NA,NA,NA,NA,NA,NA,71.6,NA,NA,NA,NA,NA,NA,NA,NA,NA,NA,NA,NA,NA,NA,NA,Cattle
2047,North,Bronze Age,BA.M,BM-R,BA.Middle,NA,Lavagnone,Sector A + E,126,Cattle,B,FE,Femur,NA,NA,NA,110,NA,NA,NA,NA,NA,NA,NA,NA,NA,NA,NA,43.3,NA,NA,NA,NA,NA,NA,NA,NA,Cattle
2746,Appennine,Iron Age,IA1,IA1,IA.Mid,NA,Verucchio,Scavo 1963,80,Cattle,B,FE,Femur,NA,NA,NA,97.5,NA,33.5,NA,NA,NA,NA,NA,NA,NA,NA,NA,43.2,NA,NA,NA,NA,NA,NA,NA,NA,Cattle
2747,Appennine,Iron Age,IA1,IA1,IA.Mid,NA,Verucchio,Scavo 1963,80,Cattle,B,FE,Femur,NA,NA,NA,100.9,NA,NA,NA,NA,NA,NA,NA,NA,NA,NA,NA,40.5,NA,NA,NA,NA,NA,NA,NA,NA,Cattle
3208,North,Bronze Age,BA.R,BM-R,BA.Late,NA,Feniletto,NA,15,Cattle,B,FE,Femur,NA,NA,NA,94,NA,NA,NA,NA,NA,NA,NA,NA,NA,NA,NA,NA,NA,NA,NA,NA,NA,NA,NA,NA,Cattle
4226,Veneto,Bronze Age,BA.M,BM-R,BA.Middle,NA,Vallette,NA,145,Cattle,B,FE,Femur,NA,NA,NA,NA,NA,26,NA,NA,NA,NA,NA,NA,NA,NA,NA,NA,NA,NA,NA,NA,NA,NA,NA,1,Cattle
4372,Veneto,Bronze Age,BA.M,BM-R,BA.Middle,NA,Tombola,NA,146,Cattle,B,FE,Femur,NA,NA,NA,NA,NA,26,NA,NA,NA,NA,NA,NA,NA,NA,NA,NA,NA,NA,NA,NA,NA,NA,NA,1,Cattle
4373,Veneto,Bronze Age,BA.M,BM-R,BA.Middle,NA,Tombola,NA,146,Cattle,B,FE,Femur,NA,NA,NA,NA,NA,26,NA,NA,NA,NA,NA,NA,NA,NA,NA,NA,NA,NA,NA,NA,NA,NA,NA,1,Cattle
4374,Veneto,Bronze Age,BA.M,BM-R,BA.Middle,NA,Tombola,NA,146,Cattle,B,FE,Femur,NA,NA,NA,NA,NA,27,NA,NA,NA,NA,NA,NA,NA,NA,NA,NA,NA,NA,NA,NA,NA,NA,NA,1,Cattle
4375,Veneto,Bronze Age,BA.M,BM-R,BA.Middle,NA,Tombola,NA,146,Cattle,B,FE,Femur,NA,NA,NA,NA,NA,NA,NA,NA,83,NA,NA,NA,NA,NA,NA,NA,NA,NA,NA,NA,NA,NA,NA,1,Cattle
4549,North,Bronze Age,BA.M,BM-R,BA.Middle,NA,Muraiola,NA,13,Cattle,B,FE,Femur,NA,NA,NA,79,NA,NA,NA,NA,NA,NA,NA,NA,NA,NA,NA,NA,NA,NA,NA,NA,NA,NA,NA,NA,Cattle
4550,North,Bronze Age,BA.M,BM-R,BA.Middle,NA,Muraiola,NA,13,Cattle,B,FE,Femur,NA,NA,NA,90.5,NA,NA,NA,NA,NA,NA,NA,NA,NA,NA,NA,NA,NA,NA,NA,NA,NA,NA,NA,NA,Cattle
4551,North,Bronze Age,BA.M,BM-R,BA.Middle,NA,Muraiola,NA,13,Cattle,B,FE,Femur,NA,NA,NA,90.8,NA,NA,NA,NA,NA,NA,NA,NA,NA,NA,NA,NA,NA,NA,NA,NA,NA,NA,NA,NA,Cattle
4552,North,Bronze Age,BA.M,BM-R,BA.Middle,NA,Muraiola,NA,13,Cattle,B,FE,Femur,NA,NA,NA,104.6,NA,NA,NA,NA,NA,NA,NA,NA,NA,NA,NA,NA,NA,NA,NA,NA,NA,NA,NA,NA,Cattle
9253,North,Bronze Age,BA.M,BM-R,BA.Middle,NA,Nogarole Rocca,I Camponi,17,Cattle,B,FE,Femur,NA,NA,NA,NA,NA,NA,NA,NA,77,NA,NA,NA,NA,NA,NA,NA,NA,NA,NA,NA,NA,NA,NA,NA,Cattle
9873,Friuli,Roman,Rom.Late,Late,Roman.Late,NA,Aquileia,area a est del foro - Riedel 1994,175,Cattle,B,FE,Femur,NA,NA,NA,NA,NA,NA,NA,NA,89,NA,NA,NA,NA,NA,NA,NA,NA,NA,NA,NA,NA,NA,NA,NA,Cattle
9874,Friuli,Roman,Rom.Late,Late,Roman.Late,NA,Aquileia,area a est del foro - Riedel 1994,175,Cattle,B,FE,Femur,NA,NA,NA,NA,NA,NA,NA,NA,107.5,NA,NA,NA,NA,NA,NA,NA,NA,NA,NA,NA,NA,NA,NA,NA,Cattle
11111,Friuli,Roman,Rom.Late,Late,Roman.Late,NA,Udine,Late Roman,246,Cattle,B,FE,Femur,NA,NA,NA,102.3,NA,NA,NA,NA,NA,NA,NA,NA,NA,NA,NA,NA,NA,NA,NA,NA,NA,NA,NA,NA,Cattle
11112,Friuli,Roman,Rom.Late,Late,Roman.Late,NA,Udine,Late Roman,246,Cattle,B,FE,Femur,NA,NA,NA,NA,NA,NA,NA,NA,73,NA,NA,NA,NA,NA,NA,NA,NA,NA,NA,NA,NA,NA,NA,NA,Cattle
11718,South,Roman,Rom.Early,Early,Roman.Early,NA,Calvatone,Wilkens - Bio data from academia,253,Cattle,B,FE,Femur,NA,NA,NA,NA,NA,NA,NA,NA,92.1,NA,NA,NA,NA,NA,NA,NA,NA,NA,NA,NA,NA,NA,NA,NA,Cattle
11820,South,Roman,Rom.Early,Early,Roman.Early,NA,Calvatone,Wilkens - Bio data from academia,253,Cattle,B,FE,Femur,NA,NA,NA,NA,NA,NA,NA,NA,98.8,NA,NA,NA,NA,NA,NA,NA,NA,NA,NA,NA,NA,NA,NA,NA,Cattle
11821,South,Roman,Rom.Early,Early,Roman.Early,NA,Calvatone,Wilkens - Bio data from academia,253,Cattle,B,FE,Femur,370,NA,NA,NA,NA,37.4,NA,NA,99,NA,NA,NA,NA,NA,NA,55,NA,NA,NA,NA,NA,NA,NA,NA,Cattle
181,North,Bronze Age,BA.R-F,BRF-IA0,BA.Late,NA,Cavalzara,Riedel 1979,20,Cattle,B,HU,Humerus,NA,NA,NA,NA,NA,NA,NA,NA,64,NA,NA,NA,NA,NA,NA,NA,NA,NA,NA,NA,NA,NA,NA,NA,Cattle
238,South,Iron Age,IA1,IA1,IA.Mid,NA,Marzabotto,V 3,68,Cattle,B,HU,Humerus,NA,NA,NA,NA,NA,NA,NA,NA,81.5,NA,NA,NA,NA,NA,NA,NA,NA,NA,NA,NA,NA,NA,NA,NA,Cattle
260,South,Iron Age,IA2,IA2,IA.Late,NA,Marzabotto,US 8,78,Cattle,B,HU,Humerus,NA,NA,NA,NA,NA,NA,NA,NA,67,NA,NA,NA,NA,NA,NA,NA,NA,NA,NA,NA,NA,NA,NA,NA,Cattle
398,South,Iron Age,IA1,IA1,IA.Mid,NA,Castenaso,Bologna - Castenaso,59,Cattle,B,HU,Humerus,243,NA,NA,NA,NA,29.8,NA,NA,73.8,NA,66.5,NA,NA,NA,NA,NA,NA,NA,NA,NA,NA,57.1,*,NA,Cattle
399,North,Iron Age,IA2,IA2,IA.Late,NA,Colognola ai Colli,NA,54,Cattle,B,HU,Humerus,NA,NA,NA,NA,NA,27.4,NA,NA,68.8,NA,63.6,NA,NA,NA,NA,NA,NA,NA,NA,NA,NA,NA,NA,NA,Cattle
400,North,Iron Age,IA2,IA2,IA.Late,NA,Colognola ai Colli,NA,54,Cattle,B,HU,Humerus,NA,NA,NA,NA,NA,NA,NA,NA,NA,NA,77.7,NA,NA,NA,NA,NA,NA,NA,NA,NA,NA,NA,NA,NA,Cattle
401,North,Iron Age,IA2,IA2,IA.Late,NA,Colognola ai Colli,NA,54,Cattle,B,HU,Humerus,NA,NA,NA,NA,NA,NA,NA,NA,NA,NA,78.8,NA,NA,NA,NA,NA,NA,NA,NA,NA,NA,NA,NA,NA,Cattle
896,North,Iron Age,IA2,IA2,IA.Late,NA,Castelrotto,NA,53,Cattle,B,HU,Humerus,NA,NA,NA,NA,NA,NA,NA,NA,73.2,NA,NA,NA,NA,NA,NA,NA,NA,NA,NA,NA,NA,NA,NA,NA,Cattle
1629,North,Iron Age,IA2,IA2,IA.Late,NA,Santorso,All phases,92,Cattle,B,HU,Humerus,NA,NA,NA,NA,NA,NA,NA,NA,71.7,NA,70.2,NA,NA,NA,NA,NA,NA,NA,NA,NA,NA,NA,NA,NA,Cattle
1630,North,Iron Age,IA2,IA2,IA.Late,NA,Santorso,All phases,92,Cattle,B,HU,Humerus,NA,NA,NA,NA,NA,NA,NA,NA,70,NA,69.8,NA,NA,NA,NA,NA,NA,NA,NA,NA,NA,NA,NA,NA,Cattle
1631,North,Iron Age,IA2,IA2,IA.Late,NA,Santorso,All phases,92,Cattle,B,HU,Humerus,NA,NA,NA,NA,NA,NA,NA,NA,71.5,NA,66,NA,NA,NA,NA,NA,NA,NA,NA,NA,NA,NA,NA,NA,Cattle
1988,North,Bronze Age,BA.M,BM-R,BA.Middle,NA,Lavagnone,Sector A + E,126,Cattle,B,HU,Humerus,NA,NA,NA,NA,NA,NA,NA,NA,82,70.7,74.8,NA,NA,NA,NA,NA,NA,NA,NA,NA,NA,NA,NA,NA,Cattle
1989,North,Bronze Age,BA.M,BM-R,BA.Middle,NA,Lavagnone,Sector A + E,126,Cattle,B,HU,Humerus,NA,NA,NA,NA,NA,NA,NA,NA,74.8,62.3,67.3,NA,NA,NA,NA,NA,NA,NA,NA,NA,NA,NA,NA,NA,Cattle
2044,North,Bronze Age,BA.M,BM-R,BA.Middle,NA,Lavagnone,Sector A + E,126,Cattle,B,HU,Humerus,NA,NA,NA,NA,NA,NA,NA,NA,64,57,NA,NA,NA,NA,NA,NA,NA,NA,NA,NA,NA,NA,NA,NA,Cattle
2045,North,Bronze Age,BA.M,BM-R,BA.Middle,NA,Lavagnone,Sector A + E,126,Cattle,B,HU,Humerus,NA,NA,NA,NA,NA,NA,NA,NA,72.5,70,64.6,NA,NA,NA,NA,NA,NA,NA,NA,NA,NA,NA,NA,NA,Cattle
2295,South,Bronze Age,BA.M,BM-R,BA.Middle,Rit,Noceto,*Vasca lignea,39,Cattle,B,HU,Humerus,216.5,NA,NA,68,77,22.8,26.8,NA,58.2,54.5,55.3,NA,NA,NA,NA,NA,NA,NA,NA,NA,NA,NA,NA,NA,Cattle
2296,South,Bronze Age,BA.M,BM-R,BA.Middle,Rit,Noceto,*Vasca lignea,39,Cattle,B,HU,Humerus,NA,NA,NA,90,104.5,NA,NA,NA,NA,NA,NA,NA,NA,NA,NA,NA,NA,NA,NA,NA,NA,NA,NA,NA,Cattle
2297,South,Bronze Age,BA.M,BM-R,BA.Middle,Rit,Noceto,*Vasca lignea,39,Cattle,B,HU,Humerus,NA,NA,NA,NA,NA,NA,NA,NA,74.5,NA,62.4,NA,NA,NA,NA,NA,NA,NA,NA,NA,NA,NA,NA,NA,Cattle
2298,South,Bronze Age,BA.M,BM-R,BA.Middle,Rit,Noceto,*Vasca lignea,39,Cattle,B,HU,Humerus,NA,NA,NA,NA,NA,NA,NA,NA,72,59.5,64.3,NA,NA,NA,NA,NA,NA,NA,NA,NA,NA,NA,NA,NA,Cattle
2299,South,Bronze Age,BA.M,BM-R,BA.Middle,Rit,Noceto,*Vasca lignea,39,Cattle,B,HU,Humerus,NA,NA,NA,NA,NA,NA,NA,NA,70.2,NA,66.4,NA,NA,NA,NA,NA,NA,NA,NA,NA,NA,NA,NA,NA,Cattle
2300,South,Bronze Age,BA.M,BM-R,BA.Middle,Rit,Noceto,*Vasca lignea,39,Cattle,B,HU,Humerus,NA,NA,NA,NA,NA,NA,NA,NA,68,63,65,NA,NA,NA,NA,NA,NA,NA,NA,NA,NA,NA,NA,NA,Cattle
2301,South,Bronze Age,BA.M,BM-R,BA.Middle,Rit,Noceto,*Vasca lignea,39,Cattle,B,HU,Humerus,NA,NA,NA,NA,NA,NA,NA,NA,62,56.8,59.6,NA,NA,NA,NA,NA,NA,NA,NA,NA,NA,NA,NA,NA,Cattle
2361,South,Bronze Age,BA.M,BM-R,BA.Middle,NA,Baggiovara,Opera Pia Bianchi,121,Cattle,B,HU,Humerus,NA,NA,NA,NA,NA,NA,NA,NA,82,69,72,NA,NA,NA,NA,NA,NA,NA,NA,NA,NA,NA,NA,NA,Cattle
2628,Appennine,Bronze Age,BA.M,BM-R,BA.Middle,NA,Solarolo,via Odriere Settore 1,123,Cattle,B,HU,Humerus,NA,NA,NA,NA,NA,NA,NA,NA,67.5,NA,62.2,NA,NA,NA,NA,NA,NA,NA,NA,NA,NA,NA,NA,NA,Cattle
2736,Appennine,Iron Age,IA1,IA1,IA.Mid,NA,Verucchio,Scavo 1963,80,Cattle,B,HU,Humerus,NA,NA,NA,NA,NA,28.8,NA,NA,76.2,NA,68.7,NA,NA,NA,NA,NA,NA,NA,NA,NA,NA,NA,NA,NA,Cattle
2737,Appennine,Iron Age,IA1,IA1,IA.Mid,NA,Verucchio,Scavo 1963,80,Cattle,B,HU,Humerus,NA,NA,NA,NA,NA,36.6,NA,NA,82.3,NA,76.5,NA,NA,NA,NA,NA,NA,NA,NA,NA,NA,NA,NA,NA,Cattle
2890,Veneto,Iron Age,IA2,IA2,IA.Late,NA,Padova,Via Dietro Duomo,112,Cattle,B,HU,Humerus,NA,NA,NA,NA,NA,NA,NA,NA,71.2,NA,67.5,NA,NA,NA,NA,NA,NA,NA,NA,NA,NA,NA,NA,NA,Cattle
2901,North,Bronze Age,BA.M,BM-R,BA.Middle,NA,Quarto del Tormine,Mozzecane,18,Cattle,B,HU,Humerus,NA,NA,NA,NA,NA,NA,NA,NA,70.5,NA,NA,NA,NA,NA,NA,NA,NA,NA,NA,NA,NA,NA,NA,NA,Cattle
2923,South,Iron Age,IA1-IA2,IA2,IA.Late,NA,Mirandola,Arginone,66,Cattle,B,HU,Humerus,NA,NA,NA,NA,NA,31.1,NA,NA,NA,NA,73.6,NA,NA,NA,NA,NA,NA,NA,NA,NA,NA,NA,NA,NA,Cattle
3063,South,Iron Age,IA2,IA2,IA.Late,NA,Rubiera,Ca del Cristo,72,Cattle,B,HU,Humerus,NA,NA,NA,NA,NA,37.1,NA,NA,NA,NA,NA,NA,NA,NA,NA,NA,NA,NA,NA,NA,NA,NA,NA,NA,Cattle
3224,South,Bronze Age,BA.M,BM-R,BA.Middle,NA,Poggio Rusco,NA,28,Cattle,B,HU,Humerus,NA,NA,NA,NA,NA,NA,NA,NA,76,NA,NA,NA,NA,NA,NA,NA,NA,NA,NA,NA,NA,NA,NA,NA,Cattle
3245,North,Bronze Age,BA.R,BM-R,BA.Late,NA,Isolone,NA,16,Cattle,B,HU,Humerus,NA,NA,NA,NA,NA,28.2,NA,NA,68,NA,59.7,NA,NA,NA,NA,NA,NA,NA,NA,NA,NA,NA,NA,NA,Cattle
3246,North,Bronze Age,BA.R,BM-R,BA.Late,NA,Isolone,NA,16,Cattle,B,HU,Humerus,NA,NA,NA,NA,NA,31.1,NA,NA,77,NA,69.9,NA,NA,NA,NA,NA,NA,NA,NA,NA,NA,NA,NA,NA,Cattle
3309,South,Bronze Age,BA.M-R,BM-R,BA.Middle-Late,NA,Pilastri Bondeno,Sondaggi 1989,27,Cattle,B,HU,Humerus,NA,NA,NA,NA,NA,NA,NA,NA,NA,NA,60.2,NA,NA,NA,NA,NA,NA,NA,NA,NA,NA,NA,NA,NA,Cattle
3310,South,Bronze Age,BA.M-R,BM-R,BA.Middle-Late,NA,Pilastri Bondeno,Sondaggi 1989,27,Cattle,B,HU,Humerus,NA,NA,NA,NA,NA,NA,NA,NA,66,NA,61.8,NA,NA,NA,NA,NA,NA,NA,NA,NA,NA,NA,NA,NA,Cattle
3529,Friuli,Bronze Age,BA.R,BM-R,BA.Late,NA,Pozzuolo,Braida Roggia - Bronze Age,143,Cattle,B,HU,Humerus,NA,NA,NA,NA,NA,NA,NA,NA,64.6,NA,NA,NA,NA,NA,NA,NA,NA,NA,NA,NA,NA,NA,NA,NA,Cattle
3930,South,Bronze Age,BA.M,BM-R,BA.Middle,NA,Bazzano Rocca,NA,124,Cattle,B,HU,Humerus,NA,NA,NA,74.3,85,NA,NA,NA,NA,NA,NA,NA,NA,NA,NA,NA,NA,NA,NA,NA,NA,NA,NA,NA,Cattle
3950,South,Bronze Age,BA.M,BM-R,BA.Middle,NA,Poviglio,Villaggio piccolo - MBA,26,Cattle,B,HU,Humerus,NA,NA,NA,NA,NA,NA,NA,NA,65.8,NA,NA,NA,NA,NA,NA,NA,NA,NA,NA,NA,NA,NA,NA,NA,Cattle
3951,South,Bronze Age,BA.M,BM-R,BA.Middle,NA,Poviglio,Villaggio piccolo - MBA,26,Cattle,B,HU,Humerus,NA,NA,NA,NA,NA,NA,NA,NA,79.2,NA,NA,NA,NA,NA,NA,NA,NA,NA,NA,NA,NA,NA,NA,NA,Cattle
4217,Veneto,Bronze Age,BA.M,BM-R,BA.Middle,NA,Vallette,NA,145,Cattle,B,HU,Humerus,NA,NA,NA,NA,NA,27.6,NA,NA,NA,NA,NA,NA,NA,NA,NA,NA,NA,NA,NA,NA,NA,NA,NA,1,Cattle
4338,Veneto,Bronze Age,BA.M,BM-R,BA.Middle,NA,Tombola,NA,146,Cattle,B,HU,Humerus,NA,NA,NA,NA,NA,NA,NA,NA,70,NA,67,NA,NA,NA,NA,NA,NA,NA,NA,NA,NA,NA,NA,1,Cattle
4339,Veneto,Bronze Age,BA.M,BM-R,BA.Middle,NA,Tombola,NA,146,Cattle,B,HU,Humerus,NA,NA,NA,NA,NA,NA,NA,NA,64,NA,58,NA,NA,NA,NA,NA,NA,NA,NA,NA,NA,NA,NA,1,Cattle
4340,Veneto,Bronze Age,BA.M,BM-R,BA.Middle,NA,Tombola,NA,146,Cattle,B,HU,Humerus,NA,NA,NA,NA,NA,28,NA,NA,70,NA,65,NA,NA,NA,NA,NA,NA,NA,NA,NA,NA,NA,NA,1,Cattle
4341,Veneto,Bronze Age,BA.M,BM-R,BA.Middle,NA,Tombola,NA,146,Cattle,B,HU,Humerus,NA,NA,NA,NA,NA,28,NA,NA,NA,NA,NA,NA,NA,NA,NA,NA,NA,NA,NA,NA,NA,NA,NA,1,Cattle
4342,Veneto,Bronze Age,BA.M,BM-R,BA.Middle,NA,Tombola,NA,146,Cattle,B,HU,Humerus,NA,NA,NA,NA,NA,16,NA,NA,NA,NA,NA,NA,NA,NA,NA,NA,NA,NA,NA,NA,NA,NA,NA,1,Cattle
4343,Veneto,Bronze Age,BA.M,BM-R,BA.Middle,NA,Tombola,NA,146,Cattle,B,HU,Humerus,NA,NA,NA,NA,NA,NA,NA,NA,59,NA,64,NA,NA,NA,NA,NA,NA,NA,NA,NA,NA,NA,NA,1,Cattle
4344,Veneto,Bronze Age,BA.M,BM-R,BA.Middle,NA,Tombola,NA,146,Cattle,B,HU,Humerus,NA,NA,NA,NA,NA,20,NA,NA,NA,NA,NA,NA,NA,NA,NA,NA,NA,NA,NA,NA,NA,NA,NA,1,Cattle
4504,North,Bronze Age,BA.R,BM-R,BA.Late,NA,Bovolone,Bertoloni et al. 2015,125,Cattle,B,HU,Humerus,NA,NA,NA,NA,NA,NA,NA,NA,NA,NA,57,NA,NA,NA,NA,NA,NA,NA,NA,NA,NA,NA,NA,1,Cattle
4505,North,Bronze Age,BA.R,BM-R,BA.Late,NA,Bovolone,Bertoloni et al. 2015,125,Cattle,B,HU,Humerus,NA,NA,NA,NA,NA,NA,NA,NA,51,NA,49,NA,NA,NA,NA,NA,NA,NA,NA,NA,Bd small but appears in publication like this,NA,NA,1,Cattle
4506,North,Bronze Age,BA.R,BM-R,BA.Late,NA,Bovolone,Bertoloni et al. 2015,125,Cattle,B,HU,Humerus,NA,NA,NA,NA,NA,24,NA,NA,60.1,NA,NA,NA,NA,NA,NA,NA,NA,NA,NA,NA,NA,NA,NA,1,Cattle
4507,North,Bronze Age,BA.R,BM-R,BA.Late,NA,Bovolone,Bertoloni et al. 2015,125,Cattle,B,HU,Humerus,NA,NA,NA,NA,NA,35,NA,NA,NA,NA,63,NA,NA,NA,NA,NA,NA,NA,NA,NA,NA,NA,NA,1,Cattle
4508,North,Bronze Age,BA.R,BM-R,BA.Late,NA,Bovolone,Bertoloni et al. 2015,125,Cattle,B,HU,Humerus,NA,NA,NA,NA,NA,NA,NA,NA,NA,NA,68,NA,NA,NA,NA,NA,NA,NA,NA,NA,NA,NA,NA,1,Cattle
4509,North,Bronze Age,BA.R,BM-R,BA.Late,NA,Bovolone,Bertoloni et al. 2015,125,Cattle,B,HU,Humerus,NA,NA,NA,NA,NA,NA,NA,NA,NA,NA,67,NA,NA,NA,NA,NA,NA,NA,NA,NA,NA,NA,NA,1,Cattle
4510,North,Bronze Age,BA.R,BM-R,BA.Late,NA,Bovolone,Bertoloni et al. 2015,125,Cattle,B,HU,Humerus,NA,NA,NA,NA,NA,NA,NA,NA,NA,NA,57,NA,NA,NA,NA,NA,NA,NA,NA,NA,NA,NA,NA,1,Cattle
4511,North,Bronze Age,BA.R,BM-R,BA.Late,NA,Bovolone,Bertoloni et al. 2015,125,Cattle,B,HU,Humerus,NA,NA,NA,NA,NA,NA,NA,NA,51,NA,49,NA,NA,NA,NA,NA,NA,NA,NA,NA,Bd small but appears in publication like this,NA,NA,1,Cattle
4512,North,Bronze Age,BA.R,BM-R,BA.Late,NA,Bovolone,Bertoloni et al. 2015,125,Cattle,B,HU,Humerus,NA,NA,NA,NA,NA,24,NA,NA,60.1,NA,NA,NA,NA,NA,NA,NA,NA,NA,NA,NA,NA,NA,NA,1,Cattle
4513,North,Bronze Age,BA.R,BM-R,BA.Late,NA,Bovolone,Bertoloni et al. 2015,125,Cattle,B,HU,Humerus,NA,NA,NA,NA,NA,35,NA,NA,NA,NA,63,NA,NA,NA,NA,NA,NA,NA,NA,NA,NA,NA,NA,1,Cattle
4514,North,Bronze Age,BA.R,BM-R,BA.Late,NA,Bovolone,Bertoloni et al. 2015,125,Cattle,B,HU,Humerus,NA,NA,NA,NA,NA,NA,NA,NA,NA,NA,68,NA,NA,NA,NA,NA,NA,NA,NA,NA,NA,NA,NA,1,Cattle
4515,North,Bronze Age,BA.R,BM-R,BA.Late,NA,Bovolone,Bertoloni et al. 2015,125,Cattle,B,HU,Humerus,NA,NA,NA,NA,NA,NA,NA,NA,NA,NA,67,NA,NA,NA,NA,NA,NA,NA,NA,NA,NA,NA,NA,1,Cattle
4929,South,Iron Age,IA2,IA2,IA.Late,ExNISP,Forcello,Trentacoste PhD,84,Cattle,B,HU,Humerus,NA,NA,NA,NA,NA,NA,NA,NA,NA,NA,74.9,NA,NA,NA,NA,NA,NA,NA,NA,Large,NA,NA,NA,NA,Cattle
8510,Veneto,Bronze Age,BA.R,BM-R,BA.Late,NA,Larda I,NA,147,Cattle,B,HU,Humerus,NA,NA,NA,NA,NA,28.2,NA,NA,70.1,NA,65,NA,NA,NA,NA,NA,NA,NA,NA,NA,NA,NA,NA,1,Cattle
8511,Veneto,Bronze Age,BA.R,BM-R,BA.Late,NA,Larda I,NA,147,Cattle,B,HU,Humerus,NA,NA,NA,NA,NA,23.1,NA,NA,NA,NA,NA,NA,NA,NA,NA,NA,NA,NA,NA,NA,NA,NA,NA,1,Cattle
8512,Veneto,Bronze Age,BA.R,BM-R,BA.Late,NA,Larda I,NA,147,Cattle,B,HU,Humerus,NA,NA,NA,NA,NA,23.8,NA,NA,NA,NA,NA,NA,NA,NA,NA,NA,NA,NA,NA,NA,NA,NA,NA,1,Cattle
8664,Veneto,Bronze Age,BA.R,BM-R,BA.Late,NA,Campestrin,NA,149,Cattle,B,HU,Humerus,NA,NA,NA,NA,NA,NA,NA,NA,65,NA,NA,NA,NA,NA,NA,NA,NA,NA,NA,NA,NA,NA,NA,1,Cattle
8732,Veneto,Bronze Age,BA.R,BM-R,BA.Late,NA,Amolara,NA,150,Cattle,B,HU,Humerus,NA,NA,NA,NA,NA,22,NA,NA,NA,NA,NA,NA,NA,NA,NA,NA,NA,NA,NA,NA,NA,NA,NA,1,Cattle
8733,Veneto,Bronze Age,BA.R,BM-R,BA.Late,NA,Amolara,NA,150,Cattle,B,HU,Humerus,NA,NA,NA,NA,NA,NA,NA,NA,65,NA,62,NA,NA,NA,NA,NA,NA,NA,NA,NA,NA,NA,NA,1,Cattle
9035,Veneto,Bronze Age,BA.R,BM-R,BA.Late,NA,Terranegra,Depellegrin & Tecchiati - BR,61,Cattle,B,HU,Humerus,NA,NA,NA,NA,NA,NA,NA,NA,71.6,NA,69.1,NA,NA,NA,NA,NA,NA,NA,NA,NA,NA,NA,NA,NA,Cattle
9036,Veneto,Bronze Age,BA.R,BM-R,BA.Late,NA,Terranegra,Depellegrin & Tecchiati - BR,61,Cattle,B,HU,Humerus,NA,NA,NA,NA,NA,NA,NA,NA,79.9,NA,72.2,NA,NA,NA,NA,NA,NA,NA,NA,NA,NA,NA,NA,NA,Cattle
9037,Veneto,Bronze Age,BA.R,BM-R,BA.Late,NA,Terranegra,Depellegrin & Tecchiati - BR,61,Cattle,B,HU,Humerus,NA,NA,NA,NA,NA,NA,NA,NA,57.7,NA,53.2,NA,NA,NA,NA,NA,NA,NA,NA,NA,NA,NA,NA,NA,Cattle
9038,Veneto,Iron Age,IA1-IA2,IA1,IA.Mid,NA,Terranegra,Depellegrin & Tecchiati - IA,156,Cattle,B,HU,Humerus,NA,NA,NA,NA,NA,NA,NA,NA,NA,NA,69.6,NA,NA,NA,NA,NA,NA,NA,NA,NA,NA,NA,NA,NA,Cattle
9039,Veneto,Iron Age,IA1-IA2,IA1,IA.Mid,NA,Terranegra,Depellegrin & Tecchiati - IA,156,Cattle,B,HU,Humerus,NA,NA,NA,NA,NA,NA,NA,NA,67.2,NA,62.4,NA,NA,NA,NA,NA,NA,NA,NA,NA,NA,NA,NA,NA,Cattle
9239,North,Bronze Age,BA.M,BM-R,BA.Middle,NA,Nogarole Rocca,I Camponi,17,Cattle,B,HU,Humerus,NA,NA,NA,NA,NA,NA,NA,NA,70.4,NA,NA,NA,NA,NA,NA,NA,NA,NA,NA,NA,NA,NA,NA,NA,Cattle
9443,Friuli,Iron Age,IA0,BRF-IA0,IA.Early,NA,Pozzuolo,Braida Roggia - Iron Age,142,Cattle,B,HU,Humerus,NA,NA,NA,NA,NA,NA,NA,NA,64.6,NA,NA,NA,NA,NA,NA,NA,NA,NA,NA,NA,NA,NA,NA,NA,Cattle
9845,Veneto,Roman,Rom.Mid,Mid,Roman.Mid,NA,Ca Tron,sito A,188,Cattle,B,HU,Humerus,NA,NA,NA,NA,NA,NA,NA,NA,NA,NA,84.8,NA,NA,NA,NA,NA,NA,NA,NA,NA,NA,NA,NA,NA,Cattle
9963,Veneto,Roman,Rom.M-L,Mid-Late,Roman.Mid-Late,NA,Oderzo,Pozzo romano - all strata (1st-4th c AD),214,Cattle,B,HU,Humerus,NA,NA,NA,NA,NA,46.9,NA,NA,NA,NA,92.2,NA,NA,NA,NA,NA,NA,NA,NA,NA,NA,NA,NA,NA,Cattle
10096,Veneto,Roman,Rom.M-L,Mid-Late,Roman.Mid-Late,NA,Altino,Riedel 1985,56,Cattle,B,HU,Humerus,NA,NA,NA,NA,NA,NA,NA,NA,72.7,NA,NA,NA,NA,NA,NA,NA,NA,NA,NA,NA,NA,NA,NA,NA,Cattle
10097,Veneto,Roman,Rom.M-L,Mid-Late,Roman.Mid-Late,NA,Altino,Riedel 1985,56,Cattle,B,HU,Humerus,NA,NA,NA,NA,NA,NA,NA,NA,100,NA,NA,NA,NA,NA,NA,NA,NA,NA,NA,NA,NA,NA,NA,NA,Cattle
10098,Veneto,Roman,Rom.M-L,Mid-Late,Roman.Mid-Late,NA,Altino,Riedel 1985,56,Cattle,B,HU,Humerus,NA,NA,NA,NA,NA,NA,NA,NA,101.3,NA,NA,NA,NA,NA,NA,NA,NA,NA,NA,NA,NA,NA,NA,NA,Cattle
10205,Friuli,Roman,Rom.M-L,Mid-Late,Roman.Mid-Late,NA,Aquileia,Foro Ovest 93-94,196,Cattle,B,HU,Humerus,NA,NA,NA,NA,NA,NA,NA,NA,74.2,NA,66,NA,NA,NA,NA,NA,NA,NA,NA,NA,NA,NA,NA,NA,Cattle
10214,Friuli,Roman,Rom.Late,Late,Roman.Late,NA,Aquileia,area a est del foro - Riedel 1994,175,Cattle,B,HU,Humerus,NA,NA,NA,NA,NA,NA,NA,NA,88.6,NA,NA,NA,NA,NA,NA,NA,NA,NA,NA,NA,NA,NA,NA,NA,Cattle
10215,Friuli,Roman,Rom.Late,Late,Roman.Late,NA,Aquileia,area a est del foro - Riedel 1994,175,Cattle,B,HU,Humerus,NA,NA,NA,NA,NA,NA,NA,NA,84.8,NA,NA,NA,NA,NA,NA,NA,NA,NA,NA,NA,NA,NA,NA,NA,Cattle
10216,Friuli,Roman,Rom.Late,Late,Roman.Late,NA,Aquileia,area a est del foro - Riedel 1994,175,Cattle,B,HU,Humerus,NA,NA,NA,NA,NA,NA,NA,NA,89.5,NA,NA,NA,NA,NA,NA,NA,NA,NA,NA,NA,NA,NA,NA,NA,Cattle
10217,Friuli,Roman,Rom.Late,Late,Roman.Late,NA,Aquileia,area a est del foro - Riedel 1994,175,Cattle,B,HU,Humerus,NA,NA,NA,NA,NA,NA,NA,NA,90,NA,NA,NA,NA,NA,NA,NA,NA,NA,NA,NA,NA,NA,NA,NA,Cattle
10218,Friuli,Roman,Rom.Late,Late,Roman.Late,NA,Aquileia,area a est del foro - Riedel 1994,175,Cattle,B,HU,Humerus,NA,NA,NA,NA,NA,NA,NA,NA,96.4,NA,NA,NA,NA,NA,NA,NA,NA,NA,NA,NA,NA,NA,NA,NA,Cattle
10219,Friuli,Roman,Rom.Late,Late,Roman.Late,NA,Aquileia,area a est del foro - Riedel 1994,175,Cattle,B,HU,Humerus,NA,NA,NA,NA,NA,NA,NA,NA,82,NA,NA,NA,NA,NA,NA,NA,NA,NA,NA,NA,NA,NA,NA,NA,Cattle
10220,Friuli,Roman,Rom.Late,Late,Roman.Late,NA,Aquileia,area a est del foro - Riedel 1994,175,Cattle,B,HU,Humerus,NA,NA,NA,NA,NA,NA,NA,NA,79.1,NA,NA,NA,NA,NA,NA,NA,NA,NA,NA,NA,NA,NA,NA,NA,Cattle
10221,Friuli,Roman,Rom.Late,Late,Roman.Late,NA,Aquileia,area a est del foro - Riedel 1994,175,Cattle,B,HU,Humerus,NA,NA,NA,NA,NA,NA,NA,NA,87.5,NA,NA,NA,NA,NA,NA,NA,NA,NA,NA,NA,NA,NA,NA,NA,Cattle
10715,Friuli,Roman,Rom.Early,Early,Roman.Early,NA,Trieste,Crosada - Phase 2,235,Cattle,B,HU,Humerus,NA,NA,NA,NA,NA,NA,NA,NA,74.6,NA,65.4,NA,NA,NA,NA,NA,NA,NA,NA,NA,NA,NA,NA,NA,Cattle
11102,Friuli,Roman,Rom.Late,Late,Roman.Late,NA,Udine,Late Roman,246,Cattle,B,HU,Humerus,NA,NA,NA,NA,NA,NA,NA,NA,67,NA,NA,NA,NA,NA,NA,NA,NA,NA,NA,NA,NA,NA,NA,NA,Cattle
12206,South,Roman,Rom.Early,Early,Roman.Early,NA,Calvatone,Wilkens - Bio data from academia,253,Cattle,B,HU,Humerus,NA,NA,NA,NA,NA,NA,NA,NA,89.4,NA,80.4,NA,NA,NA,NA,NA,NA,NA,NA,NA,NA,NA,NA,NA,Cattle
12239,South,Roman,Rom.Early,Early,Roman.Early,NA,Calvatone,Wilkens - Bio data from academia,253,Cattle,B,HU,Humerus,NA,NA,NA,NA,NA,NA,NA,NA,89.5,NA,76,NA,NA,NA,NA,NA,NA,NA,NA,NA,NA,NA,NA,NA,Cattle
12272,South,Roman,Rom.Early,Early,Roman.Early,NA,Calvatone,Wilkens - Bio data from academia,253,Cattle,B,HU,Humerus,NA,NA,NA,NA,NA,NA,NA,NA,77.8,NA,72,NA,NA,NA,NA,NA,NA,NA,NA,NA,NA,NA,NA,NA,Cattle
12303,South,Roman,Rom.Early,Early,Roman.Early,NA,Calvatone,Wilkens - Bio data from academia,253,Cattle,B,HU,Humerus,NA,NA,NA,94.8,NA,41,NA,NA,93.1,NA,83,NA,NA,NA,NA,NA,NA,NA,NA,NA,NA,NA,NA,NA,Cattle
NA,South,Bronze Age,BA.R,BM-R,BA.Late,NA,Monterenzio Vecchio,NA,446,Cattle,B,HU,Humerus,NA,NA,NA,NA,NA,NA,NA,NA,65,NA,57.3,NA,NA,NA,NA,NA,NA,NA,NA,NA,NA,NA,NA,NA,Cattle
NA,Appennine,Bronze Age,BA.M-R,BM-R,BA.Middle-Late,NA,Case Missiroli,NA,453,Cattle,B,HU,Humerus,NA,NA,NA,NA,NA,NA,NA,NA,NA,NA,60,NA,NA,NA,NA,NA,NA,NA,NA,NA,NA,NA,NA,NA,Cattle
NA,Veneto,Iron Age,IA2,IA2,IA.Late,NA,Padova,Via S. Canziano IV-V,467,Cattle,B,HU,Humerus,NA,NA,NA,NA,NA,NA,NA,NA,70.2,NA,65.4,NA,NA,NA,NA,NA,NA,NA,NA,NA,NA,NA,NA,NA,Cattle
NA,Veneto,Iron Age,IA1,IA1,IA.Mid,NA,Padova,"Via S. Canziano, phases I-III",466,Cattle,B,HU,Humerus,NA,NA,NA,NA,NA,NA,NA,NA,73.8,NA,67,NA,NA,NA,NA,NA,NA,NA,NA,NA,NA,NA,NA,NA,Cattle
NA,Veneto,Iron Age,IA1,IA1,IA.Mid,NA,Padova,"Via S. Canziano, phases I-III",466,Cattle,B,HU,Humerus,NA,NA,NA,NA,NA,NA,NA,NA,88.3,NA,77.7,NA,NA,NA,NA,NA,NA,NA,NA,NA,NA,NA,NA,NA,Cattle
98,South,Iron Age,IA1,IA1,IA.Mid,NA,Castenaso,Bologna - Castenaso,59,Cattle,B,MC1,Metacarpal,183,NA,NA,53.4,NA,28.2,NA,NA,57,NA,NA,NA,NA,NA,NA,NA,NA,NA,NA,NA,NA,57.1,*,NA,Cattle
184,Veneto,Bronze Age,BA.R-F,BRF-IA0,BA.Late,NA,Fondo Paviani,Riedel 1979 - Recent/Final,21,Cattle,B,MC1,Metacarpal,171.5,NA,NA,46.5,NA,25.6,NA,NA,49.2,NA,NA,NA,NA,NA,NA,NA,NA,NA,NA,NA,NA,NA,NA,NA,Cattle
185,Veneto,Bronze Age,BA.R-F,BRF-IA0,BA.Late,NA,Fondo Paviani,Riedel 1979 - Recent/Final,21,Cattle,B,MC1,Metacarpal,NA,NA,NA,NA,NA,NA,NA,NA,48.8,NA,NA,NA,NA,NA,NA,NA,NA,NA,NA,NA,NA,NA,NA,NA,Cattle
186,Veneto,Bronze Age,BA.R-F,BRF-IA0,BA.Late,NA,Fondo Paviani,Riedel 1979 - Recent/Final,21,Cattle,B,MC1,Metacarpal,NA,NA,NA,NA,NA,NA,NA,NA,58.2,NA,NA,NA,NA,NA,NA,NA,NA,NA,NA,NA,NA,NA,NA,NA,Cattle
217,South,Iron Age,IA1,IA1,IA.Mid,NA,Marzabotto,V 3,68,Cattle,B,MC1,Metacarpal,NA,NA,NA,56.2,NA,31.4,NA,NA,NA,NA,NA,NA,NA,NA,NA,NA,NA,NA,NA,NA,NA,NA,NA,NA,Cattle
218,South,Iron Age,IA1,IA1,IA.Mid,NA,Marzabotto,V 3,68,Cattle,B,MC1,Metacarpal,NA,NA,NA,54.5,NA,31.3,NA,NA,NA,NA,NA,NA,NA,NA,NA,NA,NA,NA,NA,NA,NA,NA,NA,NA,Cattle
219,South,Iron Age,IA1,IA1,IA.Mid,NA,Marzabotto,V 3,68,Cattle,B,MC1,Metacarpal,NA,NA,NA,51.2,NA,26.6,NA,NA,NA,NA,NA,NA,NA,NA,NA,NA,NA,NA,NA,NA,NA,NA,NA,NA,Cattle
221,South,Iron Age,IA2,IA2,IA.Late,NA,Fidenza,NA,70,Cattle,B,MC1,Metacarpal,177,NA,NA,NA,NA,29.9,NA,NA,53,NA,NA,NA,NA,NA,NA,NA,NA,NA,NA,NA,NA,NA,NA,NA,Cattle
222,South,Iron Age,IA2,IA2,IA.Late,NA,Fidenza,NA,70,Cattle,B,MC1,Metacarpal,NA,NA,NA,NA,NA,NA,NA,NA,57.4,NA,NA,NA,NA,NA,NA,NA,NA,NA,NA,NA,NA,NA,NA,NA,Cattle
226,South,Iron Age,IA2,IA2,IA.Late,NA,Casale di Rivalta,NA,71,Cattle,B,MC1,Metacarpal,NA,NA,NA,NA,NA,NA,NA,NA,62.4,32.1,NA,NA,NA,NA,NA,NA,NA,NA,NA,NA,NA,NA,NA,NA,Cattle
231,South,Iron Age,IA2,IA2,IA.Late,NA,Rubiera,Ca del Cristo,72,Cattle,B,MC1,Metacarpal,NA,NA,NA,NA,NA,NA,NA,NA,55.1,NA,NA,NA,NA,NA,NA,NA,NA,NA,NA,NA,NA,NA,NA,NA,Cattle
236,South,Iron Age,IA2,IA2,IA.Late,NA,Marzabotto,US 8,78,Cattle,B,MC1,Metacarpal,215,NA,NA,63.1,NA,36,NA,NA,NA,NA,NA,NA,NA,NA,NA,NA,NA,NA,NA,NA,Very large but appears in publication like this,NA,NA,NA,Cattle
237,South,Iron Age,IA2,IA2,IA.Late,NA,Marzabotto,US 8,78,Cattle,B,MC1,Metacarpal,NA,NA,NA,NA,NA,NA,NA,NA,65.2,NA,NA,NA,NA,NA,NA,NA,NA,NA,NA,NA,NA,NA,NA,NA,Cattle
405,North,Iron Age,IA2,IA2,IA.Late,NA,Colognola ai Colli,NA,54,Cattle,B,MC1,Metacarpal,NA,NA,NA,NA,NA,NA,NA,NA,51.7,NA,NA,NA,NA,NA,NA,NA,NA,NA,NA,NA,NA,NA,NA,NA,Cattle
406,North,Iron Age,IA2,IA2,IA.Late,NA,Colognola ai Colli,NA,54,Cattle,B,MC1,Metacarpal,175.2,NA,NA,49.8,NA,25,NA,NA,NA,NA,NA,NA,NA,NA,NA,NA,NA,NA,NA,NA,NA,NA,NA,NA,Cattle
407,North,Iron Age,IA2,IA2,IA.Late,NA,Colognola ai Colli,NA,54,Cattle,B,MC1,Metacarpal,175.5,NA,NA,51,NA,28,NA,NA,NA,NA,NA,NA,NA,NA,NA,NA,NA,NA,NA,NA,NA,NA,NA,NA,Cattle
408,North,Iron Age,IA2,IA2,IA.Late,NA,Colognola ai Colli,NA,54,Cattle,B,MC1,Metacarpal,197,NA,NA,59.8,NA,31.8,NA,NA,62,NA,NA,NA,NA,NA,NA,NA,NA,NA,NA,NA,NA,NA,NA,NA,Cattle
482,North,Bronze Age,BA.M,BM-R,BA.Middle,NA,Muraiola,NA,13,Cattle,B,MC1,Metacarpal,166.3,NA,NA,45,26.7,23,15.5,NA,47.7,25.6,NA,NA,NA,NA,40.3,NA,NA,NA,NA,NA,NA,NA,NA,NA,Cattle
483,North,Bronze Age,BA.M,BM-R,BA.Middle,NA,Muraiola,NA,13,Cattle,B,MC1,Metacarpal,171.4,NA,NA,50.5,30.8,26,17.8,NA,51.3,27.3,NA,NA,NA,NA,45.4,NA,NA,NA,NA,NA,NA,NA,NA,NA,Cattle
484,North,Bronze Age,BA.M,BM-R,BA.Middle,NA,Muraiola,NA,13,Cattle,B,MC1,Metacarpal,176.7,NA,NA,53.7,31.5,28,18,NA,57.5,27.6,NA,NA,NA,NA,50,NA,NA,NA,NA,NA,NA,NA,NA,NA,Cattle
485,North,Bronze Age,BA.M,BM-R,BA.Middle,NA,Muraiola,NA,13,Cattle,B,MC1,Metacarpal,184.5,NA,NA,NA,NA,27.2,17.7,NA,54.9,28.6,NA,NA,NA,NA,50,NA,NA,NA,NA,NA,NA,NA,NA,NA,Cattle
486,North,Bronze Age,BA.M,BM-R,BA.Middle,NA,Muraiola,NA,13,Cattle,B,MC1,Metacarpal,188,NA,NA,54,31.2,29.6,20.2,NA,54.5,31.4,NA,NA,NA,NA,50.3,NA,NA,NA,NA,NA,NA,NA,NA,NA,Cattle
487,North,Bronze Age,BA.M,BM-R,BA.Middle,NA,Muraiola,NA,13,Cattle,B,MC1,Metacarpal,189.4,NA,NA,53.7,34,26.5,21.4,NA,53,30,NA,NA,NA,NA,46,NA,NA,NA,NA,NA,NA,NA,NA,NA,Cattle
547,North,Bronze Age,BA.R,BM-R,BA.Late,NA,Isolone,NA,16,Cattle,B,MC1,Metacarpal,NA,NA,NA,NA,NA,28.3,NA,NA,51.4,NA,NA,NA,NA,NA,NA,NA,NA,NA,NA,Male,NA,NA,NA,NA,Cattle
549,North,Bronze Age,BA.R,BM-R,BA.Late,NA,Isolone,NA,16,Cattle,B,MC1,Metacarpal,NA,NA,NA,NA,NA,27,NA,NA,NA,NA,NA,NA,NA,NA,NA,NA,NA,NA,NA,Male,NA,NA,NA,NA,Cattle
550,North,Bronze Age,BA.R,BM-R,BA.Late,NA,Isolone,NA,16,Cattle,B,MC1,Metacarpal,160,NA,NA,42.5,NA,23.4,NA,NA,NA,NA,NA,NA,NA,NA,NA,NA,NA,NA,NA,Male,NA,NA,NA,NA,Cattle
551,North,Bronze Age,BA.R,BM-R,BA.Late,NA,Isolone,NA,16,Cattle,B,MC1,Metacarpal,161,NA,NA,43,NA,22.8,NA,NA,44.9,NA,NA,NA,NA,NA,NA,NA,NA,NA,NA,Female,NA,NA,NA,NA,Cattle
552,North,Bronze Age,BA.R,BM-R,BA.Late,NA,Isolone,NA,16,Cattle,B,MC1,Metacarpal,161,NA,NA,45,NA,21.8,NA,NA,46.6,NA,NA,NA,NA,NA,NA,NA,NA,NA,NA,Female,NA,NA,NA,NA,Cattle
553,North,Bronze Age,BA.R,BM-R,BA.Late,NA,Isolone,NA,16,Cattle,B,MC1,Metacarpal,162,NA,NA,39.5,NA,22.7,NA,NA,NA,NA,NA,NA,NA,NA,NA,NA,NA,NA,NA,Female,NA,NA,NA,NA,Cattle
554,North,Bronze Age,BA.R,BM-R,BA.Late,NA,Isolone,NA,16,Cattle,B,MC1,Metacarpal,162,NA,NA,47,NA,25.3,NA,NA,46.8,NA,NA,NA,NA,NA,NA,NA,NA,NA,NA,Female,NA,NA,NA,NA,Cattle
555,North,Bronze Age,BA.R,BM-R,BA.Late,NA,Isolone,NA,16,Cattle,B,MC1,Metacarpal,NA,NA,NA,57.1,NA,30.3,NA,NA,NA,NA,NA,NA,NA,NA,NA,NA,NA,NA,NA,Male,NA,NA,NA,NA,Cattle
556,North,Bronze Age,BA.R,BM-R,BA.Late,NA,Isolone,NA,16,Cattle,B,MC1,Metacarpal,163,NA,NA,NA,NA,25.1,NA,NA,43.6,NA,NA,NA,NA,NA,NA,NA,NA,NA,NA,Female,NA,NA,NA,NA,Cattle
557,North,Bronze Age,BA.R,BM-R,BA.Late,NA,Isolone,NA,16,Cattle,B,MC1,Metacarpal,163,NA,NA,NA,NA,26.1,NA,NA,49.5,NA,NA,NA,NA,NA,NA,NA,NA,NA,NA,NA,NA,NA,NA,NA,Cattle
558,North,Bronze Age,BA.R,BM-R,BA.Late,NA,Isolone,NA,16,Cattle,B,MC1,Metacarpal,163,NA,NA,51.5,NA,26.4,NA,NA,NA,NA,NA,NA,NA,NA,NA,NA,NA,NA,NA,Male,NA,NA,NA,NA,Cattle
559,North,Bronze Age,BA.R,BM-R,BA.Late,NA,Isolone,NA,16,Cattle,B,MC1,Metacarpal,163.5,NA,NA,47.7,NA,28.1,NA,NA,52.7,NA,NA,NA,NA,NA,NA,NA,NA,NA,NA,Male,NA,NA,NA,NA,Cattle
560,North,Bronze Age,BA.R,BM-R,BA.Late,NA,Isolone,NA,16,Cattle,B,MC1,Metacarpal,164,NA,NA,45,NA,25.4,NA,NA,47,NA,NA,NA,NA,NA,NA,NA,NA,NA,NA,Female,NA,NA,NA,NA,Cattle
561,North,Bronze Age,BA.R,BM-R,BA.Late,NA,Isolone,NA,16,Cattle,B,MC1,Metacarpal,165,NA,NA,46.7,NA,24.5,NA,NA,47.8,NA,NA,NA,NA,NA,NA,NA,NA,NA,NA,Female,NA,NA,NA,NA,Cattle
562,North,Bronze Age,BA.R,BM-R,BA.Late,NA,Isolone,NA,16,Cattle,B,MC1,Metacarpal,166,NA,NA,NA,NA,24.5,NA,NA,NA,NA,NA,NA,NA,NA,NA,NA,NA,NA,NA,Female,NA,NA,NA,NA,Cattle
563,North,Bronze Age,BA.R,BM-R,BA.Late,NA,Isolone,NA,16,Cattle,B,MC1,Metacarpal,166,NA,NA,44.2,NA,23,NA,NA,45.1,NA,NA,NA,NA,NA,NA,NA,NA,NA,NA,Female,NA,NA,NA,NA,Cattle
564,North,Bronze Age,BA.R,BM-R,BA.Late,NA,Isolone,NA,16,Cattle,B,MC1,Metacarpal,166,NA,NA,46,NA,NA,NA,NA,NA,NA,NA,NA,NA,NA,NA,NA,NA,NA,NA,NA,NA,NA,NA,NA,Cattle
565,North,Bronze Age,BA.R,BM-R,BA.Late,NA,Isolone,NA,16,Cattle,B,MC1,Metacarpal,NA,NA,NA,NA,NA,26.3,NA,NA,48.5,NA,NA,NA,NA,NA,NA,NA,NA,NA,NA,Male,NA,NA,NA,NA,Cattle
566,North,Bronze Age,BA.R,BM-R,BA.Late,NA,Isolone,NA,16,Cattle,B,MC1,Metacarpal,168,NA,NA,46.3,NA,22.4,NA,NA,47.6,NA,NA,NA,NA,NA,NA,NA,NA,NA,NA,Female,NA,NA,NA,NA,Cattle
567,North,Bronze Age,BA.R,BM-R,BA.Late,NA,Isolone,NA,16,Cattle,B,MC1,Metacarpal,168,NA,NA,48.7,NA,27.6,NA,NA,52.6,NA,NA,NA,NA,NA,NA,NA,NA,NA,NA,Male,NA,NA,NA,NA,Cattle
568,North,Bronze Age,BA.R,BM-R,BA.Late,NA,Isolone,NA,16,Cattle,B,MC1,Metacarpal,169,NA,NA,50.5,NA,24.4,NA,NA,51.8,NA,NA,NA,NA,NA,NA,NA,NA,NA,NA,Female,NA,NA,NA,NA,Cattle
569,North,Bronze Age,BA.R,BM-R,BA.Late,NA,Isolone,NA,16,Cattle,B,MC1,Metacarpal,169.5,NA,NA,44.7,NA,23.6,NA,NA,48.8,NA,NA,NA,NA,NA,NA,NA,NA,NA,NA,Female,NA,NA,NA,NA,Cattle
570,North,Bronze Age,BA.R,BM-R,BA.Late,NA,Isolone,NA,16,Cattle,B,MC1,Metacarpal,170,NA,NA,51.1,NA,27.5,NA,NA,54.1,NA,NA,NA,NA,NA,NA,NA,NA,NA,NA,Male,NA,NA,NA,NA,Cattle
571,North,Bronze Age,BA.R,BM-R,BA.Late,NA,Isolone,NA,16,Cattle,B,MC1,Metacarpal,170.5,NA,NA,NA,NA,24,NA,NA,NA,NA,NA,NA,NA,NA,NA,NA,NA,NA,NA,Female,NA,NA,NA,NA,Cattle
572,North,Bronze Age,BA.R,BM-R,BA.Late,NA,Isolone,NA,16,Cattle,B,MC1,Metacarpal,171,NA,NA,44.5,NA,23.1,NA,NA,45.1,NA,NA,NA,NA,NA,NA,NA,NA,NA,NA,Female,NA,NA,NA,NA,Cattle
573,North,Bronze Age,BA.R,BM-R,BA.Late,NA,Isolone,NA,16,Cattle,B,MC1,Metacarpal,171,NA,NA,44.9,NA,24.8,NA,NA,47.3,NA,NA,NA,NA,NA,NA,NA,NA,NA,NA,Female,NA,NA,NA,NA,Cattle
574,North,Bronze Age,BA.R,BM-R,BA.Late,NA,Isolone,NA,16,Cattle,B,MC1,Metacarpal,171,NA,NA,47,NA,23.5,NA,NA,44.5,NA,NA,NA,NA,NA,NA,NA,NA,NA,NA,Female,NA,NA,NA,NA,Cattle
575,North,Bronze Age,BA.R,BM-R,BA.Late,NA,Isolone,NA,16,Cattle,B,MC1,Metacarpal,171,NA,NA,47.5,NA,24.8,NA,NA,46.7,NA,NA,NA,NA,NA,NA,NA,NA,NA,NA,Female,NA,NA,NA,NA,Cattle
576,North,Bronze Age,BA.R,BM-R,BA.Late,NA,Isolone,NA,16,Cattle,B,MC1,Metacarpal,171,NA,NA,48,NA,25.4,NA,NA,49,NA,NA,NA,NA,NA,NA,NA,NA,NA,NA,Male,NA,NA,NA,NA,Cattle
577,North,Bronze Age,BA.R,BM-R,BA.Late,NA,Isolone,NA,16,Cattle,B,MC1,Metacarpal,171,NA,NA,52.8,NA,29.4,NA,NA,52.4,NA,NA,NA,NA,NA,NA,NA,NA,NA,NA,Male,NA,NA,NA,NA,Cattle
578,North,Bronze Age,BA.R,BM-R,BA.Late,NA,Isolone,NA,16,Cattle,B,MC1,Metacarpal,172,NA,NA,44,NA,24.5,NA,NA,NA,NA,NA,NA,NA,NA,NA,NA,NA,NA,NA,Female,NA,NA,NA,NA,Cattle
579,North,Bronze Age,BA.R,BM-R,BA.Late,NA,Isolone,NA,16,Cattle,B,MC1,Metacarpal,172,NA,NA,45.4,NA,26.8,NA,NA,46.7,NA,NA,NA,NA,NA,NA,NA,NA,NA,NA,Female,NA,NA,NA,NA,Cattle
580,North,Bronze Age,BA.R,BM-R,BA.Late,NA,Isolone,NA,16,Cattle,B,MC1,Metacarpal,172,NA,NA,45.5,NA,23.5,NA,NA,NA,NA,NA,NA,NA,NA,NA,NA,NA,NA,NA,Female,NA,NA,NA,NA,Cattle
581,North,Bronze Age,BA.R,BM-R,BA.Late,NA,Isolone,NA,16,Cattle,B,MC1,Metacarpal,172,NA,NA,NA,NA,22.9,NA,NA,48.4,NA,NA,NA,NA,NA,NA,NA,NA,NA,NA,Female,NA,NA,NA,NA,Cattle
582,North,Bronze Age,BA.R,BM-R,BA.Late,NA,Isolone,NA,16,Cattle,B,MC1,Metacarpal,172.5,NA,NA,53.1,NA,29.2,NA,NA,54.8,NA,NA,NA,NA,NA,NA,NA,NA,NA,NA,Male,NA,NA,NA,NA,Cattle
583,North,Bronze Age,BA.R,BM-R,BA.Late,NA,Isolone,NA,16,Cattle,B,MC1,Metacarpal,173,NA,NA,45.3,NA,22.6,NA,NA,47.5,NA,NA,NA,NA,NA,NA,NA,NA,NA,NA,Female,NA,NA,NA,NA,Cattle
584,North,Bronze Age,BA.R,BM-R,BA.Late,NA,Isolone,NA,16,Cattle,B,MC1,Metacarpal,173,NA,NA,46.8,NA,28.2,NA,NA,52.4,NA,NA,NA,NA,NA,NA,NA,NA,NA,NA,NA,NA,NA,NA,NA,Cattle
585,North,Bronze Age,BA.R,BM-R,BA.Late,NA,Isolone,NA,16,Cattle,B,MC1,Metacarpal,173,NA,NA,48.6,NA,NA,NA,NA,NA,NA,NA,NA,NA,NA,NA,NA,NA,NA,NA,Male,NA,NA,NA,NA,Cattle
586,North,Bronze Age,BA.R,BM-R,BA.Late,NA,Isolone,NA,16,Cattle,B,MC1,Metacarpal,173,NA,NA,49,NA,28.2,NA,NA,54,NA,NA,NA,NA,NA,NA,NA,NA,NA,NA,Male,NA,NA,NA,NA,Cattle
587,North,Bronze Age,BA.R,BM-R,BA.Late,NA,Isolone,NA,16,Cattle,B,MC1,Metacarpal,174,NA,NA,45.8,NA,23,NA,NA,45.2,NA,NA,NA,NA,NA,NA,NA,NA,NA,NA,Male,NA,NA,NA,NA,Cattle
588,North,Bronze Age,BA.R,BM-R,BA.Late,NA,Isolone,NA,16,Cattle,B,MC1,Metacarpal,174,NA,NA,49.4,NA,28.7,NA,NA,52.2,NA,NA,NA,NA,NA,NA,NA,NA,NA,NA,Male,NA,NA,NA,NA,Cattle
589,North,Bronze Age,BA.R,BM-R,BA.Late,NA,Isolone,NA,16,Cattle,B,MC1,Metacarpal,174,NA,NA,49.7,NA,26.8,NA,NA,49.6,NA,NA,NA,NA,NA,NA,NA,NA,NA,NA,Male,NA,NA,NA,NA,Cattle
590,North,Bronze Age,BA.R,BM-R,BA.Late,NA,Isolone,NA,16,Cattle,B,MC1,Metacarpal,177,NA,NA,49,NA,24.9,NA,NA,45.7,NA,NA,NA,NA,NA,NA,NA,NA,NA,NA,Female,NA,NA,NA,NA,Cattle
591,North,Bronze Age,BA.R,BM-R,BA.Late,NA,Isolone,NA,16,Cattle,B,MC1,Metacarpal,178,NA,NA,51.7,NA,31,NA,NA,NA,NA,NA,NA,NA,NA,NA,NA,NA,NA,NA,Male,NA,NA,NA,NA,Cattle
592,North,Bronze Age,BA.R,BM-R,BA.Late,NA,Isolone,NA,16,Cattle,B,MC1,Metacarpal,178,NA,NA,NA,NA,27.7,NA,NA,54.5,NA,NA,NA,NA,NA,NA,NA,NA,NA,NA,Male,NA,NA,NA,NA,Cattle
593,North,Bronze Age,BA.R,BM-R,BA.Late,NA,Isolone,NA,16,Cattle,B,MC1,Metacarpal,179,NA,NA,47.3,NA,25.8,NA,NA,45,NA,NA,NA,NA,NA,NA,NA,NA,NA,NA,Male,NA,NA,NA,NA,Cattle
594,North,Bronze Age,BA.R,BM-R,BA.Late,NA,Isolone,NA,16,Cattle,B,MC1,Metacarpal,179,NA,NA,53.3,NA,30.3,NA,NA,NA,NA,NA,NA,NA,NA,NA,NA,NA,NA,NA,Male,NA,NA,NA,NA,Cattle
595,North,Bronze Age,BA.R,BM-R,BA.Late,NA,Isolone,NA,16,Cattle,B,MC1,Metacarpal,179,NA,NA,53.7,NA,31.6,NA,NA,NA,NA,NA,NA,NA,NA,NA,NA,NA,NA,NA,Male,NA,NA,NA,NA,Cattle
596,North,Bronze Age,BA.R,BM-R,BA.Late,NA,Isolone,NA,16,Cattle,B,MC1,Metacarpal,180,NA,NA,49.9,NA,27.9,NA,NA,55.3,NA,NA,NA,NA,NA,NA,NA,NA,NA,NA,Male,NA,NA,NA,NA,Cattle
597,North,Bronze Age,BA.R,BM-R,BA.Late,NA,Isolone,NA,16,Cattle,B,MC1,Metacarpal,180,NA,NA,53.4,NA,30.8,NA,NA,NA,NA,NA,NA,NA,NA,NA,NA,NA,NA,NA,Male,NA,NA,NA,NA,Cattle
598,North,Bronze Age,BA.R,BM-R,BA.Late,NA,Isolone,NA,16,Cattle,B,MC1,Metacarpal,182,NA,NA,54.3,NA,31.4,NA,NA,NA,NA,NA,NA,NA,NA,NA,NA,NA,NA,NA,Male,NA,NA,NA,NA,Cattle
599,North,Bronze Age,BA.R,BM-R,BA.Late,NA,Isolone,NA,16,Cattle,B,MC1,Metacarpal,183,NA,NA,42.5,NA,NA,NA,NA,43.9,NA,NA,NA,NA,NA,NA,NA,NA,NA,NA,Female,NA,NA,NA,NA,Cattle
600,North,Bronze Age,BA.R,BM-R,BA.Late,NA,Isolone,NA,16,Cattle,B,MC1,Metacarpal,184,NA,NA,55.3,NA,27.8,NA,NA,55.4,NA,NA,NA,NA,NA,NA,NA,NA,NA,NA,Male,NA,NA,NA,NA,Cattle
601,North,Bronze Age,BA.R,BM-R,BA.Late,NA,Isolone,NA,16,Cattle,B,MC1,Metacarpal,184.5,NA,NA,54.8,NA,30.2,NA,NA,56.6,NA,NA,NA,NA,NA,NA,NA,NA,NA,NA,Male,NA,NA,NA,NA,Cattle
602,North,Bronze Age,BA.R,BM-R,BA.Late,NA,Isolone,NA,16,Cattle,B,MC1,Metacarpal,185,NA,NA,51.9,NA,30,NA,NA,54,NA,NA,NA,NA,NA,NA,NA,NA,NA,NA,Male,NA,NA,NA,NA,Cattle
603,North,Bronze Age,BA.R,BM-R,BA.Late,NA,Isolone,NA,16,Cattle,B,MC1,Metacarpal,187,NA,NA,53.5,NA,27.6,NA,NA,53.8,NA,NA,NA,NA,NA,NA,NA,NA,NA,NA,Male,NA,NA,NA,NA,Cattle
604,North,Bronze Age,BA.R,BM-R,BA.Late,NA,Isolone,NA,16,Cattle,B,MC1,Metacarpal,187,NA,NA,58.2,NA,NA,NA,NA,NA,NA,NA,NA,NA,NA,NA,NA,NA,NA,NA,Male,NA,NA,NA,NA,Cattle
897,North,Iron Age,IA2,IA2,IA.Late,NA,Castelrotto,NA,53,Cattle,B,MC1,Metacarpal,177.7,NA,NA,52.7,32,30,NA,NA,55,31.6,NA,NA,NA,NA,NA,NA,NA,NA,NA,Female,NA,NA,NA,NA,Cattle
898,North,Iron Age,IA2,IA2,IA.Late,NA,Castelrotto,NA,53,Cattle,B,MC1,Metacarpal,178.3,NA,NA,50.5,32.6,26.3,NA,NA,52,30.5,NA,NA,NA,NA,NA,NA,NA,NA,NA,Female,NA,NA,NA,NA,Cattle
899,North,Iron Age,IA2,IA2,IA.Late,NA,Castelrotto,NA,53,Cattle,B,MC1,Metacarpal,180.1,NA,NA,52.5,32.5,29.1,NA,NA,NA,30.6,NA,NA,NA,NA,NA,NA,NA,NA,NA,Female,NA,NA,NA,*,Cattle
900,North,Iron Age,IA2,IA2,IA.Late,NA,Castelrotto,NA,53,Cattle,B,MC1,Metacarpal,NA,NA,NA,NA,NA,NA,NA,NA,47.2,23,NA,NA,NA,NA,NA,NA,NA,NA,NA,NA,NA,NA,NA,NA,Cattle
901,North,Iron Age,IA2,IA2,IA.Late,NA,Castelrotto,NA,53,Cattle,B,MC1,Metacarpal,NA,NA,NA,NA,NA,NA,NA,NA,52.4,30.6,NA,NA,NA,NA,NA,NA,NA,NA,NA,NA,NA,NA,NA,NA,Cattle
902,North,Iron Age,IA2,IA2,IA.Late,NA,Castelrotto,NA,53,Cattle,B,MC1,Metacarpal,NA,NA,NA,NA,NA,NA,NA,NA,57,29,NA,NA,NA,NA,NA,NA,NA,NA,NA,NA,NA,NA,NA,NA,Cattle
903,North,Iron Age,IA2,IA2,IA.Late,NA,Castelrotto,NA,53,Cattle,B,MC1,Metacarpal,NA,NA,NA,NA,NA,NA,NA,NA,57.8,32.6,NA,NA,NA,NA,NA,NA,NA,NA,NA,NA,NA,NA,NA,NA,Cattle
904,North,Iron Age,IA2,IA2,IA.Late,NA,Castelrotto,NA,53,Cattle,B,MC1,Metacarpal,NA,NA,NA,NA,NA,NA,NA,NA,61.3,31.6,NA,NA,NA,NA,NA,NA,NA,NA,NA,NA,NA,NA,NA,NA,Cattle
905,North,Iron Age,IA2,IA2,IA.Late,NA,Castelrotto,NA,53,Cattle,B,MC1,Metacarpal,NA,NA,NA,NA,NA,NA,NA,NA,50.2,25,NA,NA,NA,NA,NA,NA,NA,NA,NA,NA,NA,NA,NA,NA,Cattle
906,North,Iron Age,IA2,IA2,IA.Late,NA,Castelrotto,NA,53,Cattle,B,MC1,Metacarpal,197.4,NA,NA,63,39,36.4,NA,NA,66.3,32.9,NA,NA,NA,NA,NA,NA,NA,NA,NA,NA,NA,NA,NA,NA,Cattle
1438,South,Iron Age,IA1,IA1,IA.Mid,NA,Marzabotto,US 27/29,69,Cattle,B,MC1,Metacarpal,NA,NA,NA,54.9,NA,NA,NA,NA,NA,NA,NA,NA,NA,NA,NA,NA,NA,NA,NA,NA,NA,NA,NA,NA,Cattle
1445,South,Iron Age,IA1,IA1,IA.Mid,NA,San Claudio,NA,64,Cattle,B,MC1,Metacarpal,NA,NA,NA,55.2,34.8,NA,NA,NA,NA,NA,NA,NA,NA,NA,NA,NA,NA,NA,NA,NA,NA,NA,NA,NA,Cattle
1467,South,Iron Age,IA2,IA2,IA.Late,NA,Marzabotto,US 8,78,Cattle,B,MC1,Metacarpal,NA,NA,NA,52.2,NA,NA,NA,NA,NA,NA,NA,NA,NA,NA,NA,NA,NA,NA,NA,NA,NA,NA,NA,NA,Cattle
1481,South,Iron Age,IA2,IA2,IA.Late,NA,Casale di Rivalta,NA,71,Cattle,B,MC1,Metacarpal,NA,NA,NA,53.3,31.7,NA,NA,NA,NA,NA,NA,NA,NA,NA,NA,NA,NA,NA,NA,NA,NA,NA,NA,NA,Cattle
1538,South,Iron Age,IA2,IA2,IA.Late,NA,Spina,Excavations 2007-2009,118,Cattle,B,MC1,Metacarpal,202,NA,NA,61.8,NA,34.4,NA,NA,61.3,NA,NA,NA,NA,NA,NA,NA,NA,NA,NA,NA,NA,NA,NA,NA,Cattle
1560,South,Bronze Age,BA.M,BM-R,BA.Middle,NA,Tabina di Margreta,Bronze Age,22,Cattle,B,MC1,Metacarpal,NA,NA,NA,48,28,NA,NA,NA,NA,NA,NA,NA,NA,NA,NA,NA,NA,NA,NA,NA,NA,NA,NA,0.5,Cattle
1672,North,Iron Age,IA2,IA2,IA.Late,NA,Santorso,All phases,92,Cattle,B,MC1,Metacarpal,NA,NA,NA,51.6,33,30.1,NA,NA,NA,NA,NA,NA,NA,NA,NA,NA,NA,NA,NA,NA,NA,NA,NA,NA,Cattle
1673,North,Iron Age,IA2,IA2,IA.Late,NA,Santorso,All phases,92,Cattle,B,MC1,Metacarpal,NA,NA,NA,NA,NA,NA,NA,NA,53.6,28.7,NA,NA,NA,NA,NA,NA,NA,NA,NA,NA,NA,NA,NA,NA,Cattle
1674,North,Iron Age,IA2,IA2,IA.Late,NA,Santorso,All phases,92,Cattle,B,MC1,Metacarpal,NA,NA,NA,53.1,32.2,25.2,NA,NA,NA,NA,NA,NA,NA,NA,NA,NA,NA,NA,NA,NA,NA,NA,NA,NA,Cattle
1675,North,Iron Age,IA2,IA2,IA.Late,NA,Santorso,All phases,92,Cattle,B,MC1,Metacarpal,NA,NA,NA,NA,NA,NA,NA,NA,57.6,NA,NA,NA,NA,NA,NA,NA,NA,NA,NA,NA,NA,NA,NA,NA,Cattle
1676,North,Iron Age,IA2,IA2,IA.Late,NA,Santorso,All phases,92,Cattle,B,MC1,Metacarpal,NA,NA,NA,NA,NA,NA,NA,NA,58.8,29.3,NA,NA,NA,NA,NA,NA,NA,NA,NA,NA,NA,NA,NA,NA,Cattle
1677,North,Iron Age,IA2,IA2,IA.Late,NA,Santorso,All phases,92,Cattle,B,MC1,Metacarpal,150.5,NA,NA,54.3,NA,30,NA,NA,55.8,28.2,NA,NA,NA,NA,NA,NA,NA,NA,NA,NA,NA,NA,NA,NA,Cattle
1678,North,Iron Age,IA2,IA2,IA.Late,NA,Santorso,All phases,92,Cattle,B,MC1,Metacarpal,NA,NA,NA,46,27.5,24,NA,NA,NA,NA,NA,NA,NA,NA,NA,NA,NA,NA,NA,NA,NA,NA,NA,NA,Cattle
1679,North,Iron Age,IA2,IA2,IA.Late,NA,Santorso,All phases,92,Cattle,B,MC1,Metacarpal,NA,NA,NA,47,30,NA,NA,NA,NA,NA,NA,NA,NA,NA,NA,NA,NA,NA,NA,NA,NA,NA,NA,NA,Cattle
1680,North,Iron Age,IA2,IA2,IA.Late,NA,Santorso,All phases,92,Cattle,B,MC1,Metacarpal,NA,NA,NA,47.2,NA,25,NA,NA,NA,NA,NA,NA,NA,NA,NA,NA,NA,NA,NA,NA,NA,NA,NA,NA,Cattle
1681,North,Iron Age,IA2,IA2,IA.Late,NA,Santorso,All phases,92,Cattle,B,MC1,Metacarpal,NA,NA,NA,50.4,33,27.4,NA,NA,NA,NA,NA,NA,NA,NA,NA,NA,NA,NA,NA,NA,NA,NA,NA,NA,Cattle
1682,North,Iron Age,IA2,IA2,IA.Late,NA,Santorso,All phases,92,Cattle,B,MC1,Metacarpal,NA,NA,NA,NA,NA,NA,NA,NA,56.5,31.5,NA,NA,NA,NA,NA,NA,NA,NA,NA,NA,NA,NA,NA,NA,Cattle
1811,North,Iron Age,IA2,IA2,IA.Late,NA,Castelrotto,NA,53,Cattle,B,MC1,Metacarpal,180.5,NA,NA,53.6,33.4,29.3,NA,NA,NA,24.5,NA,NA,NA,NA,NA,NA,NA,NA,NA,NA,NA,NA,NA,*,Cattle
1813,North,Iron Age,IA2,IA2,IA.Late,NA,Castelrotto,NA,53,Cattle,B,MC1,Metacarpal,NA,NA,NA,47.7,31.2,NA,NA,NA,NA,NA,NA,NA,NA,NA,NA,NA,NA,NA,NA,NA,NA,NA,NA,NA,Cattle
1814,North,Iron Age,IA2,IA2,IA.Late,NA,Castelrotto,NA,53,Cattle,B,MC1,Metacarpal,NA,NA,NA,50.5,32.4,NA,NA,NA,NA,NA,NA,NA,NA,NA,NA,NA,NA,NA,NA,NA,NA,NA,NA,NA,Cattle
1815,North,Iron Age,IA2,IA2,IA.Late,NA,Castelrotto,NA,53,Cattle,B,MC1,Metacarpal,NA,NA,NA,51.1,31,NA,NA,NA,NA,NA,NA,NA,NA,NA,NA,NA,NA,NA,NA,NA,NA,NA,NA,NA,Cattle
1816,North,Iron Age,IA2,IA2,IA.Late,NA,Castelrotto,NA,53,Cattle,B,MC1,Metacarpal,NA,NA,NA,52,32,NA,NA,NA,NA,NA,NA,NA,NA,NA,NA,NA,NA,NA,NA,NA,NA,NA,NA,NA,Cattle
1817,North,Iron Age,IA2,IA2,IA.Late,NA,Castelrotto,NA,53,Cattle,B,MC1,Metacarpal,NA,NA,NA,53.2,32.9,NA,NA,NA,NA,NA,NA,NA,NA,NA,NA,NA,NA,NA,NA,NA,NA,NA,NA,NA,Cattle
1818,North,Iron Age,IA2,IA2,IA.Late,NA,Castelrotto,NA,53,Cattle,B,MC1,Metacarpal,NA,NA,NA,NA,NA,20.6,NA,NA,NA,NA,NA,NA,NA,NA,NA,NA,NA,NA,NA,NA,NA,NA,NA,NA,Cattle
1819,North,Iron Age,IA2,IA2,IA.Late,NA,Castelrotto,NA,53,Cattle,B,MC1,Metacarpal,NA,NA,NA,57.6,37.7,NA,NA,NA,NA,NA,NA,NA,NA,NA,NA,NA,NA,NA,NA,NA,NA,NA,NA,*,Cattle
1820,North,Iron Age,IA2,IA2,IA.Late,NA,Castelrotto,NA,53,Cattle,B,MC1,Metacarpal,NA,NA,NA,58.5,35.5,NA,NA,NA,NA,NA,NA,NA,NA,NA,NA,NA,NA,NA,NA,NA,NA,NA,NA,NA,Cattle
1821,North,Iron Age,IA2,IA2,IA.Late,NA,Castelrotto,NA,53,Cattle,B,MC1,Metacarpal,NA,NA,NA,59.5,33.6,NA,NA,NA,NA,NA,NA,NA,NA,NA,NA,NA,NA,NA,NA,NA,NA,NA,NA,NA,Cattle
1822,North,Iron Age,IA2,IA2,IA.Late,NA,Castelrotto,NA,53,Cattle,B,MC1,Metacarpal,NA,NA,NA,61,36,NA,NA,NA,NA,NA,NA,NA,NA,NA,NA,NA,NA,NA,NA,NA,NA,NA,NA,NA,Cattle
1823,North,Iron Age,IA2,IA2,IA.Late,NA,Castelrotto,NA,53,Cattle,B,MC1,Metacarpal,NA,NA,NA,NA,NA,30.6,NA,NA,NA,NA,NA,NA,NA,NA,NA,NA,NA,NA,NA,NA,NA,NA,NA,NA,Cattle
1824,North,Iron Age,IA2,IA2,IA.Late,NA,Castelrotto,NA,53,Cattle,B,MC1,Metacarpal,NA,NA,NA,51.9,28.1,NA,NA,NA,NA,NA,NA,NA,NA,NA,NA,NA,NA,NA,NA,NA,NA,NA,NA,NA,Cattle
1826,North,Iron Age,IA2,IA2,IA.Late,NA,Castelrotto,NA,53,Cattle,B,MC1,Metacarpal,195.3,NA,NA,65.5,40,37.4,NA,NA,NA,NA,NA,NA,NA,NA,NA,NA,NA,NA,NA,NA,NA,NA,NA,*,Cattle
1994,North,Bronze Age,BA.M,BM-R,BA.Middle,NA,Lavagnone,Sector A + E,126,Cattle,B,MC1,Metacarpal,175,NA,NA,45.7,26.8,24.2,17.8,NA,NA,26.8,NA,NA,NA,NA,NA,NA,NA,NA,NA,NA,NA,NA,NA,NA,Cattle
1995,North,Bronze Age,BA.M,BM-R,BA.Middle,NA,Lavagnone,Sector A + E,126,Cattle,B,MC1,Metacarpal,NA,NA,NA,60.6,NA,NA,NA,NA,NA,NA,NA,NA,NA,NA,NA,NA,NA,NA,NA,NA,Very large but appears in publication like this,NA,NA,NA,Cattle
1996,North,Bronze Age,BA.M,BM-R,BA.Middle,NA,Lavagnone,Sector A + E,126,Cattle,B,MC1,Metacarpal,NA,NA,NA,46.5,27.4,24.7,16.9,NA,NA,NA,NA,NA,NA,NA,NA,NA,NA,NA,NA,NA,NA,NA,NA,NA,Cattle
1997,North,Bronze Age,BA.M,BM-R,BA.Middle,NA,Lavagnone,Sector A + E,126,Cattle,B,MC1,Metacarpal,NA,NA,NA,NA,NA,NA,NA,NA,61.6,31,NA,NA,NA,NA,NA,NA,NA,NA,NA,NA,NA,NA,NA,NA,Cattle
1998,North,Bronze Age,BA.M,BM-R,BA.Middle,NA,Lavagnone,Sector A + E,126,Cattle,B,MC1,Metacarpal,NA,NA,NA,NA,NA,NA,NA,NA,58.3,29.2,NA,NA,NA,NA,NA,NA,NA,NA,NA,NA,NA,NA,NA,NA,Cattle
1999,North,Bronze Age,BA.M,BM-R,BA.Middle,NA,Lavagnone,Sector A + E,126,Cattle,B,MC1,Metacarpal,NA,NA,NA,NA,NA,NA,NA,NA,55.2,28,NA,NA,NA,NA,NA,NA,NA,NA,NA,NA,NA,NA,NA,NA,Cattle
2000,North,Bronze Age,BA.M,BM-R,BA.Middle,NA,Lavagnone,Sector A + E,126,Cattle,B,MC1,Metacarpal,NA,NA,NA,NA,NA,NA,NA,NA,47.5,25.8,NA,NA,NA,NA,NA,NA,NA,NA,NA,NA,NA,NA,NA,NA,Cattle
2001,North,Bronze Age,BA.M,BM-R,BA.Middle,NA,Lavagnone,Sector A + E,126,Cattle,B,MC1,Metacarpal,NA,NA,NA,NA,NA,NA,NA,NA,38.9,18.5,NA,NA,NA,NA,NA,NA,NA,NA,NA,NA,NA,NA,NA,NA,Cattle
2042,North,Bronze Age,BA.M,BM-R,BA.Middle,NA,Lavagnone,Sector A + E,126,Cattle,B,MC1,Metacarpal,199,NA,NA,55,33.3,30.5,NA,NA,NA,NA,NA,NA,NA,NA,NA,NA,NA,NA,NA,NA,NA,NA,NA,NA,Cattle
2043,North,Bronze Age,BA.M,BM-R,BA.Middle,NA,Lavagnone,Sector A + E,126,Cattle,B,MC1,Metacarpal,NA,NA,NA,53.8,NA,NA,NA,NA,NA,NA,NA,NA,NA,NA,NA,NA,NA,NA,NA,NA,NA,NA,NA,NA,Cattle
2309,South,Bronze Age,BA.M,BM-R,BA.Middle,Rit,Noceto,*Vasca lignea,39,Cattle,B,MC1,Metacarpal,NA,NA,NA,55.8,NA,NA,NA,NA,NA,NA,NA,NA,NA,NA,NA,NA,NA,NA,NA,NA,NA,NA,NA,NA,Cattle
2310,South,Bronze Age,BA.M,BM-R,BA.Middle,Rit,Noceto,*Vasca lignea,39,Cattle,B,MC1,Metacarpal,NA,NA,NA,49,29.5,NA,NA,NA,NA,NA,NA,NA,NA,NA,NA,NA,NA,NA,NA,NA,NA,NA,NA,NA,Cattle
2311,South,Bronze Age,BA.M,BM-R,BA.Middle,Rit,Noceto,*Vasca lignea,39,Cattle,B,MC1,Metacarpal,NA,NA,NA,48.5,28,NA,NA,NA,NA,NA,NA,NA,NA,NA,NA,NA,NA,NA,NA,NA,NA,NA,NA,NA,Cattle
2312,South,Bronze Age,BA.M,BM-R,BA.Middle,Rit,Noceto,*Vasca lignea,39,Cattle,B,MC1,Metacarpal,NA,NA,NA,NA,NA,NA,NA,NA,53.6,28.1,NA,NA,NA,NA,NA,NA,NA,NA,NA,NA,NA,NA,NA,NA,Cattle
2313,South,Bronze Age,BA.M,BM-R,BA.Middle,Rit,Noceto,*Vasca lignea,39,Cattle,B,MC1,Metacarpal,NA,NA,NA,NA,NA,NA,NA,NA,53.1,23.3,NA,NA,NA,NA,NA,NA,NA,NA,NA,NA,NA,NA,NA,NA,Cattle
2314,South,Bronze Age,BA.M,BM-R,BA.Middle,Rit,Noceto,*Vasca lignea,39,Cattle,B,MC1,Metacarpal,NA,NA,NA,NA,NA,NA,NA,NA,43.2,28.7,NA,NA,NA,NA,NA,NA,NA,NA,NA,NA,NA,NA,NA,NA,Cattle
2315,South,Bronze Age,BA.M,BM-R,BA.Middle,Rit,Noceto,*Vasca lignea,39,Cattle,B,MC1,Metacarpal,NA,NA,NA,NA,NA,NA,NA,NA,42.7,28.1,NA,NA,NA,NA,NA,NA,NA,NA,NA,NA,NA,NA,NA,NA,Cattle
2370,South,Bronze Age,BA.M,BM-R,BA.Middle,NA,Baggiovara,Opera Pia Bianchi,121,Cattle,B,MC1,Metacarpal,191,NA,NA,56.3,33.9,30.7,23.3,NA,62.2,32.7,NA,NA,NA,NA,NA,NA,NA,NA,NA,NA,NA,NA,NA,NA,Cattle
2371,South,Bronze Age,BA.M,BM-R,BA.Middle,NA,Baggiovara,Opera Pia Bianchi,121,Cattle,B,MC1,Metacarpal,166,NA,NA,54.6,NA,21.4,19.7,NA,NA,30.1,NA,NA,NA,NA,NA,NA,NA,NA,NA,NA,NA,NA,NA,NA,Cattle
2442,South,Bronze Age,BA.M,BM-R,BA.Middle,NA,Gaggio,Struttura 1 + capanna alfa,122,Cattle,B,MC1,Metacarpal,NA,NA,NA,NA,NA,NA,NA,NA,62.3,29.1,NA,NA,NA,NA,NA,NA,NA,NA,NA,NA,NA,NA,NA,NA,Cattle
2761,Appennine,Iron Age,IA1,IA1,IA.Mid,NA,Verucchio,Scavo 1963,80,Cattle,B,MC1,Metacarpal,NA,NA,NA,53.3,32.5,NA,NA,NA,NA,NA,NA,NA,NA,NA,NA,NA,NA,NA,NA,NA,NA,NA,NA,NA,Cattle
2764,Appennine,Iron Age,IA1,IA1,IA.Mid,NA,Verucchio,Scavo 1963,80,Cattle,B,MC1,Metacarpal,NA,NA,NA,NA,NA,29.5,19.5,NA,57.8,30.5,NA,NA,NA,NA,NA,NA,NA,NA,NA,NA,NA,NA,NA,NA,Cattle
2765,Appennine,Iron Age,IA1,IA1,IA.Mid,NA,Verucchio,Scavo 1963,80,Cattle,B,MC1,Metacarpal,NA,NA,NA,NA,NA,26.9,19.7,NA,54,29.3,NA,NA,NA,NA,NA,NA,NA,NA,NA,NA,NA,NA,NA,NA,Cattle
2766,Appennine,Iron Age,IA1,IA1,IA.Mid,NA,Verucchio,Scavo 1963,80,Cattle,B,MC1,Metacarpal,NA,NA,NA,NA,NA,NA,NA,NA,53,28.6,NA,NA,NA,NA,NA,NA,NA,NA,NA,NA,NA,NA,NA,NA,Cattle
2767,Appennine,Iron Age,IA1,IA1,IA.Mid,NA,Verucchio,Scavo 1963,80,Cattle,B,MC1,Metacarpal,193,NA,NA,59.5,37.4,32.3,21.2,NA,NA,NA,NA,NA,NA,NA,NA,NA,NA,NA,NA,NA,NA,NA,NA,*,Cattle
2768,Appennine,Iron Age,IA1,IA1,IA.Mid,NA,Verucchio,Scavo 1963,80,Cattle,B,MC1,Metacarpal,NA,NA,NA,58.5,35.6,NA,NA,NA,NA,NA,NA,NA,NA,NA,NA,NA,NA,NA,NA,NA,NA,NA,NA,NA,Cattle
2769,Appennine,Iron Age,IA1,IA1,IA.Mid,NA,Verucchio,Scavo 1963,80,Cattle,B,MC1,Metacarpal,NA,NA,NA,60.6,37.5,NA,NA,NA,NA,NA,NA,NA,NA,NA,NA,NA,NA,NA,NA,NA,NA,NA,NA,NA,Cattle
2770,Appennine,Iron Age,IA1,IA1,IA.Mid,NA,Verucchio,Scavo 1963,80,Cattle,B,MC1,Metacarpal,NA,NA,NA,53.6,32.5,31.1,NA,NA,NA,NA,NA,NA,NA,NA,NA,NA,NA,NA,NA,NA,NA,NA,NA,NA,Cattle
2944,South,Iron Age,IA2,IA2,IA.Late,NA,Mirandola,Barchessone Cappello,83,Cattle,B,MC1,Metacarpal,193.5,NA,NA,51.1,31.8,28.6,NA,NA,53.5,30.3,NA,NA,NA,NA,NA,NA,NA,NA,NA,NA,NA,NA,NA,NA,Cattle
2945,South,Iron Age,IA2,IA2,IA.Late,NA,Mirandola,Barchessone Cappello,83,Cattle,B,MC1,Metacarpal,NA,NA,NA,NA,NA,NA,NA,NA,57.6,NA,NA,NA,NA,NA,NA,NA,NA,NA,NA,NA,NA,NA,NA,NA,Cattle
2976,South,Iron Age,IA2,IA2,IA.Late,ExNISP,Monte Bibele,Just Ambiente/Casa 14,79,Cattle,B,MC1,Metacarpal,NA,NA,NA,63.3,39.1,NA,NA,NA,NA,NA,NA,NA,NA,NA,NA,NA,NA,NA,NA,NA,NA,NA,NA,NA,Cattle
3058,South,Iron Age,IA2,IA2,IA.Late,NA,Marzabotto,Casa 1,119,Cattle,B,MC1,Metacarpal,174,NA,NA,50.4,NA,28.3,NA,NA,52.05,NA,NA,NA,NA,NA,NA,NA,NA,NA,NA,GL difficolt to read,NA,NA,NA,NA,Cattle
3059,South,Iron Age,IA2,IA2,IA.Late,NA,Marzabotto,Casa 1,119,Cattle,B,MC1,Metacarpal,192,NA,NA,NA,NA,NA,NA,NA,NA,NA,NA,NA,NA,NA,NA,NA,NA,NA,NA,NA,NA,NA,NA,NA,Cattle
3065,South,Iron Age,IA2,IA2,IA.Late,NA,Rubiera,Ca del Cristo,72,Cattle,B,MC1,Metacarpal,NA,NA,NA,46.5,29.3,NA,NA,NA,NA,NA,NA,NA,NA,NA,NA,NA,NA,NA,NA,NA,NA,NA,NA,NA,Cattle
3071,Veneto,Iron Age,IA2,IA2,IA.Late,Rit,Oderzo,*Casa preromana Settore S-E,140,Cattle,B,MC1,Metacarpal,193,NA,NA,61.5,NA,31,NA,NA,60.8,NA,NA,NA,NA,NA,NA,NA,NA,NA,NA,Possibly same individal,NA,140.1,*,NA,Cattle
3101,South,Iron Age,IA2,IA2,IA.Late,NA,Spina,Excavations 2007-2009,118,Cattle,B,MC1,Metacarpal,205,NA,NA,58.4,NA,29.5,NA,NA,56.6,NA,NA,NA,NA,NA,NA,NA,NA,NA,NA,NA,NA,NA,NA,*,Cattle
3118,Veneto,Bronze Age,BA.R-F,BRF-IA0,BA.Late,NA,Fondo Paviani,Riedel 1979 - Recent/Final,21,Cattle,B,MC1,Metacarpal,NA,NA,NA,45.3,NA,NA,NA,NA,NA,NA,NA,NA,NA,NA,NA,NA,NA,NA,NA,NA,NA,NA,NA,NA,Cattle
3119,Veneto,Bronze Age,BA.R-F,BRF-IA0,BA.Late,NA,Fondo Paviani,Riedel 1979 - Recent/Final,21,Cattle,B,MC1,Metacarpal,NA,NA,NA,46.9,NA,NA,NA,NA,NA,NA,NA,NA,NA,NA,NA,NA,NA,NA,NA,NA,NA,NA,NA,NA,Cattle
3120,North,Bronze Age,BA.R-F,BRF-IA0,BA.Late,NA,Cavalzara,Riedel 1979,20,Cattle,B,MC1,Metacarpal,NA,NA,NA,49.3,NA,NA,NA,NA,NA,NA,NA,NA,NA,NA,NA,NA,NA,NA,NA,NA,NA,NA,NA,NA,Cattle
3121,North,Bronze Age,BA.R-F,BRF-IA0,BA.Late,NA,Cavalzara,Riedel 1979,20,Cattle,B,MC1,Metacarpal,NA,NA,NA,50.8,NA,NA,NA,NA,NA,NA,NA,NA,NA,NA,NA,NA,NA,NA,NA,NA,NA,NA,NA,NA,Cattle
3205,North,Bronze Age,BA.R,BM-R,BA.Late,NA,Feniletto,NA,15,Cattle,B,MC1,Metacarpal,NA,NA,NA,45.6,NA,NA,NA,NA,NA,NA,NA,NA,NA,NA,NA,NA,NA,NA,NA,NA,NA,NA,NA,NA,Cattle
3206,North,Bronze Age,BA.R,BM-R,BA.Late,NA,Feniletto,NA,15,Cattle,B,MC1,Metacarpal,NA,NA,NA,45.4,NA,NA,NA,NA,NA,NA,NA,NA,NA,NA,NA,NA,NA,NA,NA,NA,NA,NA,NA,NA,Cattle
3227,South,Bronze Age,BA.M,BM-R,BA.Middle,NA,Poggio Rusco,NA,28,Cattle,B,MC1,Metacarpal,165,NA,NA,NA,NA,NA,NA,NA,NA,NA,NA,NA,NA,NA,NA,NA,NA,NA,NA,NA,NA,NA,NA,NA,Cattle
3312,South,Bronze Age,BA.M-R,BM-R,BA.Middle-Late,NA,Pilastri Bondeno,Sondaggi 1989,27,Cattle,B,MC1,Metacarpal,NA,NA,NA,51.1,30.6,NA,NA,NA,NA,NA,NA,NA,NA,NA,NA,NA,NA,NA,NA,NA,NA,NA,NA,NA,Cattle
3354,North,Iron Age,IA2,IA2,IA.Late,NA,Colognola ai Colli,NA,54,Cattle,B,MC1,Metacarpal,NA,NA,NA,54.5,NA,NA,NA,NA,NA,NA,NA,NA,NA,NA,NA,NA,NA,NA,NA,NA,NA,NA,NA,NA,Cattle
3355,North,Iron Age,IA2,IA2,IA.Late,NA,Colognola ai Colli,NA,54,Cattle,B,MC1,Metacarpal,NA,NA,NA,58.5,NA,NA,NA,NA,NA,NA,NA,NA,NA,NA,NA,NA,NA,NA,NA,NA,NA,NA,NA,NA,Cattle
3356,North,Iron Age,IA2,IA2,IA.Late,NA,Colognola ai Colli,NA,54,Cattle,B,MC1,Metacarpal,NA,NA,NA,59.3,NA,NA,NA,NA,NA,NA,NA,NA,NA,NA,NA,NA,NA,NA,NA,NA,NA,NA,NA,NA,Cattle
3357,North,Iron Age,IA2,IA2,IA.Late,NA,Colognola ai Colli,NA,54,Cattle,B,MC1,Metacarpal,NA,NA,NA,59.4,NA,NA,NA,NA,NA,NA,NA,NA,NA,NA,NA,NA,NA,NA,NA,NA,NA,NA,NA,NA,Cattle
3358,North,Iron Age,IA2,IA2,IA.Late,NA,Colognola ai Colli,NA,54,Cattle,B,MC1,Metacarpal,NA,NA,NA,62,NA,NA,NA,NA,NA,NA,NA,NA,NA,NA,NA,NA,NA,NA,NA,NA,NA,NA,NA,NA,Cattle
3476,Appennine,Bronze Age,BA.M-R,BM-R,BA.Middle-Late,ExNISP,San Giuliano di Toscanella,NA,34,Cattle,B,MC1,Metacarpal,166,NA,NA,45.7,27.2,25.9,16.7,NA,48.7,25.8,NA,NA,NA,NA,NA,NA,NA,NA,NA,NA,NA,NA,NA,NA,Cattle
3477,Appennine,Bronze Age,BA.M-R,BM-R,BA.Middle-Late,ExNISP,San Giuliano di Toscanella,NA,34,Cattle,B,MC1,Metacarpal,178,NA,NA,48.5,30,24.7,17.8,NA,50.6,29.3,NA,NA,NA,NA,NA,NA,NA,NA,NA,NA,NA,NA,NA,NA,Cattle
3478,Appennine,Bronze Age,BA.M-R,BM-R,BA.Middle-Late,ExNISP,San Giuliano di Toscanella,NA,34,Cattle,B,MC1,Metacarpal,173.5,NA,NA,49.1,27.7,25.8,18.6,NA,51.6,28.2,NA,NA,NA,NA,NA,NA,NA,NA,NA,NA,NA,NA,NA,NA,Cattle
3479,Appennine,Bronze Age,BA.M-R,BM-R,BA.Middle-Late,ExNISP,San Giuliano di Toscanella,NA,34,Cattle,B,MC1,Metacarpal,176,NA,NA,48.9,28.9,26.7,17.6,NA,49.6,NA,NA,NA,NA,NA,NA,NA,NA,NA,NA,NA,NA,NA,NA,NA,Cattle
3484,Appennine,Bronze Age,BA.M-R,BM-R,BA.Middle-Late,ExNISP,San Giuliano di Toscanella,NA,34,Cattle,B,MC1,Metacarpal,185,NA,NA,53.5,30.2,27.5,19.2,NA,58.4,29.5,NA,NA,NA,NA,NA,NA,NA,NA,NA,NA,NA,NA,NA,NA,Cattle
3486,Appennine,Bronze Age,BA.M-R,BM-R,BA.Middle-Late,ExNISP,San Giuliano di Toscanella,NA,34,Cattle,B,MC1,Metacarpal,187,NA,NA,56.3,33.2,31.5,21.1,NA,58.2,31.9,NA,NA,NA,NA,NA,NA,NA,NA,NA,NA,NA,NA,NA,NA,Cattle
3532,Friuli,Iron Age,IA0,BRF-IA0,IA.Early,NA,Pozzuolo,Braida Roggia - Iron Age,142,Cattle,B,MC1,Metacarpal,NA,NA,NA,48.9,NA,25.3,NA,NA,NA,NA,NA,NA,NA,NA,NA,NA,NA,NA,NA,NA,NA,NA,NA,NA,Cattle
3559,Friuli,Iron Age,IA0-IA1,BRF-IA0,IA.Early,NA,Pozzuolo,Excavations 1980-83 Final Bronze-Iron Age,55,Cattle,B,MC1,Metacarpal,153.4,NA,NA,47.8,NA,NA,NA,NA,NA,NA,NA,NA,NA,NA,NA,NA,NA,NA,NA,NA,NA,NA,NA,*,Cattle
3560,Friuli,Iron Age,IA0-IA1,BRF-IA0,IA.Early,NA,Pozzuolo,Excavations 1980-83 Final Bronze-Iron Age,55,Cattle,B,MC1,Metacarpal,161,NA,NA,44,28,23.8,15,NA,47.6,24.4,NA,NA,NA,NA,NA,NA,NA,NA,NA,NA,NA,NA,NA,NA,Cattle
3561,Friuli,Iron Age,IA0-IA1,BRF-IA0,IA.Early,NA,Pozzuolo,Excavations 1980-83 Final Bronze-Iron Age,55,Cattle,B,MC1,Metacarpal,167.9,NA,NA,40.8,26.2,25.2,17,NA,49.2,27.6,NA,NA,NA,NA,NA,NA,NA,NA,NA,NA,NA,NA,NA,*,Cattle
3562,Friuli,Iron Age,IA0-IA1,BRF-IA0,IA.Early,NA,Pozzuolo,Excavations 1980-83 Final Bronze-Iron Age,55,Cattle,B,MC1,Metacarpal,168,NA,NA,45.9,28.8,23.8,17.5,NA,46,26,NA,NA,NA,NA,NA,NA,NA,NA,NA,NA,NA,NA,NA,NA,Cattle
3563,Friuli,Iron Age,IA0-IA1,BRF-IA0,IA.Early,NA,Pozzuolo,Excavations 1980-83 Final Bronze-Iron Age,55,Cattle,B,MC1,Metacarpal,172.1,NA,NA,49.5,30.5,25,NA,NA,51.3,28,NA,NA,NA,NA,NA,NA,NA,NA,NA,NA,NA,NA,NA,NA,Cattle
3564,Friuli,Iron Age,IA0-IA1,BRF-IA0,IA.Early,NA,Pozzuolo,Excavations 1980-83 Final Bronze-Iron Age,55,Cattle,B,MC1,Metacarpal,181.4,NA,NA,53.4,33.4,28,19,NA,55,29.5,NA,NA,NA,NA,NA,NA,NA,NA,NA,NA,NA,NA,NA,NA,Cattle
3565,Friuli,Iron Age,IA0-IA1,BRF-IA0,IA.Early,NA,Pozzuolo,Excavations 1980-83 Final Bronze-Iron Age,55,Cattle,B,MC1,Metacarpal,181.5,NA,NA,43.8,27.2,25,18,NA,47.6,27,NA,NA,NA,NA,NA,NA,NA,NA,NA,NA,NA,NA,NA,NA,Cattle
3566,Friuli,Iron Age,IA0-IA1,BRF-IA0,IA.Early,NA,Pozzuolo,Excavations 1980-83 Final Bronze-Iron Age,55,Cattle,B,MC1,Metacarpal,187.5,NA,NA,52.7,32.5,27,19.7,NA,NA,NA,NA,NA,NA,NA,NA,NA,NA,NA,NA,NA,NA,NA,NA,NA,Cattle
3567,Friuli,Iron Age,IA0-IA1,BRF-IA0,IA.Early,NA,Pozzuolo,Excavations 1980-83 Final Bronze-Iron Age,55,Cattle,B,MC1,Metacarpal,188.5,NA,NA,52,32.6,NA,20,NA,59,28.3,NA,NA,NA,NA,NA,NA,NA,NA,NA,NA,NA,NA,NA,NA,Cattle
3568,Friuli,Iron Age,IA0-IA1,BRF-IA0,IA.Early,NA,Pozzuolo,Excavations 1980-83 Final Bronze-Iron Age,55,Cattle,B,MC1,Metacarpal,195.8,NA,NA,54.1,33.7,28,19.5,NA,56.4,27,NA,NA,NA,NA,NA,NA,NA,NA,NA,NA,NA,NA,NA,*,Cattle
3569,Friuli,Iron Age,IA0-IA1,BRF-IA0,IA.Early,NA,Pozzuolo,Excavations 1980-83 Final Bronze-Iron Age,55,Cattle,B,MC1,Metacarpal,182.7,NA,NA,50,32.6,29.1,20,NA,NA,NA,NA,NA,NA,NA,NA,NA,NA,NA,NA,NA,NA,NA,NA,*,Cattle
3570,Friuli,Iron Age,IA0-IA1,BRF-IA0,IA.Early,NA,Pozzuolo,Excavations 1980-83 Final Bronze-Iron Age,55,Cattle,B,MC1,Metacarpal,168.7,NA,NA,53.8,35,28.6,18,NA,58.5,30.6,NA,NA,NA,NA,NA,NA,NA,NA,NA,NA,NA,NA,NA,NA,Cattle
3571,Friuli,Iron Age,IA0-IA1,BRF-IA0,IA.Early,NA,Pozzuolo,Excavations 1980-83 Final Bronze-Iron Age,55,Cattle,B,MC1,Metacarpal,177.5,NA,NA,59,35.6,33.2,19,NA,59.1,32.5,NA,NA,NA,NA,NA,NA,NA,NA,NA,NA,NA,NA,NA,NA,Cattle
3572,Friuli,Iron Age,IA0-IA1,BRF-IA0,IA.Early,NA,Pozzuolo,Excavations 1980-83 Final Bronze-Iron Age,55,Cattle,B,MC1,Metacarpal,178.5,NA,NA,52.2,33,27.4,NA,NA,NA,NA,NA,NA,NA,NA,NA,NA,NA,NA,NA,NA,NA,NA,NA,*,Cattle
3573,Friuli,Iron Age,IA0-IA1,BRF-IA0,IA.Early,NA,Pozzuolo,Excavations 1980-83 Final Bronze-Iron Age,55,Cattle,B,MC1,Metacarpal,179.8,NA,NA,NA,NA,30.3,NA,NA,59,30,NA,NA,NA,NA,NA,NA,NA,NA,NA,NA,NA,NA,NA,NA,Cattle
3574,Friuli,Iron Age,IA0-IA1,BRF-IA0,IA.Early,NA,Pozzuolo,Excavations 1980-83 Final Bronze-Iron Age,55,Cattle,B,MC1,Metacarpal,180.3,NA,NA,55.4,35.1,30.1,20.6,NA,58.1,30.4,NA,NA,NA,NA,NA,NA,NA,NA,NA,NA,NA,NA,NA,NA,Cattle
3575,Friuli,Iron Age,IA0-IA1,BRF-IA0,IA.Early,NA,Pozzuolo,Excavations 1980-83 Final Bronze-Iron Age,55,Cattle,B,MC1,Metacarpal,180.7,NA,NA,58.4,35.4,31,NA,NA,NA,29.7,NA,NA,NA,NA,NA,NA,NA,NA,NA,NA,NA,NA,NA,NA,Cattle
3576,Friuli,Iron Age,IA0-IA1,BRF-IA0,IA.Early,NA,Pozzuolo,Excavations 1980-83 Final Bronze-Iron Age,55,Cattle,B,MC1,Metacarpal,181.7,NA,NA,53.7,32.7,29.6,19,NA,56.5,30,NA,NA,NA,NA,NA,NA,NA,NA,NA,NA,NA,NA,NA,NA,Cattle
3577,Friuli,Iron Age,IA0-IA1,BRF-IA0,IA.Early,NA,Pozzuolo,Excavations 1980-83 Final Bronze-Iron Age,55,Cattle,B,MC1,Metacarpal,183,NA,NA,53,31.8,30,NA,NA,NA,21,NA,NA,NA,NA,NA,NA,NA,NA,NA,NA,NA,NA,NA,*,Cattle
3578,Friuli,Iron Age,IA0-IA1,BRF-IA0,IA.Early,NA,Pozzuolo,Excavations 1980-83 Final Bronze-Iron Age,55,Cattle,B,MC1,Metacarpal,183.2,NA,NA,55.7,36.8,27.1,19.5,NA,57.2,31.2,NA,NA,NA,NA,NA,NA,NA,NA,NA,NA,NA,NA,NA,NA,Cattle
3579,Friuli,Iron Age,IA0-IA1,BRF-IA0,IA.Early,NA,Pozzuolo,Excavations 1980-83 Final Bronze-Iron Age,55,Cattle,B,MC1,Metacarpal,185,NA,NA,53.8,32.8,28.7,20.3,NA,NA,NA,NA,NA,NA,NA,NA,NA,NA,NA,NA,NA,NA,NA,NA,NA,Cattle
3580,Friuli,Iron Age,IA0-IA1,BRF-IA0,IA.Early,NA,Pozzuolo,Excavations 1980-83 Final Bronze-Iron Age,55,Cattle,B,MC1,Metacarpal,185.8,NA,NA,60,37.3,32.2,23.2,NA,63,32.5,NA,NA,NA,NA,NA,NA,NA,NA,NA,NA,NA,NA,NA,NA,Cattle
3581,Friuli,Iron Age,IA0-IA1,BRF-IA0,IA.Early,NA,Pozzuolo,Excavations 1980-83 Final Bronze-Iron Age,55,Cattle,B,MC1,Metacarpal,186.2,NA,NA,55.6,34.7,29.7,20.5,NA,58.5,31.1,NA,NA,NA,NA,NA,NA,NA,NA,NA,NA,NA,NA,NA,NA,Cattle
3582,Friuli,Iron Age,IA0-IA1,BRF-IA0,IA.Early,NA,Pozzuolo,Excavations 1980-83 Final Bronze-Iron Age,55,Cattle,B,MC1,Metacarpal,187.5,NA,NA,60.8,38.2,31.7,18.7,NA,61.3,33,NA,NA,NA,NA,NA,NA,NA,NA,NA,NA,NA,NA,NA,NA,Cattle
3583,Friuli,Iron Age,IA0-IA1,BRF-IA0,IA.Early,NA,Pozzuolo,Excavations 1980-83 Final Bronze-Iron Age,55,Cattle,B,MC1,Metacarpal,188,NA,NA,NA,33,30,20.4,NA,56,31,NA,NA,NA,NA,NA,NA,NA,NA,NA,NA,NA,NA,NA,NA,Cattle
3584,Friuli,Iron Age,IA0-IA1,BRF-IA0,IA.Early,NA,Pozzuolo,Excavations 1980-83 Final Bronze-Iron Age,55,Cattle,B,MC1,Metacarpal,189.2,NA,NA,56.8,33.8,27.1,19.2,NA,57.4,29.9,NA,NA,NA,NA,NA,NA,NA,NA,NA,NA,NA,NA,NA,NA,Cattle
3585,Friuli,Iron Age,IA0-IA1,BRF-IA0,IA.Early,NA,Pozzuolo,Excavations 1980-83 Final Bronze-Iron Age,55,Cattle,B,MC1,Metacarpal,190,NA,NA,58,36,29.6,19,NA,NA,NA,NA,NA,NA,NA,NA,NA,NA,NA,NA,NA,NA,NA,NA,NA,Cattle
3586,Friuli,Iron Age,IA0-IA1,BRF-IA0,IA.Early,NA,Pozzuolo,Excavations 1980-83 Final Bronze-Iron Age,55,Cattle,B,MC1,Metacarpal,191,NA,NA,57.7,34,29.9,20.4,NA,60,30.4,NA,NA,NA,NA,NA,NA,NA,NA,NA,NA,NA,NA,NA,NA,Cattle
3587,Friuli,Iron Age,IA0-IA1,BRF-IA0,IA.Early,NA,Pozzuolo,Excavations 1980-83 Final Bronze-Iron Age,55,Cattle,B,MC1,Metacarpal,191.5,NA,NA,58.9,36.5,32,20.4,NA,60.4,31,NA,NA,NA,NA,NA,NA,NA,NA,NA,NA,NA,NA,NA,NA,Cattle
3588,Friuli,Iron Age,IA0-IA1,BRF-IA0,IA.Early,NA,Pozzuolo,Excavations 1980-83 Final Bronze-Iron Age,55,Cattle,B,MC1,Metacarpal,NA,NA,NA,46.1,27.2,NA,NA,NA,NA,NA,NA,NA,NA,NA,NA,NA,NA,NA,NA,NA,NA,NA,NA,NA,Cattle
3589,Friuli,Iron Age,IA0-IA1,BRF-IA0,IA.Early,NA,Pozzuolo,Excavations 1980-83 Final Bronze-Iron Age,55,Cattle,B,MC1,Metacarpal,NA,NA,NA,47.3,29,NA,NA,NA,NA,NA,NA,NA,NA,NA,NA,NA,NA,NA,NA,NA,NA,NA,NA,NA,Cattle
3590,Friuli,Iron Age,IA0-IA1,BRF-IA0,IA.Early,NA,Pozzuolo,Excavations 1980-83 Final Bronze-Iron Age,55,Cattle,B,MC1,Metacarpal,NA,NA,NA,48.5,NA,NA,NA,NA,NA,NA,NA,NA,NA,NA,NA,NA,NA,NA,NA,NA,NA,NA,NA,NA,Cattle
3591,Friuli,Iron Age,IA0-IA1,BRF-IA0,IA.Early,NA,Pozzuolo,Excavations 1980-83 Final Bronze-Iron Age,55,Cattle,B,MC1,Metacarpal,NA,NA,NA,49,30,27.6,NA,NA,NA,NA,NA,NA,NA,NA,NA,NA,NA,NA,NA,NA,NA,NA,NA,NA,Cattle
3592,Friuli,Iron Age,IA0-IA1,BRF-IA0,IA.Early,NA,Pozzuolo,Excavations 1980-83 Final Bronze-Iron Age,55,Cattle,B,MC1,Metacarpal,NA,NA,NA,50,31,NA,NA,NA,NA,NA,NA,NA,NA,NA,NA,NA,NA,NA,NA,NA,NA,NA,NA,NA,Cattle
3593,Friuli,Iron Age,IA0-IA1,BRF-IA0,IA.Early,NA,Pozzuolo,Excavations 1980-83 Final Bronze-Iron Age,55,Cattle,B,MC1,Metacarpal,NA,NA,NA,53.4,32.5,NA,NA,NA,NA,NA,NA,NA,NA,NA,NA,NA,NA,NA,NA,NA,NA,NA,NA,NA,Cattle
3594,Friuli,Iron Age,IA0-IA1,BRF-IA0,IA.Early,NA,Pozzuolo,Excavations 1980-83 Final Bronze-Iron Age,55,Cattle,B,MC1,Metacarpal,NA,NA,NA,54.5,34.7,NA,NA,NA,NA,NA,NA,NA,NA,NA,NA,NA,NA,NA,NA,NA,NA,NA,NA,NA,Cattle
3595,Friuli,Iron Age,IA0-IA1,BRF-IA0,IA.Early,NA,Pozzuolo,Excavations 1980-83 Final Bronze-Iron Age,55,Cattle,B,MC1,Metacarpal,NA,NA,NA,54.7,31.6,NA,NA,NA,NA,NA,NA,NA,NA,NA,NA,NA,NA,NA,NA,NA,NA,NA,NA,NA,Cattle
3596,Friuli,Iron Age,IA0-IA1,BRF-IA0,IA.Early,NA,Pozzuolo,Excavations 1980-83 Final Bronze-Iron Age,55,Cattle,B,MC1,Metacarpal,NA,NA,NA,57.5,35.5,NA,NA,NA,NA,NA,NA,NA,NA,NA,NA,NA,NA,NA,NA,NA,NA,NA,NA,NA,Cattle
3597,Friuli,Iron Age,IA0-IA1,BRF-IA0,IA.Early,NA,Pozzuolo,Excavations 1980-83 Final Bronze-Iron Age,55,Cattle,B,MC1,Metacarpal,NA,NA,NA,58.4,38,NA,NA,NA,NA,NA,NA,NA,NA,NA,NA,NA,NA,NA,NA,NA,NA,NA,NA,NA,Cattle
3598,Friuli,Iron Age,IA0-IA1,BRF-IA0,IA.Early,NA,Pozzuolo,Excavations 1980-83 Final Bronze-Iron Age,55,Cattle,B,MC1,Metacarpal,NA,NA,NA,61.6,38,NA,NA,NA,NA,NA,NA,NA,NA,NA,NA,NA,NA,NA,NA,NA,NA,NA,NA,NA,Cattle
3599,Friuli,Iron Age,IA0-IA1,BRF-IA0,IA.Early,NA,Pozzuolo,Excavations 1980-83 Final Bronze-Iron Age,55,Cattle,B,MC1,Metacarpal,NA,NA,NA,NA,NA,NA,16.7,NA,48,27.4,NA,NA,NA,NA,NA,NA,NA,NA,NA,NA,NA,NA,NA,NA,Cattle
3600,Friuli,Iron Age,IA0-IA1,BRF-IA0,IA.Early,NA,Pozzuolo,Excavations 1980-83 Final Bronze-Iron Age,55,Cattle,B,MC1,Metacarpal,NA,NA,NA,NA,NA,NA,NA,NA,48.5,28.2,NA,NA,NA,NA,NA,NA,NA,NA,NA,NA,NA,NA,NA,NA,Cattle
3601,Friuli,Iron Age,IA0-IA1,BRF-IA0,IA.Early,NA,Pozzuolo,Excavations 1980-83 Final Bronze-Iron Age,55,Cattle,B,MC1,Metacarpal,NA,NA,NA,NA,NA,NA,18.9,NA,52,28.7,NA,NA,NA,NA,NA,NA,NA,NA,NA,NA,NA,NA,NA,NA,Cattle
3602,Friuli,Iron Age,IA0-IA1,BRF-IA0,IA.Early,NA,Pozzuolo,Excavations 1980-83 Final Bronze-Iron Age,55,Cattle,B,MC1,Metacarpal,NA,NA,NA,NA,NA,NA,NA,NA,58.5,32,NA,NA,NA,NA,NA,NA,NA,NA,NA,NA,NA,NA,NA,NA,Cattle
3768,North,Bronze Age,BA.M-R,BM-R,BA.Middle-Late,NA,Castellaro Lagusello,NA,44,Cattle,B,MC1,Metacarpal,NA,NA,NA,55.6,NA,NA,NA,NA,NA,NA,NA,NA,NA,NA,NA,NA,NA,NA,NA,NA,NA,NA,NA,NA,Cattle
3769,North,Bronze Age,BA.M-R,BM-R,BA.Middle-Late,NA,Castellaro Lagusello,NA,44,Cattle,B,MC1,Metacarpal,NA,NA,NA,NA,NA,NA,NA,NA,50.6,NA,NA,NA,NA,NA,NA,NA,NA,NA,NA,NA,NA,NA,NA,NA,Cattle
3770,North,Bronze Age,BA.M-R,BM-R,BA.Middle-Late,NA,Castellaro Lagusello,NA,44,Cattle,B,MC1,Metacarpal,NA,NA,NA,NA,NA,NA,NA,NA,46.7,NA,NA,NA,NA,NA,NA,NA,NA,NA,NA,NA,NA,NA,NA,NA,Cattle
3851,North,Bronze Age,BA.M-R,BM-R,BA.Middle-Late,NA,Peschiera,NA,14,Cattle,B,MC1,Metacarpal,183.5,NA,NA,55.5,NA,30,NA,NA,60.2,NA,NA,NA,NA,NA,NA,NA,NA,NA,NA,NA,NA,NA,NA,NA,Cattle
3852,North,Bronze Age,BA.M-R,BM-R,BA.Middle-Late,NA,Peschiera,NA,14,Cattle,B,MC1,Metacarpal,NA,NA,NA,49,NA,NA,NA,NA,NA,NA,NA,NA,NA,NA,NA,NA,NA,NA,NA,NA,NA,NA,NA,NA,Cattle
3853,North,Bronze Age,BA.M-R,BM-R,BA.Middle-Late,NA,Peschiera,NA,14,Cattle,B,MC1,Metacarpal,NA,NA,NA,51.8,NA,NA,NA,NA,NA,NA,NA,NA,NA,NA,NA,NA,NA,NA,NA,NA,NA,NA,NA,NA,Cattle
3972,South,Bronze Age,BA.M,BM-R,BA.Middle,NA,Poviglio,Villaggio piccolo - MBA,26,Cattle,B,MC1,Metacarpal,177,NA,NA,53,33.3,29.8,18,NA,54,28.9,NA,NA,NA,NA,NA,NA,NA,NA,NA,NA,NA,NA,NA,NA,Cattle
3973,South,Bronze Age,BA.M,BM-R,BA.Middle,NA,Poviglio,Villaggio piccolo - MBA,26,Cattle,B,MC1,Metacarpal,179,NA,NA,55.9,34.5,31,19.8,NA,61,31,NA,NA,NA,NA,NA,NA,NA,NA,NA,NA,NA,NA,NA,NA,Cattle
3974,South,Bronze Age,BA.M,BM-R,BA.Middle,NA,Poviglio,Villaggio piccolo - MBA,26,Cattle,B,MC1,Metacarpal,172.4,NA,NA,NA,NA,31.3,20,NA,60.2,30.7,NA,NA,NA,NA,NA,NA,NA,NA,NA,NA,NA,NA,NA,NA,Cattle
4221,Veneto,Bronze Age,BA.M,BM-R,BA.Middle,NA,Vallette,NA,145,Cattle,B,MC1,Metacarpal,NA,NA,NA,NA,NA,21.2,16,NA,NA,NA,NA,NA,NA,NA,NA,NA,NA,NA,NA,NA,NA,NA,NA,1,Cattle
4222,Veneto,Bronze Age,BA.M,BM-R,BA.Middle,NA,Vallette,NA,145,Cattle,B,MC1,Metacarpal,NA,NA,NA,NA,NA,22,17.3,NA,NA,NA,NA,NA,NA,NA,NA,NA,NA,NA,NA,NA,NA,NA,NA,1,Cattle
4223,Veneto,Bronze Age,BA.M,BM-R,BA.Middle,NA,Vallette,NA,145,Cattle,B,MC1,Metacarpal,NA,NA,NA,NA,NA,27.8,17.3,NA,NA,NA,NA,NA,NA,NA,NA,NA,NA,NA,NA,NA,NA,NA,NA,1,Cattle
4224,Veneto,Bronze Age,BA.M,BM-R,BA.Middle,NA,Vallette,NA,145,Cattle,B,MC1,Metacarpal,NA,NA,NA,NA,NA,20,NA,NA,NA,NA,NA,NA,NA,NA,NA,NA,NA,NA,NA,NA,NA,NA,NA,1,Cattle
4225,Veneto,Bronze Age,BA.M,BM-R,BA.Middle,NA,Vallette,NA,145,Cattle,B,MC1,Metacarpal,NA,NA,NA,NA,NA,28,NA,NA,56,NA,NA,NA,NA,NA,NA,NA,NA,NA,NA,NA,NA,NA,NA,1,Cattle
4360,Veneto,Bronze Age,BA.M,BM-R,BA.Middle,NA,Tombola,NA,146,Cattle,B,MC1,Metacarpal,NA,NA,NA,46,NA,25,NA,NA,NA,16,NA,NA,NA,NA,NA,NA,NA,NA,NA,NA,NA,NA,NA,1,Cattle
4361,Veneto,Bronze Age,BA.M,BM-R,BA.Middle,NA,Tombola,NA,146,Cattle,B,MC1,Metacarpal,NA,NA,NA,51,NA,30,NA,NA,NA,20,NA,NA,NA,NA,NA,NA,NA,NA,NA,NA,NA,NA,NA,1,Cattle
4362,Veneto,Bronze Age,BA.M,BM-R,BA.Middle,NA,Tombola,NA,146,Cattle,B,MC1,Metacarpal,NA,NA,NA,NA,NA,19,NA,NA,NA,NA,NA,NA,NA,NA,NA,NA,NA,NA,NA,NA,NA,NA,NA,1,Cattle
4363,Veneto,Bronze Age,BA.M,BM-R,BA.Middle,NA,Tombola,NA,146,Cattle,B,MC1,Metacarpal,NA,NA,NA,43,NA,NA,NA,NA,NA,NA,NA,NA,NA,NA,NA,NA,NA,NA,NA,NA,NA,NA,NA,1,Cattle
4364,Veneto,Bronze Age,BA.M,BM-R,BA.Middle,NA,Tombola,NA,146,Cattle,B,MC1,Metacarpal,NA,NA,NA,42,NA,23,NA,NA,47,15,NA,NA,NA,NA,NA,NA,NA,NA,NA,NA,NA,NA,NA,1,Cattle
4365,Veneto,Bronze Age,BA.M,BM-R,BA.Middle,NA,Tombola,NA,146,Cattle,B,MC1,Metacarpal,NA,NA,NA,52,NA,25,NA,NA,NA,16,NA,NA,NA,NA,NA,NA,NA,NA,NA,NA,NA,NA,NA,1,Cattle
4366,Veneto,Bronze Age,BA.M,BM-R,BA.Middle,NA,Tombola,NA,146,Cattle,B,MC1,Metacarpal,NA,NA,NA,NA,NA,26,NA,NA,NA,NA,NA,NA,NA,NA,NA,NA,NA,NA,NA,NA,NA,NA,NA,1,Cattle
4367,Veneto,Bronze Age,BA.M,BM-R,BA.Middle,NA,Tombola,NA,146,Cattle,B,MC1,Metacarpal,NA,NA,NA,NA,NA,23,NA,NA,NA,17,NA,NA,NA,NA,NA,NA,NA,NA,NA,NA,NA,NA,NA,1,Cattle
4368,Veneto,Bronze Age,BA.M,BM-R,BA.Middle,NA,Tombola,NA,146,Cattle,B,MC1,Metacarpal,NA,NA,NA,43,NA,NA,NA,NA,NA,NA,NA,NA,NA,NA,NA,NA,NA,NA,NA,NA,NA,NA,NA,1,Cattle
4369,Veneto,Bronze Age,BA.M,BM-R,BA.Middle,NA,Tombola,NA,146,Cattle,B,MC1,Metacarpal,NA,NA,NA,39,NA,22,NA,NA,NA,NA,NA,NA,NA,NA,NA,NA,NA,NA,NA,NA,NA,NA,NA,1,Cattle
4370,Veneto,Bronze Age,BA.M,BM-R,BA.Middle,NA,Tombola,NA,146,Cattle,B,MC1,Metacarpal,NA,NA,NA,NA,NA,NA,NA,NA,48,17,NA,NA,NA,NA,NA,NA,NA,NA,NA,NA,NA,NA,NA,1,Cattle
4371,Veneto,Bronze Age,BA.M,BM-R,BA.Middle,NA,Tombola,NA,146,Cattle,B,MC1,Metacarpal,NA,NA,NA,47,NA,25,NA,NA,47,16,NA,NA,NA,NA,NA,NA,NA,NA,NA,NA,NA,NA,NA,1,Cattle
4526,North,Bronze Age,BA.R,BM-R,BA.Late,NA,Bovolone,Bertoloni et al. 2015,125,Cattle,B,MC1,Metacarpal,NA,NA,NA,46.8,NA,NA,NA,NA,NA,NA,NA,NA,NA,NA,NA,NA,NA,NA,NA,NA,NA,NA,NA,1,Cattle
4527,North,Bronze Age,BA.R,BM-R,BA.Late,NA,Bovolone,Bertoloni et al. 2015,125,Cattle,B,MC1,Metacarpal,194,NA,NA,NA,NA,26,NA,NA,53,NA,NA,NA,NA,NA,NA,NA,NA,NA,NA,NA,NA,NA,NA,1,Cattle
4528,North,Bronze Age,BA.R,BM-R,BA.Late,NA,Bovolone,Bertoloni et al. 2015,125,Cattle,B,MC1,Metacarpal,NA,NA,NA,NA,NA,NA,NA,NA,58,NA,NA,NA,NA,NA,NA,NA,NA,NA,NA,NA,NA,NA,NA,1,Cattle
4529,North,Bronze Age,BA.R,BM-R,BA.Late,NA,Bovolone,Bertoloni et al. 2015,125,Cattle,B,MC1,Metacarpal,161,NA,NA,49.1,NA,24.6,NA,NA,51.1,NA,NA,NA,NA,NA,NA,NA,NA,NA,NA,NA,NA,NA,NA,1,Cattle
4530,North,Bronze Age,BA.R,BM-R,BA.Late,NA,Bovolone,Bertoloni et al. 2015,125,Cattle,B,MC1,Metacarpal,NA,NA,NA,NA,NA,18.5,NA,NA,NA,NA,NA,NA,NA,NA,NA,NA,NA,NA,NA,NA,NA,NA,NA,1,Cattle
4531,North,Bronze Age,BA.R,BM-R,BA.Late,NA,Bovolone,Bertoloni et al. 2015,125,Cattle,B,MC1,Metacarpal,NA,NA,NA,46,NA,NA,NA,NA,NA,NA,NA,NA,NA,NA,NA,NA,NA,NA,NA,NA,NA,NA,NA,1,Cattle
4532,North,Bronze Age,BA.R,BM-R,BA.Late,NA,Bovolone,Bertoloni et al. 2015,125,Cattle,B,MC1,Metacarpal,NA,NA,NA,57.3,NA,NA,NA,NA,NA,NA,NA,NA,NA,NA,NA,NA,NA,NA,NA,NA,NA,NA,NA,1,Cattle
4533,North,Bronze Age,BA.R,BM-R,BA.Late,NA,Bovolone,Bertoloni et al. 2015,125,Cattle,B,MC1,Metacarpal,NA,NA,NA,45,NA,NA,NA,NA,NA,NA,NA,NA,NA,NA,NA,NA,NA,NA,NA,NA,NA,NA,NA,1,Cattle
4534,North,Bronze Age,BA.R,BM-R,BA.Late,NA,Bovolone,Bertoloni et al. 2015,125,Cattle,B,MC1,Metacarpal,185,NA,NA,56.3,NA,30,NA,NA,61,NA,NA,NA,NA,NA,NA,NA,NA,NA,NA,NA,NA,NA,NA,1,Cattle
4535,North,Bronze Age,BA.R,BM-R,BA.Late,NA,Bovolone,Bertoloni et al. 2015,125,Cattle,B,MC1,Metacarpal,163,NA,NA,46,NA,23,NA,NA,48.2,NA,NA,NA,NA,NA,NA,NA,NA,NA,NA,NA,NA,NA,NA,1,Cattle
4536,North,Bronze Age,BA.R,BM-R,BA.Late,NA,Bovolone,Bertoloni et al. 2015,125,Cattle,B,MC1,Metacarpal,NA,NA,NA,58.5,NA,32,NA,NA,NA,NA,NA,NA,NA,NA,NA,NA,NA,NA,NA,NA,NA,NA,NA,1,Cattle
4537,North,Bronze Age,BA.R,BM-R,BA.Late,NA,Bovolone,Bertoloni et al. 2015,125,Cattle,B,MC1,Metacarpal,180,NA,NA,55.7,NA,33.4,NA,NA,NA,NA,NA,NA,NA,NA,NA,NA,NA,NA,NA,NA,NA,NA,NA,1,Cattle
4538,North,Bronze Age,BA.R,BM-R,BA.Late,NA,Bovolone,Bertoloni et al. 2015,125,Cattle,B,MC1,Metacarpal,NA,NA,NA,54,NA,NA,NA,NA,NA,NA,NA,NA,NA,NA,NA,NA,NA,NA,NA,NA,NA,NA,NA,1,Cattle
4539,North,Bronze Age,BA.R,BM-R,BA.Late,NA,Bovolone,Bertoloni et al. 2015,125,Cattle,B,MC1,Metacarpal,NA,NA,NA,54.1,NA,NA,NA,NA,NA,NA,NA,NA,NA,NA,NA,NA,NA,NA,NA,NA,NA,NA,NA,1,Cattle
4540,North,Bronze Age,BA.R,BM-R,BA.Late,NA,Bovolone,Bertoloni et al. 2015,125,Cattle,B,MC1,Metacarpal,NA,NA,NA,55,NA,NA,NA,NA,NA,NA,NA,NA,NA,NA,NA,NA,NA,NA,NA,NA,NA,NA,NA,1,Cattle
4541,North,Bronze Age,BA.R,BM-R,BA.Late,NA,Bovolone,Bertoloni et al. 2015,125,Cattle,B,MC1,Metacarpal,NA,NA,NA,46.3,NA,NA,NA,NA,NA,NA,NA,NA,NA,NA,NA,NA,NA,NA,NA,NA,NA,NA,NA,1,Cattle
4542,North,Bronze Age,BA.R,BM-R,BA.Late,NA,Bovolone,Bertoloni et al. 2015,125,Cattle,B,MC1,Metacarpal,NA,NA,NA,53.5,NA,25,NA,NA,NA,NA,NA,NA,NA,NA,NA,NA,NA,NA,NA,NA,NA,NA,NA,1,Cattle
4543,North,Bronze Age,BA.R,BM-R,BA.Late,NA,Bovolone,Bertoloni et al. 2015,125,Cattle,B,MC1,Metacarpal,NA,NA,NA,47,NA,NA,NA,NA,NA,NA,NA,NA,NA,NA,NA,NA,NA,NA,NA,NA,NA,NA,NA,1,Cattle
4544,North,Bronze Age,BA.R,BM-R,BA.Late,NA,Bovolone,Bertoloni et al. 2015,125,Cattle,B,MC1,Metacarpal,NA,NA,NA,40.5,NA,NA,NA,NA,NA,NA,NA,NA,NA,NA,NA,NA,NA,NA,NA,NA,NA,NA,NA,1,Cattle
4545,North,Bronze Age,BA.R,BM-R,BA.Late,NA,Bovolone,Bertoloni et al. 2015,125,Cattle,B,MC1,Metacarpal,166,NA,NA,NA,NA,25,NA,NA,50,NA,NA,NA,NA,NA,NA,NA,NA,NA,NA,NA,NA,NA,NA,1,Cattle
4546,North,Bronze Age,BA.R,BM-R,BA.Late,NA,Bovolone,Bertoloni et al. 2015,125,Cattle,B,MC1,Metacarpal,188,NA,NA,47,NA,26.6,NA,NA,54.7,NA,NA,NA,NA,NA,NA,NA,NA,NA,NA,NA,NA,NA,NA,1,Cattle
4647,South,Iron Age,IA2,IA2,IA.Late,ExNISP,Forcello,Trentacoste PhD,84,Cattle,B,MC1,Metacarpal,NA,NA,NA,NA,NA,NA,NA,NA,59.5,NA,NA,NA,NA,NA,53.8,NA,NA,NA,NA,NA,NA,NA,NA,NA,Cattle
4659,South,Iron Age,IA2,IA2,IA.Late,ExNISP,Forcello,Trentacoste PhD,84,Cattle,B,MC1,Metacarpal,188,NA,NA,NA,NA,27.8,NA,NA,55.5,NA,NA,NA,NA,NA,48.5,NA,NA,NA,NA,NA,NA,NA,NA,NA,Cattle
4660,South,Iron Age,IA2,IA2,IA.Late,ExNISP,Forcello,Trentacoste PhD,84,Cattle,B,MC1,Metacarpal,188,NA,NA,NA,NA,27.5,NA,NA,55.2,NA,NA,NA,NA,NA,NA,NA,NA,NA,NA,NA,NA,NA,NA,NA,Cattle
4744,South,Iron Age,IA2,IA2,IA.Late,ExNISP,Forcello,Trentacoste PhD,84,Cattle,B,MC1,Metacarpal,187,NA,NA,NA,NA,35.2,NA,NA,66.5,NA,NA,NA,NA,NA,58.9,NA,NA,NA,NA,NA,NA,NA,NA,NA,Cattle
4862,South,Iron Age,IA2,IA2,IA.Late,ExNISP,Forcello,Trentacoste PhD,84,Cattle,B,MC1,Metacarpal,NA,NA,NA,NA,NA,NA,NA,NA,55.6,NA,NA,NA,NA,NA,50.2,NA,NA,NA,NA,NA,NA,NA,NA,NA,Cattle
4890,South,Iron Age,IA2,IA2,IA.Late,ExNISP,Forcello,Trentacoste PhD,84,Cattle,B,MC1,Metacarpal,NA,NA,NA,NA,NA,NA,NA,NA,53.2,NA,NA,NA,NA,NA,47.2,NA,NA,NA,NA,NA,NA,NA,NA,NA,Cattle
4934,South,Iron Age,IA2,IA2,IA.Late,ExNISP,Forcello,Trentacoste PhD,84,Cattle,B,MC1,Metacarpal,187,NA,NA,NA,NA,27.8,NA,NA,52,NA,NA,NA,NA,NA,46.3,NA,NA,NA,NA,NA,NA,NA,NA,NA,Cattle
5012,South,Iron Age,IA2,IA2,IA.Late,ExNISP,Forcello,Trentacoste PhD,84,Cattle,B,MC1,Metacarpal,NA,NA,NA,NA,NA,NA,NA,NA,53.6,NA,NA,NA,NA,NA,48.7,NA,NA,NA,NA,NA,NA,NA,NA,NA,Cattle
5014,South,Iron Age,IA2,IA2,IA.Late,ExNISP,Forcello,Trentacoste PhD,84,Cattle,B,MC1,Metacarpal,188,NA,NA,NA,NA,30,NA,NA,59,NA,NA,NA,NA,NA,50.3,NA,NA,NA,NA,NA,NA,NA,NA,NA,Cattle
5189,South,Iron Age,IA2,IA2,IA.Late,ExNISP,Forcello,Trentacoste PhD,84,Cattle,B,MC1,Metacarpal,190,NA,NA,NA,NA,27.7,NA,NA,51.9,NA,NA,NA,NA,NA,47.2,NA,NA,NA,NA,NA,NA,NA,NA,NA,Cattle
5641,South,Iron Age,IA2,IA2,IA.Late,ExNISP,Forcello,Trentacoste PhD,84,Cattle,B,MC1,Metacarpal,NA,NA,NA,NA,NA,NA,NA,NA,58.8,NA,NA,NA,NA,NA,NA,NA,NA,NA,NA,NA,NA,NA,NA,NA,Cattle
5653,South,Iron Age,IA2,IA2,IA.Late,ExNISP,Forcello,Trentacoste PhD,84,Cattle,B,MC1,Metacarpal,NA,NA,NA,NA,NA,NA,NA,NA,57.3,NA,NA,NA,NA,NA,NA,NA,NA,NA,NA,NA,NA,NA,NA,NA,Cattle
5811,South,Iron Age,IA2,IA2,IA.Late,ExNISP,Forcello,Trentacoste PhD,84,Cattle,B,MC1,Metacarpal,170,NA,NA,NA,NA,29.3,NA,NA,51.8,NA,NA,NA,NA,NA,46.8,NA,NA,NA,NA,NA,NA,NA,NA,NA,Cattle
5820,South,Iron Age,IA2,IA2,IA.Late,ExNISP,Forcello,Trentacoste PhD,84,Cattle,B,MC1,Metacarpal,NA,NA,NA,NA,NA,35.4,NA,NA,NA,NA,NA,NA,NA,NA,56.4,NA,NA,NA,NA,Bony growth along epiphysis,NA,NA,NA,NA,Cattle
5844,South,Iron Age,IA2,IA2,IA.Late,ExNISP,Forcello,Trentacoste PhD,84,Cattle,B,MC1,Metacarpal,NA,NA,NA,NA,NA,NA,NA,NA,62.7,NA,NA,NA,NA,NA,56.7,NA,NA,NA,NA,NA,NA,NA,NA,NA,Cattle
5851,South,Iron Age,IA2,IA2,IA.Late,ExNISP,Forcello,Trentacoste PhD,84,Cattle,B,MC1,Metacarpal,177,NA,NA,NA,NA,28.3,NA,NA,NA,NA,NA,NA,NA,NA,46.8,NA,NA,NA,NA,NA,NA,NA,NA,NA,Cattle
5876,South,Iron Age,IA2,IA2,IA.Late,ExNISP,Forcello,Trentacoste PhD,84,Cattle,B,MC1,Metacarpal,190,NA,NA,NA,NA,33.8,NA,NA,66.8,NA,NA,NA,NA,NA,57.7,NA,NA,NA,NA,Robust,NA,NA,NA,NA,Cattle
5884,South,Iron Age,IA2,IA2,IA.Late,ExNISP,Forcello,Trentacoste PhD,84,Cattle,B,MC1,Metacarpal,NA,NA,NA,NA,NA,NA,NA,NA,50.8,NA,NA,NA,NA,NA,44.5,NA,NA,NA,NA,NA,NA,NA,NA,NA,Cattle
6003,South,Iron Age,IA2,IA2,IA.Late,ExNISP,Forcello,Trentacoste PhD,84,Cattle,B,MC1,Metacarpal,190.6,NA,NA,NA,NA,31.5,NA,NA,NA,NA,NA,NA,NA,NA,54.1,NA,NA,NA,NA,NA,NA,NA,NA,NA,Cattle
6032,South,Iron Age,IA2,IA2,IA.Late,ExNISP,Forcello,Trentacoste PhD,84,Cattle,B,MC1,Metacarpal,NA,NA,NA,NA,NA,NA,NA,NA,59.3,NA,NA,NA,NA,NA,54.7,NA,NA,NA,NA,NA,NA,NA,NA,NA,Cattle
6046,South,Iron Age,IA2,IA2,IA.Late,ExNISP,Forcello,Trentacoste PhD,84,Cattle,B,MC1,Metacarpal,NA,NA,NA,NA,NA,37.5,NA,NA,70.5,NA,NA,NA,NA,NA,63.4,NA,NA,NA,NA,Robust,NA,NA,NA,NA,Cattle
6057,South,Iron Age,IA2,IA2,IA.Late,ExNISP,Forcello,Trentacoste PhD,84,Cattle,B,MC1,Metacarpal,203,NA,NA,NA,NA,30.1,NA,NA,63.8,NA,NA,NA,NA,NA,57.4,NA,NA,NA,NA,Robust. Bony growth and prox end and MC5 fused,NA,NA,NA,NA,Cattle
6089,South,Iron Age,IA2,IA2,IA.Late,ExNISP,Forcello,Trentacoste PhD,84,Cattle,B,MC1,Metacarpal,175,NA,NA,NA,NA,35.4,NA,NA,63.8,NA,NA,NA,NA,NA,56.7,NA,NA,NA,NA,Robust. Medial condyle larger than lateral.,NA,NA,NA,NA,Cattle
8206,South,Iron Age,IA2,IA2,IA.Late,ExNISP,Forcello,Scarpa,1,Cattle,B,MC1,Metacarpal,173,NA,NA,NA,NA,NA,NA,NA,NA,NA,NA,NA,NA,NA,NA,NA,NA,NA,NA,NA,NA,NA,NA,1,Cattle
8207,South,Iron Age,IA2,IA2,IA.Late,ExNISP,Forcello,Scarpa,1,Cattle,B,MC1,Metacarpal,181,NA,NA,52,30,NA,NA,NA,53,NA,NA,NA,NA,NA,NA,NA,NA,NA,NA,NA,NA,NA,NA,1,Cattle
8210,South,Iron Age,IA2,IA2,IA.Late,ExNISP,Forcello,Scarpa,1,Cattle,B,MC1,Metacarpal,194,NA,NA,64,36,NA,NA,NA,65,NA,NA,NA,NA,NA,NA,NA,NA,NA,NA,NA,Published as MT. Reclassified as MC based on dimensions. Large but right shape.,NA,NA,1,Cattle
8513,Veneto,Bronze Age,BA.R,BM-R,BA.Late,NA,Larda I,NA,147,Cattle,B,MC1,Metacarpal,169,NA,NA,45,NA,29,NA,NA,46.8,NA,NA,NA,NA,NA,NA,NA,NA,NA,NA,NA,NA,NA,NA,1,Cattle
8665,Veneto,Bronze Age,BA.R,BM-R,BA.Late,NA,Campestrin,NA,149,Cattle,B,MC1,Metacarpal,177,NA,NA,55,NA,30,NA,NA,62,NA,NA,NA,NA,NA,NA,NA,NA,NA,NA,NA,NA,NA,NA,1,Cattle
8666,Veneto,Bronze Age,BA.R,BM-R,BA.Late,NA,Campestrin,NA,149,Cattle,B,MC1,Metacarpal,NA,NA,NA,51,NA,27,NA,NA,NA,NA,NA,NA,NA,NA,NA,NA,NA,NA,NA,NA,NA,NA,NA,1,Cattle
8736,Veneto,Bronze Age,BA.R,BM-R,BA.Late,NA,Amolara,NA,150,Cattle,B,MC1,Metacarpal,NA,NA,NA,49,NA,26,NA,NA,NA,NA,NA,NA,NA,NA,NA,NA,NA,NA,NA,NA,NA,NA,NA,1,Cattle
8737,Veneto,Bronze Age,BA.R,BM-R,BA.Late,NA,Amolara,NA,150,Cattle,B,MC1,Metacarpal,NA,NA,NA,46,NA,21,NA,NA,NA,16,NA,NA,NA,NA,NA,NA,NA,NA,NA,NA,NA,NA,NA,1,Cattle
8738,Veneto,Bronze Age,BA.R,BM-R,BA.Late,NA,Amolara,NA,150,Cattle,B,MC1,Metacarpal,NA,NA,NA,NA,NA,35,NA,NA,NA,19,NA,NA,NA,NA,NA,NA,NA,NA,NA,NA,NA,NA,NA,1,Cattle
8739,Veneto,Bronze Age,BA.R,BM-R,BA.Late,NA,Amolara,NA,150,Cattle,B,MC1,Metacarpal,NA,NA,NA,NA,NA,23,NA,NA,NA,17,NA,NA,NA,NA,NA,NA,NA,NA,NA,NA,NA,NA,NA,1,Cattle
9078,Veneto,Bronze Age,BA.R,BM-R,BA.Late,NA,Terranegra,Depellegrin & Tecchiati - BR,61,Cattle,B,MC1,Metacarpal,NA,NA,NA,NA,NA,29.2,NA,NA,NA,NA,NA,NA,NA,NA,NA,NA,NA,NA,NA,NA,NA,NA,NA,NA,Cattle
9079,Veneto,Bronze Age,BA.R,BM-R,BA.Late,NA,Terranegra,Depellegrin & Tecchiati - BR,61,Cattle,B,MC1,Metacarpal,NA,NA,NA,48.5,NA,23.5,NA,NA,NA,NA,NA,NA,NA,NA,NA,NA,NA,NA,NA,NA,NA,NA,NA,NA,Cattle
9080,Veneto,Bronze Age,BA.R,BM-R,BA.Late,NA,Terranegra,Depellegrin & Tecchiati - BR,61,Cattle,B,MC1,Metacarpal,170.9,NA,NA,NA,NA,24.1,NA,NA,49.9,NA,NA,NA,NA,NA,NA,NA,NA,NA,NA,NA,SD and Bd switched in original,NA,NA,*,Cattle
9081,Veneto,Bronze Age,BA.R,BM-R,BA.Late,NA,Terranegra,Depellegrin & Tecchiati - BR,61,Cattle,B,MC1,Metacarpal,NA,NA,NA,NA,NA,NA,NA,NA,46.3,NA,NA,NA,NA,NA,NA,NA,NA,NA,NA,NA,NA,NA,NA,NA,Cattle
9082,Veneto,Bronze Age,BA.R,BM-R,BA.Late,NA,Terranegra,Depellegrin & Tecchiati - BR,61,Cattle,B,MC1,Metacarpal,177.5,NA,NA,NA,NA,24.9,NA,NA,49.6,NA,NA,NA,NA,NA,NA,NA,NA,NA,NA,NA,SD and Bd switched in original,NA,NA,NA,Cattle
9083,Veneto,Iron Age,IA1-IA2,IA1,IA.Mid,NA,Terranegra,Depellegrin & Tecchiati - IA,156,Cattle,B,MC1,Metacarpal,200.5,NA,NA,61.6,NA,36.2,NA,NA,64.5,NA,NA,NA,NA,NA,NA,NA,NA,NA,NA,NA,NA,NA,NA,NA,Cattle
9084,Veneto,Iron Age,IA1-IA2,IA1,IA.Mid,NA,Terranegra,Depellegrin & Tecchiati - IA,156,Cattle,B,MC1,Metacarpal,NA,NA,NA,NA,NA,29.9,NA,NA,NA,NA,NA,NA,NA,NA,NA,NA,NA,NA,NA,NA,NA,NA,NA,NA,Cattle
9085,Veneto,Iron Age,IA1-IA2,IA1,IA.Mid,NA,Terranegra,Depellegrin & Tecchiati - IA,156,Cattle,B,MC1,Metacarpal,NA,NA,NA,NA,NA,29.9,NA,NA,NA,NA,NA,NA,NA,NA,NA,NA,NA,NA,NA,NA,NA,NA,NA,NA,Cattle
9086,Veneto,Iron Age,IA1-IA2,IA1,IA.Mid,NA,Terranegra,Depellegrin & Tecchiati - IA,156,Cattle,B,MC1,Metacarpal,200,NA,NA,63.5,NA,34.5,NA,NA,66.1,NA,NA,NA,NA,NA,NA,NA,NA,NA,NA,NA,NA,NA,NA,NA,Cattle
9087,Veneto,Iron Age,IA1-IA2,IA1,IA.Mid,NA,Terranegra,Depellegrin & Tecchiati - IA,156,Cattle,B,MC1,Metacarpal,NA,NA,NA,43.9,NA,24.1,NA,NA,NA,NA,NA,NA,NA,NA,NA,NA,NA,NA,NA,NA,NA,NA,NA,NA,Cattle
9088,Veneto,Iron Age,IA1-IA2,IA1,IA.Mid,NA,Terranegra,Depellegrin & Tecchiati - IA,156,Cattle,B,MC1,Metacarpal,NA,NA,NA,50.4,NA,27.1,NA,NA,NA,NA,NA,NA,NA,NA,NA,NA,NA,NA,NA,NA,NA,NA,NA,NA,Cattle
9089,Veneto,Iron Age,IA1-IA2,IA1,IA.Mid,NA,Terranegra,Depellegrin & Tecchiati - IA,156,Cattle,B,MC1,Metacarpal,164,NA,NA,44.9,NA,24.8,NA,NA,46.4,NA,NA,NA,NA,NA,NA,NA,NA,NA,NA,NA,NA,NA,NA,NA,Cattle
9090,Veneto,Iron Age,IA1-IA2,IA1,IA.Mid,NA,Terranegra,Depellegrin & Tecchiati - IA,156,Cattle,B,MC1,Metacarpal,NA,NA,NA,57.3,NA,NA,NA,NA,NA,NA,NA,NA,NA,NA,NA,NA,NA,NA,NA,NA,NA,NA,NA,*,Cattle
9091,Veneto,Iron Age,IA1-IA2,IA1,IA.Mid,NA,Terranegra,Depellegrin & Tecchiati - IA,156,Cattle,B,MC1,Metacarpal,NA,NA,NA,48.9,NA,25.9,NA,NA,NA,NA,NA,NA,NA,NA,NA,NA,NA,NA,NA,NA,NA,NA,NA,NA,Cattle
9236,South,Iron Age,IA2,IA2,IA.Late,NA,Spina,Excavations 2007-2009,118,Cattle,B,MC1,Metacarpal,NA,NA,NA,NA,NA,NA,NA,NA,41.6,NA,NA,NA,NA,NA,NA,NA,NA,NA,NA,NA,NA,NA,NA,NA,Cattle
9237,South,Iron Age,IA2,IA2,IA.Late,NA,Spina,Excavations 2007-2009,118,Cattle,B,MC1,Metacarpal,NA,NA,NA,50,NA,NA,NA,NA,NA,NA,NA,NA,NA,NA,NA,NA,NA,NA,NA,NA,NA,NA,NA,*,Cattle
9238,North,Bronze Age,BA.M,BM-R,BA.Middle,NA,Lavagnone,Sector A + E,126,Cattle,B,MC1,Metacarpal,NA,NA,NA,53.4,NA,NA,NA,NA,NA,NA,NA,NA,NA,NA,NA,NA,NA,NA,NA,NA,NA,NA,NA,NA,Cattle
9245,North,Bronze Age,BA.M,BM-R,BA.Middle,NA,Nogarole Rocca,I Camponi,17,Cattle,B,MC1,Metacarpal,NA,NA,NA,45.7,NA,NA,NA,NA,NA,NA,NA,NA,NA,NA,NA,NA,NA,NA,NA,NA,NA,NA,NA,NA,Cattle
9246,North,Bronze Age,BA.M,BM-R,BA.Middle,NA,Nogarole Rocca,I Camponi,17,Cattle,B,MC1,Metacarpal,NA,NA,NA,47.8,NA,NA,NA,NA,NA,NA,NA,NA,NA,NA,NA,NA,NA,NA,NA,NA,NA,NA,NA,NA,Cattle
9247,North,Bronze Age,BA.M,BM-R,BA.Middle,NA,Nogarole Rocca,I Camponi,17,Cattle,B,MC1,Metacarpal,NA,NA,NA,48.3,NA,NA,NA,NA,NA,NA,NA,NA,NA,NA,NA,NA,NA,NA,NA,NA,NA,NA,NA,NA,Cattle
9248,North,Bronze Age,BA.M,BM-R,BA.Middle,NA,Nogarole Rocca,I Camponi,17,Cattle,B,MC1,Metacarpal,NA,NA,NA,51.4,NA,NA,NA,NA,NA,NA,NA,NA,NA,NA,NA,NA,NA,NA,NA,NA,NA,NA,NA,NA,Cattle
9249,North,Bronze Age,BA.M,BM-R,BA.Middle,NA,Nogarole Rocca,I Camponi,17,Cattle,B,MC1,Metacarpal,NA,NA,NA,57.8,NA,NA,NA,NA,NA,NA,NA,NA,NA,NA,NA,NA,NA,NA,NA,NA,NA,NA,NA,NA,Cattle
9250,North,Bronze Age,BA.M,BM-R,BA.Middle,NA,Nogarole Rocca,I Camponi,17,Cattle,B,MC1,Metacarpal,NA,NA,NA,NA,NA,NA,NA,NA,46.2,NA,NA,NA,NA,NA,NA,NA,NA,NA,NA,NA,NA,NA,NA,NA,Cattle
9251,North,Bronze Age,BA.M,BM-R,BA.Middle,NA,Nogarole Rocca,I Camponi,17,Cattle,B,MC1,Metacarpal,NA,NA,NA,NA,NA,NA,NA,NA,51,NA,NA,NA,NA,NA,NA,NA,NA,NA,NA,NA,NA,NA,NA,NA,Cattle
9252,North,Bronze Age,BA.M,BM-R,BA.Middle,NA,Nogarole Rocca,I Camponi,17,Cattle,B,MC1,Metacarpal,NA,NA,NA,NA,NA,NA,NA,NA,56.1,NA,NA,NA,NA,NA,NA,NA,NA,NA,NA,NA,NA,NA,NA,NA,Cattle
9309,Friuli,Iron Age,IA0,IA1,IA.Early,NA,Gradisca,Iron Age I,169,Cattle,B,MC1,Metacarpal,178.1,NA,NA,51.9,29.8,26.6,18.7,NA,53.2,27.1,NA,NA,NA,NA,NA,NA,NA,NA,NA,NA,NA,NA,NA,NA,Cattle
9310,Friuli,Iron Age,IA0,IA1,IA.Early,NA,Gradisca,Iron Age I,169,Cattle,B,MC1,Metacarpal,NA,NA,NA,NA,NA,NA,NA,NA,49.2,NA,NA,NA,NA,NA,NA,NA,NA,NA,NA,NA,NA,NA,NA,NA,Cattle
9382,Friuli,Iron Age,IA2,IA2,IA.Late,NA,Gradisca,Iron Age II,170,Cattle,B,MC1,Metacarpal,NA,NA,NA,56.9,NA,NA,NA,NA,NA,NA,NA,NA,NA,NA,NA,NA,NA,NA,NA,NA,NA,NA,NA,NA,Cattle
9433,Friuli,Iron Age,IA0-IA1,BRF-IA0,IA.Early,NA,Pozzuolo,Excavations 1980-83 Final Bronze-Iron Age,55,Cattle,B,MC1,Metacarpal,185.1,NA,NA,59.2,NA,31.5,NA,NA,59,NA,NA,NA,NA,NA,NA,NA,NA,NA,NA,Petrucci,NA,NA,NA,NA,Cattle
9469,Friuli,Iron Age,IA0,BRF-IA0,IA.Early,NA,Concordia Sagittaria,Quartiere Nord-Ovest 2001,167,Cattle,B,MC1,Metacarpal,NA,NA,NA,58,NA,31,NA,NA,NA,NA,NA,NA,NA,NA,NA,NA,NA,NA,NA,NA,NA,NA,NA,1,Cattle
9470,Friuli,Iron Age,IA0,BRF-IA0,IA.Early,NA,Concordia Sagittaria,Quartiere Nord-Ovest 2001,167,Cattle,B,MC1,Metacarpal,NA,NA,NA,NA,NA,24,NA,NA,NA,NA,NA,NA,NA,NA,NA,NA,NA,NA,NA,NA,NA,NA,NA,1,Cattle
9472,Friuli,Iron Age,IA0,BRF-IA0,IA.Early,NA,Concordia Sagittaria,Quartiere Nord-Ovest 2001,167,Cattle,B,MC1,Metacarpal,NA,NA,NA,59,NA,NA,21,NA,NA,NA,NA,NA,NA,NA,NA,NA,NA,NA,NA,NA,NA,NA,NA,1,Cattle
9473,Friuli,Iron Age,IA0,BRF-IA0,IA.Early,NA,Concordia Sagittaria,Quartiere Nord-Ovest 2001,167,Cattle,B,MC1,Metacarpal,NA,NA,NA,58,NA,NA,NA,NA,NA,NA,NA,NA,NA,NA,NA,NA,NA,NA,NA,NA,NA,NA,NA,1,Cattle
9474,Friuli,Iron Age,IA0,BRF-IA0,IA.Early,NA,Concordia Sagittaria,Quartiere Nord-Ovest 2001,167,Cattle,B,MC1,Metacarpal,192,NA,NA,58,NA,31,20,NA,60,NA,NA,NA,NA,NA,NA,NA,NA,NA,NA,NA,NA,NA,NA,1,Cattle
9475,Friuli,Iron Age,IA0,BRF-IA0,IA.Early,NA,Concordia Sagittaria,Quartiere Nord-Ovest 2001,167,Cattle,B,MC1,Metacarpal,167,NA,NA,49,NA,25,17,NA,50,NA,NA,NA,NA,NA,NA,NA,NA,NA,NA,NA,NA,NA,NA,1,Cattle
9476,Friuli,Iron Age,IA0,BRF-IA0,IA.Early,NA,Concordia Sagittaria,Quartiere Nord-Ovest 2001,167,Cattle,B,MC1,Metacarpal,NA,NA,NA,53,NA,NA,NA,NA,NA,NA,NA,NA,NA,NA,NA,NA,NA,NA,NA,NA,NA,NA,NA,1,Cattle
9477,Friuli,Iron Age,IA0,BRF-IA0,IA.Early,NA,Concordia Sagittaria,Quartiere Nord-Ovest 2001,167,Cattle,B,MC1,Metacarpal,NA,NA,NA,NA,NA,NA,NA,NA,61,NA,NA,NA,NA,NA,NA,NA,NA,NA,NA,NA,NA,NA,NA,1,Cattle
9478,Friuli,Iron Age,IA0,BRF-IA0,IA.Early,NA,Concordia Sagittaria,Quartiere Nord-Ovest 2001,167,Cattle,B,MC1,Metacarpal,NA,NA,NA,59,NA,30,NA,NA,NA,NA,NA,NA,NA,NA,NA,NA,NA,NA,NA,NA,NA,NA,NA,1,Cattle
9479,Friuli,Iron Age,IA0,BRF-IA0,IA.Early,NA,Concordia Sagittaria,Quartiere Nord-Ovest 2001,167,Cattle,B,MC1,Metacarpal,NA,NA,NA,60,NA,NA,NA,NA,NA,NA,NA,NA,NA,NA,NA,NA,NA,NA,NA,NA,NA,NA,NA,1,Cattle
9480,Friuli,Iron Age,IA0,BRF-IA0,IA.Early,NA,Concordia Sagittaria,Quartiere Nord-Ovest 2001,167,Cattle,B,MC1,Metacarpal,NA,NA,NA,53,NA,NA,NA,NA,NA,NA,NA,NA,NA,NA,NA,NA,NA,NA,NA,NA,NA,NA,NA,1,Cattle
9525,Friuli,Iron Age,IA0,BRF-IA0,IA.Early,NA,Concordia Sagittaria,Quartiere Nord-Ovest 2001,167,Cattle,B,MC1,Metacarpal,NA,NA,NA,52,NA,NA,NA,NA,NA,NA,NA,NA,NA,NA,NA,NA,NA,NA,NA,NA,NA,NA,NA,1,Cattle
9732,South,Roman,Rom.Early,Early,Roman.Early,NA,San Damaso,NA,134,Cattle,B,MC1,Metacarpal,225,NA,NA,74,46,39,NA,NA,75,35.9,NA,NA,NA,NA,NA,NA,NA,NA,NA,NA,NA,NA,NA,0.5,Cattle
9734,South,Roman,Rom.Mid,Mid,Roman.Mid,NA,Spilamberto,Fase II,128,Cattle,B,MC1,Metacarpal,NA,NA,NA,71,46,NA,NA,NA,NA,NA,NA,NA,NA,NA,NA,NA,NA,NA,NA,NA,NA,NA,NA,0.5,Cattle
9871,Friuli,Roman,Rom.Late,Late,Roman.Late,NA,Aquileia,area a est del foro - Riedel 1994,175,Cattle,B,MC1,Metacarpal,193,NA,NA,NA,NA,NA,NA,NA,NA,NA,NA,NA,NA,NA,NA,NA,NA,NA,NA,NA,NA,NA,NA,NA,Cattle
9872,Friuli,Roman,Rom.Late,Late,Roman.Late,NA,Aquileia,area a est del foro - Riedel 1994,175,Cattle,B,MC1,Metacarpal,206,NA,NA,NA,NA,NA,NA,NA,NA,NA,NA,NA,NA,NA,NA,NA,NA,NA,NA,NA,NA,NA,NA,NA,Cattle
9964,Veneto,Roman,Rom.M-L,Mid-Late,Roman.Mid-Late,NA,Oderzo,Pozzo romano - all strata (1st-4th c AD),214,Cattle,B,MC1,Metacarpal,NA,NA,NA,NA,NA,NA,NA,NA,64.2,NA,NA,NA,NA,NA,NA,NA,NA,NA,NA,NA,NA,NA,NA,NA,Cattle
10099,Veneto,Roman,Rom.M-L,Mid-Late,Roman.Mid-Late,NA,Altino,Riedel 1985,56,Cattle,B,MC1,Metacarpal,NA,NA,NA,63.1,37,NA,NA,NA,NA,NA,NA,NA,NA,NA,NA,NA,NA,NA,NA,NA,NA,NA,NA,NA,Cattle
10100,Veneto,Roman,Rom.M-L,Mid-Late,Roman.Mid-Late,NA,Altino,Riedel 1985,56,Cattle,B,MC1,Metacarpal,NA,NA,NA,62.2,37.4,NA,NA,NA,NA,NA,NA,NA,NA,NA,NA,NA,NA,NA,NA,NA,NA,NA,NA,NA,Cattle
10101,Veneto,Roman,Rom.M-L,Mid-Late,Roman.Mid-Late,NA,Altino,Riedel 1985,56,Cattle,B,MC1,Metacarpal,NA,NA,NA,74,44.8,NA,NA,NA,NA,NA,NA,NA,NA,NA,NA,NA,NA,NA,NA,NA,NA,NA,NA,NA,Cattle
10102,Veneto,Roman,Rom.M-L,Mid-Late,Roman.Mid-Late,NA,Altino,Riedel 1985,56,Cattle,B,MC1,Metacarpal,NA,NA,NA,NA,NA,NA,NA,NA,59.2,32.4,NA,NA,NA,NA,54.5,NA,NA,NA,NA,NA,NA,NA,NA,NA,Cattle
10103,Veneto,Roman,Rom.M-L,Mid-Late,Roman.Mid-Late,NA,Altino,Riedel 1985,56,Cattle,B,MC1,Metacarpal,NA,NA,NA,NA,NA,NA,25,NA,66,34.5,NA,NA,NA,NA,63.3,NA,NA,NA,NA,NA,NA,NA,NA,NA,Cattle
10191,Friuli,Roman,Rom.Mid,Mid,Roman.Mid,NA,Monfalcone,via delle Mandrie,182,Cattle,B,MC1,Metacarpal,NA,NA,NA,NA,NA,NA,NA,NA,61.4,34.1,NA,NA,NA,NA,NA,NA,NA,NA,NA,NA,NA,NA,NA,NA,Cattle
10202,Friuli,Roman,Rom.M-L,Mid-Late,Roman.Mid-Late,NA,Aquileia,Foro Ovest 93-94,196,Cattle,B,MC1,Metacarpal,NA,NA,NA,NA,NA,NA,NA,NA,53.2,NA,NA,NA,NA,NA,NA,NA,NA,NA,NA,NA,NA,NA,NA,NA,Cattle
10209,Friuli,Roman,Rom.M-L,Mid-Late,Roman.Mid-Late,NA,Aquileia,Foro Ovest 93-94,196,Cattle,B,MC1,Metacarpal,NA,NA,NA,54,NA,NA,NA,NA,NA,NA,NA,NA,NA,NA,NA,NA,NA,NA,NA,NA,NA,NA,NA,NA,Cattle
10398,South,Iron Age,IA2,IA2,IA.Late,NA,Spina,Riedel,57,Cattle,B,MC1,Metacarpal,202.3,NA,NA,60.5,NA,33.9,NA,NA,63.3,NA,NA,NA,NA,NA,NA,NA,NA,NA,NA,NA,NA,NA,NA,NA,Cattle
10399,South,Iron Age,IA2,IA2,IA.Late,NA,Spina,Riedel,57,Cattle,B,MC1,Metacarpal,184,NA,NA,57.7,NA,30.7,NA,NA,61.2,NA,NA,NA,NA,NA,NA,NA,NA,NA,NA,NA,NA,NA,NA,NA,Cattle
10400,South,Iron Age,IA2,IA2,IA.Late,NA,Spina,Riedel,57,Cattle,B,MC1,Metacarpal,182.3,NA,NA,53.3,NA,28,NA,NA,51.8,NA,NA,NA,NA,NA,NA,NA,NA,NA,NA,NA,NA,NA,NA,NA,Cattle
10401,South,Iron Age,IA2,IA2,IA.Late,NA,Spina,Riedel,57,Cattle,B,MC1,Metacarpal,196.4,NA,NA,53.5,NA,29.8,NA,NA,55.8,NA,NA,NA,NA,NA,NA,NA,NA,NA,NA,NA,NA,NA,NA,NA,Cattle
10402,South,Iron Age,IA2,IA2,IA.Late,NA,Spina,Riedel,57,Cattle,B,MC1,Metacarpal,179.5,NA,NA,56.1,NA,27.7,NA,NA,55.1,NA,NA,NA,NA,NA,NA,NA,NA,NA,NA,NA,NA,NA,NA,NA,Cattle
10403,South,Iron Age,IA2,IA2,IA.Late,NA,Spina,Riedel,57,Cattle,B,MC1,Metacarpal,199.5,NA,NA,63.1,NA,34.2,NA,NA,65,NA,NA,NA,NA,NA,NA,NA,NA,NA,NA,NA,NA,NA,NA,NA,Cattle
10404,South,Iron Age,IA2,IA2,IA.Late,NA,Spina,Riedel,57,Cattle,B,MC1,Metacarpal,193.7,NA,NA,50.5,NA,31.2,NA,NA,54.2,NA,NA,NA,NA,NA,NA,NA,NA,NA,NA,NA,NA,NA,NA,NA,Cattle
10405,South,Iron Age,IA2,IA2,IA.Late,NA,Spina,Riedel,57,Cattle,B,MC1,Metacarpal,222.9,NA,NA,45,NA,24.6,NA,NA,54.7,NA,NA,NA,NA,NA,NA,NA,NA,NA,NA,NA,NA,NA,NA,NA,Cattle
10723,Friuli,Roman,Rom.Early,Early,Roman.Early,NA,Trieste,Crosada - Phase 2,235,Cattle,B,MC1,Metacarpal,174.1,NA,NA,49.3,28.4,27.1,NA,NA,53,29.2,NA,NA,NA,NA,NA,NA,NA,NA,NA,NA,NA,NA,NA,NA,Cattle
10740,Friuli,Roman,Rom.Mid,Mid,Roman.Mid,NA,Trieste,Crosada - Phase 3,236,Cattle,B,MC1,Metacarpal,NA,NA,NA,NA,NA,NA,NA,NA,52.8,28.6,NA,NA,NA,NA,NA,NA,NA,NA,NA,NA,NA,NA,NA,NA,Cattle
10741,Friuli,Roman,Rom.Mid,Mid,Roman.Mid,NA,Trieste,Crosada - Phase 3,236,Cattle,B,MC1,Metacarpal,NA,NA,NA,NA,NA,NA,NA,NA,46.7,24.9,NA,NA,NA,NA,NA,NA,NA,NA,NA,NA,NA,NA,NA,NA,Cattle
10765,Friuli,Roman,Rom,Mid,Roman.Mid,Rit,Trieste,*Crosada - Phase 4c,178,Cattle,B,MC1,Metacarpal,NA,NA,NA,NA,NA,NA,NA,NA,62,33.8,NA,NA,NA,NA,NA,NA,NA,NA,NA,NA,NA,NA,NA,NA,Cattle
10789,Friuli,Roman,Rom,Mid,Roman.Mid,Rit,Trieste,*Crosada - Phase 4c,178,Cattle,B,MC1,Metacarpal,NA,NA,NA,NA,NA,NA,NA,NA,66.9,34.2,NA,NA,NA,NA,NA,NA,NA,NA,NA,NA,NA,NA,NA,NA,Cattle
11106,Friuli,Roman,Rom.Late,Late,Roman.Late,NA,Udine,Late Roman,246,Cattle,B,MC1,Metacarpal,193.3,NA,NA,61.5,36.9,36.5,22.7,NA,62.8,33.6,NA,NA,NA,NA,56.2,NA,NA,NA,NA,NA,NA,NA,NA,NA,Cattle
11107,Friuli,Roman,Rom.Late,Late,Roman.Late,NA,Udine,Late Roman,246,Cattle,B,MC1,Metacarpal,204,NA,NA,71,44,39,25.3,NA,68.5,36.6,NA,NA,NA,NA,60.7,NA,NA,NA,NA,NA,NA,NA,NA,NA,Cattle
11108,Friuli,Roman,Rom.Late,Late,Roman.Late,NA,Udine,Late Roman,246,Cattle,B,MC1,Metacarpal,NA,NA,NA,48.5,29.2,NA,NA,NA,NA,NA,NA,NA,NA,NA,NA,NA,NA,NA,NA,NA,NA,NA,NA,NA,Cattle
11109,Friuli,Roman,Rom.Late,Late,Roman.Late,NA,Udine,Late Roman,246,Cattle,B,MC1,Metacarpal,NA,NA,NA,51,NA,NA,NA,NA,NA,NA,NA,NA,NA,NA,NA,NA,NA,NA,NA,NA,NA,NA,NA,NA,Cattle
11110,Friuli,Roman,Rom.Late,Late,Roman.Late,NA,Udine,Late Roman,246,Cattle,B,MC1,Metacarpal,NA,NA,NA,55.7,NA,NA,NA,NA,NA,NA,NA,NA,NA,NA,NA,NA,NA,NA,NA,NA,NA,NA,NA,NA,Cattle
11285,Friuli,Bronze Age,BA.R-F,BRF-IA0,BA.Late,NA,Udine,'Late Bronze Age',247,Cattle,B,MC1,Metacarpal,NA,NA,NA,53.3,NA,NA,NA,NA,NA,NA,NA,NA,NA,NA,NA,NA,NA,NA,NA,NA,NA,NA,NA,NA,Cattle
11286,Friuli,Bronze Age,BA.R-F,BRF-IA0,BA.Late,NA,Udine,'Late Bronze Age',247,Cattle,B,MC1,Metacarpal,NA,NA,NA,NA,NA,NA,NA,NA,51.5,27.8,NA,NA,NA,NA,NA,NA,NA,NA,NA,NA,NA,NA,NA,NA,Cattle
11360,Veneto,Roman,Rom.M-L,Mid-Late,Roman.Mid-Late,NA,Torcello,Late Imperial II-VIII 2nd-4th c. AD,256,Cattle,B,MC1,Metacarpal,NA,NA,NA,70,NA,NA,NA,NA,NA,NA,NA,NA,NA,NA,NA,NA,NA,NA,NA,NA,NA,NA,NA,NA,Cattle
11719,South,Roman,Rom.Early,Early,Roman.Early,NA,Calvatone,Wilkens - Bio data from academia,253,Cattle,B,MC1,Metacarpal,NA,NA,NA,54.8,33,NA,NA,NA,NA,NA,NA,NA,NA,NA,NA,NA,NA,NA,NA,NA,NA,NA,NA,NA,Cattle
11732,South,Roman,Rom.Early,Early,Roman.Early,NA,Calvatone,Wilkens - Bio data from academia,253,Cattle,B,MC1,Metacarpal,NA,NA,NA,NA,NA,NA,NA,NA,62,NA,NA,NA,NA,NA,NA,NA,NA,NA,NA,NA,NA,NA,NA,NA,Cattle
11802,South,Roman,Rom.Early,Early,Roman.Early,NA,Calvatone,Wilkens - Bio data from academia,253,Cattle,B,MC1,Metacarpal,NA,NA,NA,NA,NA,NA,NA,NA,62.9,NA,NA,NA,NA,NA,NA,NA,NA,NA,NA,NA,NA,NA,NA,NA,Cattle
11813,South,Roman,Rom.Early,Early,Roman.Early,NA,Calvatone,Wilkens - Bio data from academia,253,Cattle,B,MC1,Metacarpal,NA,NA,NA,68.2,39.9,NA,NA,NA,NA,NA,NA,NA,NA,NA,NA,NA,NA,NA,NA,NA,NA,NA,NA,NA,Cattle
12207,South,Roman,Rom.Early,Early,Roman.Early,NA,Calvatone,Wilkens - Bio data from academia,253,Cattle,B,MC1,Metacarpal,192,NA,NA,60.1,38,32.1,NA,NA,59.9,36.6,NA,NA,NA,NA,NA,NA,NA,NA,NA,NA,NA,NA,NA,NA,Cattle
12231,South,Roman,Rom.Early,Early,Roman.Early,NA,Calvatone,Wilkens - Bio data from academia,253,Cattle,B,MC1,Metacarpal,NA,NA,NA,56.2,35.4,30.6,NA,NA,60.1,NA,NA,NA,NA,NA,NA,NA,NA,NA,NA,NA,NA,NA,NA,NA,Cattle
12240,South,Roman,Rom.Early,Early,Roman.Early,NA,Calvatone,Wilkens - Bio data from academia,253,Cattle,B,MC1,Metacarpal,197,NA,NA,60.8,35.9,35,NA,NA,65,33,NA,NA,NA,NA,NA,NA,NA,NA,NA,NA,NA,NA,NA,NA,Cattle
12275,South,Roman,Rom.Early,Early,Roman.Early,NA,Calvatone,Wilkens - Bio data from academia,253,Cattle,B,MC1,Metacarpal,NA,NA,NA,66.2,37.3,NA,NA,NA,NA,NA,NA,NA,NA,NA,NA,NA,NA,NA,NA,NA,NA,NA,NA,NA,Cattle
12276,South,Roman,Rom.Early,Early,Roman.Early,NA,Calvatone,Wilkens - Bio data from academia,253,Cattle,B,MC1,Metacarpal,NA,NA,NA,NA,NA,NA,NA,NA,71.9,NA,NA,NA,NA,NA,NA,NA,NA,NA,NA,NA,NA,NA,NA,NA,Cattle
12277,South,Roman,Rom.Early,Early,Roman.Early,NA,Calvatone,Wilkens - Bio data from academia,253,Cattle,B,MC1,Metacarpal,202,NA,NA,69.9,41.9,40.6,NA,NA,70.3,36.9,NA,NA,NA,NA,NA,NA,NA,NA,NA,NA,NA,NA,NA,NA,Cattle
12278,South,Roman,Rom.Early,Early,Roman.Early,NA,Calvatone,Wilkens - Bio data from academia,253,Cattle,B,MC1,Metacarpal,NA,NA,NA,62,35.7,NA,NA,NA,NA,NA,NA,NA,NA,NA,NA,NA,NA,NA,NA,NA,NA,NA,NA,NA,Cattle
12279,South,Roman,Rom.Early,Early,Roman.Early,NA,Calvatone,Wilkens - Bio data from academia,253,Cattle,B,MC1,Metacarpal,NA,NA,NA,65.2,40.2,NA,NA,NA,NA,NA,NA,NA,NA,NA,NA,NA,NA,NA,NA,NA,NA,NA,NA,NA,Cattle
12280,South,Roman,Rom.Early,Early,Roman.Early,NA,Calvatone,Wilkens - Bio data from academia,253,Cattle,B,MC1,Metacarpal,NA,NA,NA,NA,NA,NA,NA,NA,58.8,31,NA,NA,NA,NA,NA,NA,NA,NA,NA,NA,NA,NA,NA,NA,Cattle
12281,South,Roman,Rom.Early,Early,Roman.Early,NA,Calvatone,Wilkens - Bio data from academia,253,Cattle,B,MC1,Metacarpal,NA,NA,NA,73.9,41.2,NA,NA,NA,NA,NA,NA,NA,NA,NA,NA,NA,NA,NA,NA,NA,NA,NA,NA,NA,Cattle
12302,South,Roman,Rom.Early,Early,Roman.Early,NA,Calvatone,Wilkens - Bio data from academia,253,Cattle,B,MC1,Metacarpal,215,NA,NA,71.2,40.2,37.1,NA,NA,70.1,NA,NA,NA,NA,NA,NA,NA,NA,NA,NA,NA,NA,NA,NA,NA,Cattle
12310,South,Roman,Rom.Early,Early,Roman.Early,NA,Calvatone,Wilkens - Bio data from academia,253,Cattle,B,MC1,Metacarpal,NA,NA,NA,NA,NA,NA,NA,NA,68.7,37.2,NA,NA,NA,NA,NA,NA,NA,NA,NA,NA,NA,NA,NA,NA,Cattle
102,South,Iron Age,IA1,IA1,IA.Mid,NA,Castenaso,Bologna - Castenaso,59,Cattle,B,MT1,Metatarsal,206,NA,NA,42.7,NA,22.7,NA,NA,48.5,NA,NA,NA,NA,NA,NA,NA,NA,NA,NA,NA,NA,57.1,*,NA,Cattle
210,North,Bronze Age,BA.R-F,BRF-IA0,BA.Late,NA,Cavalzara,Riedel 1979,20,Cattle,B,MT1,Metatarsal,NA,NA,NA,NA,NA,NA,NA,NA,42.8,NA,NA,NA,NA,NA,NA,NA,NA,NA,NA,NA,NA,NA,NA,NA,Cattle
214,South,Iron Age,IA1,IA1,IA.Mid,NA,San Claudio,NA,64,Cattle,B,MT1,Metatarsal,NA,NA,NA,NA,NA,NA,NA,NA,49.5,NA,NA,NA,NA,NA,NA,NA,NA,NA,NA,NA,NA,NA,NA,NA,Cattle
215,South,Iron Age,IA1,IA1,IA.Mid,NA,Marzabotto,US 27/29,69,Cattle,B,MT1,Metatarsal,215,NA,NA,44.1,NA,24,NA,NA,57,NA,NA,NA,NA,NA,NA,NA,NA,NA,NA,NA,NA,NA,NA,NA,Cattle
216,South,Iron Age,IA1,IA1,IA.Mid,NA,Marzabotto,US 27/29,69,Cattle,B,MT1,Metatarsal,NA,NA,NA,NA,NA,27.1,NA,NA,NA,NA,NA,NA,NA,NA,NA,NA,NA,NA,NA,NA,NA,NA,NA,NA,Cattle
220,South,Iron Age,IA1,IA1,IA.Mid,NA,Marzabotto,V 3,68,Cattle,B,MT1,Metatarsal,NA,NA,NA,NA,NA,NA,NA,NA,51.5,NA,NA,NA,NA,NA,NA,NA,NA,NA,NA,NA,NA,NA,NA,NA,Cattle
223,South,Iron Age,IA2,IA2,IA.Late,NA,Fidenza,NA,70,Cattle,B,MT1,Metatarsal,NA,NA,NA,NA,NA,NA,NA,NA,59.2,NA,NA,NA,NA,NA,NA,NA,NA,NA,NA,NA,NA,NA,NA,NA,Cattle
224,South,Iron Age,IA2,IA2,IA.Late,NA,Fidenza,NA,70,Cattle,B,MT1,Metatarsal,NA,NA,NA,NA,NA,NA,NA,NA,53.1,NA,NA,NA,NA,NA,NA,NA,NA,NA,NA,NA,NA,NA,NA,NA,Cattle
225,South,Iron Age,IA2,IA2,IA.Late,NA,Fidenza,NA,70,Cattle,B,MT1,Metatarsal,NA,NA,NA,NA,NA,NA,NA,NA,51,NA,NA,NA,NA,NA,NA,NA,NA,NA,NA,NA,NA,NA,NA,NA,Cattle
227,South,Iron Age,IA2,IA2,IA.Late,NA,Casale di Rivalta,NA,71,Cattle,B,MT1,Metatarsal,220,NA,NA,49.8,46.4,27.3,NA,NA,57.3,31.3,NA,NA,NA,NA,NA,NA,NA,NA,NA,NA,NA,NA,NA,NA,Cattle
228,South,Iron Age,IA2,IA2,IA.Late,NA,Casale di Rivalta,NA,71,Cattle,B,MT1,Metatarsal,NA,NA,NA,NA,NA,NA,NA,NA,55.6,30.2,NA,NA,NA,NA,NA,NA,NA,NA,NA,NA,NA,NA,NA,NA,Cattle
229,South,Iron Age,IA2,IA2,IA.Late,NA,Casale di Rivalta,NA,71,Cattle,B,MT1,Metatarsal,NA,NA,NA,NA,NA,NA,NA,NA,51.2,29.3,NA,NA,NA,NA,NA,NA,NA,NA,NA,NA,NA,NA,NA,NA,Cattle
230,South,Iron Age,IA2,IA2,IA.Late,NA,Casale di Rivalta,NA,71,Cattle,B,MT1,Metatarsal,NA,NA,NA,NA,NA,NA,NA,NA,48.3,26.9,NA,NA,NA,NA,NA,NA,NA,NA,NA,NA,NA,NA,NA,NA,Cattle
232,South,Iron Age,IA2,IA2,IA.Late,NA,Case Vandelli,NA,74,Cattle,B,MT1,Metatarsal,221,NA,NA,49.9,NA,26.5,NA,NA,57.4,NA,NA,NA,NA,NA,NA,NA,NA,NA,NA,NA,NA,NA,NA,NA,Cattle
233,South,Iron Age,IA2,IA2,IA.Late,NA,Case Vandelli,NA,74,Cattle,B,MT1,Metatarsal,NA,NA,NA,41.1,NA,21.5,NA,NA,NA,NA,NA,NA,NA,NA,NA,NA,NA,NA,NA,NA,NA,NA,NA,NA,Cattle
234,South,Iron Age,IA2,IA2,IA.Late,NA,Bologna,Via S. Caterina,77,Cattle,B,MT1,Metatarsal,NA,NA,NA,NA,NA,NA,NA,NA,50.2,NA,NA,NA,NA,NA,NA,NA,NA,NA,NA,NA,NA,NA,NA,NA,Cattle
416,North,Iron Age,IA2,IA2,IA.Late,NA,Colognola ai Colli,NA,54,Cattle,B,MT1,Metatarsal,214,NA,NA,49.8,NA,24.5,NA,NA,53.8,NA,NA,NA,NA,NA,NA,NA,NA,NA,NA,NA,NA,NA,NA,NA,Cattle
417,North,Iron Age,IA2,IA2,IA.Late,NA,Colognola ai Colli,NA,54,Cattle,B,MT1,Metatarsal,NA,NA,NA,NA,NA,NA,NA,NA,53.5,NA,NA,NA,NA,NA,NA,NA,NA,NA,NA,NA,NA,NA,NA,NA,Cattle
418,North,Iron Age,IA2,IA2,IA.Late,NA,Colognola ai Colli,NA,54,Cattle,B,MT1,Metatarsal,NA,NA,NA,NA,NA,NA,NA,NA,48.7,NA,NA,NA,NA,NA,NA,NA,NA,NA,NA,NA,NA,NA,NA,NA,Cattle
488,North,Bronze Age,BA.M,BM-R,BA.Middle,NA,Muraiola,NA,13,Cattle,B,MT1,Metatarsal,188.3,NA,NA,37.9,34,20.8,20,NA,NA,26.3,NA,NA,NA,NA,NA,NA,NA,NA,NA,NA,NA,NA,NA,NA,Cattle
489,North,Bronze Age,BA.M,BM-R,BA.Middle,NA,Muraiola,NA,13,Cattle,B,MT1,Metatarsal,197.6,NA,NA,NA,NA,22.3,20,NA,NA,29,NA,NA,NA,NA,NA,NA,NA,NA,NA,NA,NA,NA,NA,NA,Cattle
490,North,Bronze Age,BA.M,BM-R,BA.Middle,NA,Muraiola,NA,13,Cattle,B,MT1,Metatarsal,202,NA,NA,42,40.3,21,19.6,NA,47,27.5,NA,NA,NA,NA,42,NA,NA,NA,NA,NA,NA,NA,NA,NA,Cattle
491,North,Bronze Age,BA.M,BM-R,BA.Middle,NA,Muraiola,NA,13,Cattle,B,MT1,Metatarsal,207,NA,NA,42.8,NA,22.4,22,NA,NA,NA,NA,NA,NA,NA,NA,NA,NA,NA,NA,NA,NA,NA,NA,NA,Cattle
492,North,Bronze Age,BA.M,BM-R,BA.Middle,NA,Muraiola,NA,13,Cattle,B,MT1,Metatarsal,211.6,NA,NA,47.2,43.4,23,21.5,NA,55.5,29.9,NA,NA,NA,NA,46.6,NA,NA,NA,NA,NA,NA,NA,NA,NA,Cattle
605,North,Bronze Age,BA.R,BM-R,BA.Late,NA,Isolone,NA,16,Cattle,B,MT1,Metatarsal,NA,NA,NA,NA,NA,16.8,NA,NA,39,NA,NA,NA,NA,NA,NA,NA,NA,NA,NA,NA,NA,NA,NA,NA,Cattle
606,North,Bronze Age,BA.R,BM-R,BA.Late,NA,Isolone,NA,16,Cattle,B,MT1,Metatarsal,177,NA,NA,NA,NA,17.5,NA,NA,38.9,NA,NA,NA,NA,NA,NA,NA,NA,NA,NA,NA,NA,NA,NA,NA,Cattle
607,North,Bronze Age,BA.R,BM-R,BA.Late,NA,Isolone,NA,16,Cattle,B,MT1,Metatarsal,182,NA,NA,NA,NA,17.9,NA,NA,40.1,NA,NA,NA,NA,NA,NA,NA,NA,NA,NA,NA,NA,NA,NA,NA,Cattle
608,North,Bronze Age,BA.R,BM-R,BA.Late,NA,Isolone,NA,16,Cattle,B,MT1,Metatarsal,184,NA,NA,NA,NA,19.7,NA,NA,NA,NA,NA,NA,NA,NA,NA,NA,NA,NA,NA,NA,NA,NA,NA,NA,Cattle
609,North,Bronze Age,BA.R,BM-R,BA.Late,NA,Isolone,NA,16,Cattle,B,MT1,Metatarsal,NA,NA,NA,NA,NA,17.5,NA,NA,39.3,NA,NA,NA,NA,NA,NA,NA,NA,NA,NA,NA,NA,NA,NA,NA,Cattle
610,North,Bronze Age,BA.R,BM-R,BA.Late,NA,Isolone,NA,16,Cattle,B,MT1,Metatarsal,185,NA,NA,NA,NA,20.3,NA,NA,43.3,NA,NA,NA,NA,NA,NA,NA,NA,NA,NA,NA,NA,NA,NA,NA,Cattle
611,North,Bronze Age,BA.R,BM-R,BA.Late,NA,Isolone,NA,16,Cattle,B,MT1,Metatarsal,186,NA,NA,NA,NA,18.2,NA,NA,42.2,NA,NA,NA,NA,NA,NA,NA,NA,NA,NA,NA,NA,NA,NA,NA,Cattle
612,North,Bronze Age,BA.R,BM-R,BA.Late,NA,Isolone,NA,16,Cattle,B,MT1,Metatarsal,188,NA,NA,NA,NA,18.4,NA,NA,41.5,NA,NA,NA,NA,NA,NA,NA,NA,NA,NA,NA,NA,NA,NA,NA,Cattle
613,North,Bronze Age,BA.R,BM-R,BA.Late,NA,Isolone,NA,16,Cattle,B,MT1,Metatarsal,NA,NA,NA,37,NA,19.8,NA,NA,44.5,NA,NA,NA,NA,NA,NA,NA,NA,NA,NA,NA,NA,NA,NA,NA,Cattle
614,North,Bronze Age,BA.R,BM-R,BA.Late,NA,Isolone,NA,16,Cattle,B,MT1,Metatarsal,188,NA,NA,NA,NA,21.7,NA,NA,45.6,NA,NA,NA,NA,NA,NA,NA,NA,NA,NA,NA,NA,NA,NA,NA,Cattle
615,North,Bronze Age,BA.R,BM-R,BA.Late,NA,Isolone,NA,16,Cattle,B,MT1,Metatarsal,NA,NA,NA,NA,NA,21,NA,NA,NA,NA,NA,NA,NA,NA,NA,NA,NA,NA,NA,NA,NA,NA,NA,NA,Cattle
616,North,Bronze Age,BA.R,BM-R,BA.Late,NA,Isolone,NA,16,Cattle,B,MT1,Metatarsal,190,NA,NA,40.4,NA,22.6,NA,NA,45,NA,NA,NA,NA,NA,NA,NA,NA,NA,NA,NA,NA,NA,NA,NA,Cattle
617,North,Bronze Age,BA.R,BM-R,BA.Late,NA,Isolone,NA,16,Cattle,B,MT1,Metatarsal,NA,NA,NA,NA,NA,25.1,NA,NA,NA,NA,NA,NA,NA,NA,NA,NA,NA,NA,NA,NA,NA,NA,NA,NA,Cattle
618,North,Bronze Age,BA.R,BM-R,BA.Late,NA,Isolone,NA,16,Cattle,B,MT1,Metatarsal,192,NA,NA,41,NA,20,NA,NA,46.1,NA,NA,NA,NA,NA,NA,NA,NA,NA,NA,NA,NA,NA,NA,NA,Cattle
619,North,Bronze Age,BA.R,BM-R,BA.Late,NA,Isolone,NA,16,Cattle,B,MT1,Metatarsal,192,NA,NA,NA,NA,21,NA,NA,NA,NA,NA,NA,NA,NA,NA,NA,NA,NA,NA,NA,NA,NA,NA,NA,Cattle
620,North,Bronze Age,BA.R,BM-R,BA.Late,NA,Isolone,NA,16,Cattle,B,MT1,Metatarsal,194,NA,NA,36.9,NA,19.3,NA,NA,41.9,NA,NA,NA,NA,NA,NA,NA,NA,NA,NA,NA,NA,NA,NA,NA,Cattle
621,North,Bronze Age,BA.R,BM-R,BA.Late,NA,Isolone,NA,16,Cattle,B,MT1,Metatarsal,195,NA,NA,NA,NA,21.9,NA,NA,46,NA,NA,NA,NA,NA,NA,NA,NA,NA,NA,NA,NA,NA,NA,NA,Cattle
622,North,Bronze Age,BA.R,BM-R,BA.Late,NA,Isolone,NA,16,Cattle,B,MT1,Metatarsal,195,NA,NA,41.4,NA,21.4,NA,NA,49.7,NA,NA,NA,NA,NA,NA,NA,NA,NA,NA,NA,NA,NA,NA,NA,Cattle
623,North,Bronze Age,BA.R,BM-R,BA.Late,NA,Isolone,NA,16,Cattle,B,MT1,Metatarsal,196,NA,NA,NA,NA,20.4,NA,NA,43.2,NA,NA,NA,NA,NA,NA,NA,NA,NA,NA,NA,NA,NA,NA,NA,Cattle
624,North,Bronze Age,BA.R,BM-R,BA.Late,NA,Isolone,NA,16,Cattle,B,MT1,Metatarsal,197,NA,NA,38.4,NA,20.3,NA,NA,42.8,NA,NA,NA,NA,NA,NA,NA,NA,NA,NA,NA,NA,NA,NA,NA,Cattle
625,North,Bronze Age,BA.R,BM-R,BA.Late,NA,Isolone,NA,16,Cattle,B,MT1,Metatarsal,200,NA,NA,37,NA,19.2,NA,NA,41.5,NA,NA,NA,NA,NA,NA,NA,NA,NA,NA,NA,NA,NA,NA,NA,Cattle
626,North,Bronze Age,BA.R,BM-R,BA.Late,NA,Isolone,NA,16,Cattle,B,MT1,Metatarsal,200,NA,NA,41,NA,NA,NA,NA,47,NA,NA,NA,NA,NA,NA,NA,NA,NA,NA,NA,NA,NA,NA,NA,Cattle
627,North,Bronze Age,BA.R,BM-R,BA.Late,NA,Isolone,NA,16,Cattle,B,MT1,Metatarsal,201,NA,NA,36.5,NA,20.4,NA,NA,42.7,NA,NA,NA,NA,NA,NA,NA,NA,NA,NA,NA,NA,NA,NA,NA,Cattle
628,North,Bronze Age,BA.R,BM-R,BA.Late,NA,Isolone,NA,16,Cattle,B,MT1,Metatarsal,201,NA,NA,NA,NA,19.5,NA,NA,44.5,NA,NA,NA,NA,NA,NA,NA,NA,NA,NA,NA,NA,NA,NA,NA,Cattle
629,North,Bronze Age,BA.R,BM-R,BA.Late,NA,Isolone,NA,16,Cattle,B,MT1,Metatarsal,204,NA,NA,42.9,NA,22.7,NA,NA,50.7,NA,NA,NA,NA,NA,NA,NA,NA,NA,NA,NA,NA,NA,NA,NA,Cattle
630,North,Bronze Age,BA.R,BM-R,BA.Late,NA,Isolone,NA,16,Cattle,B,MT1,Metatarsal,204,NA,NA,43.8,NA,23.6,NA,NA,NA,NA,NA,NA,NA,NA,NA,NA,NA,NA,NA,NA,NA,NA,NA,NA,Cattle
631,North,Bronze Age,BA.R,BM-R,BA.Late,NA,Isolone,NA,16,Cattle,B,MT1,Metatarsal,206,NA,NA,NA,NA,24,NA,NA,53.7,NA,NA,NA,NA,NA,NA,NA,NA,NA,NA,NA,NA,NA,NA,NA,Cattle
632,North,Bronze Age,BA.R,BM-R,BA.Late,NA,Isolone,NA,16,Cattle,B,MT1,Metatarsal,207,NA,NA,NA,NA,22.4,NA,NA,NA,NA,NA,NA,NA,NA,NA,NA,NA,NA,NA,NA,NA,NA,NA,NA,Cattle
633,North,Bronze Age,BA.R,BM-R,BA.Late,NA,Isolone,NA,16,Cattle,B,MT1,Metatarsal,207.5,NA,NA,NA,NA,21.5,NA,NA,49.2,NA,NA,NA,NA,NA,NA,NA,NA,NA,NA,NA,NA,NA,NA,NA,Cattle
634,North,Bronze Age,BA.R,BM-R,BA.Late,NA,Isolone,NA,16,Cattle,B,MT1,Metatarsal,208,NA,NA,42.2,NA,24.2,NA,NA,NA,NA,NA,NA,NA,NA,NA,NA,NA,NA,NA,NA,NA,NA,NA,NA,Cattle
635,North,Bronze Age,BA.R,BM-R,BA.Late,NA,Isolone,NA,16,Cattle,B,MT1,Metatarsal,209,NA,NA,42.4,NA,21.8,NA,NA,NA,NA,NA,NA,NA,NA,NA,NA,NA,NA,NA,NA,NA,NA,NA,NA,Cattle
636,North,Bronze Age,BA.R,BM-R,BA.Late,NA,Isolone,NA,16,Cattle,B,MT1,Metatarsal,210,NA,NA,NA,NA,23.4,NA,NA,48.9,NA,NA,NA,NA,NA,NA,NA,NA,NA,NA,NA,NA,NA,NA,NA,Cattle
637,North,Bronze Age,BA.R,BM-R,BA.Late,NA,Isolone,NA,16,Cattle,B,MT1,Metatarsal,210.5,NA,NA,41.3,NA,23.3,NA,NA,NA,NA,NA,NA,NA,NA,NA,NA,NA,NA,NA,NA,NA,NA,NA,NA,Cattle
638,North,Bronze Age,BA.R,BM-R,BA.Late,NA,Isolone,NA,16,Cattle,B,MT1,Metatarsal,214,NA,NA,44.1,NA,22.4,NA,NA,51.2,NA,NA,NA,NA,NA,NA,NA,NA,NA,NA,NA,NA,NA,NA,NA,Cattle
639,North,Bronze Age,BA.R,BM-R,BA.Late,NA,Isolone,NA,16,Cattle,B,MT1,Metatarsal,214,NA,NA,46.4,NA,23.3,NA,NA,51.5,NA,NA,NA,NA,NA,NA,NA,NA,NA,NA,NA,NA,NA,NA,NA,Cattle
640,North,Bronze Age,BA.R,BM-R,BA.Late,NA,Isolone,NA,16,Cattle,B,MT1,Metatarsal,NA,NA,NA,45,NA,22,NA,NA,52,NA,NA,NA,NA,NA,NA,NA,NA,NA,NA,NA,NA,NA,NA,NA,Cattle
908,North,Iron Age,IA2,IA2,IA.Late,NA,Castelrotto,NA,53,Cattle,B,MT1,Metatarsal,NA,NA,NA,NA,NA,NA,NA,NA,42.8,24.8,NA,NA,NA,NA,NA,NA,NA,NA,NA,NA,NA,NA,NA,NA,Cattle
909,North,Iron Age,IA2,IA2,IA.Late,NA,Castelrotto,NA,53,Cattle,B,MT1,Metatarsal,NA,NA,NA,NA,NA,20.5,NA,NA,45.8,26,NA,NA,NA,NA,NA,NA,NA,NA,NA,NA,NA,NA,NA,NA,Cattle
910,North,Iron Age,IA2,IA2,IA.Late,NA,Castelrotto,NA,53,Cattle,B,MT1,Metatarsal,NA,NA,NA,NA,NA,NA,NA,NA,48.2,25.2,NA,NA,NA,NA,NA,NA,NA,NA,NA,NA,NA,NA,NA,NA,Cattle
911,North,Iron Age,IA2,IA2,IA.Late,NA,Castelrotto,NA,53,Cattle,B,MT1,Metatarsal,NA,NA,NA,NA,NA,NA,NA,NA,50.3,26.7,NA,NA,NA,NA,NA,NA,NA,NA,NA,NA,NA,NA,NA,NA,Cattle
912,North,Iron Age,IA2,IA2,IA.Late,NA,Castelrotto,NA,53,Cattle,B,MT1,Metatarsal,NA,NA,NA,NA,NA,NA,NA,NA,49.4,NA,NA,NA,NA,NA,NA,NA,NA,NA,NA,NA,NA,NA,NA,NA,Cattle
913,North,Iron Age,IA2,IA2,IA.Late,NA,Castelrotto,NA,53,Cattle,B,MT1,Metatarsal,NA,NA,NA,NA,NA,NA,NA,NA,40,22.8,NA,NA,NA,NA,NA,NA,NA,NA,NA,NA,NA,NA,NA,NA,Cattle
914,North,Iron Age,IA2,IA2,IA.Late,NA,Castelrotto,NA,53,Cattle,B,MT1,Metatarsal,NA,NA,NA,NA,NA,NA,NA,NA,55.1,30.8,NA,NA,NA,NA,NA,NA,NA,NA,NA,NA,NA,NA,NA,NA,Cattle
1465,South,Iron Age,IA1,IA1,IA.Mid,NA,Marzabotto,V 3,68,Cattle,B,MT1,Metatarsal,NA,NA,NA,45.1,NA,NA,NA,NA,NA,NA,NA,NA,NA,NA,NA,NA,NA,NA,NA,NA,NA,NA,NA,NA,Cattle
1466,South,Iron Age,IA1,IA1,IA.Mid,NA,Marzabotto,V 3,68,Cattle,B,MT1,Metatarsal,NA,NA,NA,45.1,NA,NA,NA,NA,NA,NA,NA,NA,NA,NA,NA,NA,NA,NA,NA,NA,NA,NA,NA,NA,Cattle
1485,South,Iron Age,IA2,IA2,IA.Late,NA,Casale di Rivalta,NA,71,Cattle,B,MT1,Metatarsal,NA,NA,NA,41.6,39.6,NA,NA,NA,NA,NA,NA,NA,NA,NA,NA,NA,NA,NA,NA,NA,NA,NA,NA,NA,Cattle
1486,South,Iron Age,IA2,IA2,IA.Late,NA,Casale di Rivalta,NA,71,Cattle,B,MT1,Metatarsal,NA,NA,NA,40.4,39.3,NA,NA,NA,NA,NA,NA,NA,NA,NA,NA,NA,NA,NA,NA,NA,NA,NA,NA,NA,Cattle
1522,South,Iron Age,IA2,IA2,IA.Late,NA,Case Vandelli,NA,74,Cattle,B,MT1,Metatarsal,NA,NA,NA,46.4,NA,NA,NA,NA,NA,NA,NA,NA,NA,NA,NA,NA,NA,NA,NA,NA,NA,NA,NA,NA,Cattle
1539,South,Iron Age,IA2,IA2,IA.Late,NA,Spina,Excavations 2007-2009,118,Cattle,B,MT1,Metatarsal,NA,NA,NA,37.4,NA,19.5,NA,NA,NA,NA,NA,NA,NA,NA,NA,NA,NA,NA,NA,NA,NA,NA,NA,NA,Cattle
1562,South,Bronze Age,BA.M,BM-R,BA.Middle,NA,Tabina di Margreta,Bronze Age,22,Cattle,B,MT1,Metatarsal,NA,NA,NA,40,NA,NA,NA,NA,NA,NA,NA,NA,NA,NA,NA,NA,NA,NA,NA,NA,NA,NA,NA,0.5,Cattle
1563,South,Bronze Age,BA.M,BM-R,BA.Middle,NA,Tabina di Margreta,Bronze Age,22,Cattle,B,MT1,Metatarsal,NA,NA,NA,NA,NA,22,NA,NA,48,28,NA,NA,NA,NA,NA,NA,NA,NA,NA,NA,NA,NA,NA,0.5,Cattle
1564,South,Bronze Age,BA.M,BM-R,BA.Middle,NA,Tabina di Margreta,Bronze Age,22,Cattle,B,MT1,Metatarsal,NA,NA,NA,NA,NA,NA,NA,NA,53,29,NA,NA,NA,NA,NA,NA,NA,NA,NA,NA,NA,NA,NA,0.5,Cattle
1702,North,Iron Age,IA2,IA2,IA.Late,NA,Santorso,All phases,92,Cattle,B,MT1,Metatarsal,NA,NA,NA,36.8,NA,24.4,NA,NA,NA,NA,NA,NA,NA,NA,NA,NA,NA,NA,NA,NA,NA,NA,NA,NA,Cattle
1703,North,Iron Age,IA2,IA2,IA.Late,NA,Santorso,All phases,92,Cattle,B,MT1,Metatarsal,NA,NA,NA,NA,NA,19,NA,NA,44,NA,NA,NA,NA,NA,NA,NA,NA,NA,NA,NA,NA,NA,NA,NA,Cattle
1704,North,Iron Age,IA2,IA2,IA.Late,NA,Santorso,All phases,92,Cattle,B,MT1,Metatarsal,NA,NA,NA,46.2,40,NA,NA,NA,NA,NA,NA,NA,NA,NA,NA,NA,NA,NA,NA,NA,NA,NA,NA,NA,Cattle
1705,North,Iron Age,IA2,IA2,IA.Late,NA,Santorso,All phases,92,Cattle,B,MT1,Metatarsal,NA,NA,NA,40.7,39.9,NA,NA,NA,NA,NA,NA,NA,NA,NA,NA,NA,NA,NA,NA,NA,NA,NA,NA,NA,Cattle
1706,North,Iron Age,IA2,IA2,IA.Late,NA,Santorso,All phases,92,Cattle,B,MT1,Metatarsal,NA,NA,NA,48.5,44,25.5,NA,NA,NA,NA,NA,NA,NA,NA,NA,NA,NA,NA,NA,NA,NA,NA,NA,NA,Cattle
1827,North,Iron Age,IA2,IA2,IA.Late,NA,Castelrotto,NA,53,Cattle,B,MT1,Metatarsal,NA,NA,NA,38.5,36.3,NA,NA,NA,NA,NA,NA,NA,NA,NA,NA,NA,NA,NA,NA,NA,NA,NA,NA,NA,Cattle
1828,North,Iron Age,IA2,IA2,IA.Late,NA,Castelrotto,NA,53,Cattle,B,MT1,Metatarsal,NA,NA,NA,38.8,39.7,NA,NA,NA,NA,NA,NA,NA,NA,NA,NA,NA,NA,NA,NA,NA,NA,NA,NA,NA,Cattle
1829,North,Iron Age,IA2,IA2,IA.Late,NA,Castelrotto,NA,53,Cattle,B,MT1,Metatarsal,NA,NA,NA,39.8,37.7,NA,NA,NA,NA,NA,NA,NA,NA,NA,NA,NA,NA,NA,NA,NA,NA,NA,NA,NA,Cattle
1830,North,Iron Age,IA2,IA2,IA.Late,NA,Castelrotto,NA,53,Cattle,B,MT1,Metatarsal,NA,NA,NA,40.3,37,NA,NA,NA,NA,NA,NA,NA,NA,NA,NA,NA,NA,NA,NA,NA,NA,NA,NA,NA,Cattle
1831,North,Iron Age,IA2,IA2,IA.Late,NA,Castelrotto,NA,53,Cattle,B,MT1,Metatarsal,NA,NA,NA,41.2,39.6,NA,NA,NA,NA,NA,NA,NA,NA,NA,NA,NA,NA,NA,NA,NA,NA,NA,NA,NA,Cattle
1832,North,Iron Age,IA2,IA2,IA.Late,NA,Castelrotto,NA,53,Cattle,B,MT1,Metatarsal,NA,NA,NA,43.3,41,NA,NA,NA,NA,NA,NA,NA,NA,NA,NA,NA,NA,NA,NA,NA,NA,NA,NA,NA,Cattle
1833,North,Iron Age,IA2,IA2,IA.Late,NA,Castelrotto,NA,53,Cattle,B,MT1,Metatarsal,NA,NA,NA,44.7,42,NA,NA,NA,NA,NA,NA,NA,NA,NA,NA,NA,NA,NA,NA,NA,NA,NA,NA,NA,Cattle
1834,North,Iron Age,IA2,IA2,IA.Late,NA,Castelrotto,NA,53,Cattle,B,MT1,Metatarsal,NA,NA,NA,38.3,37,NA,NA,NA,NA,NA,NA,NA,NA,NA,NA,NA,NA,NA,NA,NA,NA,NA,NA,NA,Cattle
1835,North,Iron Age,IA2,IA2,IA.Late,NA,Castelrotto,NA,53,Cattle,B,MT1,Metatarsal,NA,NA,NA,39.7,35.8,NA,NA,NA,NA,NA,NA,NA,NA,NA,NA,NA,NA,NA,NA,NA,NA,NA,NA,NA,Cattle
1836,North,Iron Age,IA2,IA2,IA.Late,NA,Castelrotto,NA,53,Cattle,B,MT1,Metatarsal,NA,NA,NA,39.7,40.1,NA,NA,NA,NA,NA,NA,NA,NA,NA,NA,NA,NA,NA,NA,NA,NA,NA,NA,NA,Cattle
1837,North,Iron Age,IA2,IA2,IA.Late,NA,Castelrotto,NA,53,Cattle,B,MT1,Metatarsal,NA,NA,NA,44.3,44.3,NA,NA,NA,NA,NA,NA,NA,NA,NA,NA,NA,NA,NA,NA,NA,NA,NA,NA,NA,Cattle
1838,North,Iron Age,IA2,IA2,IA.Late,NA,Castelrotto,NA,53,Cattle,B,MT1,Metatarsal,NA,NA,NA,49.4,46.3,NA,NA,NA,NA,NA,NA,NA,NA,NA,NA,NA,NA,NA,NA,NA,NA,NA,NA,NA,Cattle
2031,North,Bronze Age,BA.M,BM-R,BA.Middle,NA,Lavagnone,Sector A + E,126,Cattle,B,MT1,Metatarsal,214,NA,NA,43.9,40.2,22.3,NA,NA,45.7,27.3,NA,NA,NA,NA,NA,NA,NA,NA,NA,NA,NA,NA,NA,NA,Cattle
2032,North,Bronze Age,BA.M,BM-R,BA.Middle,NA,Lavagnone,Sector A + E,126,Cattle,B,MT1,Metatarsal,205,NA,NA,45.2,NA,22.8,22.2,NA,52.3,27.6,NA,NA,NA,NA,NA,NA,NA,NA,NA,NA,NA,NA,NA,NA,Cattle
2033,North,Bronze Age,BA.M,BM-R,BA.Middle,NA,Lavagnone,Sector A + E,126,Cattle,B,MT1,Metatarsal,NA,NA,NA,46.7,44.7,NA,NA,NA,NA,NA,NA,NA,NA,NA,NA,NA,NA,NA,NA,NA,NA,NA,NA,NA,Cattle
2034,North,Bronze Age,BA.M,BM-R,BA.Middle,NA,Lavagnone,Sector A + E,126,Cattle,B,MT1,Metatarsal,NA,NA,NA,45,43.4,NA,NA,NA,NA,NA,NA,NA,NA,NA,NA,NA,NA,NA,NA,NA,NA,NA,NA,NA,Cattle
2035,North,Bronze Age,BA.M,BM-R,BA.Middle,NA,Lavagnone,Sector A + E,126,Cattle,B,MT1,Metatarsal,NA,NA,NA,42.9,41.4,21.6,NA,NA,NA,NA,NA,NA,NA,NA,NA,NA,NA,NA,NA,NA,NA,NA,NA,NA,Cattle
2036,North,Bronze Age,BA.M,BM-R,BA.Middle,NA,Lavagnone,Sector A + E,126,Cattle,B,MT1,Metatarsal,NA,NA,NA,40.3,35.9,NA,NA,NA,NA,NA,NA,NA,NA,NA,NA,NA,NA,NA,NA,NA,NA,NA,NA,NA,Cattle
2037,North,Bronze Age,BA.M,BM-R,BA.Middle,NA,Lavagnone,Sector A + E,126,Cattle,B,MT1,Metatarsal,NA,NA,NA,40.1,39,NA,NA,NA,NA,NA,NA,NA,NA,NA,NA,NA,NA,NA,NA,NA,NA,NA,NA,NA,Cattle
2038,North,Bronze Age,BA.M,BM-R,BA.Middle,NA,Lavagnone,Sector A + E,126,Cattle,B,MT1,Metatarsal,NA,NA,NA,39.7,37.3,21.9,19.1,NA,NA,NA,NA,NA,NA,NA,NA,NA,NA,NA,NA,NA,NA,NA,NA,NA,Cattle
2039,North,Bronze Age,BA.M,BM-R,BA.Middle,NA,Lavagnone,Sector A + E,126,Cattle,B,MT1,Metatarsal,NA,NA,NA,39.1,39.1,NA,NA,NA,NA,NA,NA,NA,NA,NA,NA,NA,NA,NA,NA,NA,NA,NA,NA,NA,Cattle
2040,North,Bronze Age,BA.M,BM-R,BA.Middle,NA,Lavagnone,Sector A + E,126,Cattle,B,MT1,Metatarsal,NA,NA,NA,NA,NA,NA,NA,NA,49.7,26.8,NA,NA,NA,NA,NA,NA,NA,NA,NA,NA,NA,NA,NA,NA,Cattle
2041,North,Bronze Age,BA.M,BM-R,BA.Middle,NA,Lavagnone,Sector A + E,126,Cattle,B,MT1,Metatarsal,NA,NA,NA,NA,NA,NA,NA,NA,49.7,27.9,NA,NA,NA,NA,NA,NA,NA,NA,NA,NA,NA,NA,NA,NA,Cattle
2049,North,Bronze Age,BA.M,BM-R,BA.Middle,NA,Lavagnone,Sector A + E,126,Cattle,B,MT1,Metatarsal,NA,NA,NA,NA,NA,NA,NA,NA,49.5,26.5,NA,NA,NA,NA,NA,NA,NA,NA,NA,NA,NA,NA,NA,NA,Cattle
2333,South,Bronze Age,BA.M,BM-R,BA.Middle,Rit,Noceto,*Vasca lignea,39,Cattle,B,MT1,Metatarsal,204.5,NA,NA,44.1,40.3,22,20.2,NA,48.3,26.7,NA,NA,NA,NA,NA,NA,NA,NA,NA,NA,NA,NA,NA,NA,Cattle
2334,South,Bronze Age,BA.M,BM-R,BA.Middle,Rit,Noceto,*Vasca lignea,39,Cattle,B,MT1,Metatarsal,200,NA,NA,39.2,37.1,19.8,18.8,NA,45.6,25.8,NA,NA,NA,NA,NA,NA,NA,NA,NA,NA,NA,NA,NA,NA,Cattle
2335,South,Bronze Age,BA.M,BM-R,BA.Middle,Rit,Noceto,*Vasca lignea,39,Cattle,B,MT1,Metatarsal,193,NA,NA,NA,NA,18.8,20,NA,46.5,25,NA,NA,NA,NA,NA,NA,NA,NA,NA,NA,NA,NA,NA,NA,Cattle
2336,South,Bronze Age,BA.M,BM-R,BA.Middle,Rit,Noceto,*Vasca lignea,39,Cattle,B,MT1,Metatarsal,NA,NA,NA,44.7,42.4,22.5,NA,NA,NA,NA,NA,NA,NA,NA,NA,NA,NA,NA,NA,NA,NA,NA,NA,NA,Cattle
2337,South,Bronze Age,BA.M,BM-R,BA.Middle,Rit,Noceto,*Vasca lignea,39,Cattle,B,MT1,Metatarsal,NA,NA,NA,44.6,40.8,NA,NA,NA,NA,NA,NA,NA,NA,NA,NA,NA,NA,NA,NA,NA,NA,NA,NA,NA,Cattle
2338,South,Bronze Age,BA.M,BM-R,BA.Middle,Rit,Noceto,*Vasca lignea,39,Cattle,B,MT1,Metatarsal,NA,NA,NA,43.5,39,23.8,22.9,NA,NA,NA,NA,NA,NA,NA,NA,NA,NA,NA,NA,NA,NA,NA,NA,NA,Cattle
2339,South,Bronze Age,BA.M,BM-R,BA.Middle,Rit,Noceto,*Vasca lignea,39,Cattle,B,MT1,Metatarsal,NA,NA,NA,39,35,19.9,NA,NA,NA,NA,NA,NA,NA,NA,NA,NA,NA,NA,NA,NA,NA,NA,NA,NA,Cattle
2340,South,Bronze Age,BA.M,BM-R,BA.Middle,Rit,Noceto,*Vasca lignea,39,Cattle,B,MT1,Metatarsal,NA,NA,NA,NA,NA,NA,NA,NA,54.3,24.9,NA,NA,NA,NA,NA,NA,NA,NA,NA,NA,NA,NA,NA,NA,Cattle
2443,South,Bronze Age,BA.M,BM-R,BA.Middle,NA,Gaggio,Struttura 1 + capanna alfa,122,Cattle,B,MT1,Metatarsal,NA,NA,NA,NA,NA,NA,NA,NA,57.5,30.5,NA,NA,NA,NA,NA,NA,NA,NA,NA,NA,NA,NA,NA,NA,Cattle
2636,Appennine,Bronze Age,BA.M,BM-R,BA.Middle,NA,Solarolo,via Odriere Settore 1,123,Cattle,B,MT1,Metatarsal,204,NA,NA,39.5,NA,20,NA,NA,46.5,NA,NA,NA,NA,NA,NA,NA,NA,NA,NA,NA,NA,NA,NA,NA,Cattle
2637,Appennine,Bronze Age,BA.M,BM-R,BA.Middle,NA,Solarolo,via Odriere Settore 1,123,Cattle,B,MT1,Metatarsal,196.8,NA,NA,41,NA,21,NA,NA,NA,NA,NA,NA,NA,NA,NA,NA,NA,NA,NA,NA,NA,NA,NA,NA,Cattle
2638,Appennine,Bronze Age,BA.M,BM-R,BA.Middle,NA,Solarolo,via Odriere Settore 1,123,Cattle,B,MT1,Metatarsal,217,NA,NA,45,NA,24.4,NA,NA,53.5,NA,NA,NA,NA,NA,NA,NA,NA,NA,NA,NA,NA,NA,NA,NA,Cattle
2639,Appennine,Bronze Age,BA.M,BM-R,BA.Middle,NA,Solarolo,via Odriere Settore 1,123,Cattle,B,MT1,Metatarsal,NA,NA,NA,43,NA,NA,NA,NA,NA,NA,NA,NA,NA,NA,NA,NA,NA,NA,NA,NA,NA,NA,NA,NA,Cattle
2771,Appennine,Iron Age,IA1,IA1,IA.Mid,NA,Verucchio,Scavo 1963,80,Cattle,B,MT1,Metatarsal,NA,NA,NA,43.4,43.9,NA,NA,NA,NA,NA,NA,NA,NA,NA,NA,NA,NA,NA,NA,NA,NA,NA,NA,NA,Cattle
2772,Appennine,Iron Age,IA1,IA1,IA.Mid,NA,Verucchio,Scavo 1963,80,Cattle,B,MT1,Metatarsal,NA,NA,NA,49.6,NA,26.1,NA,NA,NA,NA,NA,NA,NA,NA,NA,NA,NA,NA,NA,NA,NA,NA,NA,NA,Cattle
2773,Appennine,Iron Age,IA1,IA1,IA.Mid,NA,Verucchio,Scavo 1963,80,Cattle,B,MT1,Metatarsal,NA,NA,NA,NA,NA,24.8,21.4,NA,46.4,27.6,NA,NA,NA,NA,NA,NA,NA,NA,NA,NA,NA,NA,NA,NA,Cattle
2774,Appennine,Iron Age,IA1,IA1,IA.Mid,NA,Verucchio,Scavo 1963,80,Cattle,B,MT1,Metatarsal,200,NA,NA,42.5,41.7,25.7,23.6,NA,53.6,29,NA,NA,NA,NA,NA,NA,NA,NA,NA,NA,NA,NA,NA,*,Cattle
2775,Appennine,Iron Age,IA1,IA1,IA.Mid,NA,Verucchio,Scavo 1963,80,Cattle,B,MT1,Metatarsal,NA,NA,NA,40.5,38.5,23.4,20.3,NA,NA,NA,NA,NA,NA,NA,NA,NA,NA,NA,NA,NA,NA,NA,NA,NA,Cattle
2776,Appennine,Iron Age,IA1,IA1,IA.Mid,NA,Verucchio,Scavo 1963,80,Cattle,B,MT1,Metatarsal,NA,NA,NA,46.2,45.1,26,NA,NA,NA,NA,NA,NA,NA,NA,NA,NA,NA,NA,NA,NA,NA,NA,NA,NA,Cattle
2777,Appennine,Iron Age,IA1,IA1,IA.Mid,NA,Verucchio,Scavo 1963,80,Cattle,B,MT1,Metatarsal,NA,NA,NA,47.4,44.7,NA,NA,NA,NA,NA,NA,NA,NA,NA,NA,NA,NA,NA,NA,NA,NA,NA,NA,NA,Cattle
2778,Appennine,Iron Age,IA1,IA1,IA.Mid,NA,Verucchio,Scavo 1963,80,Cattle,B,MT1,Metatarsal,NA,NA,NA,42.3,40.2,NA,NA,NA,NA,NA,NA,NA,NA,NA,NA,NA,NA,NA,NA,NA,NA,NA,NA,NA,Cattle
2779,Appennine,Iron Age,IA1,IA1,IA.Mid,NA,Verucchio,Scavo 1963,80,Cattle,B,MT1,Metatarsal,NA,NA,NA,39.5,38.5,NA,NA,NA,NA,NA,NA,NA,NA,NA,NA,NA,NA,NA,NA,NA,NA,NA,NA,NA,Cattle
2780,Appennine,Iron Age,IA1,IA1,IA.Mid,NA,Verucchio,Scavo 1963,80,Cattle,B,MT1,Metatarsal,NA,NA,NA,NA,NA,35.4,NA,NA,NA,NA,NA,NA,NA,NA,NA,NA,NA,NA,NA,NA,NA,NA,NA,NA,Cattle
2905,North,Bronze Age,BA.M,BM-R,BA.Middle,NA,Quarto del Tormine,Mozzecane,18,Cattle,B,MT1,Metatarsal,NA,NA,NA,36.5,NA,NA,NA,NA,NA,NA,NA,NA,NA,NA,NA,NA,NA,NA,NA,NA,NA,NA,NA,NA,Cattle
2906,North,Bronze Age,BA.M,BM-R,BA.Middle,NA,Quarto del Tormine,Mozzecane,18,Cattle,B,MT1,Metatarsal,NA,NA,NA,NA,NA,NA,NA,NA,43.7,NA,NA,NA,NA,NA,NA,NA,NA,NA,NA,NA,NA,NA,NA,NA,Cattle
3005,Friuli,Iron Age,IA2,IA2,IA.Late,NA,Gradiscutta,Centes,104,Cattle,B,MT1,Metatarsal,NA,NA,NA,45.8,NA,NA,NA,NA,NA,NA,NA,NA,NA,NA,NA,NA,NA,NA,NA,NA,NA,NA,NA,NA,Cattle
3006,Friuli,Iron Age,IA2,IA2,IA.Late,NA,Gradiscutta,Centes,104,Cattle,B,MT1,Metatarsal,NA,NA,NA,47.3,NA,NA,NA,NA,NA,NA,NA,NA,NA,NA,NA,NA,NA,NA,NA,NA,NA,NA,NA,NA,Cattle
3060,South,Iron Age,IA2,IA2,IA.Late,NA,Marzabotto,Casa 1,119,Cattle,B,MT1,Metatarsal,238.2,NA,NA,51.3,NA,27.6,NA,NA,56.6,NA,NA,NA,NA,NA,NA,NA,NA,NA,NA,GL difficolt to read,NA,NA,NA,NA,Cattle
3061,South,Iron Age,IA2,IA2,IA.Late,NA,Marzabotto,Casa 1,119,Cattle,B,MT1,Metatarsal,201,NA,NA,38.2,NA,23.9,NA,NA,47.3,NA,NA,NA,NA,NA,NA,NA,NA,NA,NA,NA,NA,NA,NA,NA,Cattle
3062,South,Iron Age,IA2,IA2,IA.Late,NA,Marzabotto,Casa 1,119,Cattle,B,MT1,Metatarsal,210,NA,NA,42.7,NA,24.86,NA,NA,49.3,NA,NA,NA,NA,NA,NA,NA,NA,NA,NA,NA,NA,NA,NA,NA,Cattle
3072,Veneto,Iron Age,IA2,IA2,IA.Late,Rit,Oderzo,*Casa preromana Settore S-E,140,Cattle,B,MT1,Metatarsal,223.5,NA,NA,46.2,NA,23,NA,NA,53.5,NA,NA,NA,NA,NA,NA,NA,NA,NA,NA,Possibly same individal,NA,140.1,NA,NA,Cattle
3110,South,Iron Age,IA2,IA2,IA.Late,NA,Spina,Excavations 2007-2009,118,Cattle,B,MT1,Metatarsal,NA,NA,NA,44.4,NA,NA,NA,NA,NA,NA,NA,NA,NA,NA,NA,NA,NA,NA,NA,NA,NA,NA,NA,NA,Cattle
3111,South,Iron Age,IA2,IA2,IA.Late,NA,Spina,Excavations 2007-2009,118,Cattle,B,MT1,Metatarsal,NA,NA,NA,NA,NA,NA,NA,NA,55.1,NA,NA,NA,NA,NA,NA,NA,NA,NA,NA,NA,NA,NA,NA,NA,Cattle
3112,South,Iron Age,IA2,IA2,IA.Late,NA,Spina,Excavations 2007-2009,118,Cattle,B,MT1,Metatarsal,NA,NA,NA,50.8,NA,30.5,NA,NA,NA,NA,NA,NA,NA,NA,NA,NA,NA,NA,NA,NA,NA,NA,NA,NA,Cattle
3124,Veneto,Bronze Age,BA.R-F,BRF-IA0,BA.Late,NA,Fondo Paviani,Riedel 1979 - Recent/Final,21,Cattle,B,MT1,Metatarsal,NA,NA,NA,38.5,NA,NA,NA,NA,NA,NA,NA,NA,NA,NA,NA,NA,NA,NA,NA,NA,NA,NA,NA,NA,Cattle
3125,Veneto,Bronze Age,BA.R-F,BRF-IA0,BA.Late,NA,Fondo Paviani,Riedel 1979 - Recent/Final,21,Cattle,B,MT1,Metatarsal,NA,NA,NA,39.5,NA,NA,NA,NA,NA,NA,NA,NA,NA,NA,NA,NA,NA,NA,NA,NA,NA,NA,NA,NA,Cattle
3126,Veneto,Bronze Age,BA.R-F,BRF-IA0,BA.Late,NA,Fondo Paviani,Riedel 1979 - Recent/Final,21,Cattle,B,MT1,Metatarsal,NA,NA,NA,41.5,NA,NA,NA,NA,NA,NA,NA,NA,NA,NA,NA,NA,NA,NA,NA,NA,NA,NA,NA,NA,Cattle
3210,North,Bronze Age,BA.R,BM-R,BA.Late,NA,Feniletto,NA,15,Cattle,B,MT1,Metatarsal,NA,NA,NA,35.5,NA,NA,NA,NA,NA,NA,NA,NA,NA,NA,NA,NA,NA,NA,NA,NA,NA,NA,NA,NA,Cattle
3211,North,Bronze Age,BA.R,BM-R,BA.Late,NA,Feniletto,NA,15,Cattle,B,MT1,Metatarsal,NA,NA,NA,40,NA,NA,NA,NA,NA,NA,NA,NA,NA,NA,NA,NA,NA,NA,NA,NA,NA,NA,NA,NA,Cattle
3212,North,Bronze Age,BA.R,BM-R,BA.Late,NA,Feniletto,NA,15,Cattle,B,MT1,Metatarsal,NA,NA,NA,43,NA,NA,NA,NA,NA,NA,NA,NA,NA,NA,NA,NA,NA,NA,NA,NA,NA,NA,NA,NA,Cattle
3228,South,Bronze Age,BA.M,BM-R,BA.Middle,NA,Poggio Rusco,NA,28,Cattle,B,MT1,Metatarsal,185,NA,NA,NA,NA,NA,NA,NA,NA,NA,NA,NA,NA,NA,NA,NA,NA,NA,NA,NA,NA,NA,NA,NA,Cattle
3313,South,Bronze Age,BA.M-R,BM-R,BA.Middle-Late,NA,Pilastri Bondeno,Sondaggi 1989,27,Cattle,B,MT1,Metatarsal,NA,NA,NA,39.2,40.6,NA,NA,NA,NA,NA,NA,NA,NA,NA,NA,NA,NA,NA,NA,NA,NA,NA,NA,NA,Cattle
3359,North,Iron Age,IA2,IA2,IA.Late,NA,Colognola ai Colli,NA,54,Cattle,B,MT1,Metatarsal,NA,NA,NA,45.2,NA,NA,NA,NA,NA,NA,NA,NA,NA,NA,NA,NA,NA,NA,NA,NA,NA,NA,NA,NA,Cattle
3480,Appennine,Bronze Age,BA.M-R,BM-R,BA.Middle-Late,ExNISP,San Giuliano di Toscanella,NA,34,Cattle,B,MT1,Metatarsal,194.5,NA,NA,40,36.7,21.3,19.1,NA,45.6,26.3,NA,NA,NA,NA,NA,NA,NA,NA,NA,NA,NA,NA,NA,NA,Cattle
3481,Appennine,Bronze Age,BA.M-R,BM-R,BA.Middle-Late,ExNISP,San Giuliano di Toscanella,NA,34,Cattle,B,MT1,Metatarsal,201,NA,NA,39.6,36.5,21,18.3,NA,45.2,26.7,NA,NA,NA,NA,NA,NA,NA,NA,NA,NA,NA,NA,NA,NA,Cattle
3482,Appennine,Bronze Age,BA.M-R,BM-R,BA.Middle-Late,ExNISP,San Giuliano di Toscanella,NA,34,Cattle,B,MT1,Metatarsal,182,NA,NA,42.4,40,20.7,19.4,NA,47.9,25.9,NA,NA,NA,NA,NA,NA,NA,NA,NA,NA,NA,NA,NA,NA,Cattle
3483,Appennine,Bronze Age,BA.M-R,BM-R,BA.Middle-Late,ExNISP,San Giuliano di Toscanella,NA,34,Cattle,B,MT1,Metatarsal,204,NA,NA,42.2,41.2,22.7,21.7,NA,NA,28.6,NA,NA,NA,NA,NA,NA,NA,NA,NA,NA,NA,NA,NA,NA,Cattle
3485,Appennine,Bronze Age,BA.M-R,BM-R,BA.Middle-Late,ExNISP,San Giuliano di Toscanella,NA,34,Cattle,B,MT1,Metatarsal,NA,NA,NA,NA,NA,25.1,23.5,NA,52.7,NA,NA,NA,NA,NA,NA,NA,NA,NA,NA,NA,NA,NA,NA,NA,Cattle
3487,Appennine,Bronze Age,BA.M-R,BM-R,BA.Middle-Late,ExNISP,San Giuliano di Toscanella,NA,34,Cattle,B,MT1,Metatarsal,201,NA,NA,39.6,37.4,23,20.4,NA,46,25.3,NA,NA,NA,NA,NA,NA,NA,NA,NA,NA,NA,NA,NA,NA,Cattle
3603,Friuli,Iron Age,IA0-IA1,BRF-IA0,IA.Early,NA,Pozzuolo,Excavations 1980-83 Final Bronze-Iron Age,55,Cattle,B,MT1,Metatarsal,197.5,NA,NA,41.6,38.6,20.8,18.8,NA,48,27,NA,NA,NA,NA,NA,NA,NA,NA,NA,NA,NA,NA,NA,NA,Cattle
3604,Friuli,Iron Age,IA0-IA1,BRF-IA0,IA.Early,NA,Pozzuolo,Excavations 1980-83 Final Bronze-Iron Age,55,Cattle,B,MT1,Metatarsal,198.5,NA,NA,43.3,42,20.5,20.3,NA,51.5,27.7,NA,NA,NA,NA,NA,NA,NA,NA,NA,NA,NA,NA,NA,NA,Cattle
3605,Friuli,Iron Age,IA0-IA1,BRF-IA0,IA.Early,NA,Pozzuolo,Excavations 1980-83 Final Bronze-Iron Age,55,Cattle,B,MT1,Metatarsal,201.7,NA,NA,NA,NA,24.5,20.7,NA,52.6,28,NA,NA,NA,NA,NA,NA,NA,NA,NA,NA,NA,NA,NA,NA,Cattle
3606,Friuli,Iron Age,IA0-IA1,BRF-IA0,IA.Early,NA,Pozzuolo,Excavations 1980-83 Final Bronze-Iron Age,55,Cattle,B,MT1,Metatarsal,211,NA,NA,43.5,45,22,NA,NA,52.7,29,NA,NA,NA,NA,NA,NA,NA,NA,NA,NA,NA,NA,NA,NA,Cattle
3607,Friuli,Iron Age,IA0-IA1,BRF-IA0,IA.Early,NA,Pozzuolo,Excavations 1980-83 Final Bronze-Iron Age,55,Cattle,B,MT1,Metatarsal,213,NA,NA,40.5,40.4,23,21.6,NA,45.8,NA,NA,NA,NA,NA,NA,NA,NA,NA,NA,NA,NA,NA,NA,NA,Cattle
3608,Friuli,Iron Age,IA0-IA1,BRF-IA0,IA.Early,NA,Pozzuolo,Excavations 1980-83 Final Bronze-Iron Age,55,Cattle,B,MT1,Metatarsal,NA,NA,NA,NA,NA,24.2,NA,NA,NA,NA,NA,NA,NA,NA,NA,NA,NA,NA,NA,NA,NA,NA,NA,NA,Cattle
3609,Friuli,Iron Age,IA0-IA1,BRF-IA0,IA.Early,NA,Pozzuolo,Excavations 1980-83 Final Bronze-Iron Age,55,Cattle,B,MT1,Metatarsal,197.5,NA,NA,46.8,42.3,25,NA,NA,52.9,NA,NA,NA,NA,NA,NA,NA,NA,NA,NA,NA,NA,NA,NA,NA,Cattle
3610,Friuli,Iron Age,IA0-IA1,BRF-IA0,IA.Early,NA,Pozzuolo,Excavations 1980-83 Final Bronze-Iron Age,55,Cattle,B,MT1,Metatarsal,205.8,NA,NA,46,42.7,22.8,23,NA,56.8,29,NA,NA,NA,NA,NA,NA,NA,NA,NA,NA,NA,NA,NA,NA,Cattle
3611,Friuli,Iron Age,IA0-IA1,BRF-IA0,IA.Early,NA,Pozzuolo,Excavations 1980-83 Final Bronze-Iron Age,55,Cattle,B,MT1,Metatarsal,209.8,NA,NA,45.5,42.8,25,22.2,NA,53.8,29.7,NA,NA,NA,NA,NA,NA,NA,NA,NA,NA,NA,NA,NA,NA,Cattle
3612,Friuli,Iron Age,IA0-IA1,BRF-IA0,IA.Early,NA,Pozzuolo,Excavations 1980-83 Final Bronze-Iron Age,55,Cattle,B,MT1,Metatarsal,215.5,NA,NA,44.8,43.4,27.2,24.6,NA,54.5,29.4,NA,NA,NA,NA,NA,NA,NA,NA,NA,NA,NA,NA,NA,NA,Cattle
3613,Friuli,Iron Age,IA0-IA1,BRF-IA0,IA.Early,NA,Pozzuolo,Excavations 1980-83 Final Bronze-Iron Age,55,Cattle,B,MT1,Metatarsal,NA,NA,NA,38,40.7,NA,NA,NA,NA,NA,NA,NA,NA,NA,NA,NA,NA,NA,NA,NA,NA,NA,NA,NA,Cattle
3614,Friuli,Iron Age,IA0-IA1,BRF-IA0,IA.Early,NA,Pozzuolo,Excavations 1980-83 Final Bronze-Iron Age,55,Cattle,B,MT1,Metatarsal,NA,NA,NA,40.8,40,NA,NA,NA,NA,NA,NA,NA,NA,NA,NA,NA,NA,NA,NA,NA,NA,NA,NA,NA,Cattle
3615,Friuli,Iron Age,IA0-IA1,BRF-IA0,IA.Early,NA,Pozzuolo,Excavations 1980-83 Final Bronze-Iron Age,55,Cattle,B,MT1,Metatarsal,NA,NA,NA,41.8,38.2,NA,NA,NA,NA,NA,NA,NA,NA,NA,NA,NA,NA,NA,NA,NA,NA,NA,NA,NA,Cattle
3616,Friuli,Iron Age,IA0-IA1,BRF-IA0,IA.Early,NA,Pozzuolo,Excavations 1980-83 Final Bronze-Iron Age,55,Cattle,B,MT1,Metatarsal,NA,NA,NA,42.7,43,NA,NA,NA,NA,NA,NA,NA,NA,NA,NA,NA,NA,NA,NA,NA,NA,NA,NA,NA,Cattle
3617,Friuli,Iron Age,IA0-IA1,BRF-IA0,IA.Early,NA,Pozzuolo,Excavations 1980-83 Final Bronze-Iron Age,55,Cattle,B,MT1,Metatarsal,NA,NA,NA,43.2,42,NA,NA,NA,NA,NA,NA,NA,NA,NA,NA,NA,NA,NA,NA,NA,NA,NA,NA,NA,Cattle
3618,Friuli,Iron Age,IA0-IA1,BRF-IA0,IA.Early,NA,Pozzuolo,Excavations 1980-83 Final Bronze-Iron Age,55,Cattle,B,MT1,Metatarsal,NA,NA,NA,44.2,43,NA,NA,NA,NA,NA,NA,NA,NA,NA,NA,NA,NA,NA,NA,NA,NA,NA,NA,NA,Cattle
3620,Friuli,Iron Age,IA0-IA1,BRF-IA0,IA.Early,NA,Pozzuolo,Excavations 1980-83 Final Bronze-Iron Age,55,Cattle,B,MT1,Metatarsal,NA,NA,NA,NA,NA,NA,21.4,NA,47.4,26.9,NA,NA,NA,NA,NA,NA,NA,NA,NA,NA,NA,NA,NA,NA,Cattle
3621,Friuli,Iron Age,IA0-IA1,BRF-IA0,IA.Early,NA,Pozzuolo,Excavations 1980-83 Final Bronze-Iron Age,55,Cattle,B,MT1,Metatarsal,NA,NA,NA,NA,NA,NA,NA,NA,48.6,29.2,NA,NA,NA,NA,NA,NA,NA,NA,NA,NA,NA,NA,NA,NA,Cattle
3622,Friuli,Iron Age,IA0-IA1,BRF-IA0,IA.Early,NA,Pozzuolo,Excavations 1980-83 Final Bronze-Iron Age,55,Cattle,B,MT1,Metatarsal,NA,NA,NA,NA,NA,NA,NA,NA,51,28,NA,NA,NA,NA,NA,NA,NA,NA,NA,NA,NA,NA,NA,NA,Cattle
3623,Friuli,Iron Age,IA0-IA1,BRF-IA0,IA.Early,NA,Pozzuolo,Excavations 1980-83 Final Bronze-Iron Age,55,Cattle,B,MT1,Metatarsal,NA,NA,NA,NA,NA,NA,NA,NA,51.1,NA,NA,NA,NA,NA,NA,NA,NA,NA,NA,NA,NA,NA,NA,NA,Cattle
3624,Friuli,Iron Age,IA0-IA1,BRF-IA0,IA.Early,NA,Pozzuolo,Excavations 1980-83 Final Bronze-Iron Age,55,Cattle,B,MT1,Metatarsal,NA,NA,NA,NA,NA,NA,NA,NA,51.2,29.7,NA,NA,NA,NA,NA,NA,NA,NA,NA,NA,NA,NA,NA,NA,Cattle
3626,Friuli,Iron Age,IA0-IA1,BRF-IA0,IA.Early,NA,Pozzuolo,Excavations 1980-83 Final Bronze-Iron Age,55,Cattle,B,MT1,Metatarsal,NA,NA,NA,NA,NA,NA,NA,NA,51.6,31.4,NA,NA,NA,NA,NA,NA,NA,NA,NA,NA,NA,NA,NA,NA,Cattle
3771,North,Bronze Age,BA.M-R,BM-R,BA.Middle-Late,NA,Castellaro Lagusello,NA,44,Cattle,B,MT1,Metatarsal,NA,NA,NA,NA,NA,NA,NA,NA,51,NA,NA,NA,NA,NA,NA,NA,NA,NA,NA,NA,NA,NA,NA,NA,Cattle
3932,South,Bronze Age,BA.M,BM-R,BA.Middle,NA,Bazzano Rocca,NA,124,Cattle,B,MT1,Metatarsal,210,NA,NA,43.7,40.5,24.8,NA,NA,52.9,26.4,NA,NA,NA,NA,NA,NA,NA,NA,NA,NA,NA,NA,NA,NA,Cattle
3975,South,Bronze Age,BA.M,BM-R,BA.Middle,NA,Poviglio,Villaggio piccolo - MBA,26,Cattle,B,MT1,Metatarsal,187,NA,NA,41.5,40.8,21.7,21.6,NA,55.3,27.2,NA,NA,NA,NA,NA,NA,NA,NA,NA,NA,NA,NA,NA,NA,Cattle
4218,Veneto,Bronze Age,BA.M,BM-R,BA.Middle,NA,Vallette,NA,145,Cattle,B,MT1,Metatarsal,190,NA,NA,NA,NA,19.5,19.5,NA,44.4,NA,NA,NA,NA,NA,NA,NA,NA,NA,NA,NA,NA,NA,NA,1,Cattle
4219,Veneto,Bronze Age,BA.M,BM-R,BA.Middle,NA,Vallette,NA,145,Cattle,B,MT1,Metatarsal,193,NA,NA,NA,NA,20,19,NA,47,NA,NA,NA,NA,NA,NA,NA,NA,NA,NA,NA,NA,NA,NA,1,Cattle
4220,Veneto,Bronze Age,BA.M,BM-R,BA.Middle,NA,Vallette,NA,145,Cattle,B,MT1,Metatarsal,222,NA,NA,NA,NA,21,21,NA,NA,NA,NA,NA,NA,NA,NA,NA,NA,NA,NA,NA,NA,NA,NA,1,Cattle
4384,Veneto,Bronze Age,BA.M,BM-R,BA.Middle,NA,Tombola,NA,146,Cattle,B,MT1,Metatarsal,NA,NA,NA,41,NA,20,NA,NA,NA,NA,NA,NA,NA,NA,NA,NA,NA,NA,NA,NA,NA,NA,NA,1,Cattle
4385,Veneto,Bronze Age,BA.M,BM-R,BA.Middle,NA,Tombola,NA,146,Cattle,B,MT1,Metatarsal,184,NA,NA,36,NA,20,NA,NA,42,18,NA,NA,NA,NA,NA,NA,NA,NA,NA,NA,NA,NA,NA,1,Cattle
4386,Veneto,Bronze Age,BA.M,BM-R,BA.Middle,NA,Tombola,NA,146,Cattle,B,MT1,Metatarsal,188,NA,NA,45,NA,22,NA,NA,51,22,NA,NA,NA,NA,NA,NA,NA,NA,NA,NA,NA,NA,NA,1,Cattle
4387,Veneto,Bronze Age,BA.M,BM-R,BA.Middle,NA,Tombola,NA,146,Cattle,B,MT1,Metatarsal,NA,NA,NA,40,NA,21,NA,NA,NA,20,NA,NA,NA,NA,NA,NA,NA,NA,NA,NA,NA,NA,NA,1,Cattle
4388,Veneto,Bronze Age,BA.M,BM-R,BA.Middle,NA,Tombola,NA,146,Cattle,B,MT1,Metatarsal,NA,NA,NA,NA,NA,21,NA,NA,NA,21,NA,NA,NA,NA,NA,NA,NA,NA,NA,NA,NA,NA,NA,1,Cattle
4389,Veneto,Bronze Age,BA.M,BM-R,BA.Middle,NA,Tombola,NA,146,Cattle,B,MT1,Metatarsal,NA,NA,NA,36,NA,20,NA,NA,NA,19,NA,NA,NA,NA,NA,NA,NA,NA,NA,NA,NA,NA,NA,1,Cattle
4644,South,Iron Age,IA2,IA2,IA.Late,ExNISP,Forcello,Trentacoste PhD,84,Cattle,B,MT1,Metatarsal,NA,NA,NA,NA,NA,NA,NA,NA,46.1,NA,NA,NA,NA,NA,41.8,NA,NA,NA,NA,NA,NA,NA,NA,NA,Cattle
4650,South,Iron Age,IA2,IA2,IA.Late,ExNISP,Forcello,Trentacoste PhD,84,Cattle,B,MT1,Metatarsal,NA,NA,NA,NA,NA,NA,NA,NA,61.1,NA,NA,NA,NA,NA,52.9,NA,NA,NA,NA,NA,NA,NA,NA,NA,Cattle
4807,South,Iron Age,IA2,IA2,IA.Late,ExNISP,Forcello,Trentacoste PhD,84,Cattle,B,MT1,Metatarsal,223,NA,NA,NA,NA,27.2,NA,NA,58.8,NA,NA,NA,NA,NA,52.2,NA,NA,NA,NA,NA,NA,NA,NA,NA,Cattle
4893,South,Iron Age,IA2,IA2,IA.Late,ExNISP,Forcello,Trentacoste PhD,84,Cattle,B,MT1,Metatarsal,203,NA,NA,NA,NA,26.9,NA,NA,54.8,NA,NA,NA,NA,NA,49.9,NA,NA,NA,NA,NA,NA,NA,NA,NA,Cattle
5102,South,Iron Age,IA2,IA2,IA.Late,ExNISP,Forcello,Trentacoste PhD,84,Cattle,B,MT1,Metatarsal,NA,NA,NA,NA,NA,NA,NA,NA,48,NA,NA,NA,NA,NA,44.4,NA,NA,NA,NA,NA,NA,NA,NA,NA,Cattle
5361,South,Iron Age,IA2,IA2,IA.Late,ExNISP,Forcello,Trentacoste PhD,84,Cattle,B,MT1,Metatarsal,NA,NA,NA,NA,NA,NA,NA,NA,60,NA,NA,NA,NA,NA,54.4,NA,NA,NA,NA,Large. Medial condyle very large.,NA,NA,NA,NA,Cattle
5443,South,Iron Age,IA2,IA2,IA.Late,ExNISP,Forcello,Trentacoste PhD,84,Cattle,B,MT1,Metatarsal,NA,NA,NA,NA,NA,NA,NA,NA,55.9,NA,NA,NA,NA,NA,50.7,NA,NA,NA,NA,NA,NA,NA,NA,NA,Cattle
5487,South,Iron Age,IA2,IA2,IA.Late,ExNISP,Forcello,Trentacoste PhD,84,Cattle,B,MT1,Metatarsal,NA,NA,NA,NA,NA,NA,NA,NA,58.3,NA,NA,NA,NA,NA,54.5,NA,NA,NA,NA,NA,NA,NA,NA,NA,Cattle
5666,South,Iron Age,IA2,IA2,IA.Late,ExNISP,Forcello,Trentacoste PhD,84,Cattle,B,MT1,Metatarsal,NA,NA,NA,NA,NA,NA,NA,NA,55.2,NA,NA,NA,NA,NA,49.3,NA,NA,NA,NA,NA,NA,NA,NA,NA,Cattle
5831,South,Iron Age,IA2,IA2,IA.Late,ExNISP,Forcello,Trentacoste PhD,84,Cattle,B,MT1,Metatarsal,212,NA,NA,NA,NA,23.8,NA,NA,NA,NA,NA,NA,NA,NA,47.3,NA,NA,NA,NA,NA,NA,NA,NA,NA,Cattle
5877,South,Iron Age,IA2,IA2,IA.Late,ExNISP,Forcello,Trentacoste PhD,84,Cattle,B,MT1,Metatarsal,221,NA,NA,NA,NA,NA,NA,NA,51.2,NA,NA,NA,NA,NA,46.5,NA,NA,NA,NA,NA,NA,NA,NA,NA,Cattle
5900,South,Iron Age,IA2,IA2,IA.Late,ExNISP,Forcello,Trentacoste PhD,84,Cattle,B,MT1,Metatarsal,NA,NA,NA,NA,NA,NA,NA,NA,55.1,NA,NA,NA,NA,NA,50.5,NA,NA,NA,NA,NA,NA,NA,NA,NA,Cattle
5901,South,Iron Age,IA2,IA2,IA.Late,ExNISP,Forcello,Trentacoste PhD,84,Cattle,B,MT1,Metatarsal,NA,NA,NA,NA,NA,NA,NA,NA,48.6,NA,NA,NA,NA,NA,44.2,NA,NA,NA,NA,NA,NA,NA,NA,NA,Cattle
6013,South,Iron Age,IA2,IA2,IA.Late,ExNISP,Forcello,Trentacoste PhD,84,Cattle,B,MT1,Metatarsal,NA,NA,NA,NA,NA,25.5,NA,NA,54.5,NA,NA,NA,NA,NA,48.4,NA,NA,NA,NA,estimated GL 130,NA,NA,NA,NA,Cattle
6027,South,Iron Age,IA2,IA2,IA.Late,ExNISP,Forcello,Trentacoste PhD,84,Cattle,B,MT1,Metatarsal,NA,NA,NA,NA,NA,NA,NA,NA,46,NA,NA,NA,NA,NA,39.4,NA,NA,NA,NA,NA,NA,NA,NA,NA,Cattle
6030,South,Iron Age,IA2,IA2,IA.Late,ExNISP,Forcello,Trentacoste PhD,84,Cattle,B,MT1,Metatarsal,NA,NA,NA,NA,NA,24.2,NA,NA,NA,NA,NA,NA,NA,NA,47.7,NA,NA,NA,NA,NA,NA,NA,NA,NA,Cattle
6076,South,Iron Age,IA2,IA2,IA.Late,ExNISP,Forcello,Trentacoste PhD,84,Cattle,B,MT1,Metatarsal,214,NA,NA,NA,NA,NA,NA,NA,57.9,NA,NA,NA,NA,NA,NA,NA,NA,NA,NA,NA,NA,NA,NA,NA,Cattle
6083,South,Iron Age,IA2,IA2,IA.Late,ExNISP,Forcello,Trentacoste PhD,84,Cattle,B,MT1,Metatarsal,217,NA,NA,NA,NA,26.7,NA,NA,57.2,NA,NA,NA,NA,NA,52.8,NA,NA,NA,NA,NA,NA,NA,NA,NA,Cattle
6103,South,Iron Age,IA2,IA2,IA.Late,ExNISP,Forcello,Trentacoste PhD,84,Cattle,B,MT1,Metatarsal,NA,NA,NA,NA,NA,22.7,NA,NA,47.5,NA,NA,NA,NA,NA,44,NA,NA,NA,NA,NA,NA,NA,NA,NA,Cattle
8209,South,Iron Age,IA2,IA2,IA.Late,ExNISP,Forcello,Scarpa,1,Cattle,B,MT1,Metatarsal,NA,NA,NA,47,42,NA,NA,NA,NA,NA,NA,NA,NA,NA,NA,NA,NA,NA,NA,NA,NA,NA,NA,1,Cattle
8211,South,Iron Age,IA2,IA2,IA.Late,ExNISP,Forcello,Scarpa,1,Cattle,B,MT1,Metatarsal,NA,NA,NA,46,45,NA,NA,NA,NA,NA,NA,NA,NA,NA,NA,NA,NA,NA,NA,NA,NA,NA,NA,1,Cattle
8212,South,Iron Age,IA2,IA2,IA.Late,ExNISP,Forcello,Scarpa,1,Cattle,B,MT1,Metatarsal,205,NA,NA,47,40,NA,NA,NA,NA,NA,NA,NA,NA,NA,NA,NA,NA,NA,NA,NA,NA,NA,NA,1,Cattle
8394,North,Bronze Age,BA.R,BM-R,BA.Late,NA,Bovolone,Bertoloni et al. 2015,125,Cattle,B,MT1,Metatarsal,NA,NA,NA,43.2,NA,NA,NA,NA,NA,NA,NA,NA,NA,NA,NA,NA,NA,NA,NA,NA,NA,NA,NA,1,Cattle
8395,North,Bronze Age,BA.R,BM-R,BA.Late,NA,Bovolone,Bertoloni et al. 2015,125,Cattle,B,MT1,Metatarsal,NA,NA,NA,42.6,NA,NA,NA,NA,NA,NA,NA,NA,NA,NA,NA,NA,NA,NA,NA,NA,NA,NA,NA,1,Cattle
8396,North,Bronze Age,BA.R,BM-R,BA.Late,NA,Bovolone,Bertoloni et al. 2015,125,Cattle,B,MT1,Metatarsal,NA,NA,NA,NA,NA,19,NA,NA,NA,NA,NA,NA,NA,NA,NA,NA,NA,NA,NA,NA,NA,NA,NA,1,Cattle
8397,North,Bronze Age,BA.R,BM-R,BA.Late,NA,Bovolone,Bertoloni et al. 2015,125,Cattle,B,MT1,Metatarsal,NA,NA,NA,NA,NA,21.5,NA,NA,NA,NA,NA,NA,NA,NA,NA,NA,NA,NA,NA,NA,NA,NA,NA,1,Cattle
8398,North,Bronze Age,BA.R,BM-R,BA.Late,NA,Bovolone,Bertoloni et al. 2015,125,Cattle,B,MT1,Metatarsal,NA,NA,NA,33.6,NA,17,NA,NA,NA,NA,NA,NA,NA,NA,NA,NA,NA,NA,NA,NA,NA,NA,NA,1,Cattle
8399,North,Bronze Age,BA.R,BM-R,BA.Late,NA,Bovolone,Bertoloni et al. 2015,125,Cattle,B,MT1,Metatarsal,NA,NA,NA,44,NA,NA,NA,NA,NA,NA,NA,NA,NA,NA,NA,NA,NA,NA,NA,NA,NA,NA,NA,1,Cattle
8400,North,Bronze Age,BA.R,BM-R,BA.Late,NA,Bovolone,Bertoloni et al. 2015,125,Cattle,B,MT1,Metatarsal,NA,NA,NA,39.5,NA,NA,NA,NA,NA,NA,NA,NA,NA,NA,NA,NA,NA,NA,NA,NA,NA,NA,NA,1*,Cattle
8401,North,Bronze Age,BA.R,BM-R,BA.Late,NA,Bovolone,Bertoloni et al. 2015,125,Cattle,B,MT1,Metatarsal,NA,NA,NA,NA,NA,20.1,NA,NA,NA,NA,NA,NA,NA,NA,NA,NA,NA,NA,NA,NA,NA,NA,NA,1,Cattle
8402,North,Bronze Age,BA.R,BM-R,BA.Late,NA,Bovolone,Bertoloni et al. 2015,125,Cattle,B,MT1,Metatarsal,NA,NA,NA,45,NA,24.3,NA,NA,NA,NA,NA,NA,NA,NA,NA,NA,NA,NA,NA,NA,NA,NA,NA,1*,Cattle
8403,North,Bronze Age,BA.R,BM-R,BA.Late,NA,Bovolone,Bertoloni et al. 2015,125,Cattle,B,MT1,Metatarsal,191,NA,NA,39,NA,20,NA,NA,45,NA,NA,NA,NA,NA,NA,NA,NA,NA,NA,NA,NA,NA,NA,1,Cattle
8404,North,Bronze Age,BA.R,BM-R,BA.Late,NA,Bovolone,Bertoloni et al. 2015,125,Cattle,B,MT1,Metatarsal,NA,NA,NA,NA,NA,21,NA,NA,NA,NA,NA,NA,NA,NA,NA,NA,NA,NA,NA,NA,NA,NA,NA,1,Cattle
8405,North,Bronze Age,BA.R,BM-R,BA.Late,NA,Bovolone,Bertoloni et al. 2015,125,Cattle,B,MT1,Metatarsal,NA,NA,NA,NA,NA,NA,NA,NA,50,NA,NA,NA,NA,NA,NA,NA,NA,NA,NA,NA,NA,NA,NA,1,Cattle
8406,North,Bronze Age,BA.R,BM-R,BA.Late,NA,Bovolone,Bertoloni et al. 2015,125,Cattle,B,MT1,Metatarsal,NA,NA,NA,45,NA,23,NA,NA,NA,NA,NA,NA,NA,NA,NA,NA,NA,NA,NA,NA,NA,NA,NA,1,Cattle
8407,North,Bronze Age,BA.R,BM-R,BA.Late,NA,Bovolone,Bertoloni et al. 2015,125,Cattle,B,MT1,Metatarsal,NA,NA,NA,NA,NA,NA,NA,NA,43,NA,NA,NA,NA,NA,NA,NA,NA,NA,NA,NA,NA,NA,NA,1,Cattle
8408,North,Bronze Age,BA.R,BM-R,BA.Late,NA,Bovolone,Bertoloni et al. 2015,125,Cattle,B,MT1,Metatarsal,NA,NA,NA,41.6,NA,NA,NA,NA,NA,NA,NA,NA,NA,NA,NA,NA,NA,NA,NA,NA,NA,NA,NA,1,Cattle
8409,North,Bronze Age,BA.R,BM-R,BA.Late,NA,Bovolone,Bertoloni et al. 2015,125,Cattle,B,MT1,Metatarsal,NA,NA,NA,46,NA,NA,NA,NA,NA,NA,NA,NA,NA,NA,NA,NA,NA,NA,NA,NA,NA,NA,NA,1,Cattle
8410,North,Bronze Age,BA.R,BM-R,BA.Late,NA,Bovolone,Bertoloni et al. 2015,125,Cattle,B,MT1,Metatarsal,NA,NA,NA,34,NA,16,NA,NA,NA,NA,NA,NA,NA,NA,NA,NA,NA,NA,NA,NA,NA,NA,NA,1,Cattle
8411,North,Bronze Age,BA.R,BM-R,BA.Late,NA,Bovolone,Bertoloni et al. 2015,125,Cattle,B,MT1,Metatarsal,NA,NA,NA,39,NA,NA,NA,NA,NA,NA,NA,NA,NA,NA,NA,NA,NA,NA,NA,NA,NA,NA,NA,1*,Cattle
8412,North,Bronze Age,BA.R,BM-R,BA.Late,NA,Bovolone,Bertoloni et al. 2015,125,Cattle,B,MT1,Metatarsal,NA,NA,NA,37.8,NA,NA,NA,NA,NA,NA,NA,NA,NA,NA,NA,NA,NA,NA,NA,NA,NA,NA,NA,1,Cattle
8413,North,Bronze Age,BA.R,BM-R,BA.Late,NA,Bovolone,Bertoloni et al. 2015,125,Cattle,B,MT1,Metatarsal,NA,NA,NA,NA,NA,NA,NA,NA,42,NA,NA,NA,NA,NA,NA,NA,NA,NA,NA,NA,NA,NA,NA,1,Cattle
8414,North,Bronze Age,BA.R,BM-R,BA.Late,NA,Bovolone,Bertoloni et al. 2015,125,Cattle,B,MT1,Metatarsal,NA,NA,NA,NA,NA,21.3,NA,NA,45,NA,NA,NA,NA,NA,NA,NA,NA,NA,NA,NA,NA,NA,NA,1,Cattle
8415,North,Bronze Age,BA.R,BM-R,BA.Late,NA,Bovolone,Bertoloni et al. 2015,125,Cattle,B,MT1,Metatarsal,NA,NA,NA,37.4,NA,18.8,NA,NA,NA,NA,NA,NA,NA,NA,NA,NA,NA,NA,NA,NA,NA,NA,NA,1,Cattle
8416,North,Bronze Age,BA.R,BM-R,BA.Late,NA,Bovolone,Bertoloni et al. 2015,125,Cattle,B,MT1,Metatarsal,NA,NA,NA,40.6,NA,19,NA,NA,NA,NA,NA,NA,NA,NA,NA,NA,NA,NA,NA,NA,NA,NA,NA,1*,Cattle
8417,North,Bronze Age,BA.R,BM-R,BA.Late,NA,Bovolone,Bertoloni et al. 2015,125,Cattle,B,MT1,Metatarsal,NA,NA,NA,NA,NA,15.2,NA,NA,NA,NA,NA,NA,NA,NA,NA,NA,NA,NA,NA,NA,NA,NA,NA,1*,Cattle
8593,Veneto,Bronze Age,BA.R,BM-R,BA.Late,NA,Larda II,NA,148,Cattle,B,MT1,Metatarsal,NA,NA,NA,NA,NA,22,NA,NA,NA,NA,NA,NA,NA,NA,NA,NA,NA,NA,NA,NA,NA,NA,NA,1,Cattle
8594,Veneto,Bronze Age,BA.R,BM-R,BA.Late,NA,Larda II,NA,148,Cattle,B,MT1,Metatarsal,NA,NA,NA,NA,NA,16.3,NA,NA,NA,NA,NA,NA,NA,NA,NA,NA,NA,NA,NA,NA,NA,NA,NA,1,Cattle
8679,Veneto,Bronze Age,BA.R,BM-R,BA.Late,NA,Campestrin,NA,149,Cattle,B,MT1,Metatarsal,199,NA,NA,40,NA,22.4,NA,NA,47,NA,NA,NA,NA,NA,NA,NA,NA,NA,NA,NA,NA,NA,NA,1,Cattle
8680,Veneto,Bronze Age,BA.R,BM-R,BA.Late,NA,Campestrin,NA,149,Cattle,B,MT1,Metatarsal,NA,NA,NA,35,NA,NA,NA,NA,NA,NA,NA,NA,NA,NA,NA,NA,NA,NA,NA,NA,NA,NA,NA,1,Cattle
8744,Veneto,Bronze Age,BA.R,BM-R,BA.Late,NA,Amolara,NA,150,Cattle,B,MT1,Metatarsal,NA,NA,NA,38,NA,20,NA,NA,NA,NA,NA,NA,NA,NA,NA,NA,NA,NA,NA,NA,NA,NA,NA,1,Cattle
8745,Veneto,Bronze Age,BA.R,BM-R,BA.Late,NA,Amolara,NA,150,Cattle,B,MT1,Metatarsal,NA,NA,NA,NA,NA,17,NA,NA,NA,NA,NA,NA,NA,NA,NA,NA,NA,NA,NA,NA,NA,NA,NA,1,Cattle
9092,Veneto,Bronze Age,BA.R,BM-R,BA.Late,NA,Terranegra,Depellegrin & Tecchiati - BR,61,Cattle,B,MT1,Metatarsal,NA,NA,NA,NA,NA,21.2,NA,NA,47.6,NA,NA,NA,NA,NA,NA,NA,NA,NA,NA,NA,NA,NA,NA,NA,Cattle
9094,Veneto,Bronze Age,BA.R,BM-R,BA.Late,NA,Terranegra,Depellegrin & Tecchiati - BR,61,Cattle,B,MT1,Metatarsal,NA,NA,NA,46.9,NA,23.5,NA,NA,NA,NA,NA,NA,NA,NA,NA,NA,NA,NA,NA,NA,NA,NA,NA,NA,Cattle
9095,Veneto,Bronze Age,BA.R,BM-R,BA.Late,NA,Terranegra,Depellegrin & Tecchiati - BR,61,Cattle,B,MT1,Metatarsal,164,NA,NA,42.5,NA,21.2,NA,NA,47.3,NA,NA,NA,NA,NA,NA,NA,NA,NA,NA,NA,Small but appears in publication like this,NA,NA,NA,Cattle
9096,Veneto,Bronze Age,BA.R,BM-R,BA.Late,NA,Terranegra,Depellegrin & Tecchiati - BR,61,Cattle,B,MT1,Metatarsal,NA,NA,NA,NA,NA,22.6,NA,NA,NA,NA,NA,NA,NA,NA,NA,NA,NA,NA,NA,NA,NA,NA,NA,NA,Cattle
9097,Veneto,Bronze Age,BA.R,BM-R,BA.Late,NA,Terranegra,Depellegrin & Tecchiati - BR,61,Cattle,B,MT1,Metatarsal,NA,NA,NA,NA,NA,22.9,NA,NA,NA,NA,NA,NA,NA,NA,NA,NA,NA,NA,NA,NA,NA,NA,NA,NA,Cattle
9098,Veneto,Iron Age,IA1-IA2,IA1,IA.Mid,NA,Terranegra,Depellegrin & Tecchiati - IA,156,Cattle,B,MT1,Metatarsal,NA,NA,NA,46.7,NA,25.9,NA,NA,NA,NA,NA,NA,NA,NA,NA,NA,NA,NA,NA,NA,NA,NA,NA,*,Cattle
9101,Veneto,Iron Age,IA1-IA2,IA1,IA.Mid,NA,Terranegra,Depellegrin & Tecchiati - IA,156,Cattle,B,MT1,Metatarsal,NA,NA,NA,NA,NA,26.7,NA,NA,NA,NA,NA,NA,NA,NA,NA,NA,NA,NA,NA,NA,NA,NA,NA,NA,Cattle
9102,Veneto,Iron Age,IA1-IA2,IA1,IA.Mid,NA,Terranegra,Depellegrin & Tecchiati - IA,156,Cattle,B,MT1,Metatarsal,NA,NA,NA,41.5,NA,24.4,NA,NA,NA,NA,NA,NA,NA,NA,NA,NA,NA,NA,NA,NA,NA,NA,NA,NA,Cattle
9103,Veneto,Iron Age,IA1-IA2,IA1,IA.Mid,NA,Terranegra,Depellegrin & Tecchiati - IA,156,Cattle,B,MT1,Metatarsal,NA,NA,NA,NA,NA,NA,NA,NA,51.9,NA,NA,NA,NA,NA,NA,NA,NA,NA,NA,NA,NA,NA,NA,NA,Cattle
9104,Veneto,Iron Age,IA1-IA2,IA1,IA.Mid,NA,Terranegra,Depellegrin & Tecchiati - IA,156,Cattle,B,MT1,Metatarsal,NA,NA,NA,NA,NA,21.6,NA,NA,NA,NA,NA,NA,NA,NA,NA,NA,NA,NA,NA,NA,NA,NA,NA,NA,Cattle
9105,Veneto,Iron Age,IA1-IA2,IA1,IA.Mid,NA,Terranegra,Depellegrin & Tecchiati - IA,156,Cattle,B,MT1,Metatarsal,NA,NA,NA,47.2,NA,NA,NA,NA,NA,NA,NA,NA,NA,NA,NA,NA,NA,NA,NA,NA,NA,NA,NA,NA,Cattle
9106,Veneto,Iron Age,IA1-IA2,IA1,IA.Mid,NA,Terranegra,Depellegrin & Tecchiati - IA,156,Cattle,B,MT1,Metatarsal,210.7,NA,NA,47.3,NA,25.1,NA,NA,56.1,NA,NA,NA,NA,NA,NA,NA,NA,NA,NA,NA,NA,NA,NA,NA,Cattle
9107,Veneto,Iron Age,IA1-IA2,IA1,IA.Mid,NA,Terranegra,Depellegrin & Tecchiati - IA,156,Cattle,B,MT1,Metatarsal,NA,NA,NA,NA,NA,NA,NA,NA,47.2,NA,NA,NA,NA,NA,NA,NA,NA,NA,NA,NA,NA,NA,NA,NA,Cattle
9232,North,Iron Age,IA2,IA2,IA.Late,NA,Castelrotto,NA,53,Cattle,B,MT1,Metatarsal,NA,NA,NA,38.4,NA,NA,NA,NA,NA,NA,NA,NA,NA,NA,NA,NA,NA,NA,NA,NA,NA,NA,NA,*,Cattle
9233,North,Iron Age,IA2,IA2,IA.Late,NA,Castelrotto,NA,53,Cattle,B,MT1,Metatarsal,NA,NA,NA,43.8,41.4,NA,NA,NA,NA,NA,NA,NA,NA,NA,NA,NA,NA,NA,NA,NA,NA,NA,NA,*,Cattle
9234,North,Iron Age,IA2,IA2,IA.Late,NA,Castelrotto,NA,53,Cattle,B,MT1,Metatarsal,NA,NA,NA,46.2,42.7,NA,NA,NA,NA,NA,NA,NA,NA,NA,NA,NA,NA,NA,NA,NA,NA,NA,NA,*,Cattle
9262,North,Bronze Age,BA.M,BM-R,BA.Middle,NA,Nogarole Rocca,I Camponi,17,Cattle,B,MT1,Metatarsal,185.5,NA,NA,37,NA,18.5,17.8,NA,41.2,25.5,NA,NA,NA,NA,NA,NA,NA,NA,NA,NA,NA,NA,NA,NA,Cattle
9263,North,Bronze Age,BA.M,BM-R,BA.Middle,NA,Nogarole Rocca,I Camponi,17,Cattle,B,MT1,Metatarsal,207,NA,NA,46.5,NA,25,NA,NA,NA,NA,NA,NA,NA,NA,NA,NA,NA,NA,NA,NA,NA,NA,NA,NA,Cattle
9264,North,Bronze Age,BA.M,BM-R,BA.Middle,NA,Nogarole Rocca,I Camponi,17,Cattle,B,MT1,Metatarsal,211.7,NA,NA,45.5,NA,24.9,22.7,NA,55,30,NA,NA,NA,NA,NA,NA,NA,NA,NA,NA,NA,NA,NA,NA,Cattle
9265,North,Bronze Age,BA.M,BM-R,BA.Middle,NA,Nogarole Rocca,I Camponi,17,Cattle,B,MT1,Metatarsal,NA,NA,NA,43.9,NA,NA,NA,NA,45,NA,NA,NA,NA,NA,NA,NA,NA,NA,NA,NA,NA,NA,NA,NA,Cattle
9266,North,Bronze Age,BA.M,BM-R,BA.Middle,NA,Nogarole Rocca,I Camponi,17,Cattle,B,MT1,Metatarsal,NA,NA,NA,46,NA,NA,NA,NA,54,NA,NA,NA,NA,NA,NA,NA,NA,NA,NA,NA,NA,NA,NA,NA,Cattle
9267,North,Bronze Age,BA.M,BM-R,BA.Middle,NA,Nogarole Rocca,I Camponi,17,Cattle,B,MT1,Metatarsal,NA,NA,NA,46.3,NA,NA,NA,NA,54,NA,NA,NA,NA,NA,NA,NA,NA,NA,NA,NA,NA,NA,NA,NA,Cattle
9312,Friuli,Iron Age,IA0,IA1,IA.Early,NA,Gradisca,Iron Age I,169,Cattle,B,MT1,Metatarsal,NA,NA,NA,45.4,NA,NA,NA,NA,NA,NA,NA,NA,NA,NA,NA,NA,NA,NA,NA,NA,NA,NA,NA,NA,Cattle
9313,Friuli,Iron Age,IA0,IA1,IA.Early,NA,Gradisca,Iron Age I,169,Cattle,B,MT1,Metatarsal,NA,NA,NA,41.7,NA,NA,NA,NA,NA,NA,NA,NA,NA,NA,NA,NA,NA,NA,NA,NA,NA,NA,NA,NA,Cattle
9384,Friuli,Iron Age,IA2,IA2,IA.Late,NA,Gradisca,Iron Age II,170,Cattle,B,MT1,Metatarsal,NA,NA,NA,NA,NA,26.2,NA,NA,NA,NA,NA,NA,NA,NA,NA,NA,NA,NA,NA,NA,NA,NA,NA,NA,Cattle
9385,Friuli,Iron Age,IA2,IA2,IA.Late,NA,Gradisca,Iron Age II,170,Cattle,B,MT1,Metatarsal,NA,NA,NA,NA,NA,NA,NA,NA,47,NA,NA,NA,NA,NA,NA,NA,NA,NA,NA,NA,NA,NA,NA,NA,Cattle
9427,Friuli,Iron Age,IA0-IA1,BRF-IA0,IA.Early,NA,Pozzuolo,Excavations 1980-83 Final Bronze-Iron Age,55,Cattle,B,MT1,Metatarsal,199,NA,NA,43.2,NA,24.7,NA,NA,NA,NA,NA,NA,NA,NA,NA,NA,NA,NA,NA,Petrucci,NA,NA,NA,NA,Cattle
9428,Friuli,Iron Age,IA0-IA1,BRF-IA0,IA.Early,NA,Pozzuolo,Excavations 1980-83 Final Bronze-Iron Age,55,Cattle,B,MT1,Metatarsal,NA,NA,NA,48.6,NA,NA,NA,NA,NA,NA,NA,NA,NA,NA,NA,NA,NA,NA,NA,Petrucci,NA,NA,NA,NA,Cattle
9447,Friuli,Iron Age,IA0,BRF-IA0,IA.Early,NA,Pozzuolo,Braida Roggia - Iron Age,142,Cattle,B,MT1,Metatarsal,NA,NA,NA,42.5,NA,23.5,NA,NA,NA,NA,NA,NA,NA,NA,NA,NA,NA,NA,NA,NA,NA,NA,NA,NA,Cattle
9464,Veneto,Iron Age,IA2,IA2,IA.Late,NA,Oderzo,via dei Mosaici - E+G (IV-II),195,Cattle,B,MT1,Metatarsal,198,NA,NA,40.8,37.4,21.1,19.7,NA,45.9,27.4,NA,NA,NA,NA,NA,NA,NA,NA,NA,NA,NA,NA,NA,NA,Cattle
9465,Veneto,Iron Age,IA2,IA2,IA.Late,NA,Oderzo,via dei Mosaici - E+G (IV-II),195,Cattle,B,MT1,Metatarsal,241,NA,NA,50.2,48.5,28.5,24.5,NA,57.5,32.2,NA,NA,NA,NA,NA,NA,NA,NA,NA,NA,NA,NA,NA,NA,Cattle
9513,Friuli,Iron Age,IA0,BRF-IA0,IA.Early,NA,Concordia Sagittaria,Quartiere Nord-Ovest 2001,167,Cattle,B,MT1,Metatarsal,NA,NA,NA,39,NA,19,NA,NA,NA,NA,NA,NA,NA,NA,NA,NA,NA,NA,NA,NA,NA,NA,NA,1,Cattle
9514,Friuli,Iron Age,IA0,BRF-IA0,IA.Early,NA,Concordia Sagittaria,Quartiere Nord-Ovest 2001,167,Cattle,B,MT1,Metatarsal,NA,NA,NA,NA,NA,24,NA,NA,NA,NA,NA,NA,NA,NA,NA,NA,NA,NA,NA,NA,NA,NA,NA,1,Cattle
9515,Friuli,Iron Age,IA0,BRF-IA0,IA.Early,NA,Concordia Sagittaria,Quartiere Nord-Ovest 2001,167,Cattle,B,MT1,Metatarsal,197,NA,NA,43,NA,23,21,NA,49,NA,NA,NA,NA,NA,NA,NA,NA,NA,NA,NA,NA,NA,NA,1,Cattle
9516,Friuli,Iron Age,IA0,BRF-IA0,IA.Early,NA,Concordia Sagittaria,Quartiere Nord-Ovest 2001,167,Cattle,B,MT1,Metatarsal,NA,NA,NA,45,NA,NA,NA,NA,NA,NA,NA,NA,NA,NA,NA,NA,NA,NA,NA,NA,NA,NA,NA,1,Cattle
9517,Friuli,Iron Age,IA0,BRF-IA0,IA.Early,NA,Concordia Sagittaria,Quartiere Nord-Ovest 2001,167,Cattle,B,MT1,Metatarsal,NA,NA,NA,NA,NA,NA,NA,NA,51,NA,NA,NA,NA,NA,NA,NA,NA,NA,NA,NA,NA,NA,NA,1,Cattle
9518,Friuli,Iron Age,IA0,BRF-IA0,IA.Early,NA,Concordia Sagittaria,Quartiere Nord-Ovest 2001,167,Cattle,B,MT1,Metatarsal,NA,NA,NA,NA,NA,NA,NA,NA,47,NA,NA,NA,NA,NA,NA,NA,NA,NA,NA,NA,NA,NA,NA,1,Cattle
9519,Friuli,Iron Age,IA0,BRF-IA0,IA.Early,NA,Concordia Sagittaria,Quartiere Nord-Ovest 2001,167,Cattle,B,MT1,Metatarsal,NA,NA,NA,44,NA,NA,NA,NA,NA,NA,NA,NA,NA,NA,NA,NA,NA,NA,NA,NA,NA,NA,NA,1,Cattle
9520,Friuli,Iron Age,IA0,BRF-IA0,IA.Early,NA,Concordia Sagittaria,Quartiere Nord-Ovest 2001,167,Cattle,B,MT1,Metatarsal,NA,NA,NA,43,NA,NA,NA,NA,NA,NA,NA,NA,NA,NA,NA,NA,NA,NA,NA,NA,NA,NA,NA,1,Cattle
9521,Friuli,Iron Age,IA0,BRF-IA0,IA.Early,NA,Concordia Sagittaria,Quartiere Nord-Ovest 2001,167,Cattle,B,MT1,Metatarsal,212,NA,NA,31,NA,23,23,NA,52,NA,NA,NA,NA,NA,NA,NA,NA,NA,NA,NA,NA,NA,NA,1,Cattle
9522,Friuli,Iron Age,IA0,BRF-IA0,IA.Early,NA,Concordia Sagittaria,Quartiere Nord-Ovest 2001,167,Cattle,B,MT1,Metatarsal,NA,NA,NA,42,NA,NA,NA,NA,NA,NA,NA,NA,NA,NA,NA,NA,NA,NA,NA,NA,NA,NA,NA,1,Cattle
9523,Friuli,Iron Age,IA0,BRF-IA0,IA.Early,NA,Concordia Sagittaria,Quartiere Nord-Ovest 2001,167,Cattle,B,MT1,Metatarsal,193,NA,NA,46,NA,24,23,NA,55,NA,NA,NA,NA,NA,NA,NA,NA,NA,NA,NA,NA,NA,NA,1,Cattle
9524,Friuli,Iron Age,IA0,BRF-IA0,IA.Early,NA,Concordia Sagittaria,Quartiere Nord-Ovest 2001,167,Cattle,B,MT1,Metatarsal,NA,NA,NA,39,NA,18,NA,NA,NA,NA,NA,NA,NA,NA,NA,NA,NA,NA,NA,NA,NA,NA,NA,1,Cattle
9876,Friuli,Roman,Rom.Late,Late,Roman.Late,NA,Aquileia,area a est del foro - Riedel 1994,175,Cattle,B,MT1,Metatarsal,227,NA,NA,NA,NA,NA,NA,NA,NA,NA,NA,NA,NA,NA,NA,NA,NA,NA,NA,NA,NA,NA,NA,NA,Cattle
9966,Veneto,Roman,Rom.M-L,Mid-Late,Roman.Mid-Late,NA,Oderzo,Pozzo romano - all strata (1st-4th c AD),214,Cattle,B,MT1,Metatarsal,NA,NA,NA,56.2,NA,NA,NA,NA,NA,NA,NA,NA,NA,NA,NA,NA,NA,NA,NA,NA,NA,NA,NA,NA,Cattle
10108,Veneto,Roman,Rom.M-L,Mid-Late,Roman.Mid-Late,NA,Altino,Riedel 1985,56,Cattle,B,MT1,Metatarsal,NA,NA,NA,39.5,40,NA,NA,NA,NA,NA,NA,NA,NA,NA,NA,NA,NA,NA,NA,NA,NA,NA,NA,NA,Cattle
10109,Veneto,Roman,Rom.M-L,Mid-Late,Roman.Mid-Late,NA,Altino,Riedel 1985,56,Cattle,B,MT1,Metatarsal,NA,NA,NA,55.4,50.2,NA,NA,NA,NA,NA,NA,NA,NA,NA,NA,NA,NA,NA,NA,NA,NA,NA,NA,NA,Cattle
10110,Veneto,Roman,Rom.M-L,Mid-Late,Roman.Mid-Late,NA,Altino,Riedel 1985,56,Cattle,B,MT1,Metatarsal,NA,NA,NA,55.5,20.2,NA,NA,NA,NA,NA,NA,NA,NA,NA,NA,NA,NA,NA,NA,NA,NA,NA,NA,NA,Cattle
10111,Veneto,Roman,Rom.M-L,Mid-Late,Roman.Mid-Late,NA,Altino,Riedel 1985,56,Cattle,B,MT1,Metatarsal,NA,NA,NA,58.2,55.3,NA,NA,NA,NA,NA,NA,NA,NA,NA,NA,NA,NA,NA,NA,NA,NA,NA,NA,NA,Cattle
10112,Veneto,Roman,Rom.M-L,Mid-Late,Roman.Mid-Late,NA,Altino,Riedel 1985,56,Cattle,B,MT1,Metatarsal,NA,NA,NA,63.6,NA,NA,NA,NA,NA,NA,NA,NA,NA,NA,NA,NA,NA,NA,NA,NA,NA,NA,NA,NA,Cattle
10113,Veneto,Roman,Rom.M-L,Mid-Late,Roman.Mid-Late,NA,Altino,Riedel 1985,56,Cattle,B,MT1,Metatarsal,NA,NA,NA,NA,NA,NA,23.4,NA,52.8,30.4,NA,NA,NA,NA,48.2,NA,NA,NA,NA,NA,NA,NA,NA,NA,Cattle
10114,Veneto,Roman,Rom.M-L,Mid-Late,Roman.Mid-Late,NA,Altino,Riedel 1985,56,Cattle,B,MT1,Metatarsal,NA,NA,NA,NA,NA,NA,24.6,NA,52.2,29.6,NA,NA,NA,NA,49.5,NA,NA,NA,NA,NA,NA,NA,NA,NA,Cattle
10115,Veneto,Roman,Rom.M-L,Mid-Late,Roman.Mid-Late,NA,Altino,Riedel 1985,56,Cattle,B,MT1,Metatarsal,NA,NA,NA,NA,NA,29.8,26.6,NA,58.7,33.8,NA,NA,NA,NA,55.5,NA,NA,NA,NA,NA,NA,NA,NA,NA,Cattle
10116,Veneto,Roman,Rom.M-L,Mid-Late,Roman.Mid-Late,NA,Altino,Riedel 1985,56,Cattle,B,MT1,Metatarsal,NA,NA,NA,NA,NA,NA,NA,NA,68.5,36.5,NA,NA,NA,NA,63.5,NA,NA,NA,NA,NA,NA,NA,NA,NA,Cattle
10117,Veneto,Roman,Rom.M-L,Mid-Late,Roman.Mid-Late,NA,Altino,Riedel 1985,56,Cattle,B,MT1,Metatarsal,NA,NA,NA,NA,NA,35.5,31,NA,72.4,41.5,NA,NA,NA,NA,65.8,NA,NA,NA,NA,NA,NA,NA,NA,NA,Cattle
10204,Friuli,Roman,Rom.M-L,Mid-Late,Roman.Mid-Late,NA,Aquileia,Foro Ovest 93-94,196,Cattle,B,MT1,Metatarsal,NA,NA,NA,47.4,NA,28.6,NA,NA,NA,NA,NA,NA,NA,NA,NA,NA,NA,NA,NA,NA,NA,NA,NA,NA,Cattle
10771,Friuli,Roman,Rom,Mid,Roman.Mid,Rit,Trieste,*Crosada - Phase 4c,178,Cattle,B,MT1,Metatarsal,NA,NA,NA,47,46.6,NA,NA,NA,NA,NA,NA,NA,NA,NA,NA,NA,NA,NA,NA,NA,NA,NA,NA,NA,Cattle
10772,Friuli,Roman,Rom,Mid,Roman.Mid,Rit,Trieste,*Crosada - Phase 4c,178,Cattle,B,MT1,Metatarsal,NA,NA,NA,54.7,NA,NA,NA,NA,NA,NA,NA,NA,NA,NA,NA,NA,NA,NA,NA,NA,NA,NA,NA,*,Cattle
10773,Friuli,Roman,Rom,Mid,Roman.Mid,Rit,Trieste,*Crosada - Phase 4c,178,Cattle,B,MT1,Metatarsal,NA,NA,NA,NA,NA,NA,NA,NA,54.5,30.9,NA,NA,NA,NA,NA,NA,NA,NA,NA,NA,NA,NA,NA,NA,Cattle
11123,Friuli,Roman,Rom.Late,Late,Roman.Late,NA,Udine,Late Roman,246,Cattle,B,MT1,Metatarsal,210,NA,NA,44.5,43,28,23.2,NA,55.7,28,NA,NA,NA,NA,50.2,NA,NA,NA,NA,NA,NA,NA,NA,NA,Cattle
11124,Friuli,Roman,Rom.Late,Late,Roman.Late,NA,Udine,Late Roman,246,Cattle,B,MT1,Metatarsal,235,NA,NA,56,53.3,31.6,28,NA,62.3,35.3,NA,NA,NA,NA,55.7,NA,NA,NA,NA,NA,NA,NA,NA,NA,Cattle
11125,Friuli,Roman,Rom.Late,Late,Roman.Late,NA,Udine,Late Roman,246,Cattle,B,MT1,Metatarsal,NA,NA,NA,41.6,40,NA,NA,NA,NA,NA,NA,NA,NA,NA,NA,NA,NA,NA,NA,NA,NA,NA,NA,NA,Cattle
11292,Friuli,Bronze Age,BA.R-F,BRF-IA0,BA.Late,NA,Udine,'Late Bronze Age',247,Cattle,B,MT1,Metatarsal,NA,NA,NA,NA,NA,NA,NA,NA,49,29,NA,NA,NA,NA,NA,NA,NA,NA,NA,NA,NA,NA,NA,NA,Cattle
11293,Friuli,Bronze Age,BA.R-F,BRF-IA0,BA.Late,NA,Udine,'Late Bronze Age',247,Cattle,B,MT1,Metatarsal,NA,NA,NA,NA,NA,NA,NA,NA,56.5,NA,NA,NA,NA,NA,NA,NA,NA,NA,NA,NA,NA,NA,NA,*,Cattle
11336,Friuli,Bronze Age,BA.R,BRF-IA0,BA.Late,NA,Rividischia,Cjamps dai Cjastilirs,248,Cattle,B,MT1,Metatarsal,193.51,NA,NA,37.9,NA,20,NA,NA,44.9,NA,NA,NA,NA,NA,NA,NA,NA,NA,NA,NA,NA,NA,NA,NA,Cattle
11364,Veneto,Roman,Rom.M-L,Mid-Late,Roman.Mid-Late,NA,Torcello,Late Imperial II-VIII 2nd-4th c. AD,256,Cattle,B,MT1,Metatarsal,NA,NA,NA,51.6,NA,NA,NA,NA,NA,NA,NA,NA,NA,NA,NA,NA,NA,NA,NA,NA,NA,NA,NA,NA,Cattle
11712,South,Roman,Rom.Early,Early,Roman.Early,NA,Calvatone,Wilkens - Bio data from academia,253,Cattle,B,MT1,Metatarsal,NA,NA,NA,51.8,54.5,NA,NA,NA,NA,NA,NA,NA,NA,NA,NA,NA,NA,NA,NA,NA,NA,NA,NA,NA,Cattle
11720,South,Roman,Rom.Early,Early,Roman.Early,NA,Calvatone,Wilkens - Bio data from academia,253,Cattle,B,MT1,Metatarsal,NA,NA,NA,46.3,50.3,NA,NA,NA,NA,NA,NA,NA,NA,NA,NA,NA,NA,NA,NA,NA,NA,NA,NA,NA,Cattle
11721,South,Roman,Rom.Early,Early,Roman.Early,NA,Calvatone,Wilkens - Bio data from academia,253,Cattle,B,MT1,Metatarsal,NA,NA,NA,47.1,44.4,NA,NA,NA,NA,NA,NA,NA,NA,NA,NA,NA,NA,NA,NA,NA,NA,NA,NA,NA,Cattle
11722,South,Roman,Rom.Early,Early,Roman.Early,NA,Calvatone,Wilkens - Bio data from academia,253,Cattle,B,MT1,Metatarsal,NA,NA,NA,NA,NA,NA,NA,NA,60.1,NA,NA,NA,NA,NA,NA,NA,NA,NA,NA,NA,NA,NA,NA,NA,Cattle
11756,South,Roman,Rom.Early,Early,Roman.Early,NA,Calvatone,Wilkens - Bio data from academia,253,Cattle,B,MT1,Metatarsal,NA,NA,NA,57,NA,NA,NA,NA,NA,NA,NA,NA,NA,NA,NA,NA,NA,NA,NA,NA,NA,NA,NA,NA,Cattle
11784,South,Roman,Rom.Early,Early,Roman.Early,NA,Calvatone,Wilkens - Bio data from academia,253,Cattle,B,MT1,Metatarsal,230,NA,NA,52,48.8,27.1,NA,NA,NA,NA,NA,NA,NA,NA,NA,NA,NA,NA,NA,NA,NA,NA,NA,NA,Cattle
11904,South,Roman,Rom.Early,Early,Roman.Early,NA,Calvatone,Wilkens - Bio data from academia,253,Cattle,B,MT1,Metatarsal,NA,NA,NA,NA,NA,NA,NA,NA,54,30.7,NA,NA,NA,NA,NA,NA,NA,NA,NA,NA,NA,NA,NA,NA,Cattle
11936,South,Roman,Rom.Early,Early,Roman.Early,NA,Calvatone,Wilkens - Bio data from academia,253,Cattle,B,MT1,Metatarsal,NA,NA,NA,49.7,46.7,NA,NA,NA,NA,NA,NA,NA,NA,NA,NA,NA,NA,NA,NA,NA,NA,NA,NA,NA,Cattle
11937,South,Roman,Rom.Early,Early,Roman.Early,NA,Calvatone,Wilkens - Bio data from academia,253,Cattle,B,MT1,Metatarsal,NA,NA,NA,NA,NA,NA,NA,NA,54.8,31.2,NA,NA,NA,NA,NA,NA,NA,NA,NA,NA,NA,NA,NA,NA,Cattle
11947,South,Roman,Rom.Early,Early,Roman.Early,NA,Calvatone,Wilkens - Bio data from academia,253,Cattle,B,MT1,Metatarsal,NA,NA,NA,59,NA,NA,NA,NA,NA,NA,NA,NA,NA,NA,NA,NA,NA,NA,NA,NA,NA,NA,NA,NA,Cattle
12241,South,Roman,Rom.Early,Early,Roman.Early,NA,Calvatone,Wilkens - Bio data from academia,253,Cattle,B,MT1,Metatarsal,225,NA,NA,52.3,49.9,31.2,NA,NA,NA,NA,NA,NA,NA,NA,NA,NA,NA,NA,NA,NA,NA,NA,NA,NA,Cattle
12269,South,Roman,Rom.Early,Early,Roman.Early,NA,Calvatone,Wilkens - Bio data from academia,253,Cattle,B,MT1,Metatarsal,NA,NA,NA,59.8,55.1,31.6,NA,NA,NA,NA,NA,NA,NA,NA,NA,NA,NA,NA,NA,NA,NA,NA,NA,NA,Cattle
12282,South,Roman,Rom.Early,Early,Roman.Early,NA,Calvatone,Wilkens - Bio data from academia,253,Cattle,B,MT1,Metatarsal,247,NA,NA,51.9,49.5,30.9,NA,NA,56.3,35.1,NA,NA,NA,NA,NA,NA,NA,NA,NA,NA,NA,NA,NA,NA,Cattle
12285,South,Roman,Rom.Early,Early,Roman.Early,NA,Calvatone,Wilkens - Bio data from academia,253,Cattle,B,MT1,Metatarsal,NA,NA,NA,46.9,43,NA,NA,NA,NA,NA,NA,NA,NA,NA,NA,NA,NA,NA,NA,NA,NA,NA,NA,NA,Cattle
12286,South,Roman,Rom.Early,Early,Roman.Early,NA,Calvatone,Wilkens - Bio data from academia,253,Cattle,B,MT1,Metatarsal,NA,NA,NA,49,NA,NA,NA,NA,NA,NA,NA,NA,NA,NA,NA,NA,NA,NA,NA,NA,NA,NA,NA,NA,Cattle
12287,South,Roman,Rom.Early,Early,Roman.Early,NA,Calvatone,Wilkens - Bio data from academia,253,Cattle,B,MT1,Metatarsal,NA,NA,NA,NA,NA,NA,NA,NA,58.3,34.8,NA,NA,NA,NA,NA,NA,NA,NA,NA,NA,NA,NA,NA,NA,Cattle
12288,South,Roman,Rom.Early,Early,Roman.Early,NA,Calvatone,Wilkens - Bio data from academia,253,Cattle,B,MT1,Metatarsal,247,NA,NA,56.9,53.9,30,NA,NA,NA,NA,NA,NA,NA,NA,NA,NA,NA,NA,NA,NA,NA,NA,NA,NA,Cattle
12289,South,Roman,Rom.Early,Early,Roman.Early,NA,Calvatone,Wilkens - Bio data from academia,253,Cattle,B,MT1,Metatarsal,231,NA,NA,50.9,47.2,28.6,NA,NA,NA,NA,NA,NA,NA,NA,NA,NA,NA,NA,NA,NA,NA,NA,NA,NA,Cattle
12297,South,Roman,Rom.Early,Early,Roman.Early,NA,Calvatone,Wilkens - Bio data from academia,253,Cattle,B,MT1,Metatarsal,NA,NA,NA,49.2,NA,28.9,NA,NA,NA,NA,NA,NA,NA,NA,NA,NA,NA,NA,NA,NA,NA,NA,NA,NA,Cattle
12307,South,Roman,Rom.Early,Early,Roman.Early,NA,Calvatone,Wilkens - Bio data from academia,253,Cattle,B,MT1,Metatarsal,NA,NA,NA,47.3,NA,NA,NA,NA,NA,NA,NA,NA,NA,NA,NA,NA,NA,NA,NA,NA,NA,NA,NA,NA,Cattle
12308,South,Roman,Rom.Early,Early,Roman.Early,NA,Calvatone,Wilkens - Bio data from academia,253,Cattle,B,MT1,Metatarsal,NA,NA,NA,49.6,NA,NA,NA,NA,NA,NA,NA,NA,NA,NA,NA,NA,NA,NA,NA,NA,NA,NA,NA,NA,Cattle
NA,Appennine,Bronze Age,BA.M-R,BM-R,BA.Middle-Late,NA,Case Missiroli,NA,453,Cattle,B,MC,NA,NA,NA,NA,52.8,NA,NA,NA,NA,NA,NA,NA,NA,NA,NA,NA,NA,NA,NA,NA,NA,NA,NA,NA,NA,Cattle
NA,Veneto,Iron Age,IA2,IA2,IA.Late,NA,Padova,Via S. Canziano IV-V,467,Cattle,B,MC,NA,177.7,NA,NA,52.8,31.6,27.4,18.9,NA,53.9,NA,NA,NA,NA,NA,NA,NA,NA,NA,NA,NA,NA,NA,NA,NA,Cattle
NA,Veneto,Iron Age,IA2,IA2,IA.Late,NA,Padova,Via S. Canziano IV-V,467,Cattle,B,MC,NA,197.8,NA,NA,58,36.9,32.7,20.6,NA,59.8,32.3,NA,NA,NA,NA,NA,NA,NA,NA,NA,NA,NA,NA,NA,NA,Cattle
NA,Veneto,Iron Age,IA2,IA2,IA.Late,NA,Padova,Via S. Canziano IV-V,467,Cattle,B,MC,NA,204.3,NA,NA,64.9,37.9,37.4,23,NA,NA,35.8,NA,NA,NA,NA,NA,NA,NA,NA,NA,NA,NA,NA,NA,NA,Cattle
NA,Veneto,Iron Age,IA1,IA1,IA.Mid,NA,Padova,"Via S. Canziano, phases I-III",466,Cattle,B,MC,NA,NA,NA,NA,92.9,40.9,NA,NA,NA,NA,NA,NA,NA,NA,NA,NA,NA,NA,NA,NA,NA,NA,NA,NA,NA,Cattle
NA,Veneto,Iron Age,IA1,IA1,IA.Mid,NA,Padova,"Via S. Canziano, phases I-III",466,Cattle,B,MC,NA,NA,NA,NA,58.5,NA,NA,NA,NA,NA,NA,NA,NA,NA,NA,NA,NA,NA,NA,NA,NA,NA,NA,NA,NA,Cattle
NA,Veneto,Iron Age,IA1,IA1,IA.Mid,NA,Padova,"Via S. Canziano, phases I-III",466,Cattle,B,MC,NA,NA,NA,NA,55.8,34.4,NA,NA,NA,NA,NA,NA,NA,NA,NA,NA,NA,NA,NA,NA,NA,NA,NA,NA,NA,Cattle
NA,Veneto,Iron Age,IA1,IA1,IA.Mid,NA,Padova,"Via S. Canziano, phases I-III",466,Cattle,B,MC,NA,NA,NA,NA,NA,NA,NA,NA,NA,52.6,28,NA,NA,NA,NA,NA,NA,NA,NA,NA,NA,NA,NA,NA,NA,Cattle
NA,Veneto,Iron Age,IA1,IA1,IA.Mid,NA,Padova,"Via S. Canziano, phases I-III",466,Cattle,B,MC,NA,186.2,NA,NA,55.7,32.9,28.6,19.2,NA,54,29.8,NA,NA,NA,NA,NA,NA,NA,NA,NA,NA,NA,NA,NA,NA,Cattle
NA,Veneto,Iron Age,IA1,IA1,IA.Mid,NA,Padova,"Via S. Canziano, phases I-III",466,Cattle,B,MC,NA,192.1,NA,NA,59.9,36.2,32.7,22.8,NA,60.3,29.9,NA,NA,NA,NA,NA,NA,NA,NA,NA,NA,NA,NA,NA,NA,Cattle
NA,Veneto,Iron Age,IA1,IA1,IA.Mid,NA,Padova,"Via S. Canziano, phases I-III",466,Cattle,B,MC,NA,196.8,NA,NA,58.3,35.4,32.2,21.8,NA,NA,32.5,NA,NA,NA,NA,NA,NA,NA,NA,NA,NA,NA,NA,NA,NA,Cattle
NA,Veneto,Iron Age,IA1,IA1,IA.Mid,NA,Padova,"Via S. Canziano, phases I-III",466,Cattle,B,MC,NA,186.6,NA,NA,58.8,34.7,32.8,20.5,NA,61.8,30,NA,NA,NA,NA,NA,NA,NA,NA,NA,NA,NA,NA,NA,NA,Cattle
NA,Appennine,Bronze Age,BA.M-R,BM-R,BA.Middle-Late,NA,Case Missiroli,NA,453,Cattle,B,MT,NA,200,NA,NA,38.7,NA,21.2,NA,NA,46.8,NA,NA,NA,NA,NA,NA,NA,NA,NA,NA,NA,NA,NA,NA,NA,Cattle
NA,Appennine,Bronze Age,BA.M-R,BM-R,BA.Middle-Late,NA,Case Missiroli,NA,453,Cattle,B,MT,NA,230,NA,NA,45.3,NA,25,NA,NA,53,NA,NA,NA,NA,NA,NA,NA,NA,NA,NA,NA,NA,NA,NA,NA,Cattle
NA,Appennine,Bronze Age,BA.M-R,BM-R,BA.Middle-Late,NA,Case Missiroli,NA,453,Cattle,B,MT,NA,220,NA,NA,40,NA,23,NA,NA,48,NA,NA,NA,NA,NA,NA,NA,NA,NA,NA,NA,NA,NA,NA,NA,Cattle
NA,Appennine,Bronze Age,BA.M-R,BM-R,BA.Middle-Late,NA,Case Missiroli,NA,453,Cattle,B,MT,NA,NA,NA,NA,NA,NA,NA,NA,NA,49.5,NA,NA,NA,NA,NA,NA,NA,NA,NA,NA,NA,NA,NA,NA,NA,Cattle
NA,Appennine,Bronze Age,BA.M-R,BM-R,BA.Middle-Late,NA,Case Missiroli,NA,453,Cattle,B,MT,NA,197.5,NA,NA,41,NA,23.5,NA,NA,45.8,NA,NA,NA,NA,NA,NA,NA,NA,NA,NA,NA,NA,NA,NA,NA,Cattle
NA,Veneto,Iron Age,IA2,IA2,IA.Late,NA,Padova,Via S. Canziano IV-V,467,Cattle,B,MT,NA,NA,NA,NA,53.7,49.4,NA,NA,NA,NA,NA,NA,NA,NA,NA,NA,NA,NA,NA,NA,NA,NA,NA,NA,NA,Cattle
NA,Veneto,Iron Age,IA2,IA2,IA.Late,NA,Padova,Via S. Canziano IV-V,467,Cattle,B,MT,NA,NA,NA,NA,47.2,45,NA,NA,NA,NA,NA,NA,NA,NA,NA,NA,NA,NA,NA,NA,NA,NA,NA,NA,NA,Cattle
NA,Veneto,Iron Age,IA1,IA1,IA.Mid,NA,Padova,"Via S. Canziano, phases I-III",466,Cattle,B,MT,NA,NA,NA,NA,48.6,41.5,NA,NA,NA,NA,NA,NA,NA,NA,NA,NA,NA,NA,NA,NA,NA,NA,NA,NA,NA,Cattle
NA,Veneto,Iron Age,IA1,IA1,IA.Mid,NA,Padova,"Via S. Canziano, phases I-III",466,Cattle,B,MT,NA,NA,NA,NA,53.4,52.1,NA,NA,NA,NA,NA,NA,NA,NA,NA,NA,NA,NA,NA,NA,NA,NA,NA,NA,NA,Cattle
NA,Veneto,Iron Age,IA1,IA1,IA.Mid,NA,Padova,"Via S. Canziano, phases I-III",466,Cattle,B,MT,NA,NA,NA,NA,44.2,NA,NA,NA,NA,NA,NA,NA,NA,NA,NA,NA,NA,NA,NA,NA,NA,NA,NA,NA,NA,Cattle
NA,Veneto,Iron Age,IA1,IA1,IA.Mid,NA,Padova,"Via S. Canziano, phases I-III",466,Cattle,B,MT,NA,232.3,NA,NA,48.4,49.1,28.2,21.1,NA,54.3,30,NA,NA,NA,NA,NA,NA,NA,NA,NA,NA,NA,NA,NA,NA,Cattle
NA,Veneto,Iron Age,IA1,IA1,IA.Mid,NA,Padova,"Via S. Canziano, phases I-III",466,Cattle,B,MT,NA,244.7,NA,NA,48,45.2,26.3,24.5,NA,NA,29.8,NA,NA,NA,NA,NA,NA,NA,NA,NA,NA,NA,NA,NA,NA,Cattle
NA,Veneto,Iron Age,IA1,IA1,IA.Mid,NA,Padova,"Via S. Canziano, phases I-III",466,Cattle,B,MT,NA,215.5,NA,NA,46.2,44.2,26.2,24,NA,51.6,30.2,NA,NA,NA,NA,NA,NA,NA,NA,NA,NA,NA,NA,NA,NA,Cattle
NA,Veneto,Iron Age,IA1,IA1,IA.Mid,NA,Padova,"Via S. Canziano, phases I-III",466,Cattle,B,MT,NA,214.1,NA,NA,46.3,42.4,24.6,22.5,NA,49.8,27.8,NA,NA,NA,NA,NA,NA,NA,NA,NA,NA,NA,NA,NA,NA,Cattle
NA,Veneto,Iron Age,IA1,IA1,IA.Mid,NA,Padova,"Via S. Canziano, phases I-III",466,Cattle,B,MT,NA,230.7,NA,NA,49.4,49.1,26.9,24.7,NA,NA,31.5,NA,NA,NA,NA,NA,NA,NA,NA,NA,NA,NA,NA,NA,NA,Cattle
1426,South,Iron Age,IA1,IA1,IA.Mid,NA,Castenaso,Bologna - Castenaso,59,Cattle,B,RA,Radius,268,NA,NA,NA,NA,35.1,NA,NA,NA,NA,NA,NA,NA,NA,NA,NA,NA,NA,NA,NA,NA,57.1,*,NA,Cattle
1523,South,Iron Age,IA2,IA2,IA.Late,NA,Case Vandelli,NA,74,Cattle,B,RA,Radius,NA,NA,NA,NA,NA,NA,NA,NA,67.3,NA,NA,NA,NA,NA,NA,NA,NA,NA,NA,NA,NA,NA,NA,NA,Cattle
1524,South,Iron Age,IA2,IA2,IA.Late,NA,Case Vandelli,NA,74,Cattle,B,RA,Radius,NA,NA,NA,NA,NA,NA,NA,NA,78.2,NA,NA,NA,NA,NA,NA,NA,NA,NA,NA,NA,NA,NA,NA,NA,Cattle
1559,South,Bronze Age,BA.M,BM-R,BA.Middle,NA,Tabina di Margreta,Bronze Age,22,Cattle,B,RA,Radius,250,NA,NA,67,33,33,NA,NA,57,NA,NA,NA,NA,NA,NA,NA,NA,NA,NA,NA,NA,NA,NA,0.5,Cattle
1661,North,Iron Age,IA2,IA2,IA.Late,NA,Santorso,All phases,92,Cattle,B,RA,Radius,NA,NA,NA,67.6,32,NA,NA,NA,NA,NA,NA,NA,NA,NA,NA,NA,NA,NA,NA,NA,NA,NA,NA,NA,Cattle
1662,North,Iron Age,IA2,IA2,IA.Late,NA,Santorso,All phases,92,Cattle,B,RA,Radius,NA,NA,NA,77.2,39.9,NA,NA,NA,NA,NA,NA,NA,NA,NA,NA,NA,NA,NA,NA,NA,NA,NA,NA,NA,Cattle
1663,North,Iron Age,IA2,IA2,IA.Late,NA,Santorso,All phases,92,Cattle,B,RA,Radius,NA,NA,NA,77.9,39.7,NA,NA,NA,NA,NA,NA,NA,NA,NA,NA,NA,NA,NA,NA,NA,NA,NA,NA,NA,Cattle
1664,North,Iron Age,IA2,IA2,IA.Late,NA,Santorso,All phases,92,Cattle,B,RA,Radius,NA,NA,NA,75,38.7,NA,NA,NA,NA,NA,NA,NA,NA,NA,NA,NA,NA,NA,NA,NA,NA,NA,NA,NA,Cattle
1665,North,Iron Age,IA2,IA2,IA.Late,NA,Santorso,All phases,92,Cattle,B,RA,Radius,NA,NA,NA,75.5,NA,NA,NA,NA,NA,NA,NA,NA,NA,NA,NA,NA,NA,NA,NA,NA,NA,NA,NA,NA,Cattle
1666,North,Iron Age,IA2,IA2,IA.Late,NA,Santorso,All phases,92,Cattle,B,RA,Radius,NA,NA,NA,81.2,45.2,NA,NA,NA,NA,NA,NA,NA,NA,NA,NA,NA,NA,NA,NA,NA,NA,NA,NA,NA,Cattle
1667,North,Iron Age,IA2,IA2,IA.Late,NA,Santorso,All phases,92,Cattle,B,RA,Radius,NA,NA,NA,76.7,40.4,NA,NA,NA,NA,NA,NA,NA,NA,NA,NA,NA,NA,NA,NA,NA,NA,NA,NA,NA,Cattle
1668,North,Iron Age,IA2,IA2,IA.Late,NA,Santorso,All phases,92,Cattle,B,RA,Radius,NA,NA,NA,NA,NA,NA,NA,NA,68.1,NA,NA,NA,NA,NA,NA,NA,NA,NA,NA,NA,NA,NA,NA,NA,Cattle
1669,North,Iron Age,IA2,IA2,IA.Late,NA,Santorso,All phases,92,Cattle,B,RA,Radius,NA,NA,NA,NA,NA,NA,NA,NA,58,NA,NA,NA,NA,NA,NA,NA,NA,NA,NA,NA,NA,NA,NA,NA,Cattle
1670,North,Iron Age,IA2,IA2,IA.Late,NA,Santorso,All phases,92,Cattle,B,RA,Radius,NA,NA,NA,NA,NA,NA,NA,NA,58,NA,NA,NA,NA,NA,NA,NA,NA,NA,NA,NA,NA,NA,NA,NA,Cattle
1867,North,Iron Age,IA2,IA2,IA.Late,NA,Castelrotto,NA,53,Cattle,B,RA,Radius,NA,NA,NA,70,NA,NA,NA,NA,NA,NA,NA,NA,NA,NA,NA,NA,NA,NA,NA,NA,NA,NA,NA,NA,Cattle
1991,North,Bronze Age,BA.M,BM-R,BA.Middle,NA,Lavagnone,Sector A + E,126,Cattle,B,RA,Radius,NA,NA,NA,72.7,36.8,NA,NA,NA,NA,NA,NA,NA,NA,NA,NA,NA,NA,NA,75.7,NA,NA,NA,NA,NA,Cattle
1992,North,Bronze Age,BA.M,BM-R,BA.Middle,NA,Lavagnone,Sector A + E,126,Cattle,B,RA,Radius,NA,NA,NA,61.5,32.7,NA,NA,NA,NA,NA,NA,NA,NA,NA,NA,NA,NA,NA,57.5,NA,NA,NA,NA,NA,Cattle
1993,North,Bronze Age,BA.M,BM-R,BA.Middle,NA,Lavagnone,Sector A + E,126,Cattle,B,RA,Radius,NA,NA,NA,NA,NA,NA,NA,NA,56.4,NA,32,NA,NA,NA,NA,NA,NA,NA,NA,NA,NA,NA,NA,NA,Cattle
2046,North,Bronze Age,BA.M,BM-R,BA.Middle,NA,Lavagnone,Sector A + E,126,Cattle,B,RA,Radius,NA,NA,NA,NA,NA,NA,NA,NA,64.9,35.9,NA,NA,NA,NA,NA,NA,NA,NA,NA,NA,NA,NA,NA,NA,Cattle
2302,South,Bronze Age,BA.M,BM-R,BA.Middle,Rit,Noceto,*Vasca lignea,39,Cattle,B,RA,Radius,NA,NA,NA,70.8,38.9,NA,NA,NA,NA,NA,NA,NA,NA,NA,NA,NA,NA,NA,NA,NA,NA,NA,NA,NA,Cattle
2303,South,Bronze Age,BA.M,BM-R,BA.Middle,Rit,Noceto,*Vasca lignea,39,Cattle,B,RA,Radius,NA,NA,NA,70.4,36.2,NA,NA,NA,NA,NA,NA,NA,NA,NA,NA,NA,NA,NA,NA,NA,NA,NA,NA,NA,Cattle
2304,South,Bronze Age,BA.M,BM-R,BA.Middle,Rit,Noceto,*Vasca lignea,39,Cattle,B,RA,Radius,NA,NA,NA,68.5,33.9,NA,NA,NA,NA,NA,NA,NA,NA,NA,NA,NA,NA,NA,NA,NA,NA,NA,NA,NA,Cattle
2305,South,Bronze Age,BA.M,BM-R,BA.Middle,Rit,Noceto,*Vasca lignea,39,Cattle,B,RA,Radius,NA,NA,NA,67.8,34.3,NA,NA,NA,NA,NA,NA,NA,NA,NA,NA,NA,NA,NA,NA,NA,NA,NA,NA,NA,Cattle
2306,South,Bronze Age,BA.M,BM-R,BA.Middle,Rit,Noceto,*Vasca lignea,39,Cattle,B,RA,Radius,NA,NA,NA,65.3,36.4,NA,NA,NA,NA,NA,NA,NA,NA,NA,NA,NA,NA,NA,NA,NA,NA,NA,NA,NA,Cattle
2307,South,Bronze Age,BA.M,BM-R,BA.Middle,Rit,Noceto,*Vasca lignea,39,Cattle,B,RA,Radius,NA,NA,NA,NA,NA,NA,NA,NA,70.9,NA,NA,NA,NA,NA,NA,NA,NA,NA,NA,NA,NA,NA,NA,NA,Cattle
2308,South,Bronze Age,BA.M,BM-R,BA.Middle,Rit,Noceto,*Vasca lignea,39,Cattle,B,RA,Radius,NA,NA,NA,NA,NA,NA,NA,NA,64.1,37.6,NA,NA,NA,NA,NA,NA,NA,NA,NA,NA,NA,NA,NA,NA,Cattle
2367,South,Bronze Age,BA.M,BM-R,BA.Middle,NA,Baggiovara,Opera Pia Bianchi,121,Cattle,B,RA,Radius,268,NA,NA,73.8,35.5,20.8,38.3,NA,66.3,37.4,NA,NA,NA,NA,NA,NA,NA,NA,NA,NA,NA,NA,NA,NA,Cattle
2368,South,Bronze Age,BA.M,BM-R,BA.Middle,NA,Baggiovara,Opera Pia Bianchi,121,Cattle,B,RA,Radius,NA,NA,NA,NA,NA,NA,NA,NA,59.2,32.2,NA,NA,NA,NA,NA,NA,NA,NA,NA,NA,NA,NA,NA,NA,Cattle
2369,South,Bronze Age,BA.M,BM-R,BA.Middle,NA,Baggiovara,Opera Pia Bianchi,121,Cattle,B,RA,Radius,NA,NA,NA,NA,NA,NA,NA,NA,57.6,29.8,NA,NA,NA,NA,NA,NA,NA,NA,NA,NA,NA,NA,NA,NA,Cattle
2441,South,Bronze Age,BA.M,BM-R,BA.Middle,NA,Gaggio,Struttura 1 + capanna alfa,122,Cattle,B,RA,Radius,NA,NA,NA,63.2,NA,NA,NA,NA,NA,NA,NA,NA,NA,NA,NA,NA,NA,NA,NA,NA,NA,NA,NA,NA,Cattle
2738,Appennine,Iron Age,IA1,IA1,IA.Mid,NA,Verucchio,Scavo 1963,80,Cattle,B,RA,Radius,NA,NA,NA,74.5,NA,NA,NA,NA,NA,NA,NA,NA,NA,NA,NA,NA,NA,NA,68.7,NA,NA,NA,NA,NA,Cattle
2739,Appennine,Iron Age,IA1,IA1,IA.Mid,NA,Verucchio,Scavo 1963,80,Cattle,B,RA,Radius,NA,NA,NA,76.6,NA,NA,NA,NA,NA,NA,NA,NA,NA,NA,NA,NA,NA,NA,74.5,NA,NA,NA,NA,NA,Cattle
2744,Appennine,Iron Age,IA1,IA1,IA.Mid,NA,Verucchio,Scavo 1963,80,Cattle,B,RA,Radius,NA,NA,NA,NA,NA,NA,NA,NA,69.8,NA,NA,NA,NA,NA,NA,NA,NA,66,NA,NA,NA,NA,NA,NA,Cattle
2745,Appennine,Iron Age,IA1,IA1,IA.Mid,NA,Verucchio,Scavo 1963,80,Cattle,B,RA,Radius,NA,NA,NA,NA,NA,35.1,NA,NA,NA,NA,NA,NA,NA,NA,NA,NA,NA,NA,NA,NA,NA,NA,NA,NA,Cattle
2902,North,Bronze Age,BA.M,BM-R,BA.Middle,NA,Quarto del Tormine,Mozzecane,18,Cattle,B,RA,Radius,NA,NA,NA,75,NA,NA,NA,NA,NA,NA,NA,NA,NA,NA,NA,NA,NA,NA,68.9,NA,NA,NA,NA,NA,Cattle
2939,South,Iron Age,IA2,IA2,IA.Late,NA,Fidenza,NA,70,Cattle,B,RA,Radius,NA,NA,NA,76,NA,NA,NA,NA,NA,NA,NA,NA,NA,NA,NA,NA,NA,NA,NA,NA,NA,NA,NA,NA,Cattle
3004,Friuli,Iron Age,IA2,IA2,IA.Late,NA,Gradiscutta,Centes,104,Cattle,B,RA,Radius,NA,NA,NA,74.4,NA,NA,NA,NA,NA,NA,NA,NA,NA,NA,NA,NA,NA,NA,68.6,NA,NA,NA,NA,NA,Cattle
3064,South,Iron Age,IA2,IA2,IA.Late,NA,Rubiera,Ca del Cristo,72,Cattle,B,RA,Radius,262,NA,NA,73.2,NA,36.4,NA,NA,67.5,NA,NA,NA,NA,NA,NA,NA,NA,NA,NA,NA,NA,NA,NA,NA,Cattle
3117,Veneto,Bronze Age,BA.R-F,BRF-IA0,BA.Late,NA,Fondo Paviani,Riedel 1979 - Recent/Final,21,Cattle,B,RA,Radius,NA,NA,NA,NA,NA,NA,NA,NA,56.7,NA,NA,NA,NA,NA,NA,NA,NA,NA,NA,NA,NA,NA,NA,NA,Cattle
3203,North,Bronze Age,BA.R,BM-R,BA.Late,NA,Feniletto,NA,15,Cattle,B,RA,Radius,232.5,NA,NA,64.2,NA,28.5,NA,NA,52.7,NA,NA,NA,NA,NA,NA,NA,NA,NA,60.2,NA,NA,NA,NA,NA,Cattle
3204,North,Bronze Age,BA.R,BM-R,BA.Late,NA,Feniletto,NA,15,Cattle,B,RA,Radius,NA,NA,NA,65.4,NA,NA,NA,NA,NA,NA,NA,NA,NA,NA,NA,NA,NA,NA,61,NA,NA,NA,NA,NA,Cattle
3225,South,Bronze Age,BA.M,BM-R,BA.Middle,NA,Poggio Rusco,NA,28,Cattle,B,RA,Radius,NA,NA,NA,69,35,NA,NA,NA,NA,NA,NA,NA,NA,NA,NA,NA,NA,NA,NA,NA,NA,NA,NA,NA,Cattle
3226,South,Bronze Age,BA.M,BM-R,BA.Middle,NA,Poggio Rusco,NA,28,Cattle,B,RA,Radius,230,NA,NA,69,35.5,NA,NA,NA,59,36,NA,NA,NA,NA,NA,NA,NA,NA,NA,NA,NA,NA,NA,NA,Cattle
3247,North,Bronze Age,BA.R,BM-R,BA.Late,NA,Isolone,NA,16,Cattle,B,RA,Radius,232,NA,NA,61.6,NA,28,NA,NA,46.3,NA,NA,NA,NA,NA,NA,NA,NA,43.4,55,NA,Bd small but appears in publication like this,NA,NA,NA,Cattle
3248,North,Bronze Age,BA.R,BM-R,BA.Late,NA,Isolone,NA,16,Cattle,B,RA,Radius,241,NA,NA,67.5,NA,31.2,NA,NA,59,NA,NA,NA,NA,NA,NA,NA,NA,NA,62,NA,NA,NA,NA,NA,Cattle
3350,North,Iron Age,IA2,IA2,IA.Late,NA,Colognola ai Colli,NA,54,Cattle,B,RA,Radius,NA,NA,NA,NA,NA,NA,NA,NA,59.2,NA,NA,NA,NA,NA,NA,NA,NA,NA,NA,NA,NA,NA,NA,NA,Cattle
3351,North,Iron Age,IA2,IA2,IA.Late,NA,Colognola ai Colli,NA,54,Cattle,B,RA,Radius,NA,NA,NA,74,NA,NA,NA,NA,NA,NA,NA,NA,NA,NA,NA,NA,NA,NA,67.1,NA,NA,NA,NA,NA,Cattle
3352,North,Iron Age,IA2,IA2,IA.Late,NA,Colognola ai Colli,NA,54,Cattle,B,RA,Radius,298,NA,NA,76.7,NA,38.2,NA,NA,74.7,NA,NA,NA,NA,NA,NA,NA,NA,NA,NA,NA,NA,NA,NA,NA,Cattle
3353,North,Iron Age,IA2,IA2,IA.Late,NA,Colognola ai Colli,NA,54,Cattle,B,RA,Radius,NA,NA,NA,NA,NA,NA,NA,NA,76,NA,NA,NA,NA,NA,NA,NA,NA,NA,NA,NA,NA,NA,NA,NA,Cattle
3499,Appennine,Bronze Age,BA.M-R,BM-R,BA.Middle-Late,ExNISP,San Giuliano di Toscanella,NA,34,Cattle,B,RA,Radius,269,NA,NA,77.7,38,38,22.1,NA,69,NA,NA,NA,NA,NA,NA,NA,NA,NA,72.5,NA,NA,NA,NA,NA,Cattle
3530,Friuli,Bronze Age,BA.R,BM-R,BA.Late,NA,Pozzuolo,Braida Roggia - Bronze Age,143,Cattle,B,RA,Radius,NA,NA,NA,NA,NA,NA,NA,NA,52.4,NA,NA,NA,NA,NA,NA,NA,NA,NA,NA,NA,NA,NA,NA,NA,Cattle
3531,Friuli,Bronze Age,BA.R,BM-R,BA.Late,NA,Pozzuolo,Braida Roggia - Bronze Age,143,Cattle,B,RA,Radius,NA,NA,NA,NA,NA,NA,NA,NA,54,NA,NA,NA,NA,NA,NA,NA,NA,NA,NA,NA,NA,NA,NA,NA,Cattle
3555,Friuli,Iron Age,IA0-IA1,BRF-IA0,IA.Early,NA,Pozzuolo,Excavations 1980-83 Final Bronze-Iron Age,55,Cattle,B,RA,Radius,NA,NA,NA,NA,NA,NA,NA,NA,62.2,NA,NA,NA,NA,NA,NA,NA,NA,NA,NA,NA,NA,NA,NA,NA,Cattle
3556,Friuli,Iron Age,IA0-IA1,BRF-IA0,IA.Early,NA,Pozzuolo,Excavations 1980-83 Final Bronze-Iron Age,55,Cattle,B,RA,Radius,NA,NA,NA,NA,NA,NA,NA,NA,62.5,NA,NA,NA,NA,NA,NA,NA,NA,NA,NA,NA,NA,NA,NA,NA,Cattle
3557,Friuli,Iron Age,IA0-IA1,BRF-IA0,IA.Early,NA,Pozzuolo,Excavations 1980-83 Final Bronze-Iron Age,55,Cattle,B,RA,Radius,NA,NA,NA,NA,NA,NA,NA,NA,64.1,NA,NA,NA,NA,NA,NA,NA,NA,NA,NA,NA,NA,NA,NA,NA,Cattle
3558,Friuli,Iron Age,IA0-IA1,BRF-IA0,IA.Early,NA,Pozzuolo,Excavations 1980-83 Final Bronze-Iron Age,55,Cattle,B,RA,Radius,NA,NA,NA,NA,NA,NA,NA,NA,67,NA,NA,NA,NA,NA,NA,NA,NA,NA,NA,NA,NA,NA,NA,NA,Cattle
3708,Friuli,Roman,Rom.Early,Early,Roman.Early,NA,Pozzuolo,Excavations 1980-83 Roman,160,Cattle,B,RA,Radius,NA,NA,NA,68,NA,NA,NA,NA,NA,NA,NA,NA,NA,NA,NA,NA,NA,64.1,NA,NA,NA,NA,NA,NA,Cattle
3772,North,Bronze Age,BA.M-R,BM-R,BA.Middle-Late,NA,Castellaro Lagusello,NA,44,Cattle,B,RA,Radius,244.5,NA,NA,75,NA,39,NA,NA,66.5,NA,NA,NA,NA,NA,NA,NA,NA,NA,NA,NA,NA,NA,NA,NA,Cattle
3952,South,Bronze Age,BA.M,BM-R,BA.Middle,NA,Poviglio,Villaggio piccolo - MBA,26,Cattle,B,RA,Radius,NA,NA,NA,58.1,NA,NA,NA,NA,NA,NA,NA,NA,NA,NA,NA,NA,NA,NA,55.4,NA,NA,NA,NA,NA,Cattle
3953,South,Bronze Age,BA.M,BM-R,BA.Middle,NA,Poviglio,Villaggio piccolo - MBA,26,Cattle,B,RA,Radius,NA,NA,NA,68.4,NA,NA,NA,NA,NA,NA,NA,NA,NA,NA,NA,NA,NA,NA,63.3,NA,NA,NA,NA,NA,Cattle
3954,South,Bronze Age,BA.M,BM-R,BA.Middle,NA,Poviglio,Villaggio piccolo - MBA,26,Cattle,B,RA,Radius,NA,NA,NA,70.3,NA,NA,NA,NA,NA,NA,NA,NA,NA,NA,NA,NA,NA,NA,62.8,NA,NA,NA,NA,NA,Cattle
3955,South,Bronze Age,BA.M,BM-R,BA.Middle,NA,Poviglio,Villaggio piccolo - MBA,26,Cattle,B,RA,Radius,243,NA,NA,68.3,NA,32.8,NA,NA,59.4,NA,NA,NA,NA,NA,NA,NA,NA,NA,63,NA,NA,NA,NA,NA,Cattle
3956,South,Bronze Age,BA.M,BM-R,BA.Middle,NA,Poviglio,Villaggio piccolo - MBA,26,Cattle,B,RA,Radius,249,NA,NA,70.3,NA,33,NA,NA,61.4,NA,NA,NA,NA,NA,NA,NA,NA,NA,64.6,NA,NA,NA,NA,NA,Cattle
4159,South,Bronze Age,BA.M,BM-R,BA.Middle,NA,Poviglio,Villaggio piccolo - MBA,26,Cattle,B,RA,Radius,NA,NA,NA,NA,NA,NA,NA,NA,58.7,NA,NA,NA,NA,NA,NA,NA,NA,NA,NA,NA,NA,NA,NA,NA,Cattle
4216,Veneto,Bronze Age,BA.M,BM-R,BA.Middle,NA,Vallette,NA,145,Cattle,B,RA,Radius,NA,NA,NA,NA,NA,NA,NA,NA,57,NA,NA,NA,NA,NA,NA,NA,NA,NA,NA,NA,NA,NA,NA,1,Cattle
4345,Veneto,Bronze Age,BA.M,BM-R,BA.Middle,NA,Tombola,NA,146,Cattle,B,RA,Radius,NA,NA,NA,63,NA,NA,NA,NA,NA,NA,NA,NA,NA,NA,NA,NA,NA,NA,58,NA,NA,NA,NA,1,Cattle
4346,Veneto,Bronze Age,BA.M,BM-R,BA.Middle,NA,Tombola,NA,146,Cattle,B,RA,Radius,NA,NA,NA,NA,NA,21,NA,NA,NA,NA,NA,NA,NA,NA,NA,NA,NA,NA,NA,NA,NA,NA,NA,1,Cattle
4347,Veneto,Bronze Age,BA.M,BM-R,BA.Middle,NA,Tombola,NA,146,Cattle,B,RA,Radius,NA,NA,NA,63,NA,28,NA,NA,NA,NA,NA,NA,NA,NA,NA,NA,NA,NA,60,NA,NA,NA,NA,1,Cattle
4348,Veneto,Bronze Age,BA.M,BM-R,BA.Middle,NA,Tombola,NA,146,Cattle,B,RA,Radius,NA,NA,NA,72,NA,NA,NA,NA,NA,NA,NA,NA,NA,NA,NA,NA,NA,NA,67,NA,NA,NA,NA,1,Cattle
4349,Veneto,Bronze Age,BA.M,BM-R,BA.Middle,NA,Tombola,NA,146,Cattle,B,RA,Radius,NA,NA,NA,NA,NA,19,NA,NA,NA,NA,NA,NA,NA,NA,NA,NA,NA,NA,NA,NA,NA,NA,NA,1,Cattle
4350,Veneto,Bronze Age,BA.M,BM-R,BA.Middle,NA,Tombola,NA,146,Cattle,B,RA,Radius,NA,NA,NA,65,NA,NA,NA,NA,NA,NA,NA,NA,NA,NA,NA,NA,NA,NA,60,NA,NA,NA,NA,1,Cattle
4351,Veneto,Bronze Age,BA.M,BM-R,BA.Middle,NA,Tombola,NA,146,Cattle,B,RA,Radius,NA,NA,NA,63,NA,NA,NA,NA,NA,NA,NA,NA,NA,NA,NA,NA,NA,NA,59,NA,NA,NA,NA,1,Cattle
4352,Veneto,Bronze Age,BA.M,BM-R,BA.Middle,NA,Tombola,NA,146,Cattle,B,RA,Radius,NA,NA,NA,NA,NA,28,NA,NA,NA,NA,NA,NA,NA,NA,NA,NA,NA,NA,NA,NA,NA,NA,NA,1,Cattle
4353,Veneto,Bronze Age,BA.M,BM-R,BA.Middle,NA,Tombola,NA,146,Cattle,B,RA,Radius,NA,NA,NA,NA,NA,25,NA,NA,NA,NA,NA,NA,NA,NA,NA,NA,NA,NA,NA,NA,NA,NA,NA,1,Cattle
4354,Veneto,Bronze Age,BA.M,BM-R,BA.Middle,NA,Tombola,NA,146,Cattle,B,RA,Radius,NA,NA,NA,NA,NA,27,NA,NA,NA,NA,NA,NA,NA,NA,NA,NA,NA,NA,NA,NA,NA,NA,NA,1,Cattle
4355,Veneto,Bronze Age,BA.M,BM-R,BA.Middle,NA,Tombola,NA,146,Cattle,B,RA,Radius,NA,NA,NA,69,NA,NA,NA,NA,64,NA,NA,NA,NA,NA,NA,NA,NA,60,65,NA,NA,NA,NA,1,Cattle
4356,Veneto,Bronze Age,BA.M,BM-R,BA.Middle,NA,Tombola,NA,146,Cattle,B,RA,Radius,NA,NA,NA,NA,NA,NA,NA,NA,58,NA,NA,NA,NA,NA,NA,NA,NA,60,NA,NA,NA,NA,NA,1,Cattle
4357,Veneto,Bronze Age,BA.M,BM-R,BA.Middle,NA,Tombola,NA,146,Cattle,B,RA,Radius,NA,NA,NA,NA,NA,NA,NA,NA,60,NA,NA,NA,NA,NA,NA,NA,NA,57,NA,NA,NA,NA,NA,1,Cattle
4358,Veneto,Bronze Age,BA.M,BM-R,BA.Middle,NA,Tombola,NA,146,Cattle,B,RA,Radius,NA,NA,NA,73,NA,NA,NA,NA,NA,NA,NA,NA,NA,NA,NA,NA,NA,NA,69,NA,NA,NA,NA,1,Cattle
4359,Veneto,Bronze Age,BA.M,BM-R,BA.Middle,NA,Tombola,NA,146,Cattle,B,RA,Radius,NA,NA,NA,69,NA,35,NA,NA,64,NA,NA,NA,NA,NA,NA,NA,NA,60,65,NA,NA,NA,NA,1,Cattle
4516,North,Bronze Age,BA.R,BM-R,BA.Late,NA,Bovolone,Bertoloni et al. 2015,125,Cattle,B,RA,Radius,NA,NA,NA,83.4,NA,NA,NA,NA,NA,NA,NA,NA,NA,NA,NA,NA,NA,NA,77,NA,NA,NA,NA,1,Cattle
4517,North,Bronze Age,BA.R,BM-R,BA.Late,NA,Bovolone,Bertoloni et al. 2015,125,Cattle,B,RA,Radius,NA,NA,NA,67.3,NA,NA,NA,NA,NA,NA,NA,NA,NA,NA,NA,NA,NA,NA,61.8,NA,NA,NA,NA,1,Cattle
4518,North,Bronze Age,BA.R,BM-R,BA.Late,NA,Bovolone,Bertoloni et al. 2015,125,Cattle,B,RA,Radius,NA,NA,NA,64.6,NA,27,NA,NA,NA,NA,NA,NA,NA,NA,NA,NA,NA,NA,NA,NA,NA,NA,NA,1,Cattle
4519,North,Bronze Age,BA.R,BM-R,BA.Late,NA,Bovolone,Bertoloni et al. 2015,125,Cattle,B,RA,Radius,258,NA,NA,72,NA,34.6,NA,NA,61,NA,NA,NA,NA,NA,NA,NA,NA,NA,NA,NA,NA,NA,NA,1,Cattle
4520,North,Bronze Age,BA.R,BM-R,BA.Late,NA,Bovolone,Bertoloni et al. 2015,125,Cattle,B,RA,Radius,235,NA,NA,NA,NA,30,NA,NA,NA,NA,NA,NA,NA,NA,NA,NA,NA,NA,NA,NA,NA,NA,NA,1,Cattle
4521,North,Bronze Age,BA.R,BM-R,BA.Late,NA,Bovolone,Bertoloni et al. 2015,125,Cattle,B,RA,Radius,NA,NA,NA,68.1,NA,NA,NA,NA,NA,NA,NA,NA,NA,NA,NA,NA,NA,NA,64,NA,NA,NA,NA,1,Cattle
4522,North,Bronze Age,BA.R,BM-R,BA.Late,NA,Bovolone,Bertoloni et al. 2015,125,Cattle,B,RA,Radius,NA,NA,NA,69,NA,NA,NA,NA,NA,NA,NA,NA,NA,NA,NA,NA,NA,NA,63.6,NA,NA,NA,NA,1,Cattle
4523,North,Bronze Age,BA.R,BM-R,BA.Late,NA,Bovolone,Bertoloni et al. 2015,125,Cattle,B,RA,Radius,NA,NA,NA,NA,NA,30,NA,NA,NA,NA,NA,NA,NA,NA,NA,NA,NA,NA,NA,NA,NA,NA,NA,1,Cattle
4524,North,Bronze Age,BA.R,BM-R,BA.Late,NA,Bovolone,Bertoloni et al. 2015,125,Cattle,B,RA,Radius,NA,NA,NA,78,NA,NA,NA,NA,NA,NA,NA,NA,NA,NA,NA,NA,NA,NA,NA,NA,NA,NA,NA,1,Cattle
4525,North,Bronze Age,BA.R,BM-R,BA.Late,NA,Bovolone,Bertoloni et al. 2015,125,Cattle,B,RA,Radius,NA,NA,NA,83.4,NA,NA,NA,NA,NA,NA,NA,NA,NA,NA,NA,NA,NA,NA,77,NA,NA,NA,NA,1,Cattle
4547,North,Bronze Age,BA.M,BM-R,BA.Middle,NA,Muraiola,NA,13,Cattle,B,RA,Radius,232,NA,NA,67.3,NA,31,NA,NA,57.3,NA,NA,NA,NA,NA,NA,NA,NA,61.3,NA,NA,NA,NA,NA,NA,Cattle
4548,North,Bronze Age,BA.M,BM-R,BA.Middle,NA,Muraiola,NA,13,Cattle,B,RA,Radius,244,NA,NA,65.8,NA,31,NA,NA,59.6,NA,NA,NA,NA,NA,NA,NA,NA,60.5,NA,NA,NA,NA,NA,NA,Cattle
8203,South,Iron Age,IA2,IA2,IA.Late,ExNISP,Forcello,Scarpa,1,Cattle,B,RA,Radius,NA,NA,NA,NA,NA,NA,NA,NA,67,NA,NA,NA,NA,NA,NA,NA,NA,NA,NA,NA,NA,NA,NA,1,Cattle
8585,Veneto,Bronze Age,BA.R,BM-R,BA.Late,NA,Larda II,NA,148,Cattle,B,RA,Radius,NA,NA,NA,NA,NA,NA,NA,NA,56,NA,NA,NA,NA,NA,NA,NA,NA,NA,NA,NA,NA,NA,NA,1,Cattle
8734,Veneto,Bronze Age,BA.R,BM-R,BA.Late,NA,Amolara,NA,150,Cattle,B,RA,Radius,NA,NA,NA,NA,NA,35,NA,NA,NA,NA,NA,NA,NA,NA,NA,NA,NA,NA,NA,NA,NA,NA,NA,1,Cattle
8735,Veneto,Bronze Age,BA.R,BM-R,BA.Late,NA,Amolara,NA,150,Cattle,B,RA,Radius,NA,NA,NA,66,NA,NA,NA,NA,NA,NA,NA,NA,NA,NA,NA,NA,NA,NA,60,NA,NA,NA,NA,1,Cattle
9040,Veneto,Bronze Age,BA.R,BM-R,BA.Late,NA,Terranegra,Depellegrin & Tecchiati - BR,61,Cattle,B,RA,Radius,NA,NA,NA,NA,NA,NA,NA,NA,56.4,NA,NA,NA,NA,NA,NA,NA,NA,46.3,NA,NA,NA,NA,NA,NA,Cattle
9041,Veneto,Bronze Age,BA.R,BM-R,BA.Late,NA,Terranegra,Depellegrin & Tecchiati - BR,61,Cattle,B,RA,Radius,NA,NA,NA,71,NA,NA,NA,NA,NA,NA,NA,NA,NA,NA,NA,NA,NA,NA,57,NA,NA,NA,NA,*,Cattle
9042,Veneto,Iron Age,IA1-IA2,IA1,IA.Mid,NA,Terranegra,Depellegrin & Tecchiati - IA,156,Cattle,B,RA,Radius,236,NA,NA,68.2,NA,30.8,NA,NA,58.4,NA,NA,NA,NA,NA,NA,NA,NA,46.5,61.1,NA,NA,NA,NA,NA,Cattle
9043,Veneto,Iron Age,IA1-IA2,IA1,IA.Mid,NA,Terranegra,Depellegrin & Tecchiati - IA,156,Cattle,B,RA,Radius,NA,NA,NA,NA,NA,22.3,NA,NA,NA,NA,NA,NA,NA,NA,NA,NA,NA,NA,51.3,NA,NA,NA,NA,*,Cattle
9044,Veneto,Iron Age,IA1-IA2,IA1,IA.Mid,NA,Terranegra,Depellegrin & Tecchiati - IA,156,Cattle,B,RA,Radius,NA,NA,NA,79.9,NA,NA,NA,NA,NA,NA,NA,NA,NA,NA,NA,NA,NA,NA,71.2,NA,NA,NA,NA,*,Cattle
9240,North,Bronze Age,BA.M,BM-R,BA.Middle,NA,Nogarole Rocca,I Camponi,17,Cattle,B,RA,Radius,252,NA,NA,71,NA,32.8,NA,NA,NA,NA,NA,NA,NA,NA,NA,NA,NA,NA,66.4,NA,NA,NA,NA,NA,Cattle
9241,North,Bronze Age,BA.M,BM-R,BA.Middle,NA,Nogarole Rocca,I Camponi,17,Cattle,B,RA,Radius,285,NA,NA,76.5,NA,34.9,NA,NA,NA,NA,NA,NA,NA,NA,NA,NA,NA,NA,69.5,NA,NA,NA,NA,NA,Cattle
9242,North,Bronze Age,BA.M,BM-R,BA.Middle,NA,Nogarole Rocca,I Camponi,17,Cattle,B,RA,Radius,NA,NA,NA,65.8,NA,NA,NA,NA,NA,NA,NA,NA,NA,NA,NA,NA,NA,NA,60.5,NA,NA,NA,NA,NA,Cattle
9243,North,Bronze Age,BA.M,BM-R,BA.Middle,NA,Nogarole Rocca,I Camponi,17,Cattle,B,RA,Radius,NA,NA,NA,75.5,NA,NA,NA,NA,NA,NA,NA,NA,NA,NA,NA,NA,NA,NA,71.2,NA,NA,NA,NA,NA,Cattle
9244,North,Bronze Age,BA.M,BM-R,BA.Middle,NA,Nogarole Rocca,I Camponi,17,Cattle,B,RA,Radius,NA,NA,NA,81.6,NA,NA,NA,NA,NA,NA,NA,NA,NA,NA,NA,NA,NA,NA,73.5,NA,NA,NA,NA,NA,Cattle
9380,Friuli,Iron Age,IA2,IA2,IA.Late,NA,Gradisca,Iron Age II,170,Cattle,B,RA,Radius,NA,NA,NA,76,NA,NA,NA,NA,NA,NA,NA,NA,NA,NA,NA,NA,NA,NA,72.8,NA,NA,NA,NA,NA,Cattle
9381,Friuli,Iron Age,IA2,IA2,IA.Late,NA,Gradisca,Iron Age II,170,Cattle,B,RA,Radius,NA,NA,NA,76.5,NA,NA,NA,NA,NA,NA,NA,NA,NA,NA,NA,NA,NA,NA,72.2,NA,NA,NA,NA,NA,Cattle
9445,Friuli,Iron Age,IA0,BRF-IA0,IA.Early,NA,Pozzuolo,Braida Roggia - Iron Age,142,Cattle,B,RA,Radius,227,NA,NA,NA,NA,27.8,NA,NA,52.4,NA,NA,NA,NA,NA,NA,NA,NA,NA,NA,NA,NA,NA,NA,NA,Cattle
9446,Friuli,Iron Age,IA0,BRF-IA0,IA.Early,NA,Pozzuolo,Braida Roggia - Iron Age,142,Cattle,B,RA,Radius,NA,NA,NA,NA,NA,NA,NA,NA,54,NA,NA,NA,NA,NA,NA,NA,NA,NA,NA,NA,NA,NA,NA,NA,Cattle
9846,Veneto,Roman,Rom.Mid,Mid,Roman.Mid,NA,Ca Tron,sito A,188,Cattle,B,RA,Radius,NA,NA,NA,88.6,NA,NA,NA,NA,NA,NA,NA,NA,NA,NA,NA,NA,NA,NA,82.5,NA,NA,NA,NA,NA,Cattle
9868,Friuli,Roman,Rom.Late,Late,Roman.Late,NA,Aquileia,area a est del foro - Riedel 1994,175,Cattle,B,RA,Radius,285,NA,NA,NA,NA,NA,NA,NA,NA,NA,NA,NA,NA,NA,NA,NA,NA,NA,NA,NA,NA,NA,NA,NA,Cattle
9869,Friuli,Roman,Rom.Late,Late,Roman.Late,NA,Aquileia,area a est del foro - Riedel 1994,175,Cattle,B,RA,Radius,312,NA,NA,NA,NA,NA,NA,NA,NA,NA,NA,NA,NA,NA,NA,NA,NA,NA,NA,NA,NA,NA,NA,NA,Cattle
9870,Friuli,Roman,Rom.Late,Late,Roman.Late,NA,Aquileia,area a est del foro - Riedel 1994,175,Cattle,B,RA,Radius,327,NA,NA,NA,NA,NA,NA,NA,NA,NA,NA,NA,NA,NA,NA,NA,NA,NA,NA,NA,NA,NA,NA,NA,Cattle
10088,Veneto,Roman,Rom.M-L,Mid-Late,Roman.Mid-Late,NA,Oderzo,Pozzo romano - all strata (1st-4th c AD),214,Cattle,B,RA,Radius,NA,NA,NA,96.1,NA,51.5,NA,NA,94.3,NA,NA,NA,NA,NA,NA,NA,NA,NA,91.5,NA,NA,NA,NA,NA,Cattle
10206,Friuli,Roman,Rom.M-L,Mid-Late,Roman.Mid-Late,NA,Aquileia,Foro Ovest 93-94,196,Cattle,B,RA,Radius,NA,NA,NA,70.5,NA,NA,NA,NA,NA,NA,NA,NA,NA,NA,NA,NA,NA,NA,65.7,NA,NA,NA,NA,NA,Cattle
10738,Friuli,Roman,Rom.Mid,Mid,Roman.Mid,NA,Trieste,Crosada - Phase 3,236,Cattle,B,RA,Radius,NA,NA,NA,85.3,NA,NA,NA,NA,NA,NA,NA,NA,NA,NA,NA,NA,NA,NA,80.7,NA,NA,NA,NA,NA,Cattle
11103,Friuli,Roman,Rom.Late,Late,Roman.Late,NA,Udine,Late Roman,246,Cattle,B,RA,Radius,NA,NA,NA,74.9,NA,NA,NA,NA,NA,NA,NA,NA,NA,NA,NA,NA,NA,NA,68.7,NA,NA,NA,NA,NA,Cattle
11104,Friuli,Roman,Rom.Late,Late,Roman.Late,NA,Udine,Late Roman,246,Cattle,B,RA,Radius,NA,NA,NA,87,NA,NA,NA,NA,NA,NA,NA,NA,NA,NA,NA,NA,NA,NA,79,NA,NA,NA,NA,NA,Cattle
11105,Friuli,Roman,Rom.Late,Late,Roman.Late,NA,Udine,Late Roman,246,Cattle,B,RA,Radius,NA,NA,NA,NA,NA,NA,NA,NA,77.5,NA,NA,NA,NA,NA,NA,NA,NA,NA,NA,NA,NA,NA,NA,*,Cattle
11767,South,Roman,Rom.Early,Early,Roman.Early,NA,Calvatone,Wilkens - Bio data from academia,253,Cattle,B,RA,Radius,NA,NA,NA,NA,NA,NA,NA,NA,88,NA,NA,NA,NA,NA,NA,NA,NA,NA,NA,NA,NA,NA,NA,NA,Cattle
11811,South,Roman,Rom.Early,Early,Roman.Early,NA,Calvatone,Wilkens - Bio data from academia,253,Cattle,B,RA,Radius,NA,NA,NA,78.8,44,NA,NA,NA,NA,NA,NA,NA,NA,NA,NA,NA,NA,NA,NA,NA,NA,NA,NA,NA,Cattle
12237,South,Roman,Rom.Early,Early,Roman.Early,NA,Calvatone,Wilkens - Bio data from academia,253,Cattle,B,RA,Radius,NA,NA,NA,66,NA,NA,NA,NA,NA,NA,NA,NA,NA,NA,NA,NA,NA,NA,NA,NA,NA,NA,NA,NA,Cattle
12271,South,Roman,Rom.Early,Early,Roman.Early,NA,Calvatone,Wilkens - Bio data from academia,253,Cattle,B,RA,Radius,NA,NA,NA,86.2,48.3,NA,NA,NA,NA,NA,NA,NA,NA,NA,NA,NA,NA,NA,NA,NA,NA,NA,NA,NA,Cattle
12273,South,Roman,Rom.Early,Early,Roman.Early,NA,Calvatone,Wilkens - Bio data from academia,253,Cattle,B,RA,Radius,301,NA,NA,80,40,44.2,NA,NA,75.3,41.2,NA,NA,NA,NA,NA,NA,NA,NA,NA,NA,NA,NA,NA,NA,Cattle
12300,South,Roman,Rom.Early,Early,Roman.Early,NA,Calvatone,Wilkens - Bio data from academia,253,Cattle,B,RA,Radius,320,NA,NA,NA,43,43.8,NA,NA,81.9,NA,NA,NA,NA,NA,NA,NA,NA,NA,NA,NA,NA,NA,NA,NA,Cattle
12304,South,Roman,Rom.Early,Early,Roman.Early,NA,Calvatone,Wilkens - Bio data from academia,253,Cattle,B,RA,Radius,346,NA,NA,89.9,48.1,47.8,NA,NA,88.7,NA,NA,NA,NA,NA,NA,NA,NA,NA,NA,NA,NA,NA,NA,NA,Cattle
NA,South,Bronze Age,BA.R,BM-R,BA.Late,NA,Coccanile,Ca Spadolino,451,Cattle,B,RA,Radius,NA,NA,NA,79.2,NA,NA,NA,NA,NA,NA,NA,NA,NA,NA,NA,NA,NA,NA,73.6,NA,NA,NA,NA,NA,Cattle
NA,Appennine,Bronze Age,BA.M-R,BM-R,BA.Middle-Late,NA,Case Missiroli,NA,453,Cattle,B,RA,Radius,NA,NA,NA,67.7,NA,NA,NA,NA,NA,NA,NA,NA,NA,NA,NA,NA,NA,NA,63,NA,NA,NA,NA,NA,Cattle
NA,Appennine,Bronze Age,BA.M-R,BM-R,BA.Middle-Late,NA,Case Missiroli,NA,453,Cattle,B,RA,Radius,281,NA,NA,NA,NA,37.3,NA,NA,69.1,NA,NA,NA,NA,NA,NA,NA,NA,62.9,72.2,NA,NA,NA,NA,NA,Cattle
NA,Veneto,Iron Age,IA2,IA2,IA.Late,NA,Padova,Via S. Canziano IV-V,467,Cattle,B,RA,Radius,NA,NA,NA,NA,NA,NA,NA,NA,71,NA,NA,NA,NA,NA,NA,NA,NA,57.5,NA,NA,NA,NA,NA,NA,Cattle
NA,Veneto,Iron Age,IA2,IA2,IA.Late,NA,Padova,Via S. Canziano IV-V,467,Cattle,B,RA,Radius,264.6,NA,NA,NA,NA,36.7,NA,NA,64.4,NA,NA,NA,NA,NA,NA,NA,NA,50.4,NA,NA,NA,NA,NA,NA,Cattle
NA,Veneto,Iron Age,IA1,IA1,IA.Mid,NA,Padova,"Via S. Canziano, phases I-III",466,Cattle,B,RA,Radius,NA,NA,NA,NA,NA,NA,NA,NA,59.4,NA,NA,NA,NA,NA,NA,NA,NA,50.5,NA,NA,NA,NA,NA,NA,Cattle
NA,Veneto,Iron Age,IA1,IA1,IA.Mid,NA,Padova,"Via S. Canziano, phases I-III",466,Cattle,B,RA,Radius,NA,NA,NA,NA,NA,NA,NA,NA,76.6,NA,NA,NA,NA,NA,NA,NA,NA,57.8,NA,NA,NA,NA,NA,NA,Cattle
NA,Veneto,Iron Age,IA1,IA1,IA.Mid,NA,Padova,"Via S. Canziano, phases I-III",466,Cattle,B,RA,Radius,NA,NA,NA,NA,NA,NA,NA,NA,57.7,NA,NA,NA,NA,NA,NA,NA,NA,NA,NA,NA,NA,NA,NA,NA,Cattle
NA,Veneto,Iron Age,IA1,IA1,IA.Mid,NA,Padova,"Via S. Canziano, phases I-III",466,Cattle,B,RA,Radius,NA,NA,NA,NA,NA,NA,NA,NA,70.9,NA,NA,NA,NA,NA,NA,NA,NA,55.8,NA,NA,NA,NA,NA,NA,Cattle
NA,Veneto,Iron Age,IA1,IA1,IA.Mid,NA,Padova,"Via S. Canziano, phases I-III",466,Cattle,B,RA,Radius,NA,NA,NA,90,NA,NA,NA,NA,NA,NA,NA,NA,NA,NA,NA,NA,NA,NA,81.1,NA,NA,NA,NA,NA,Cattle
NA,Veneto,Iron Age,IA1,IA1,IA.Mid,NA,Padova,"Via S. Canziano, phases I-III",466,Cattle,B,RA,Radius,NA,NA,NA,NA,NA,NA,NA,NA,75.5,NA,NA,NA,NA,NA,NA,NA,NA,57.9,NA,NA,NA,NA,NA,NA,Cattle
NA,Veneto,Iron Age,IA1,IA1,IA.Mid,NA,Padova,"Via S. Canziano, phases I-III",466,Cattle,B,RA,Radius,268.6,NA,NA,NA,NA,38.2,NA,NA,NA,NA,NA,NA,NA,NA,NA,NA,NA,NA,NA,NA,NA,NA,NA,NA,Cattle
99,South,Iron Age,IA1,IA1,IA.Mid,NA,Castenaso,Bologna - Castenaso,59,Cattle,B,TI,Tibia,NA,NA,NA,NA,NA,33.5,NA,NA,51.6,NA,NA,NA,NA,NA,NA,NA,NA,NA,NA,NA,NA,57.1,*,NA,Cattle
103,South,Iron Age,IA1,IA1,IA.Mid,NA,Bologna,Via Foscolo-Frassinago (IA),60,Cattle,B,TI,Tibia,NA,NA,NA,NA,NA,NA,NA,NA,59.8,41.8,NA,NA,NA,NA,NA,NA,NA,NA,NA,NA,NA,NA,NA,NA,Cattle
196,Veneto,Bronze Age,BA.R-F,BRF-IA0,BA.Late,NA,Fondo Paviani,Riedel 1979 - Recent/Final,21,Cattle,B,TI,Tibia,NA,NA,NA,NA,NA,NA,NA,NA,56.8,NA,NA,NA,NA,NA,NA,NA,NA,NA,NA,NA,NA,NA,NA,NA,Cattle
197,Veneto,Bronze Age,BA.R-F,BRF-IA0,BA.Late,NA,Fondo Paviani,Riedel 1979 - Recent/Final,21,Cattle,B,TI,Tibia,NA,NA,NA,NA,NA,NA,NA,NA,57,NA,NA,NA,NA,NA,NA,NA,NA,NA,NA,NA,NA,NA,NA,NA,Cattle
241,South,Iron Age,IA1,IA1,IA.Mid,NA,San Claudio,NA,64,Cattle,B,TI,Tibia,NA,NA,NA,NA,NA,NA,NA,NA,55.7,41.9,NA,NA,NA,NA,NA,NA,NA,NA,NA,NA,NA,NA,NA,NA,Cattle
242,South,Iron Age,IA1,IA1,IA.Mid,NA,San Claudio,NA,64,Cattle,B,TI,Tibia,NA,NA,NA,NA,NA,NA,NA,NA,53.1,39.7,NA,NA,NA,NA,NA,NA,NA,NA,NA,NA,NA,NA,NA,NA,Cattle
261,South,Iron Age,IA2,IA2,IA.Late,NA,Casale di Rivalta,NA,71,Cattle,B,TI,Tibia,NA,NA,NA,NA,NA,NA,NA,NA,56.4,NA,NA,NA,NA,NA,NA,NA,NA,NA,NA,NA,NA,NA,NA,NA,Cattle
262,South,Iron Age,IA2,IA2,IA.Late,NA,Casale di Rivalta,NA,71,Cattle,B,TI,Tibia,NA,NA,NA,NA,NA,NA,NA,NA,55.2,NA,NA,NA,NA,NA,NA,NA,NA,NA,NA,NA,NA,NA,NA,NA,Cattle
263,South,Iron Age,IA2,IA2,IA.Late,NA,Casale di Rivalta,NA,71,Cattle,B,TI,Tibia,NA,NA,NA,NA,NA,NA,NA,NA,55.1,NA,NA,NA,NA,NA,NA,NA,NA,NA,NA,NA,NA,NA,NA,NA,Cattle
264,South,Iron Age,IA2,IA2,IA.Late,NA,Case Vandelli,NA,74,Cattle,B,TI,Tibia,NA,NA,NA,NA,NA,NA,NA,NA,49.8,NA,NA,NA,NA,NA,NA,NA,NA,NA,NA,NA,NA,NA,NA,NA,Cattle
265,South,Iron Age,IA2,IA2,IA.Late,NA,Case Vandelli,NA,74,Cattle,B,TI,Tibia,NA,NA,NA,NA,NA,NA,NA,NA,58.9,NA,NA,NA,NA,NA,NA,NA,NA,NA,NA,NA,NA,NA,NA,NA,Cattle
402,North,Iron Age,IA2,IA2,IA.Late,NA,Colognola ai Colli,NA,54,Cattle,B,TI,Tibia,NA,NA,NA,NA,NA,NA,NA,NA,52.9,NA,NA,NA,NA,NA,NA,NA,NA,NA,NA,NA,NA,NA,NA,NA,Cattle
403,North,Iron Age,IA2,IA2,IA.Late,NA,Colognola ai Colli,NA,54,Cattle,B,TI,Tibia,NA,NA,NA,NA,NA,NA,NA,NA,54.3,NA,NA,NA,NA,NA,NA,NA,NA,NA,NA,NA,NA,NA,NA,NA,Cattle
404,North,Iron Age,IA2,IA2,IA.Late,NA,Colognola ai Colli,NA,54,Cattle,B,TI,Tibia,NA,NA,NA,NA,NA,NA,NA,NA,57.6,NA,NA,NA,NA,NA,NA,NA,NA,NA,NA,NA,NA,NA,NA,NA,Cattle
916,North,Iron Age,IA2,IA2,IA.Late,NA,Castelrotto,NA,53,Cattle,B,TI,Tibia,NA,NA,NA,NA,NA,NA,NA,NA,49.6,37.2,NA,NA,NA,NA,NA,NA,NA,NA,NA,NA,NA,NA,NA,NA,Cattle
917,North,Iron Age,IA2,IA2,IA.Late,NA,Castelrotto,NA,53,Cattle,B,TI,Tibia,NA,NA,NA,NA,NA,NA,NA,NA,53.3,41.2,NA,NA,NA,NA,NA,NA,NA,NA,NA,NA,NA,NA,NA,NA,Cattle
918,North,Iron Age,IA2,IA2,IA.Late,NA,Castelrotto,NA,53,Cattle,B,TI,Tibia,NA,NA,NA,NA,NA,NA,NA,NA,54,43,NA,NA,NA,NA,NA,NA,NA,NA,NA,NA,NA,NA,NA,NA,Cattle
919,North,Iron Age,IA2,IA2,IA.Late,NA,Castelrotto,NA,53,Cattle,B,TI,Tibia,NA,NA,NA,NA,NA,NA,NA,NA,57.5,47.8,NA,NA,NA,NA,NA,NA,NA,NA,NA,NA,NA,NA,NA,NA,Cattle
920,North,Iron Age,IA2,IA2,IA.Late,NA,Castelrotto,NA,53,Cattle,B,TI,Tibia,NA,NA,NA,NA,NA,NA,NA,NA,62.5,NA,NA,NA,NA,NA,NA,NA,NA,NA,NA,NA,NA,NA,NA,NA,Cattle
921,North,Iron Age,IA2,IA2,IA.Late,NA,Castelrotto,NA,53,Cattle,B,TI,Tibia,NA,NA,NA,NA,NA,NA,NA,NA,67.8,50.8,NA,NA,NA,NA,NA,NA,NA,NA,NA,NA,NA,NA,NA,NA,Cattle
1632,North,Iron Age,IA2,IA2,IA.Late,NA,Santorso,All phases,92,Cattle,B,TI,Tibia,NA,NA,NA,NA,NA,NA,NA,NA,50.5,36.7,NA,NA,NA,NA,NA,NA,NA,NA,NA,NA,NA,NA,NA,NA,Cattle
1633,North,Iron Age,IA2,IA2,IA.Late,NA,Santorso,All phases,92,Cattle,B,TI,Tibia,NA,NA,NA,NA,NA,NA,NA,NA,53.6,35,NA,NA,NA,NA,NA,NA,NA,NA,NA,NA,NA,NA,NA,NA,Cattle
1634,North,Iron Age,IA2,IA2,IA.Late,NA,Santorso,All phases,92,Cattle,B,TI,Tibia,NA,NA,NA,NA,NA,NA,NA,NA,53.7,39.6,NA,NA,NA,NA,NA,NA,NA,NA,NA,NA,NA,NA,NA,NA,Cattle
1635,North,Iron Age,IA2,IA2,IA.Late,NA,Santorso,All phases,92,Cattle,B,TI,Tibia,NA,NA,NA,NA,NA,NA,NA,NA,57,39.7,NA,NA,NA,NA,NA,NA,NA,NA,NA,NA,NA,NA,NA,NA,Cattle
1636,North,Iron Age,IA2,IA2,IA.Late,NA,Santorso,All phases,92,Cattle,B,TI,Tibia,NA,NA,NA,NA,NA,NA,NA,NA,53.2,40.2,NA,NA,NA,NA,NA,NA,NA,NA,NA,NA,NA,NA,NA,NA,Cattle
1637,North,Iron Age,IA2,IA2,IA.Late,NA,Santorso,All phases,92,Cattle,B,TI,Tibia,NA,NA,NA,NA,NA,NA,NA,NA,54.2,38.5,NA,NA,NA,NA,NA,NA,NA,NA,NA,NA,NA,NA,NA,NA,Cattle
1638,North,Iron Age,IA2,IA2,IA.Late,NA,Santorso,All phases,92,Cattle,B,TI,Tibia,NA,NA,NA,NA,NA,NA,NA,NA,55.4,40.9,NA,NA,NA,NA,NA,NA,NA,NA,NA,NA,NA,NA,NA,NA,Cattle
1639,North,Iron Age,IA2,IA2,IA.Late,NA,Santorso,All phases,92,Cattle,B,TI,Tibia,NA,NA,NA,NA,NA,NA,NA,NA,57.6,42.7,NA,NA,NA,NA,NA,NA,NA,NA,NA,NA,NA,NA,NA,NA,Cattle
1640,North,Iron Age,IA2,IA2,IA.Late,NA,Santorso,All phases,92,Cattle,B,TI,Tibia,NA,NA,NA,NA,NA,NA,NA,NA,58.2,39.4,NA,NA,NA,NA,NA,NA,NA,NA,NA,NA,NA,NA,NA,NA,Cattle
1641,North,Iron Age,IA2,IA2,IA.Late,NA,Santorso,All phases,92,Cattle,B,TI,Tibia,NA,NA,NA,NA,NA,NA,NA,NA,66.2,46.3,NA,NA,NA,NA,NA,NA,NA,NA,NA,NA,NA,NA,NA,NA,Cattle
2005,North,Bronze Age,BA.M,BM-R,BA.Middle,NA,Lavagnone,Sector A + E,126,Cattle,B,TI,Tibia,NA,NA,NA,94,NA,NA,NA,NA,NA,NA,NA,NA,NA,NA,NA,NA,NA,NA,NA,NA,NA,NA,NA,NA,Cattle
2006,North,Bronze Age,BA.M,BM-R,BA.Middle,NA,Lavagnone,Sector A + E,126,Cattle,B,TI,Tibia,NA,NA,NA,87.2,89.5,NA,NA,NA,NA,NA,NA,NA,NA,NA,NA,NA,NA,NA,NA,NA,NA,NA,NA,NA,Cattle
2007,North,Bronze Age,BA.M,BM-R,BA.Middle,NA,Lavagnone,Sector A + E,126,Cattle,B,TI,Tibia,NA,NA,NA,NA,NA,32,24.7,NA,58.4,NA,NA,NA,NA,NA,NA,NA,NA,NA,NA,NA,NA,NA,NA,NA,Cattle
2008,North,Bronze Age,BA.M,BM-R,BA.Middle,NA,Lavagnone,Sector A + E,126,Cattle,B,TI,Tibia,NA,NA,NA,NA,NA,NA,NA,NA,58,NA,NA,NA,NA,NA,NA,NA,NA,NA,NA,NA,NA,NA,NA,NA,Cattle
2009,North,Bronze Age,BA.M,BM-R,BA.Middle,NA,Lavagnone,Sector A + E,126,Cattle,B,TI,Tibia,NA,NA,NA,NA,NA,30.3,22.7,NA,53.7,40,NA,NA,NA,NA,NA,NA,NA,NA,NA,NA,NA,NA,NA,NA,Cattle
2010,North,Bronze Age,BA.M,BM-R,BA.Middle,NA,Lavagnone,Sector A + E,126,Cattle,B,TI,Tibia,NA,NA,NA,NA,NA,NA,NA,NA,53.6,NA,NA,NA,NA,NA,NA,NA,NA,NA,NA,NA,NA,NA,NA,NA,Cattle
2011,North,Bronze Age,BA.M,BM-R,BA.Middle,NA,Lavagnone,Sector A + E,126,Cattle,B,TI,Tibia,NA,NA,NA,NA,NA,NA,38,NA,52.2,NA,NA,NA,NA,NA,NA,NA,NA,NA,NA,NA,NA,NA,NA,NA,Cattle
2012,North,Bronze Age,BA.M,BM-R,BA.Middle,NA,Lavagnone,Sector A + E,126,Cattle,B,TI,Tibia,NA,NA,NA,NA,NA,NA,NA,NA,51.7,38.1,NA,NA,NA,NA,NA,NA,NA,NA,NA,NA,NA,NA,NA,NA,Cattle
2013,North,Bronze Age,BA.M,BM-R,BA.Middle,NA,Lavagnone,Sector A + E,126,Cattle,B,TI,Tibia,NA,NA,NA,NA,NA,28.1,20.6,NA,51.4,38.2,NA,NA,NA,NA,NA,NA,NA,NA,NA,NA,NA,NA,NA,NA,Cattle
2014,North,Bronze Age,BA.M,BM-R,BA.Middle,NA,Lavagnone,Sector A + E,126,Cattle,B,TI,Tibia,NA,NA,NA,NA,NA,NA,NA,NA,51.4,NA,NA,NA,NA,NA,NA,NA,NA,NA,NA,NA,NA,NA,NA,NA,Cattle
2015,North,Bronze Age,BA.M,BM-R,BA.Middle,NA,Lavagnone,Sector A + E,126,Cattle,B,TI,Tibia,NA,NA,NA,NA,NA,NA,NA,NA,50.9,36.6,NA,NA,NA,NA,NA,NA,NA,NA,NA,NA,NA,NA,NA,NA,Cattle
2016,North,Bronze Age,BA.M,BM-R,BA.Middle,NA,Lavagnone,Sector A + E,126,Cattle,B,TI,Tibia,NA,NA,NA,NA,NA,NA,NA,NA,50.9,38.9,NA,NA,NA,NA,NA,NA,NA,NA,NA,NA,NA,NA,NA,NA,Cattle
2318,South,Bronze Age,BA.M,BM-R,BA.Middle,Rit,Noceto,*Vasca lignea,39,Cattle,B,TI,Tibia,NA,NA,NA,91.6,85,NA,NA,NA,NA,NA,NA,NA,NA,NA,NA,NA,NA,NA,NA,NA,NA,NA,NA,NA,Cattle
2319,South,Bronze Age,BA.M,BM-R,BA.Middle,Rit,Noceto,*Vasca lignea,39,Cattle,B,TI,Tibia,NA,NA,NA,85,77,NA,NA,NA,NA,NA,NA,NA,NA,NA,NA,NA,NA,NA,NA,NA,NA,NA,NA,NA,Cattle
2320,South,Bronze Age,BA.M,BM-R,BA.Middle,Rit,Noceto,*Vasca lignea,39,Cattle,B,TI,Tibia,NA,NA,NA,84.4,72,NA,NA,NA,NA,NA,NA,NA,NA,NA,NA,NA,NA,NA,NA,NA,NA,NA,NA,NA,Cattle
2321,South,Bronze Age,BA.M,BM-R,BA.Middle,Rit,Noceto,*Vasca lignea,39,Cattle,B,TI,Tibia,NA,NA,NA,NA,NA,NA,NA,NA,58.4,NA,41.1,NA,NA,NA,NA,NA,NA,NA,NA,NA,NA,NA,NA,NA,Cattle
2322,South,Bronze Age,BA.M,BM-R,BA.Middle,Rit,Noceto,*Vasca lignea,39,Cattle,B,TI,Tibia,NA,NA,NA,NA,NA,NA,NA,NA,56.2,NA,41.9,NA,NA,NA,NA,NA,NA,NA,NA,NA,NA,NA,NA,NA,Cattle
2323,South,Bronze Age,BA.M,BM-R,BA.Middle,Rit,Noceto,*Vasca lignea,39,Cattle,B,TI,Tibia,NA,NA,NA,NA,NA,32,23.1,NA,52.2,NA,38.2,NA,NA,NA,NA,NA,NA,NA,NA,NA,NA,NA,NA,NA,Cattle
2324,South,Bronze Age,BA.M,BM-R,BA.Middle,Rit,Noceto,*Vasca lignea,39,Cattle,B,TI,Tibia,NA,NA,NA,NA,NA,NA,NA,NA,51.1,NA,31.6,NA,NA,NA,NA,NA,NA,NA,NA,NA,NA,NA,NA,NA,Cattle
2325,South,Bronze Age,BA.M,BM-R,BA.Middle,Rit,Noceto,*Vasca lignea,39,Cattle,B,TI,Tibia,NA,NA,NA,NA,NA,28.3,20.7,NA,49.7,NA,35.5,NA,NA,NA,NA,NA,NA,NA,NA,NA,NA,NA,NA,NA,Cattle
2365,South,Bronze Age,BA.M,BM-R,BA.Middle,NA,Baggiovara,Opera Pia Bianchi,121,Cattle,B,TI,Tibia,NA,NA,NA,NA,NA,NA,NA,NA,53.5,37.7,NA,NA,NA,NA,NA,NA,NA,NA,NA,NA,NA,NA,NA,NA,Cattle
2366,South,Bronze Age,BA.M,BM-R,BA.Middle,NA,Baggiovara,Opera Pia Bianchi,121,Cattle,B,TI,Tibia,NA,NA,NA,NA,NA,NA,NA,NA,50.8,36.5,NA,NA,NA,NA,NA,NA,NA,NA,NA,NA,NA,NA,NA,NA,Cattle
2372,South,Bronze Age,BA.M,BM-R,BA.Middle,NA,Baggiovara,Opera Pia Bianchi,121,Cattle,B,TI,Tibia,NA,NA,NA,NA,NA,NA,NA,NA,50.9,38.2,NA,NA,NA,NA,NA,NA,NA,NA,NA,NA,NA,NA,NA,NA,Cattle
2373,South,Bronze Age,BA.M,BM-R,BA.Middle,NA,Baggiovara,Opera Pia Bianchi,121,Cattle,B,TI,Tibia,NA,NA,NA,NA,NA,NA,NA,NA,50.8,36.5,NA,NA,NA,NA,NA,NA,NA,NA,NA,NA,NA,NA,NA,NA,Cattle
2630,Appennine,Bronze Age,BA.M,BM-R,BA.Middle,NA,Solarolo,via Odriere Settore 1,123,Cattle,B,TI,Tibia,NA,NA,NA,NA,NA,NA,NA,NA,52.4,NA,NA,NA,NA,NA,NA,NA,NA,NA,NA,NA,NA,NA,NA,NA,Cattle
2727,Appennine,Bronze Age,BA.M-R,BM-R,BA.Middle-Late,NA,Riccione,IperCoop,129,Cattle,B,TI,Tibia,NA,NA,NA,NA,NA,NA,NA,NA,59.1,44.9,NA,NA,NA,NA,NA,NA,NA,NA,NA,NA,NA,NA,NA,NA,Cattle
2748,Appennine,Iron Age,IA1,IA1,IA.Mid,NA,Verucchio,Scavo 1963,80,Cattle,B,TI,Tibia,NA,NA,NA,NA,NA,34.7,23.5,NA,57.2,47,NA,NA,NA,NA,NA,NA,NA,NA,NA,NA,NA,NA,NA,NA,Cattle
2749,Appennine,Iron Age,IA1,IA1,IA.Mid,NA,Verucchio,Scavo 1963,80,Cattle,B,TI,Tibia,NA,NA,NA,NA,NA,35.5,25.2,NA,53.9,42.5,NA,NA,NA,NA,NA,NA,NA,NA,NA,NA,NA,NA,NA,NA,Cattle
2750,Appennine,Iron Age,IA1,IA1,IA.Mid,NA,Verucchio,Scavo 1963,80,Cattle,B,TI,Tibia,NA,NA,NA,NA,NA,NA,NA,NA,61,45.4,NA,NA,NA,NA,NA,NA,NA,NA,NA,NA,NA,NA,NA,NA,Cattle
2751,Appennine,Iron Age,IA1,IA1,IA.Mid,NA,Verucchio,Scavo 1963,80,Cattle,B,TI,Tibia,NA,NA,NA,NA,NA,31.5,21.8,NA,52.6,40.7,NA,NA,NA,NA,NA,NA,NA,NA,NA,NA,NA,NA,NA,NA,Cattle
2752,Appennine,Iron Age,IA1,IA1,IA.Mid,NA,Verucchio,Scavo 1963,80,Cattle,B,TI,Tibia,NA,NA,NA,NA,NA,NA,NA,NA,58.4,44.6,NA,NA,NA,NA,NA,NA,NA,NA,NA,NA,NA,NA,NA,NA,Cattle
2753,Appennine,Iron Age,IA1,IA1,IA.Mid,NA,Verucchio,Scavo 1963,80,Cattle,B,TI,Tibia,NA,NA,NA,NA,NA,NA,NA,NA,57.6,43.2,NA,NA,NA,NA,NA,NA,NA,NA,NA,NA,NA,NA,NA,NA,Cattle
2903,North,Bronze Age,BA.M,BM-R,BA.Middle,NA,Quarto del Tormine,Mozzecane,18,Cattle,B,TI,Tibia,NA,NA,NA,NA,NA,NA,NA,NA,58.4,43.5,NA,NA,NA,NA,NA,NA,NA,NA,NA,NA,NA,NA,NA,NA,Cattle
2904,North,Bronze Age,BA.M,BM-R,BA.Middle,NA,Quarto del Tormine,Mozzecane,18,Cattle,B,TI,Tibia,NA,NA,NA,NA,NA,NA,NA,NA,60.3,45,NA,NA,NA,NA,NA,NA,NA,NA,NA,NA,NA,NA,NA,NA,Cattle
2942,South,Iron Age,IA2,IA2,IA.Late,NA,Mirandola,Barchessone Cappello,83,Cattle,B,TI,Tibia,NA,NA,NA,NA,NA,NA,NA,NA,61.6,43.5,NA,NA,NA,NA,NA,NA,NA,NA,NA,NA,NA,NA,NA,NA,Cattle
3107,South,Iron Age,IA2,IA2,IA.Late,NA,Spina,Excavations 2007-2009,118,Cattle,B,TI,Tibia,NA,NA,NA,NA,NA,33.3,NA,NA,NA,NA,NA,NA,NA,NA,NA,NA,NA,NA,NA,NA,NA,NA,NA,NA,Cattle
3249,North,Bronze Age,BA.R,BM-R,BA.Late,NA,Isolone,NA,16,Cattle,B,TI,Tibia,279,NA,NA,NA,NA,27,NA,NA,47.7,NA,NA,NA,NA,NA,NA,NA,NA,NA,NA,NA,NA,NA,NA,NA,Cattle
3311,South,Bronze Age,BA.M-R,BM-R,BA.Middle-Late,NA,Pilastri Bondeno,Sondaggi 1989,27,Cattle,B,TI,Tibia,281,NA,NA,78.8,NA,30.5,NA,NA,50.4,NA,NA,NA,NA,NA,NA,NA,NA,NA,NA,NA,NA,NA,NA,NA,Cattle
3709,Friuli,Roman,Rom.Early,Early,Roman.Early,NA,Pozzuolo,Excavations 1980-83 Roman,160,Cattle,B,TI,Tibia,NA,NA,NA,NA,NA,NA,NA,NA,65.3,NA,NA,NA,NA,NA,NA,NA,NA,NA,NA,NA,NA,NA,NA,NA,Cattle
3854,North,Bronze Age,BA.M-R,BM-R,BA.Middle-Late,NA,Peschiera,NA,14,Cattle,B,TI,Tibia,NA,NA,NA,NA,NA,NA,NA,NA,46.3,NA,NA,NA,NA,NA,NA,NA,NA,NA,NA,NA,NA,NA,NA,NA,Cattle
3855,North,Bronze Age,BA.M-R,BM-R,BA.Middle-Late,NA,Peschiera,NA,14,Cattle,B,TI,Tibia,NA,NA,NA,NA,NA,NA,NA,NA,53.1,NA,NA,NA,NA,NA,NA,NA,NA,NA,NA,NA,NA,NA,NA,NA,Cattle
3960,South,Bronze Age,BA.M,BM-R,BA.Middle,NA,Poviglio,Villaggio piccolo - MBA,26,Cattle,B,TI,Tibia,NA,NA,NA,NA,NA,NA,NA,NA,50,NA,NA,NA,NA,NA,NA,NA,NA,NA,NA,NA,NA,NA,NA,NA,Cattle
3961,South,Bronze Age,BA.M,BM-R,BA.Middle,NA,Poviglio,Villaggio piccolo - MBA,26,Cattle,B,TI,Tibia,NA,NA,NA,NA,NA,NA,NA,NA,55.2,NA,NA,NA,NA,NA,NA,NA,NA,NA,NA,NA,NA,NA,NA,NA,Cattle
4212,Veneto,Bronze Age,BA.M,BM-R,BA.Middle,NA,Vallette,NA,145,Cattle,B,TI,Tibia,NA,NA,NA,NA,NA,NA,NA,NA,53.7,NA,NA,NA,NA,NA,NA,NA,NA,NA,NA,NA,NA,NA,NA,1,Cattle
4213,Veneto,Bronze Age,BA.M,BM-R,BA.Middle,NA,Vallette,NA,145,Cattle,B,TI,Tibia,NA,NA,NA,NA,NA,29.4,NA,NA,51,NA,NA,NA,NA,NA,NA,NA,NA,NA,NA,NA,NA,NA,NA,1,Cattle
4376,Veneto,Bronze Age,BA.M,BM-R,BA.Middle,NA,Tombola,NA,146,Cattle,B,TI,Tibia,NA,NA,NA,NA,NA,23,NA,NA,NA,NA,NA,NA,NA,NA,NA,NA,NA,NA,NA,NA,NA,NA,NA,1,Cattle
4377,Veneto,Bronze Age,BA.M,BM-R,BA.Middle,NA,Tombola,NA,146,Cattle,B,TI,Tibia,NA,NA,NA,NA,NA,29,NA,NA,52,37,NA,NA,NA,NA,NA,NA,NA,NA,NA,NA,NA,NA,NA,1,Cattle
4378,Veneto,Bronze Age,BA.M,BM-R,BA.Middle,NA,Tombola,NA,146,Cattle,B,TI,Tibia,NA,NA,NA,NA,NA,NA,NA,NA,51,37,NA,NA,NA,NA,NA,NA,NA,NA,NA,NA,NA,NA,NA,1,Cattle
4379,Veneto,Bronze Age,BA.M,BM-R,BA.Middle,NA,Tombola,NA,146,Cattle,B,TI,Tibia,NA,NA,NA,NA,NA,NA,NA,NA,54,NA,NA,NA,NA,NA,NA,NA,NA,NA,NA,NA,NA,NA,NA,1,Cattle
4380,Veneto,Bronze Age,BA.M,BM-R,BA.Middle,NA,Tombola,NA,146,Cattle,B,TI,Tibia,NA,NA,NA,NA,NA,28,NA,NA,47,36,NA,NA,NA,NA,NA,NA,NA,NA,NA,NA,NA,NA,NA,1,Cattle
4381,Veneto,Bronze Age,BA.M,BM-R,BA.Middle,NA,Tombola,NA,146,Cattle,B,TI,Tibia,NA,NA,NA,NA,NA,NA,NA,NA,54,39,NA,NA,NA,NA,NA,NA,NA,NA,NA,NA,NA,NA,NA,1,Cattle
4382,Veneto,Bronze Age,BA.M,BM-R,BA.Middle,NA,Tombola,NA,146,Cattle,B,TI,Tibia,NA,NA,NA,NA,NA,NA,NA,NA,53,37,NA,NA,NA,NA,NA,NA,NA,NA,NA,NA,NA,NA,NA,1,Cattle
4383,Veneto,Bronze Age,BA.M,BM-R,BA.Middle,NA,Tombola,NA,146,Cattle,B,TI,Tibia,NA,NA,NA,NA,NA,30,NA,NA,51,NA,NA,NA,NA,NA,NA,NA,NA,NA,NA,NA,NA,NA,NA,1,Cattle
4553,North,Bronze Age,BA.M,BM-R,BA.Middle,NA,Muraiola,NA,13,Cattle,B,TI,Tibia,NA,NA,NA,80.6,NA,NA,NA,NA,NA,NA,NA,NA,NA,NA,NA,NA,NA,NA,NA,NA,NA,NA,NA,NA,Cattle
4554,North,Bronze Age,BA.M,BM-R,BA.Middle,NA,Muraiola,NA,13,Cattle,B,TI,Tibia,NA,NA,NA,81,NA,NA,NA,NA,NA,NA,NA,NA,NA,NA,NA,NA,NA,NA,NA,NA,NA,NA,NA,NA,Cattle
4555,North,Bronze Age,BA.M,BM-R,BA.Middle,NA,Muraiola,NA,13,Cattle,B,TI,Tibia,NA,NA,NA,92.6,NA,NA,NA,NA,NA,NA,NA,NA,NA,NA,NA,NA,NA,NA,NA,NA,NA,NA,NA,NA,Cattle
4722,South,Iron Age,IA2,IA2,IA.Late,ExNISP,Forcello,Trentacoste PhD,84,Cattle,B,TI,Tibia,NA,NA,NA,NA,NA,NA,NA,NA,54.8,41.7,NA,NA,NA,NA,NA,NA,NA,NA,NA,NA,NA,NA,NA,NA,Cattle
4741,South,Iron Age,IA2,IA2,IA.Late,ExNISP,Forcello,Trentacoste PhD,84,Cattle,B,TI,Tibia,NA,NA,NA,NA,NA,NA,NA,NA,58.6,45.5,NA,NA,NA,NA,NA,NA,NA,NA,NA,NA,NA,NA,NA,NA,Cattle
4877,South,Iron Age,IA2,IA2,IA.Late,ExNISP,Forcello,Trentacoste PhD,84,Cattle,B,TI,Tibia,NA,NA,NA,NA,NA,NA,NA,NA,63.6,46.4,NA,NA,NA,NA,NA,NA,NA,NA,NA,NA,NA,NA,NA,NA,Cattle
4885,South,Iron Age,IA2,IA2,IA.Late,ExNISP,Forcello,Trentacoste PhD,84,Cattle,B,TI,Tibia,NA,NA,NA,NA,NA,NA,NA,NA,57.4,40,NA,NA,NA,NA,NA,NA,NA,NA,NA,NA,NA,NA,NA,NA,Cattle
5067,South,Iron Age,IA2,IA2,IA.Late,ExNISP,Forcello,Trentacoste PhD,84,Cattle,B,TI,Tibia,NA,NA,NA,NA,NA,NA,NA,NA,66.4,49.8,NA,NA,NA,NA,NA,NA,NA,NA,NA,NA,NA,NA,NA,NA,Cattle
5403,South,Iron Age,IA2,IA2,IA.Late,ExNISP,Forcello,Trentacoste PhD,84,Cattle,B,TI,Tibia,NA,NA,NA,NA,NA,NA,NA,NA,52.3,37.9,NA,NA,NA,NA,NA,NA,NA,NA,NA,NA,NA,NA,NA,NA,Cattle
5417,South,Iron Age,IA2,IA2,IA.Late,ExNISP,Forcello,Trentacoste PhD,84,Cattle,B,TI,Tibia,NA,NA,NA,NA,NA,NA,NA,NA,58.3,NA,NA,NA,NA,NA,NA,NA,NA,NA,NA,NA,NA,NA,NA,NA,Cattle
5459,South,Iron Age,IA2,IA2,IA.Late,ExNISP,Forcello,Trentacoste PhD,84,Cattle,B,TI,Tibia,NA,NA,NA,NA,NA,NA,NA,NA,59.6,44.9,NA,NA,NA,NA,NA,NA,NA,NA,NA,NA,NA,NA,NA,NA,Cattle
5473,South,Iron Age,IA2,IA2,IA.Late,ExNISP,Forcello,Trentacoste PhD,84,Cattle,B,TI,Tibia,NA,NA,NA,NA,NA,NA,NA,NA,50.8,37.9,NA,NA,NA,NA,NA,NA,NA,NA,NA,NA,NA,NA,NA,NA,Cattle
5559,South,Iron Age,IA2,IA2,IA.Late,ExNISP,Forcello,Trentacoste PhD,84,Cattle,B,TI,Tibia,NA,NA,NA,NA,NA,NA,NA,NA,56.8,38.4,NA,NA,NA,NA,NA,NA,NA,NA,NA,NA,NA,NA,NA,NA,Cattle
5704,South,Iron Age,IA2,IA2,IA.Late,ExNISP,Forcello,Trentacoste PhD,84,Cattle,B,TI,Tibia,NA,NA,NA,NA,NA,NA,NA,NA,63.9,44.7,NA,NA,NA,NA,NA,NA,NA,NA,NA,NA,NA,NA,NA,NA,Cattle
5762,South,Iron Age,IA2,IA2,IA.Late,ExNISP,Forcello,Trentacoste PhD,84,Cattle,B,TI,Tibia,NA,NA,NA,NA,NA,NA,NA,NA,55.1,40.2,NA,NA,NA,NA,NA,NA,NA,NA,NA,NA,NA,NA,NA,NA,Cattle
5917,South,Iron Age,IA2,IA2,IA.Late,ExNISP,Forcello,Trentacoste PhD,84,Cattle,B,TI,Tibia,NA,NA,NA,NA,NA,NA,NA,NA,51.1,35.6,NA,NA,NA,NA,NA,NA,NA,NA,NA,NA,NA,NA,NA,NA,Cattle
5919,South,Iron Age,IA2,IA2,IA.Late,ExNISP,Forcello,Trentacoste PhD,84,Cattle,B,TI,Tibia,NA,NA,NA,NA,NA,NA,NA,NA,52.1,37.3,NA,NA,NA,NA,NA,NA,NA,NA,NA,NA,NA,NA,NA,NA,Cattle
6134,South,Iron Age,IA2,IA2,IA.Late,ExNISP,Forcello,Trentacoste PhD,84,Cattle,B,TI,Tibia,NA,NA,NA,NA,NA,NA,NA,NA,57.8,45.7,NA,NA,NA,NA,NA,NA,NA,NA,NA,NA,NA,NA,NA,NA,Cattle
8204,South,Iron Age,IA2,IA2,IA.Late,ExNISP,Forcello,Scarpa,1,Cattle,B,TI,Tibia,NA,NA,NA,NA,NA,NA,NA,NA,55,NA,NA,NA,NA,NA,NA,NA,NA,NA,NA,NA,NA,NA,NA,1,Cattle
8205,South,Iron Age,IA2,IA2,IA.Late,ExNISP,Forcello,Scarpa,1,Cattle,B,TI,Tibia,NA,NA,NA,NA,NA,NA,NA,NA,55,NA,NA,NA,NA,NA,NA,NA,NA,NA,NA,NA,NA,NA,NA,1,Cattle
8369,North,Bronze Age,BA.R,BM-R,BA.Late,NA,Bovolone,Bertoloni et al. 2015,125,Cattle,B,TI,Tibia,NA,NA,NA,NA,NA,NA,NA,NA,57,NA,NA,NA,NA,NA,NA,NA,NA,NA,NA,NA,NA,NA,NA,1,Cattle
8370,North,Bronze Age,BA.R,BM-R,BA.Late,NA,Bovolone,Bertoloni et al. 2015,125,Cattle,B,TI,Tibia,NA,NA,NA,NA,NA,NA,NA,NA,49,NA,NA,NA,NA,NA,NA,NA,NA,NA,NA,NA,NA,NA,NA,1,Cattle
8371,North,Bronze Age,BA.R,BM-R,BA.Late,NA,Bovolone,Bertoloni et al. 2015,125,Cattle,B,TI,Tibia,NA,NA,NA,NA,NA,NA,NA,NA,53,NA,NA,NA,NA,NA,NA,NA,NA,NA,NA,NA,NA,NA,NA,1,Cattle
8372,North,Bronze Age,BA.R,BM-R,BA.Late,NA,Bovolone,Bertoloni et al. 2015,125,Cattle,B,TI,Tibia,NA,NA,NA,NA,NA,28,NA,NA,51,NA,NA,NA,NA,NA,NA,NA,NA,NA,NA,NA,NA,NA,NA,1,Cattle
8373,North,Bronze Age,BA.R,BM-R,BA.Late,NA,Bovolone,Bertoloni et al. 2015,125,Cattle,B,TI,Tibia,NA,NA,NA,NA,NA,NA,NA,NA,49,NA,NA,NA,NA,NA,NA,NA,NA,NA,NA,NA,NA,NA,NA,1,Cattle
8374,North,Bronze Age,BA.R,BM-R,BA.Late,NA,Bovolone,Bertoloni et al. 2015,125,Cattle,B,TI,Tibia,NA,NA,NA,NA,NA,NA,NA,NA,49,NA,NA,NA,NA,NA,NA,NA,NA,NA,NA,NA,NA,NA,NA,1,Cattle
8375,North,Bronze Age,BA.R,BM-R,BA.Late,NA,Bovolone,Bertoloni et al. 2015,125,Cattle,B,TI,Tibia,NA,NA,NA,NA,NA,NA,NA,NA,56,NA,NA,NA,NA,NA,NA,NA,NA,NA,NA,NA,NA,NA,NA,1,Cattle
8376,North,Bronze Age,BA.R,BM-R,BA.Late,NA,Bovolone,Bertoloni et al. 2015,125,Cattle,B,TI,Tibia,NA,NA,NA,NA,NA,NA,NA,NA,54,NA,NA,NA,NA,NA,NA,NA,NA,NA,NA,NA,NA,NA,NA,1,Cattle
8377,North,Bronze Age,BA.R,BM-R,BA.Late,NA,Bovolone,Bertoloni et al. 2015,125,Cattle,B,TI,Tibia,NA,NA,NA,NA,NA,NA,NA,NA,52,NA,NA,NA,NA,NA,NA,NA,NA,NA,NA,NA,NA,NA,NA,1,Cattle
8378,North,Bronze Age,BA.R,BM-R,BA.Late,NA,Bovolone,Bertoloni et al. 2015,125,Cattle,B,TI,Tibia,NA,NA,NA,NA,NA,36,NA,NA,57,NA,NA,NA,NA,NA,NA,NA,NA,NA,NA,NA,NA,NA,NA,1*,Cattle
8516,Veneto,Bronze Age,BA.R,BM-R,BA.Late,NA,Larda I,NA,147,Cattle,B,TI,Tibia,NA,NA,NA,NA,NA,NA,33.1,NA,46,NA,NA,NA,NA,NA,NA,NA,NA,NA,NA,NA,NA,NA,NA,1,Cattle
8517,Veneto,Bronze Age,BA.R,BM-R,BA.Late,NA,Larda I,NA,147,Cattle,B,TI,Tibia,NA,NA,NA,NA,NA,NA,37.1,NA,55,NA,NA,NA,NA,NA,NA,NA,NA,NA,NA,NA,NA,NA,NA,1,Cattle
8667,Veneto,Bronze Age,BA.R,BM-R,BA.Late,NA,Campestrin,NA,149,Cattle,B,TI,Tibia,NA,NA,NA,NA,NA,NA,NA,NA,54,NA,NA,NA,NA,NA,NA,NA,NA,NA,NA,NA,NA,NA,NA,1,Cattle
8668,Veneto,Bronze Age,BA.R,BM-R,BA.Late,NA,Campestrin,NA,149,Cattle,B,TI,Tibia,NA,NA,NA,NA,NA,NA,NA,NA,50,NA,NA,NA,NA,NA,NA,NA,NA,NA,NA,NA,NA,NA,NA,1,Cattle
9053,Veneto,Bronze Age,BA.R,BM-R,BA.Late,NA,Terranegra,Depellegrin & Tecchiati - BR,61,Cattle,B,TI,Tibia,NA,NA,NA,NA,NA,NA,NA,NA,57.7,NA,NA,NA,NA,NA,NA,NA,NA,NA,NA,NA,NA,NA,NA,NA,Cattle
9054,Veneto,Bronze Age,BA.R,BM-R,BA.Late,NA,Terranegra,Depellegrin & Tecchiati - BR,61,Cattle,B,TI,Tibia,NA,NA,NA,NA,NA,NA,NA,NA,49.1,NA,NA,NA,NA,NA,NA,NA,NA,NA,NA,NA,NA,NA,NA,NA,Cattle
9055,Veneto,Bronze Age,BA.R,BM-R,BA.Late,NA,Terranegra,Depellegrin & Tecchiati - BR,61,Cattle,B,TI,Tibia,NA,NA,NA,NA,NA,NA,NA,NA,41.4,NA,NA,NA,NA,NA,NA,NA,NA,NA,NA,NA,NA,NA,NA,NA,Cattle
9056,Veneto,Bronze Age,BA.R,BM-R,BA.Late,NA,Terranegra,Depellegrin & Tecchiati - BR,61,Cattle,B,TI,Tibia,NA,NA,NA,NA,NA,NA,NA,NA,58.9,NA,NA,NA,NA,NA,NA,NA,NA,NA,NA,NA,NA,NA,NA,NA,Cattle
9057,Veneto,Iron Age,IA1-IA2,IA1,IA.Mid,NA,Terranegra,Depellegrin & Tecchiati - IA,156,Cattle,B,TI,Tibia,NA,NA,NA,NA,NA,NA,NA,NA,64.5,NA,NA,NA,NA,NA,NA,NA,NA,NA,NA,NA,NA,NA,NA,NA,Cattle
9058,Veneto,Iron Age,IA1-IA2,IA1,IA.Mid,NA,Terranegra,Depellegrin & Tecchiati - IA,156,Cattle,B,TI,Tibia,NA,NA,NA,NA,NA,NA,NA,NA,49.9,NA,NA,NA,NA,NA,NA,NA,NA,NA,NA,NA,NA,NA,NA,NA,Cattle
9059,Veneto,Iron Age,IA1-IA2,IA1,IA.Mid,NA,Terranegra,Depellegrin & Tecchiati - IA,156,Cattle,B,TI,Tibia,NA,NA,NA,NA,NA,NA,NA,NA,54,NA,NA,NA,NA,NA,NA,NA,NA,NA,NA,NA,NA,NA,NA,NA,Cattle
9060,Veneto,Iron Age,IA1-IA2,IA1,IA.Mid,NA,Terranegra,Depellegrin & Tecchiati - IA,156,Cattle,B,TI,Tibia,NA,NA,NA,NA,NA,NA,NA,NA,51,NA,NA,NA,NA,NA,NA,NA,NA,NA,NA,NA,NA,NA,NA,*,Cattle
9061,Veneto,Iron Age,IA1-IA2,IA1,IA.Mid,NA,Terranegra,Depellegrin & Tecchiati - IA,156,Cattle,B,TI,Tibia,NA,NA,NA,NA,NA,NA,NA,NA,53.7,NA,NA,NA,NA,NA,NA,NA,NA,NA,NA,NA,NA,NA,NA,NA,Cattle
9254,North,Bronze Age,BA.M,BM-R,BA.Middle,NA,Nogarole Rocca,I Camponi,17,Cattle,B,TI,Tibia,NA,NA,NA,NA,NA,NA,NA,NA,53.8,39.8,NA,NA,NA,NA,NA,NA,NA,NA,NA,NA,NA,NA,NA,NA,Cattle
9255,North,Bronze Age,BA.M,BM-R,BA.Middle,NA,Nogarole Rocca,I Camponi,17,Cattle,B,TI,Tibia,NA,NA,NA,NA,NA,NA,NA,NA,55.5,44,NA,NA,NA,NA,NA,NA,NA,NA,NA,NA,NA,NA,NA,NA,Cattle
9256,North,Bronze Age,BA.M,BM-R,BA.Middle,NA,Nogarole Rocca,I Camponi,17,Cattle,B,TI,Tibia,NA,NA,NA,NA,NA,NA,NA,NA,56.6,42.6,NA,NA,NA,NA,NA,NA,NA,NA,NA,NA,NA,NA,NA,NA,Cattle
9257,North,Bronze Age,BA.M,BM-R,BA.Middle,NA,Nogarole Rocca,I Camponi,17,Cattle,B,TI,Tibia,NA,NA,NA,NA,NA,NA,NA,NA,57,40.3,NA,NA,NA,NA,NA,NA,NA,NA,NA,NA,NA,NA,NA,NA,Cattle
9289,Friuli,Bronze Age-Iron Age,BA.F-IA0,BRF-IA0,BA.L-EIA,NA,Gradisca,Final Bronze Age - Early Iron Age,168,Cattle,B,TI,Tibia,NA,NA,NA,NA,NA,NA,NA,NA,49.6,35.5,NA,NA,NA,NA,NA,NA,NA,NA,NA,NA,NA,NA,NA,NA,Cattle
9434,Friuli,Iron Age,IA0-IA1,BRF-IA0,IA.Early,NA,Pozzuolo,Excavations 1980-83 Final Bronze-Iron Age,55,Cattle,B,TI,Tibia,NA,NA,NA,NA,NA,NA,NA,NA,60.4,NA,NA,NA,NA,NA,NA,NA,NA,NA,NA,Petrucci,NA,NA,NA,NA,Cattle
9847,Veneto,Roman,Rom.Mid,Mid,Roman.Mid,NA,Ca Tron,sito A,188,Cattle,B,TI,Tibia,NA,NA,NA,NA,NA,NA,NA,NA,70.7,NA,NA,NA,NA,NA,NA,NA,NA,NA,NA,NA,NA,NA,NA,NA,Cattle
9875,Friuli,Roman,Rom.Late,Late,Roman.Late,NA,Aquileia,area a est del foro - Riedel 1994,175,Cattle,B,TI,Tibia,301,NA,NA,NA,NA,NA,NA,NA,NA,NA,NA,NA,NA,NA,NA,NA,NA,NA,NA,NA,NA,NA,NA,NA,Cattle
9965,Veneto,Roman,Rom.M-L,Mid-Late,Roman.Mid-Late,NA,Oderzo,Pozzo romano - all strata (1st-4th c AD),214,Cattle,B,TI,Tibia,NA,NA,NA,108,NA,NA,NA,NA,NA,NA,NA,NA,NA,NA,NA,NA,NA,NA,NA,NA,NA,NA,NA,NA,Cattle
10105,Veneto,Roman,Rom.M-L,Mid-Late,Roman.Mid-Late,NA,Altino,Riedel 1985,56,Cattle,B,TI,Tibia,NA,NA,NA,109.3,NA,NA,NA,NA,61.7,NA,NA,NA,NA,NA,NA,NA,NA,NA,NA,NA,NA,NA,NA,NA,Cattle
11113,Friuli,Roman,Rom.Late,Late,Roman.Late,NA,Udine,Late Roman,246,Cattle,B,TI,Tibia,NA,NA,NA,NA,NA,NA,NA,NA,57.6,40.7,NA,NA,NA,NA,NA,NA,NA,NA,NA,NA,NA,NA,NA,NA,Cattle
11114,Friuli,Roman,Rom.Late,Late,Roman.Late,NA,Udine,Late Roman,246,Cattle,B,TI,Tibia,NA,NA,NA,NA,NA,NA,NA,NA,63.6,46,NA,NA,NA,NA,NA,NA,NA,NA,NA,NA,NA,NA,NA,NA,Cattle
11115,Friuli,Roman,Rom.Late,Late,Roman.Late,NA,Udine,Late Roman,246,Cattle,B,TI,Tibia,NA,NA,NA,NA,NA,NA,NA,NA,64,46.6,NA,NA,NA,NA,NA,NA,NA,NA,NA,NA,NA,NA,NA,NA,Cattle
11116,Friuli,Roman,Rom.Late,Late,Roman.Late,NA,Udine,Late Roman,246,Cattle,B,TI,Tibia,NA,NA,NA,NA,NA,NA,NA,NA,67.2,48.3,NA,NA,NA,NA,NA,NA,NA,NA,NA,NA,NA,NA,NA,NA,Cattle
11287,Friuli,Bronze Age,BA.R-F,BRF-IA0,BA.Late,NA,Udine,'Late Bronze Age',247,Cattle,B,TI,Tibia,NA,NA,NA,NA,NA,NA,NA,NA,51.5,39,NA,NA,NA,NA,NA,NA,NA,NA,NA,NA,NA,NA,NA,NA,Cattle
11288,Friuli,Bronze Age,BA.R-F,BRF-IA0,BA.Late,NA,Udine,'Late Bronze Age',247,Cattle,B,TI,Tibia,NA,NA,NA,NA,NA,NA,NA,NA,52,38.7,NA,NA,NA,NA,NA,NA,NA,NA,NA,NA,NA,NA,NA,NA,Cattle
11724,South,Roman,Rom.Early,Early,Roman.Early,NA,Calvatone,Wilkens - Bio data from academia,253,Cattle,B,TI,Tibia,NA,NA,NA,NA,NA,NA,NA,NA,65,48.4,NA,NA,NA,NA,NA,NA,NA,NA,NA,NA,NA,NA,NA,NA,Cattle
11725,South,Roman,Rom.Early,Early,Roman.Early,NA,Calvatone,Wilkens - Bio data from academia,253,Cattle,B,TI,Tibia,NA,NA,NA,NA,NA,NA,NA,NA,63,51.8,NA,NA,NA,NA,NA,NA,NA,NA,NA,NA,NA,NA,NA,NA,Cattle
11726,South,Roman,Rom.Early,Early,Roman.Early,NA,Calvatone,Wilkens - Bio data from academia,253,Cattle,B,TI,Tibia,NA,NA,NA,NA,NA,NA,NA,NA,67.1,44,NA,NA,NA,NA,NA,NA,NA,NA,NA,NA,NA,NA,NA,NA,Cattle
11727,South,Roman,Rom.Early,Early,Roman.Early,NA,Calvatone,Wilkens - Bio data from academia,253,Cattle,B,TI,Tibia,NA,NA,NA,NA,NA,NA,NA,NA,60.3,43,NA,NA,NA,NA,NA,NA,NA,NA,NA,NA,NA,NA,NA,NA,Cattle
11752,South,Roman,Rom.Early,Early,Roman.Early,NA,Calvatone,Wilkens - Bio data from academia,253,Cattle,B,TI,Tibia,NA,NA,NA,94.6,NA,NA,NA,NA,NA,NA,NA,NA,NA,NA,NA,NA,NA,NA,NA,NA,NA,NA,NA,NA,Cattle
11867,South,Roman,Rom.Early,Early,Roman.Early,NA,Calvatone,Wilkens - Bio data from academia,253,Cattle,B,TI,Tibia,NA,NA,NA,NA,NA,NA,NA,NA,58.1,44,NA,NA,NA,NA,NA,NA,NA,NA,NA,NA,NA,NA,NA,NA,Cattle
11868,South,Roman,Rom.Early,Early,Roman.Early,NA,Calvatone,Wilkens - Bio data from academia,253,Cattle,B,TI,Tibia,NA,NA,NA,NA,NA,NA,NA,NA,60,46,NA,NA,NA,NA,NA,NA,NA,NA,NA,NA,NA,NA,NA,NA,Cattle
11939,South,Roman,Rom.Early,Early,Roman.Early,NA,Calvatone,Wilkens - Bio data from academia,253,Cattle,B,TI,Tibia,NA,NA,NA,NA,NA,NA,NA,NA,61.1,45,NA,NA,NA,NA,NA,NA,NA,NA,NA,NA,NA,NA,NA,NA,Cattle
12301,South,Roman,Rom.Early,Early,Roman.Early,NA,Calvatone,Wilkens - Bio data from academia,253,Cattle,B,TI,Tibia,342,NA,NA,82,NA,37.8,NA,NA,57.1,45.3,NA,NA,NA,NA,NA,NA,NA,NA,NA,NA,NA,NA,NA,NA,Cattle
12305,South,Roman,Rom.Early,Early,Roman.Early,NA,Calvatone,Wilkens - Bio data from academia,253,Cattle,B,TI,Tibia,NA,NA,NA,NA,NA,NA,NA,NA,68.4,50.1,NA,NA,NA,NA,NA,NA,NA,NA,NA,NA,NA,NA,NA,NA,Cattle
12306,South,Roman,Rom.Early,Early,Roman.Early,NA,Calvatone,Wilkens - Bio data from academia,253,Cattle,B,TI,Tibia,NA,NA,NA,NA,NA,NA,NA,NA,58.8,45,NA,NA,NA,NA,NA,NA,NA,NA,NA,NA,NA,NA,NA,NA,Cattle
NA,South,Bronze Age,BA.M-R,BM-R,BA.Middle-Late,NA,Zenerigolo,trincea 4,444,Cattle,B,TI,Tibia,NA,NA,NA,NA,NA,NA,NA,NA,53.1,40.9,NA,NA,NA,NA,NA,NA,NA,NA,NA,NA,NA,NA,NA,NA,Cattle
NA,Appennine,Bronze Age,BA.M-R,BM-R,BA.Middle-Late,NA,Case Missiroli,NA,453,Cattle,B,TI,Tibia,NA,NA,NA,NA,NA,NA,NA,NA,60.5,NA,NA,NA,NA,NA,NA,NA,NA,NA,NA,NA,NA,NA,NA,NA,Cattle
NA,Veneto,Iron Age,IA1,IA1,IA.Mid,NA,Padova,"Via S. Canziano, phases I-III",466,Cattle,B,TI,Tibia,NA,NA,NA,NA,NA,NA,NA,NA,56.7,NA,NA,NA,NA,NA,NA,NA,NA,NA,NA,NA,NA,NA,NA,NA,Cattle
NA,Veneto,Iron Age,IA1,IA1,IA.Mid,NA,Padova,"Via S. Canziano, phases I-III",466,Cattle,B,TI,Tibia,NA,NA,NA,NA,NA,NA,NA,NA,59.2,40.8,NA,NA,NA,NA,NA,NA,NA,NA,NA,NA,NA,NA,NA,NA,Cattle
NA,Veneto,Iron Age,IA1,IA1,IA.Mid,NA,Padova,"Via S. Canziano, phases I-III",466,Cattle,B,TI,Tibia,NA,NA,NA,NA,NA,NA,NA,NA,60.4,46,NA,NA,NA,NA,NA,NA,NA,NA,NA,NA,NA,NA,NA,NA,Cattle
NA,Veneto,Iron Age,IA1,IA1,IA.Mid,NA,Padova,"Via S. Canziano, phases I-III",466,Cattle,B,TI,Tibia,NA,NA,NA,NA,NA,NA,NA,NA,55.6,43.6,NA,NA,NA,NA,NA,NA,NA,NA,NA,NA,NA,NA,NA,NA,Cattle
NA,Veneto,Iron Age,IA1,IA1,IA.Mid,NA,Padova,"Via S. Canziano, phases I-III",466,Cattle,B,TI,Tibia,378.5,NA,NA,NA,NA,38.7,NA,NA,68.4,51,NA,NA,NA,NA,NA,NA,NA,NA,NA,NA,NA,NA,NA,NA,Cattle
443,North,Iron Age,IA2,IA2,IA.Late,NA,Colognola ai Colli,NA,54,Goat,CAH,AS,Astragalus,NA,28.5,26.3,NA,NA,NA,NA,15,18,NA,NA,NA,NA,NA,NA,NA,NA,NA,NA,NA,NA,NA,NA,NA,Sheep/goat
444,North,Iron Age,IA2,IA2,IA.Late,NA,Colognola ai Colli,NA,54,Goat,CAH,AS,Astragalus,NA,29.6,27,NA,NA,NA,NA,15.5,18.2,NA,NA,NA,NA,NA,NA,NA,NA,NA,NA,NA,NA,NA,NA,NA,Sheep/goat
445,North,Iron Age,IA2,IA2,IA.Late,NA,Colognola ai Colli,NA,54,Goat,CAH,AS,Astragalus,NA,30.3,28.7,NA,NA,NA,NA,16.6,20,NA,NA,NA,NA,NA,NA,NA,NA,NA,NA,NA,NA,NA,NA,NA,Sheep/goat
1049,North,Iron Age,IA2,IA2,IA.Late,NA,Castelrotto,NA,53,Goat,CAH,AS,Astragalus,NA,26.6,29.5,NA,NA,NA,NA,NA,NA,NA,NA,NA,NA,NA,NA,NA,NA,NA,NA,NA,NA,NA,NA,NA,Sheep/goat
1050,North,Iron Age,IA2,IA2,IA.Late,NA,Castelrotto,NA,53,Goat,CAH,AS,Astragalus,NA,29.3,27,NA,NA,NA,NA,15.1,18.1,NA,NA,NA,NA,NA,NA,NA,NA,NA,NA,NA,NA,NA,NA,NA,Sheep/goat
1051,North,Iron Age,IA2,IA2,IA.Late,NA,Castelrotto,NA,53,Goat,CAH,AS,Astragalus,NA,28.3,26.9,NA,NA,NA,NA,15,18.2,NA,NA,NA,NA,NA,NA,NA,NA,NA,NA,NA,NA,NA,NA,NA,Sheep/goat
1052,North,Iron Age,IA2,IA2,IA.Late,NA,Castelrotto,NA,53,Goat,CAH,AS,Astragalus,NA,29,26.5,NA,NA,NA,NA,15,18,NA,NA,NA,NA,NA,NA,NA,NA,NA,NA,NA,NA,NA,NA,NA,Sheep/goat
1053,North,Iron Age,IA2,IA2,IA.Late,NA,Castelrotto,NA,53,Goat,CAH,AS,Astragalus,NA,29.2,27.3,NA,NA,NA,NA,15.5,18.8,NA,NA,NA,NA,NA,NA,NA,NA,NA,NA,NA,NA,NA,NA,NA,Sheep/goat
1054,North,Iron Age,IA2,IA2,IA.Late,NA,Castelrotto,NA,53,Goat,CAH,AS,Astragalus,NA,30.4,28,NA,NA,NA,NA,16.4,19.7,NA,NA,NA,NA,NA,NA,NA,NA,NA,NA,NA,NA,NA,NA,NA,Sheep/goat
1756,North,Iron Age,IA2,IA2,IA.Late,NA,Santorso,All phases,92,Goat,CAH,AS,Astragalus,NA,27.9,26.6,NA,NA,NA,NA,14.3,18,NA,NA,NA,NA,NA,NA,NA,NA,NA,NA,NA,NA,NA,NA,NA,Sheep/goat
1757,North,Iron Age,IA2,IA2,IA.Late,NA,Santorso,All phases,92,Goat,CAH,AS,Astragalus,NA,30.8,NA,NA,NA,NA,NA,17.1,19.9,NA,NA,NA,NA,NA,NA,NA,NA,NA,NA,NA,NA,NA,NA,NA,Sheep/goat
2599,Appennine,Bronze Age,BA.M,BM-R,BA.Middle,NA,Solarolo,via Odriere Settore 1,123,Goat,CAH,AS,Astragalus,NA,23,24.1,NA,NA,NA,NA,14.6,NA,NA,NA,NA,NA,NA,NA,NA,NA,NA,NA,NA,NA,NA,NA,NA,Sheep/goat
4084,South,Bronze Age,BA.M,BM-R,BA.Middle,NA,Poviglio,Villaggio piccolo - MBA,26,Goat,CAH,AS,Astragalus,NA,27.3,25.5,NA,NA,NA,NA,14.5,17.5,NA,NA,NA,NA,NA,NA,NA,NA,NA,NA,NA,NA,NA,NA,NA,Sheep/goat
4085,South,Bronze Age,BA.M,BM-R,BA.Middle,NA,Poviglio,Villaggio piccolo - MBA,26,Goat,CAH,AS,Astragalus,NA,25.5,22.5,NA,NA,NA,NA,13.5,16.4,NA,NA,NA,NA,NA,NA,NA,NA,NA,NA,NA,NA,NA,NA,NA,Sheep/goat
4086,South,Bronze Age,BA.M,BM-R,BA.Middle,NA,Poviglio,Villaggio piccolo - MBA,26,Goat,CAH,AS,Astragalus,NA,27.8,25.9,NA,NA,NA,NA,14.9,18,NA,NA,NA,NA,NA,NA,NA,NA,NA,NA,NA,NA,NA,NA,NA,Sheep/goat
4403,Veneto,Bronze Age,BA.M,BM-R,BA.Middle,NA,Tombola,NA,146,Goat,CAH,AS,Astragalus,NA,27,26,NA,NA,NA,NA,15,16,NA,NA,NA,NA,NA,NA,NA,NA,NA,NA,NA,NA,NA,NA,1,Sheep/goat
4576,North,Bronze Age,BA.M,BM-R,BA.Middle,NA,Muraiola,NA,13,Goat,CAH,AS,Astragalus,NA,25.8,NA,NA,NA,NA,NA,NA,NA,NA,NA,NA,NA,NA,NA,NA,NA,NA,NA,NA,NA,NA,NA,NA,Sheep/goat
4577,North,Bronze Age,BA.M,BM-R,BA.Middle,NA,Muraiola,NA,13,Goat,CAH,AS,Astragalus,NA,28.2,NA,NA,NA,NA,NA,NA,NA,NA,NA,NA,NA,NA,NA,NA,NA,NA,NA,NA,NA,NA,NA,NA,Sheep/goat
4578,North,Bronze Age,BA.M,BM-R,BA.Middle,NA,Muraiola,NA,13,Goat,CAH,AS,Astragalus,NA,29.7,NA,NA,NA,NA,NA,NA,NA,NA,NA,NA,NA,NA,NA,NA,NA,NA,NA,NA,NA,NA,NA,NA,Sheep/goat
4579,North,Bronze Age,BA.M,BM-R,BA.Middle,NA,Muraiola,NA,13,Goat,CAH,AS,Astragalus,NA,30.6,NA,NA,NA,NA,NA,NA,NA,NA,NA,NA,NA,NA,NA,NA,NA,NA,NA,NA,NA,NA,NA,NA,Sheep/goat
4584,North,Bronze Age,BA.M,BM-R,BA.Middle,NA,Muraiola,NA,13,Goat,CAH,AS,Astragalus,NA,NA,NA,NA,NA,NA,NA,NA,16,NA,NA,NA,NA,NA,NA,NA,NA,NA,NA,NA,NA,NA,NA,NA,Sheep/goat
4585,North,Bronze Age,BA.M,BM-R,BA.Middle,NA,Muraiola,NA,13,Goat,CAH,AS,Astragalus,NA,NA,NA,NA,NA,NA,NA,NA,18,NA,NA,NA,NA,NA,NA,NA,NA,NA,NA,NA,NA,NA,NA,NA,Sheep/goat
4586,North,Bronze Age,BA.M,BM-R,BA.Middle,NA,Muraiola,NA,13,Goat,CAH,AS,Astragalus,NA,NA,NA,NA,NA,NA,NA,NA,18,NA,NA,NA,NA,NA,NA,NA,NA,NA,NA,NA,NA,NA,NA,NA,Sheep/goat
4587,North,Bronze Age,BA.M,BM-R,BA.Middle,NA,Muraiola,NA,13,Goat,CAH,AS,Astragalus,NA,NA,NA,NA,NA,NA,NA,NA,20.5,NA,NA,NA,NA,NA,NA,NA,NA,NA,NA,NA,NA,NA,NA,NA,Sheep/goat
4970,South,Iron Age,IA2,IA2,IA.Late,ExNISP,Forcello,Trentacoste PhD,84,Goat,CAH,AS,Astragalus,NA,29,27.3,NA,NA,NA,NA,16,NA,NA,NA,NA,NA,NA,NA,NA,NA,NA,NA,NA,NA,NA,NA,NA,Sheep/goat
5110,South,Iron Age,IA2,IA2,IA.Late,ExNISP,Forcello,Trentacoste PhD,84,Goat,CAH,AS,Astragalus,NA,28.8,27.2,NA,NA,NA,NA,15.8,18.2,NA,NA,NA,NA,NA,NA,NA,NA,NA,NA,NA,NA,NA,NA,NA,Sheep/goat
5245,South,Iron Age,IA2,IA2,IA.Late,ExNISP,Forcello,Trentacoste PhD,84,Goat,CAH,AS,Astragalus,NA,25.3,23.9,NA,NA,NA,NA,14.1,NA,NA,NA,NA,NA,NA,NA,NA,NA,NA,NA,NA,NA,NA,NA,NA,Sheep/goat
5273,South,Iron Age,IA2,IA2,IA.Late,ExNISP,Forcello,Trentacoste PhD,84,Goat,CAH,AS,Astragalus,NA,28.3,25.9,NA,NA,NA,NA,14.6,17.3,NA,NA,NA,NA,NA,NA,NA,NA,NA,NA,NA,NA,NA,NA,NA,Sheep/goat
5316,South,Iron Age,IA2,IA2,IA.Late,ExNISP,Forcello,Trentacoste PhD,84,Goat,CAH,AS,Astragalus,NA,27.6,27,NA,NA,NA,NA,15.1,17.7,NA,NA,NA,NA,NA,NA,NA,NA,NA,NA,NA,NA,NA,NA,NA,Sheep/goat
5471,South,Iron Age,IA2,IA2,IA.Late,ExNISP,Forcello,Trentacoste PhD,84,Goat,CAH,AS,Astragalus,NA,30.4,27.6,NA,NA,NA,NA,15.6,19.7,NA,NA,NA,NA,NA,NA,NA,NA,NA,NA,Possible join 0BB,NA,84.3,NA,NA,Sheep/goat
6058,South,Iron Age,IA2,IA2,IA.Late,ExNISP,Forcello,Trentacoste PhD,84,Goat,CAH,AS,Astragalus,NA,28.8,27,NA,NA,NA,NA,15.3,18.5,NA,NA,NA,NA,NA,NA,NA,NA,NA,NA,Joins individual 00N,NA,NA,NA,NA,Sheep/goat
9676,South,Roman,Rom.Early,Early,Roman.Early,NA,Modena,Cassa di Risparmio,132,Goat,CAH,AS,Astragalus,NA,28,26,NA,NA,NA,NA,15.5,18.5,NA,NA,NA,NA,NA,NA,NA,NA,NA,NA,NA,NA,NA,NA,0.5,Sheep/goat
10027,Veneto,Roman,Rom.M-L,Mid-Late,Roman.Mid-Late,NA,Oderzo,Pozzo romano - all strata (1st-4th c AD),214,Goat,CAH,AS,Astragalus,NA,37,35.7,NA,NA,NA,NA,20,23,NA,NA,NA,NA,NA,NA,NA,NA,NA,NA,NA,NA,NA,NA,NA,Sheep/goat
11214,Friuli,Roman,Rom.Late,Late,Roman.Late,NA,Udine,Late Roman,246,Goat,CAH,AS,Astragalus,NA,NA,30,NA,NA,NA,NA,NA,22,NA,NA,NA,NA,NA,NA,NA,NA,NA,NA,NA,NA,NA,NA,NA,Sheep/goat
NA,South,Bronze Age,BA.R,BM-R,BA.Late,NA,Monterenzio Vecchio,NA,446,Goat,CAH,AS,Astragalus,NA,29,26.7,NA,NA,NA,NA,15.1,18.1,NA,NA,NA,NA,NA,NA,NA,NA,NA,NA,NA,NA,NA,NA,NA,Sheep/goat
NA,Veneto,Iron Age,IA1,IA1,IA.Mid,NA,Padova,"Via S. Canziano, phases I-III",466,Goat,CAH,AS,Astragalus,NA,31.3,29,NA,NA,NA,NA,NA,20.8,NA,NA,NA,NA,NA,NA,NA,NA,NA,NA,NA,NA,NA,NA,NA,Sheep/goat
682,North,Bronze Age,BA.R,BM-R,BA.Late,NA,Isolone,NA,16,Goat,CAH,CA,Calcaneum,60.7,NA,NA,NA,NA,NA,NA,NA,NA,NA,NA,NA,NA,NA,NA,NA,NA,NA,NA,NA,NA,NA,NA,NA,Sheep/goat
2390,South,Bronze Age,BA.M,BM-R,BA.Middle,NA,Baggiovara,Opera Pia Bianchi,121,Goat,CAH,CA,Calcaneum,56.8,NA,NA,NA,NA,NA,NA,NA,NA,NA,NA,NA,NA,NA,NA,NA,17.5,NA,NA,NA,NA,NA,NA,NA,Sheep/goat
3098,South,Iron Age,IA2,IA2,IA.Late,NA,Spina,Excavations 2007-2009,118,Goat,CAH,CA,Calcaneum,59,NA,NA,NA,NA,NA,NA,NA,NA,NA,NA,NA,NA,NA,NA,NA,17,NA,NA,NA,NA,NA,NA,NA,Sheep/goat
3887,North,Bronze Age,BA.M-R,BM-R,BA.Middle-Late,NA,Peschiera,NA,14,Goat,CAH,CA,Calcaneum,48,NA,NA,NA,NA,NA,NA,NA,NA,NA,NA,NA,NA,NA,NA,NA,NA,NA,NA,NA,NA,NA,NA,NA,Sheep/goat
4072,South,Bronze Age,BA.M,BM-R,BA.Middle,NA,Poviglio,Villaggio piccolo - MBA,26,Goat,CAH,CA,Calcaneum,56.6,NA,NA,NA,NA,NA,NA,NA,NA,NA,NA,NA,NA,NA,NA,NA,NA,NA,NA,NA,NA,NA,NA,NA,Sheep/goat
4891,South,Iron Age,IA2,IA2,IA.Late,ExNISP,Forcello,Trentacoste PhD,84,Goat,CAH,CA,Calcaneum,60.3,NA,NA,NA,NA,NA,NA,NA,NA,23,NA,NA,NA,NA,NA,NA,NA,NA,NA,NA,NA,NA,NA,NA,Sheep/goat
5472,South,Iron Age,IA2,IA2,IA.Late,ExNISP,Forcello,Trentacoste PhD,84,Goat,CAH,CA,Calcaneum,63.9,NA,NA,NA,NA,NA,NA,NA,NA,23.8,NA,NA,NA,NA,NA,NA,NA,NA,NA,Possible join 0BB,NA,84.3,NA,NA,Sheep/goat
4402,Veneto,Bronze Age,BA.M,BM-R,BA.Middle,NA,Tombola,NA,146,Goat,CAH,FE,Femur,NA,NA,NA,NA,NA,15,NA,NA,34,NA,NA,NA,NA,NA,NA,NA,NA,NA,NA,NA,NA,NA,NA,1,Sheep/goat
420,North,Iron Age,IA2,IA2,IA.Late,NA,Colognola ai Colli,NA,54,Goat,CAH,HU,Humerus,NA,NA,NA,NA,NA,NA,NA,NA,31.8,NA,NA,NA,NA,NA,NA,NA,NA,NA,NA,NA,NA,NA,NA,NA,Sheep/goat
421,North,Iron Age,IA2,IA2,IA.Late,NA,Colognola ai Colli,NA,54,Goat,CAH,HU,Humerus,NA,NA,NA,NA,NA,NA,NA,NA,32.8,NA,NA,NA,NA,NA,NA,NA,NA,NA,NA,NA,NA,NA,NA,NA,Sheep/goat
999,North,Iron Age,IA2,IA2,IA.Late,NA,Castelrotto,NA,53,Goat,CAH,HU,Humerus,NA,NA,NA,NA,NA,NA,NA,NA,33.4,NA,NA,NA,NA,NA,NA,NA,NA,NA,NA,NA,NA,NA,NA,NA,Sheep/goat
1000,North,Iron Age,IA2,IA2,IA.Late,NA,Castelrotto,NA,53,Goat,CAH,HU,Humerus,NA,NA,NA,NA,NA,NA,NA,NA,24.7,NA,NA,NA,NA,NA,NA,NA,NA,NA,NA,NA,NA,NA,NA,NA,Sheep/goat
1001,North,Iron Age,IA2,IA2,IA.Late,NA,Castelrotto,NA,53,Goat,CAH,HU,Humerus,NA,NA,NA,NA,NA,NA,NA,NA,29,NA,NA,NA,NA,NA,NA,NA,NA,NA,NA,NA,NA,NA,NA,NA,Sheep/goat
1002,North,Iron Age,IA2,IA2,IA.Late,NA,Castelrotto,NA,53,Goat,CAH,HU,Humerus,NA,NA,NA,NA,NA,NA,NA,NA,31.1,NA,NA,NA,NA,NA,NA,NA,NA,NA,NA,NA,NA,NA,NA,NA,Sheep/goat
1549,South,Iron Age,IA2,IA2,IA.Late,NA,Spina,Excavations 2007-2009,118,Goat,CAH,HU,Humerus,NA,NA,NA,NA,NA,NA,NA,NA,29.1,NA,NA,NA,NA,NA,NA,NA,NA,NA,NA,NA,NA,NA,NA,NA,Sheep/goat
2118,North,Bronze Age,BA.M,BM-R,BA.Middle,NA,Lavagnone,Sector A + E,126,Goat,CAH,HU,Humerus,NA,NA,NA,NA,NA,NA,NA,NA,24.9,21.3,24.3,NA,NA,NA,NA,NA,NA,NA,NA,NA,HT very small. Possible missidentification or HTC measurement. Removed value of 12.7,NA,NA,NA,Sheep/goat
2593,Appennine,Bronze Age,BA.M,BM-R,BA.Middle,NA,Solarolo,via Odriere Settore 1,123,Goat,CAH,HU,Humerus,NA,NA,NA,NA,NA,NA,NA,NA,30,NA,NA,NA,NA,NA,NA,NA,NA,NA,NA,NA,NA,NA,NA,NA,Sheep/goat
3259,North,Bronze Age,BA.R,BM-R,BA.Late,NA,Isolone,NA,16,Goat,CAH,HU,Humerus,164,NA,NA,NA,NA,15.5,NA,NA,31,NA,NA,NA,NA,NA,NA,NA,NA,NA,NA,NA,Large but appears in publication like this,NA,NA,NA,Sheep/goat
3633,Friuli,Iron Age,IA0-IA1,BRF-IA0,IA.Early,NA,Pozzuolo,Excavations 1980-83 Final Bronze-Iron Age,55,Goat,CAH,HU,Humerus,NA,NA,NA,NA,NA,NA,NA,NA,29.5,NA,NA,NA,NA,NA,NA,NA,NA,NA,NA,NA,NA,NA,NA,NA,Sheep/goat
3884,North,Bronze Age,BA.M-R,BM-R,BA.Middle-Late,NA,Peschiera,NA,14,Goat,CAH,HU,Humerus,NA,NA,NA,NA,NA,NA,NA,NA,34.6,NA,NA,NA,NA,NA,NA,NA,NA,NA,NA,NA,NA,NA,NA,NA,Sheep/goat
4033,South,Bronze Age,BA.M,BM-R,BA.Middle,NA,Poviglio,Villaggio piccolo - MBA,26,Goat,CAH,HU,Humerus,NA,NA,NA,NA,NA,NA,NA,NA,30.5,NA,NA,NA,NA,NA,NA,NA,NA,NA,NA,NA,NA,NA,NA,NA,Sheep/goat
4034,South,Bronze Age,BA.M,BM-R,BA.Middle,NA,Poviglio,Villaggio piccolo - MBA,26,Goat,CAH,HU,Humerus,NA,NA,NA,NA,NA,NA,NA,NA,30.6,NA,NA,NA,NA,NA,NA,NA,NA,NA,NA,NA,NA,NA,NA,NA,Sheep/goat
4398,Veneto,Bronze Age,BA.M,BM-R,BA.Middle,NA,Tombola,NA,146,Goat,CAH,HU,Humerus,NA,NA,NA,NA,NA,13,NA,NA,26,NA,24,NA,NA,NA,NA,NA,NA,NA,NA,NA,NA,NA,NA,1,Sheep/goat
4557,North,Bronze Age,BA.M,BM-R,BA.Middle,NA,Muraiola,NA,13,Goat,CAH,HU,Humerus,NA,NA,NA,NA,NA,NA,NA,NA,26,NA,NA,NA,NA,NA,NA,NA,NA,NA,NA,NA,NA,NA,NA,NA,Sheep/goat
4558,North,Bronze Age,BA.M,BM-R,BA.Middle,NA,Muraiola,NA,13,Goat,CAH,HU,Humerus,NA,NA,NA,NA,NA,NA,NA,NA,29.6,NA,NA,NA,NA,NA,NA,NA,NA,NA,NA,NA,NA,NA,NA,NA,Sheep/goat
4559,North,Bronze Age,BA.M,BM-R,BA.Middle,NA,Muraiola,NA,13,Goat,CAH,HU,Humerus,NA,NA,NA,NA,NA,NA,NA,NA,30.4,NA,NA,NA,NA,NA,NA,NA,NA,NA,NA,NA,NA,NA,NA,NA,Sheep/goat
4817,South,Iron Age,IA2,IA2,IA.Late,ExNISP,Forcello,Trentacoste PhD,84,Goat,CAH,HU,Humerus,NA,NA,NA,NA,NA,NA,NA,NA,NA,NA,NA,NA,15.9,NA,NA,NA,NA,NA,NA,NA,NA,NA,NA,NA,Sheep/goat
4820,South,Iron Age,IA2,IA2,IA.Late,ExNISP,Forcello,Trentacoste PhD,84,Goat,CAH,HU,Humerus,NA,NA,NA,NA,NA,NA,NA,NA,NA,NA,28.5,NA,13.5,NA,NA,NA,NA,NA,NA,NA,NA,NA,NA,NA,Sheep/goat
4837,South,Iron Age,IA2,IA2,IA.Late,ExNISP,Forcello,Trentacoste PhD,84,Goat,CAH,HU,Humerus,NA,NA,NA,NA,NA,NA,NA,NA,NA,NA,35.5,NA,16.7,NA,NA,NA,NA,NA,NA,Large,NA,NA,NA,*,Sheep/goat
5001,South,Iron Age,IA2,IA2,IA.Late,ExNISP,Forcello,Trentacoste PhD,84,Goat,CAH,HU,Humerus,NA,NA,NA,NA,NA,NA,NA,NA,NA,NA,NA,NA,13.5,NA,NA,NA,NA,NA,NA,NA,NA,NA,NA,NA,Sheep/goat
5181,South,Iron Age,IA2,IA2,IA.Late,ExNISP,Forcello,Trentacoste PhD,84,Goat,CAH,HU,Humerus,NA,NA,NA,NA,NA,NA,NA,NA,NA,NA,NA,NA,13.3,NA,NA,NA,NA,NA,NA,NA,NA,NA,NA,NA,Sheep/goat
5967,South,Iron Age,IA2,IA2,IA.Late,ExNISP,Forcello,Trentacoste PhD,84,Goat,CAH,HU,Humerus,NA,NA,NA,NA,NA,NA,NA,NA,NA,NA,NA,NA,13.1,NA,NA,NA,NA,NA,NA,NA,NA,NA,NA,NA,Sheep/goat
7904,North,Bronze Age,BA.M,BM-R,BA.Middle,NA,Nogarole Rocca,I Camponi,17,Goat,CAH,HU,Humerus,NA,NA,NA,NA,NA,NA,NA,NA,29.1,NA,NA,NA,NA,NA,NA,NA,NA,NA,NA,NA,NA,NA,NA,NA,Sheep/goat
7905,North,Bronze Age,BA.M,BM-R,BA.Middle,NA,Nogarole Rocca,I Camponi,17,Goat,CAH,HU,Humerus,NA,NA,NA,NA,NA,NA,NA,NA,30.1,NA,NA,NA,NA,NA,NA,NA,NA,NA,NA,NA,NA,NA,NA,NA,Sheep/goat
8447,North,Bronze Age,BA.R,BM-R,BA.Late,NA,Bovolone,Bertoloni et al. 2015,125,Goat,CAH,HU,Humerus,NA,NA,NA,NA,NA,NA,NA,NA,31,NA,NA,NA,NA,NA,NA,NA,NA,NA,NA,NA,NA,NA,NA,1,Sheep/goat
8448,North,Bronze Age,BA.R,BM-R,BA.Late,NA,Bovolone,Bertoloni et al. 2015,125,Goat,CAH,HU,Humerus,NA,NA,NA,NA,NA,NA,NA,NA,29,NA,NA,NA,NA,NA,NA,NA,NA,NA,NA,NA,NA,NA,NA,1,Sheep/goat
8449,North,Bronze Age,BA.R,BM-R,BA.Late,NA,Bovolone,Bertoloni et al. 2015,125,Goat,CAH,HU,Humerus,NA,NA,NA,NA,NA,NA,NA,NA,28.6,NA,NA,NA,NA,NA,NA,NA,NA,NA,NA,NA,NA,NA,NA,1,Sheep/goat
8450,North,Bronze Age,BA.R,BM-R,BA.Late,NA,Bovolone,Bertoloni et al. 2015,125,Goat,CAH,HU,Humerus,NA,NA,NA,25.5,NA,NA,NA,NA,NA,NA,24.3,NA,NA,NA,NA,NA,NA,NA,NA,NA,NA,NA,NA,1,Sheep/goat
8451,North,Bronze Age,BA.R,BM-R,BA.Late,NA,Bovolone,Bertoloni et al. 2015,125,Goat,CAH,HU,Humerus,NA,NA,NA,NA,NA,NA,NA,NA,28,NA,NA,NA,NA,NA,NA,NA,NA,NA,NA,NA,NA,NA,NA,1,Sheep/goat
8683,Veneto,Bronze Age,BA.R,BM-R,BA.Late,NA,Campestrin,NA,149,Goat,CAH,HU,Humerus,NA,NA,NA,NA,NA,17,NA,NA,NA,NA,NA,NA,NA,NA,NA,NA,NA,NA,NA,NA,NA,NA,NA,1,Sheep/goat
10724,Friuli,Roman,Rom.Early,Early,Roman.Early,NA,Trieste,Crosada - Phase 2,235,Goat,CAH,HU,Humerus,NA,NA,NA,33,NA,NA,NA,NA,NA,NA,NA,NA,NA,NA,NA,NA,NA,NA,NA,NA,NA,NA,NA,NA,Sheep/goat
11436,Veneto,Roman,Rom.Late,Late,Roman.Late,NA,Torcello,Late Antique II-VII / II-VI 5th-7th c. AD,257,Goat,CAH,HU,Humerus,NA,NA,NA,NA,NA,NA,NA,NA,31,NA,NA,NA,NA,NA,NA,NA,NA,NA,NA,NA,NA,NA,NA,NA,Sheep/goat
673,North,Bronze Age,BA.R,BM-R,BA.Late,NA,Isolone,NA,16,Goat,CAH,MC1,Metacarpal,105.4,NA,NA,21.8,NA,13.4,NA,NA,25,NA,NA,NA,NA,NA,NA,NA,NA,NA,NA,NA,NA,NA,NA,NA,Sheep/goat
674,North,Bronze Age,BA.R,BM-R,BA.Late,NA,Isolone,NA,16,Goat,CAH,MC1,Metacarpal,107.2,NA,NA,22.7,NA,14.7,NA,NA,25.6,NA,NA,NA,NA,NA,NA,NA,NA,NA,NA,NA,NA,NA,NA,NA,Sheep/goat
675,North,Bronze Age,BA.R,BM-R,BA.Late,NA,Isolone,NA,16,Goat,CAH,MC1,Metacarpal,107.2,NA,NA,21.8,NA,13.5,NA,NA,NA,NA,NA,NA,NA,NA,NA,NA,NA,NA,NA,NA,NA,NA,NA,NA,Sheep/goat
676,North,Bronze Age,BA.R,BM-R,BA.Late,NA,Isolone,NA,16,Goat,CAH,MC1,Metacarpal,NA,NA,NA,23.7,NA,NA,NA,NA,NA,NA,NA,NA,NA,NA,NA,NA,NA,NA,NA,NA,NA,NA,NA,NA,Sheep/goat
677,North,Bronze Age,BA.R,BM-R,BA.Late,NA,Isolone,NA,16,Goat,CAH,MC1,Metacarpal,112.4,NA,NA,23.7,NA,14.9,NA,NA,26.4,NA,NA,NA,NA,NA,NA,NA,NA,NA,NA,NA,NA,NA,NA,NA,Sheep/goat
1536,South,Iron Age,IA2,IA2,IA.Late,NA,Spina,Excavations 2007-2009,118,Goat,CAH,MC1,Metacarpal,NA,NA,NA,22.2,NA,12.4,NA,NA,NA,NA,NA,NA,NA,NA,NA,NA,NA,NA,NA,NA,NA,NA,NA,NA,Sheep/goat
1550,South,Iron Age,IA2,IA2,IA.Late,NA,Spina,Excavations 2007-2009,118,Goat,CAH,MC1,Metacarpal,NA,NA,NA,23.6,NA,16,NA,NA,NA,NA,NA,NA,NA,NA,NA,NA,NA,NA,NA,NA,NA,NA,NA,NA,Sheep/goat
1742,North,Iron Age,IA2,IA2,IA.Late,NA,Santorso,All phases,92,Goat,CAH,MC1,Metacarpal,NA,NA,NA,25.7,18.9,NA,NA,NA,NA,NA,NA,NA,NA,NA,NA,NA,NA,NA,NA,NA,NA,NA,NA,NA,Sheep/goat
2116,North,Bronze Age,BA.M,BM-R,BA.Middle,NA,Lavagnone,Sector A + E,126,Goat,CAH,MC1,Metacarpal,NA,NA,NA,16.8,15.2,NA,NA,NA,NA,NA,NA,NA,NA,NA,NA,NA,NA,NA,NA,NA,NA,NA,NA,NA,Sheep/goat
2117,North,Bronze Age,BA.M,BM-R,BA.Middle,NA,Lavagnone,Sector A + E,126,Goat,CAH,MC1,Metacarpal,NA,NA,NA,NA,NA,NA,NA,NA,26,NA,NA,NA,NA,NA,NA,NA,NA,NA,NA,NA,NA,NA,NA,NA,Sheep/goat
2122,North,Bronze Age,BA.M,BM-R,BA.Middle,NA,Lavagnone,Sector A + E,126,Goat,CAH,MC1,Metacarpal,NA,NA,NA,NA,NA,NA,NA,NA,23.8,14.9,NA,NA,NA,NA,NA,NA,NA,NA,NA,NA,NA,NA,NA,NA,Sheep/goat
2800,Appennine,Iron Age,IA1,IA1,IA.Mid,NA,Verucchio,Scavo 1963,80,Goat,CAH,MC1,Metacarpal,NA,NA,NA,19.2,18.5,12,9.1,NA,NA,NA,NA,NA,NA,NA,NA,NA,NA,NA,NA,NA,NA,NA,NA,NA,Sheep/goat
2803,Appennine,Iron Age,IA1,IA1,IA.Mid,NA,Verucchio,Scavo 1963,80,Goat,CAH,MC1,Metacarpal,NA,NA,NA,22.3,22.5,NA,NA,NA,NA,NA,NA,NA,NA,NA,NA,NA,NA,NA,NA,NA,NA,NA,NA,NA,Sheep/goat
2981,South,Iron Age,IA2,IA2,IA.Late,ExNISP,Monte Bibele,Just Ambiente/Casa 14,79,Goat,CAH,MC1,Metacarpal,131.7,NA,NA,25.5,15.1,16.8,NA,NA,27.6,17.1,NA,NA,NA,NA,NA,NA,NA,NA,NA,NA,NA,NA,NA,NA,Sheep/goat
2982,South,Iron Age,IA2,IA2,IA.Late,ExNISP,Monte Bibele,Just Ambiente/Casa 14,79,Goat,CAH,MC1,Metacarpal,NA,NA,NA,24,17.1,15.6,NA,NA,NA,NA,NA,NA,NA,NA,NA,NA,NA,NA,NA,NA,NA,NA,NA,NA,Sheep/goat
3046,South,Iron Age,IA2,IA2,IA.Late,NA,Marzabotto,Casa 1,119,Goat,CAH,MC1,Metacarpal,123,NA,NA,23.5,NA,14.1,NA,NA,NA,NA,NA,NA,NA,NA,NA,NA,NA,NA,NA,NA,NA,NA,NA,NA,Sheep/goat
3500,Appennine,Bronze Age,BA.M-R,BM-R,BA.Middle-Late,ExNISP,San Giuliano di Toscanella,NA,34,Goat,CAH,MC1,Metacarpal,125.3,NA,NA,26.5,NA,17.5,12,NA,32.8,18,NA,NA,NA,NA,NA,NA,NA,NA,NA,NA,NA,NA,NA,NA,Sheep/goat
3650,Friuli,Iron Age,IA0-IA1,BRF-IA0,IA.Early,NA,Pozzuolo,Excavations 1980-83 Final Bronze-Iron Age,55,Goat,CAH,MC1,Metacarpal,115.4,NA,NA,25,NA,15.8,NA,NA,27.6,NA,NA,NA,NA,NA,NA,NA,NA,NA,NA,NA,NA,NA,NA,NA,Sheep/goat
3651,Friuli,Iron Age,IA0-IA1,BRF-IA0,IA.Early,NA,Pozzuolo,Excavations 1980-83 Final Bronze-Iron Age,55,Goat,CAH,MC1,Metacarpal,NA,NA,NA,24.8,NA,NA,NA,NA,NA,NA,NA,NA,NA,NA,NA,NA,NA,NA,NA,NA,NA,NA,NA,NA,Sheep/goat
3652,Friuli,Iron Age,IA0-IA1,BRF-IA0,IA.Early,NA,Pozzuolo,Excavations 1980-83 Final Bronze-Iron Age,55,Goat,CAH,MC1,Metacarpal,NA,NA,NA,28.1,NA,NA,NA,NA,NA,NA,NA,NA,NA,NA,NA,NA,NA,NA,NA,NA,NA,NA,NA,NA,Sheep/goat
3653,Friuli,Iron Age,IA0-IA1,BRF-IA0,IA.Early,NA,Pozzuolo,Excavations 1980-83 Final Bronze-Iron Age,55,Goat,CAH,MC1,Metacarpal,NA,NA,NA,28.3,NA,NA,NA,NA,NA,NA,NA,NA,NA,NA,NA,NA,NA,NA,NA,NA,NA,NA,NA,NA,Sheep/goat
3890,North,Bronze Age,BA.M-R,BM-R,BA.Middle-Late,NA,Peschiera,NA,14,Goat,CAH,MC1,Metacarpal,NA,NA,NA,24.1,NA,NA,NA,NA,NA,NA,NA,NA,NA,NA,NA,NA,NA,NA,NA,NA,NA,NA,NA,NA,Sheep/goat
3891,North,Bronze Age,BA.M-R,BM-R,BA.Middle-Late,NA,Peschiera,NA,14,Goat,CAH,MC1,Metacarpal,NA,NA,NA,27,NA,NA,NA,NA,NA,NA,NA,NA,NA,NA,NA,NA,NA,NA,NA,NA,NA,NA,NA,NA,Sheep/goat
4399,Veneto,Bronze Age,BA.M,BM-R,BA.Middle,NA,Tombola,NA,146,Goat,CAH,MC1,Metacarpal,NA,NA,NA,23,NA,15,NA,NA,NA,NA,NA,NA,NA,NA,NA,NA,NA,NA,NA,NA,NA,NA,NA,1,Sheep/goat
4400,Veneto,Bronze Age,BA.M,BM-R,BA.Middle,NA,Tombola,NA,146,Goat,CAH,MC1,Metacarpal,110,NA,NA,23,NA,15,NA,NA,26,9,NA,NA,NA,NA,NA,NA,NA,NA,NA,NA,NA,NA,NA,1,Sheep/goat
4560,North,Bronze Age,BA.M,BM-R,BA.Middle,NA,Muraiola,NA,13,Goat,CAH,MC1,Metacarpal,105.4,NA,NA,NA,NA,NA,NA,NA,NA,NA,NA,NA,NA,NA,NA,NA,NA,NA,NA,NA,NA,NA,NA,NA,Sheep/goat
4561,North,Bronze Age,BA.M,BM-R,BA.Middle,NA,Muraiola,NA,13,Goat,CAH,MC1,Metacarpal,111,NA,NA,NA,NA,NA,NA,NA,NA,NA,NA,NA,NA,NA,NA,NA,NA,NA,NA,NA,NA,NA,NA,NA,Sheep/goat
4562,North,Bronze Age,BA.M,BM-R,BA.Middle,NA,Muraiola,NA,13,Goat,CAH,MC1,Metacarpal,118.5,NA,NA,NA,NA,NA,NA,NA,NA,NA,NA,NA,NA,NA,NA,NA,NA,NA,NA,NA,NA,NA,NA,NA,Sheep/goat
4563,North,Bronze Age,BA.M,BM-R,BA.Middle,NA,Muraiola,NA,13,Goat,CAH,MC1,Metacarpal,NA,NA,NA,21.7,NA,NA,NA,NA,NA,NA,NA,NA,NA,NA,NA,NA,NA,NA,NA,NA,NA,NA,NA,NA,Sheep/goat
4564,North,Bronze Age,BA.M,BM-R,BA.Middle,NA,Muraiola,NA,13,Goat,CAH,MC1,Metacarpal,NA,NA,NA,23,NA,NA,NA,NA,NA,NA,NA,NA,NA,NA,NA,NA,NA,NA,NA,NA,NA,NA,NA,NA,Sheep/goat
4565,North,Bronze Age,BA.M,BM-R,BA.Middle,NA,Muraiola,NA,13,Goat,CAH,MC1,Metacarpal,NA,NA,NA,23,NA,NA,NA,NA,NA,NA,NA,NA,NA,NA,NA,NA,NA,NA,NA,NA,NA,NA,NA,NA,Sheep/goat
4566,North,Bronze Age,BA.M,BM-R,BA.Middle,NA,Muraiola,NA,13,Goat,CAH,MC1,Metacarpal,NA,NA,NA,24.1,NA,NA,NA,NA,NA,NA,NA,NA,NA,NA,NA,NA,NA,NA,NA,NA,NA,NA,NA,NA,Sheep/goat
4570,North,Bronze Age,BA.M,BM-R,BA.Middle,NA,Muraiola,NA,13,Goat,CAH,MC1,Metacarpal,NA,NA,NA,NA,NA,NA,NA,NA,25.6,NA,NA,NA,NA,NA,NA,NA,NA,NA,NA,NA,NA,NA,NA,NA,Sheep/goat
4571,North,Bronze Age,BA.M,BM-R,BA.Middle,NA,Muraiola,NA,13,Goat,CAH,MC1,Metacarpal,NA,NA,NA,NA,NA,NA,NA,NA,26,NA,NA,NA,NA,NA,NA,NA,NA,NA,NA,NA,NA,NA,NA,NA,Sheep/goat
4572,North,Bronze Age,BA.M,BM-R,BA.Middle,NA,Muraiola,NA,13,Goat,CAH,MC1,Metacarpal,NA,NA,NA,NA,NA,NA,NA,NA,26.7,NA,NA,NA,NA,NA,NA,NA,NA,NA,NA,NA,NA,NA,NA,NA,Sheep/goat
4985,South,Iron Age,IA2,IA2,IA.Late,ExNISP,Forcello,Trentacoste PhD,84,Goat,CAH,MC1,Metacarpal,119.2,NA,NA,NA,NA,14.3,NA,NA,24.3,NA,NA,NA,NA,NA,NA,NA,NA,NA,NA,NA,NA,NA,NA,NA,Sheep/goat
5118,South,Iron Age,IA2,IA2,IA.Late,ExNISP,Forcello,Trentacoste PhD,84,Goat,CAH,MC1,Metacarpal,NA,NA,NA,NA,NA,NA,NA,NA,25.1,NA,NA,NA,NA,NA,NA,NA,NA,NA,NA,NA,NA,NA,NA,NA,Sheep/goat
5151,South,Iron Age,IA2,IA2,IA.Late,ExNISP,Forcello,Trentacoste PhD,84,Goat,CAH,MC1,Metacarpal,NA,NA,NA,NA,NA,NA,NA,NA,32,NA,NA,NA,NA,NA,NA,NA,NA,NA,NA,NA,NA,NA,NA,NA,Sheep/goat
7913,North,Bronze Age,BA.M,BM-R,BA.Middle,NA,Nogarole Rocca,I Camponi,17,Goat,CAH,MC1,Metacarpal,NA,NA,NA,27.8,NA,NA,NA,NA,NA,NA,NA,NA,NA,NA,NA,NA,NA,NA,NA,NA,NA,NA,NA,NA,Sheep/goat
8684,Veneto,Bronze Age,BA.R,BM-R,BA.Late,NA,Campestrin,NA,149,Goat,CAH,MC1,Metacarpal,NA,NA,NA,23.4,NA,13,NA,NA,NA,NA,NA,NA,NA,NA,NA,NA,NA,NA,NA,NA,NA,NA,NA,1,Sheep/goat
8753,Veneto,Bronze Age,BA.R,BM-R,BA.Late,NA,Amolara,NA,150,Goat,CAH,MC1,Metacarpal,NA,NA,NA,NA,NA,15,NA,NA,NA,NA,NA,NA,NA,NA,NA,NA,NA,NA,NA,NA,NA,NA,NA,1,Sheep/goat
9635,South,Roman,Rom.Early,Early,Roman.Early,NA,Modena,Cassa di Risparmio,132,Goat,CAH,MC1,Metacarpal,122.5,NA,NA,24.5,17,16.5,10,NA,25.5,17,NA,NA,NA,NA,NA,NA,NA,NA,NA,NA,NA,NA,NA,0.5,Sheep/goat
10021,Veneto,Roman,Rom.M-L,Mid-Late,Roman.Mid-Late,NA,Oderzo,Pozzo romano - all strata (1st-4th c AD),214,Goat,CAH,MC1,Metacarpal,NA,NA,NA,25.6,NA,NA,NA,NA,NA,NA,NA,NA,NA,NA,NA,NA,NA,NA,NA,NA,NA,NA,NA,NA,Sheep/goat
10022,Veneto,Roman,Rom.M-L,Mid-Late,Roman.Mid-Late,NA,Oderzo,Pozzo romano - all strata (1st-4th c AD),214,Goat,CAH,MC1,Metacarpal,NA,NA,NA,27.9,NA,NA,NA,NA,NA,NA,NA,NA,NA,NA,NA,NA,NA,NA,NA,NA,NA,NA,NA,NA,Sheep/goat
10023,Veneto,Roman,Rom.M-L,Mid-Late,Roman.Mid-Late,NA,Oderzo,Pozzo romano - all strata (1st-4th c AD),214,Goat,CAH,MC1,Metacarpal,NA,NA,NA,25.8,NA,NA,NA,NA,NA,NA,NA,NA,NA,NA,NA,NA,NA,NA,NA,NA,NA,NA,NA,NA,Sheep/goat
10024,Veneto,Roman,Rom.M-L,Mid-Late,Roman.Mid-Late,NA,Oderzo,Pozzo romano - all strata (1st-4th c AD),214,Goat,CAH,MC1,Metacarpal,NA,NA,NA,27.4,NA,NA,NA,NA,NA,NA,NA,NA,NA,NA,NA,NA,NA,NA,NA,NA,NA,NA,NA,NA,Sheep/goat
10025,Veneto,Roman,Rom.M-L,Mid-Late,Roman.Mid-Late,NA,Oderzo,Pozzo romano - all strata (1st-4th c AD),214,Goat,CAH,MC1,Metacarpal,NA,NA,NA,NA,NA,NA,NA,NA,32,NA,NA,NA,NA,NA,NA,NA,NA,NA,NA,NA,NA,NA,NA,NA,Sheep/goat
10026,Veneto,Roman,Rom.M-L,Mid-Late,Roman.Mid-Late,NA,Oderzo,Pozzo romano - all strata (1st-4th c AD),214,Goat,CAH,MC1,Metacarpal,NA,NA,NA,NA,NA,NA,NA,NA,29.2,NA,NA,NA,NA,NA,NA,NA,NA,NA,NA,NA,NA,NA,NA,NA,Sheep/goat
10271,Friuli,Roman,Rom.Late,Late,Roman.Late,NA,Aquileia,area a est del foro - Riedel 1994,175,Goat,CAH,MC1,Metacarpal,NA,NA,NA,27.7,NA,NA,NA,NA,NA,NA,NA,NA,NA,NA,NA,NA,NA,NA,NA,NA,NA,NA,NA,NA,Sheep/goat
11313,Friuli,Bronze Age,BA.R-F,BRF-IA0,BA.Late,NA,Udine,'Late Bronze Age',247,Goat,CAH,MC1,Metacarpal,NA,NA,NA,28.5,NA,NA,NA,NA,NA,NA,NA,NA,NA,NA,NA,NA,NA,NA,NA,NA,NA,NA,NA,NA,Sheep/goat
715,North,Bronze Age,BA.R,BM-R,BA.Late,NA,Isolone,NA,16,Goat,CAH,MT1,Metatarsal,148.9,NA,NA,19.6,NA,11.1,NA,NA,24.2,NA,NA,NA,NA,NA,NA,NA,NA,NA,NA,NA,NA,NA,NA,NA,Sheep/goat
716,North,Bronze Age,BA.R,BM-R,BA.Late,NA,Isolone,NA,16,Goat,CAH,MT1,Metatarsal,114.1,NA,NA,18.6,NA,10.7,NA,NA,NA,NA,NA,NA,NA,NA,NA,NA,NA,NA,NA,NA,NA,NA,NA,NA,Sheep/goat
717,North,Bronze Age,BA.R,BM-R,BA.Late,NA,Isolone,NA,16,Goat,CAH,MT1,Metatarsal,114.5,NA,NA,17.8,NA,11.2,NA,NA,23.7,NA,NA,NA,NA,NA,NA,NA,NA,NA,NA,NA,NA,NA,NA,NA,Sheep/goat
718,North,Bronze Age,BA.R,BM-R,BA.Late,NA,Isolone,NA,16,Goat,CAH,MT1,Metatarsal,118.4,NA,NA,18,NA,10.8,NA,NA,22.3,NA,NA,NA,NA,NA,NA,NA,NA,NA,NA,NA,NA,NA,NA,NA,Sheep/goat
719,North,Bronze Age,BA.R,BM-R,BA.Late,NA,Isolone,NA,16,Goat,CAH,MT1,Metatarsal,119.5,NA,NA,19,NA,11.8,NA,NA,22.2,NA,NA,NA,NA,NA,NA,NA,NA,NA,NA,NA,NA,NA,NA,NA,Sheep/goat
1448,South,Iron Age,IA1,IA1,IA.Mid,NA,San Claudio,NA,64,Goat,CAH,MT1,Metatarsal,NA,NA,NA,20.4,19,NA,NA,NA,NA,NA,NA,NA,NA,NA,NA,NA,NA,NA,NA,NA,NA,NA,NA,NA,Sheep/goat
1537,South,Iron Age,IA2,IA2,IA.Late,NA,Spina,Excavations 2007-2009,118,Goat,CAH,MT1,Metatarsal,NA,NA,NA,17.6,NA,NA,NA,NA,NA,NA,NA,NA,NA,NA,NA,NA,NA,NA,NA,NA,NA,NA,NA,NA,Sheep/goat
1900,North,Iron Age,IA2,IA2,IA.Late,NA,Castelrotto,NA,53,Goat,CAH,MT1,Metatarsal,NA,NA,NA,19.1,NA,NA,NA,NA,NA,NA,NA,NA,NA,NA,NA,NA,NA,NA,NA,NA,NA,NA,NA,NA,Sheep/goat
3295,North,Bronze Age,BA.R,BM-R,BA.Late,NA,Isolone,NA,16,Goat,CAH,MT1,Metatarsal,121.1,NA,NA,19,NA,11.5,NA,NA,NA,NA,NA,NA,NA,NA,NA,NA,NA,NA,NA,NA,NA,NA,NA,NA,Sheep/goat
3676,Friuli,Iron Age,IA0-IA1,BRF-IA0,IA.Early,NA,Pozzuolo,Excavations 1980-83 Final Bronze-Iron Age,55,Goat,CAH,MT1,Metatarsal,NA,NA,NA,22.2,NA,NA,NA,NA,NA,NA,NA,NA,NA,NA,NA,NA,NA,NA,NA,NA,NA,NA,NA,NA,Sheep/goat
4064,South,Bronze Age,BA.M,BM-R,BA.Middle,NA,Poviglio,Villaggio piccolo - MBA,26,Goat,CAH,MT1,Metatarsal,124.6,NA,NA,19.5,NA,14,NA,NA,24.3,NA,NA,NA,NA,NA,NA,NA,NA,NA,NA,NA,NA,NA,NA,NA,Sheep/goat
4065,South,Bronze Age,BA.M,BM-R,BA.Middle,NA,Poviglio,Villaggio piccolo - MBA,26,Goat,CAH,MT1,Metatarsal,NA,NA,NA,19.4,NA,NA,NA,NA,NA,NA,NA,NA,NA,NA,NA,NA,NA,NA,NA,NA,NA,NA,NA,NA,Sheep/goat
4404,Veneto,Bronze Age,BA.M,BM-R,BA.Middle,NA,Tombola,NA,146,Goat,CAH,MT1,Metatarsal,NA,NA,NA,19,NA,10,NA,NA,NA,9,NA,NA,NA,NA,NA,NA,NA,NA,NA,NA,NA,NA,NA,1,Sheep/goat
4405,Veneto,Bronze Age,BA.M,BM-R,BA.Middle,NA,Tombola,NA,146,Goat,CAH,MT1,Metatarsal,NA,NA,NA,18,NA,9,NA,NA,NA,8,NA,NA,NA,NA,NA,NA,NA,NA,NA,NA,NA,NA,NA,1,Sheep/goat
4966,South,Iron Age,IA2,IA2,IA.Late,ExNISP,Forcello,Trentacoste PhD,84,Goat,CAH,MT1,Metatarsal,NA,NA,NA,NA,NA,NA,NA,NA,23.8,NA,NA,NA,NA,NA,NA,NA,NA,NA,NA,NA,NA,NA,NA,NA,Sheep/goat
5107,South,Iron Age,IA2,IA2,IA.Late,ExNISP,Forcello,Trentacoste PhD,84,Goat,CAH,MT1,Metatarsal,115.9,NA,NA,NA,NA,12.4,NA,NA,24.4,NA,NA,NA,NA,NA,NA,NA,NA,NA,NA,NA,NA,NA,NA,NA,Sheep/goat
5149,South,Iron Age,IA2,IA2,IA.Late,ExNISP,Forcello,Trentacoste PhD,84,Goat,CAH,MT1,Metatarsal,NA,NA,NA,NA,NA,NA,NA,NA,24.5,NA,NA,NA,NA,NA,NA,NA,NA,NA,NA,NA,NA,NA,NA,NA,Sheep/goat
5727,South,Iron Age,IA2,IA2,IA.Late,ExNISP,Forcello,Trentacoste PhD,84,Goat,CAH,MT1,Metatarsal,NA,NA,NA,NA,NA,NA,NA,NA,24.2,NA,NA,NA,NA,NA,NA,NA,NA,NA,NA,NA,NA,NA,NA,NA,Sheep/goat
5987,South,Iron Age,IA2,IA2,IA.Late,ExNISP,Forcello,Trentacoste PhD,84,Goat,CAH,MT1,Metatarsal,NA,NA,NA,NA,NA,12.5,NA,NA,24.1,NA,NA,NA,NA,NA,NA,NA,NA,NA,NA,NA,NA,NA,NA,NA,Sheep/goat
6056,South,Iron Age,IA2,IA2,IA.Late,ExNISP,Forcello,Trentacoste PhD,84,Goat,CAH,MT1,Metatarsal,128.3,NA,NA,NA,NA,14.1,NA,NA,25.9,NA,NA,NA,NA,NA,NA,NA,NA,NA,NA,Slightly bowed with lateral condyle lower than usual,NA,NA,NA,NA,Sheep/goat
6099,South,Iron Age,IA2,IA2,IA.Late,ExNISP,Forcello,Trentacoste PhD,84,Goat,CAH,MT1,Metatarsal,NA,NA,NA,NA,NA,NA,NA,NA,25.5,NA,NA,NA,NA,NA,NA,NA,NA,NA,NA,NA,NA,NA,NA,NA,Sheep/goat
7920,North,Bronze Age,BA.M,BM-R,BA.Middle,NA,Nogarole Rocca,I Camponi,17,Goat,CAH,MT1,Metatarsal,NA,NA,NA,18.7,NA,NA,NA,NA,NA,NA,NA,NA,NA,NA,NA,NA,NA,NA,NA,NA,NA,NA,NA,NA,Sheep/goat
8455,North,Bronze Age,BA.R,BM-R,BA.Late,NA,Bovolone,Bertoloni et al. 2015,125,Goat,CAH,MT1,Metatarsal,122,NA,NA,18,NA,10.3,NA,NA,21,NA,NA,NA,NA,NA,NA,NA,NA,NA,NA,NA,NA,NA,NA,1,Sheep/goat
8754,Veneto,Bronze Age,BA.R,BM-R,BA.Late,NA,Amolara,NA,150,Goat,CAH,MT1,Metatarsal,NA,NA,NA,NA,NA,NA,NA,NA,22,NA,NA,NA,NA,NA,NA,NA,NA,NA,NA,NA,NA,NA,NA,1,Sheep/goat
9883,Friuli,Roman,Rom.Late,Late,Roman.Late,NA,Aquileia,area a est del foro - Riedel 1994,175,Goat,CAH,MT1,Metatarsal,130,NA,NA,22.1,NA,14,NA,NA,26.5,NA,NA,NA,NA,NA,NA,NA,NA,NA,NA,NA,NA,NA,NA,NA,Sheep/goat
10028,Veneto,Roman,Rom.M-L,Mid-Late,Roman.Mid-Late,NA,Oderzo,Pozzo romano - all strata (1st-4th c AD),214,Goat,CAH,MT1,Metatarsal,NA,NA,NA,22.4,NA,NA,NA,NA,NA,NA,NA,NA,NA,NA,NA,NA,NA,NA,NA,NA,NA,NA,NA,NA,Sheep/goat
10029,Veneto,Roman,Rom.M-L,Mid-Late,Roman.Mid-Late,NA,Oderzo,Pozzo romano - all strata (1st-4th c AD),214,Goat,CAH,MT1,Metatarsal,NA,NA,NA,25.7,NA,NA,NA,NA,NA,NA,NA,NA,NA,NA,NA,NA,NA,NA,NA,NA,NA,NA,NA,NA,Sheep/goat
10277,Friuli,Roman,Rom.Late,Late,Roman.Late,NA,Aquileia,area a est del foro - Riedel 1994,175,Goat,CAH,MT1,Metatarsal,NA,NA,NA,NA,NA,NA,NA,NA,26,NA,NA,NA,NA,NA,NA,NA,NA,NA,NA,NA,NA,NA,NA,NA,Sheep/goat
10280,Friuli,Roman,Rom.Late,Late,Roman.Late,NA,Aquileia,area a est del foro - Riedel 1994,175,Goat,CAH,MT1,Metatarsal,NA,NA,NA,22,NA,NA,NA,NA,NA,NA,NA,NA,NA,NA,NA,NA,NA,NA,NA,NA,NA,NA,NA,NA,Sheep/goat
10281,Friuli,Roman,Rom.Late,Late,Roman.Late,NA,Aquileia,area a est del foro - Riedel 1994,175,Goat,CAH,MT1,Metatarsal,NA,NA,NA,23.7,NA,NA,NA,NA,NA,NA,NA,NA,NA,NA,NA,NA,NA,NA,NA,NA,NA,NA,NA,NA,Sheep/goat
11228,Friuli,Roman,Rom.Late,Late,Roman.Late,NA,Udine,Late Roman,246,Goat,CAH,MT1,Metatarsal,NA,NA,NA,18.6,NA,NA,NA,NA,NA,NA,NA,NA,NA,NA,NA,NA,NA,NA,NA,NA,NA,NA,NA,NA,Sheep/goat
11229,Friuli,Roman,Rom.Late,Late,Roman.Late,NA,Udine,Late Roman,246,Goat,CAH,MT1,Metatarsal,NA,NA,NA,22.8,NA,NA,NA,NA,NA,NA,NA,NA,NA,NA,NA,NA,NA,NA,NA,NA,NA,NA,NA,NA,Sheep/goat
1535,South,Iron Age,IA2,IA2,IA.Late,NA,Spina,Excavations 2007-2009,118,Goat,CAH,RA,Radius,NA,NA,NA,NA,NA,18,NA,NA,NA,NA,NA,NA,NA,NA,NA,NA,NA,NA,NA,NA,NA,NA,NA,NA,Sheep/goat
1876,North,Iron Age,IA2,IA2,IA.Late,NA,Castelrotto,NA,53,Goat,CAH,RA,Radius,NA,NA,NA,32.4,NA,NA,NA,NA,NA,NA,NA,NA,NA,NA,NA,NA,NA,NA,NA,NA,NA,NA,NA,NA,Sheep/goat
2119,North,Bronze Age,BA.M,BM-R,BA.Middle,NA,Lavagnone,Sector A + E,126,Goat,CAH,RA,Radius,NA,NA,NA,30.6,NA,NA,NA,NA,NA,NA,NA,NA,NA,NA,NA,NA,NA,NA,NA,NA,NA,NA,NA,NA,Sheep/goat
2120,North,Bronze Age,BA.M,BM-R,BA.Middle,NA,Lavagnone,Sector A + E,126,Goat,CAH,RA,Radius,NA,NA,NA,23,NA,12.2,6.7,NA,NA,14,NA,NA,NA,NA,NA,NA,NA,NA,NA,NA,NA,NA,NA,NA,Sheep/goat
2123,North,Bronze Age,BA.M,BM-R,BA.Middle,NA,Lavagnone,Sector A + E,126,Goat,CAH,RA,Radius,155,NA,NA,29.3,14,17.3,8.3,NA,27.9,18.6,NA,NA,NA,NA,NA,NA,NA,NA,NA,NA,NA,NA,NA,NA,Sheep/goat
2453,South,Bronze Age,BA.M,BM-R,BA.Middle,NA,Gaggio,Struttura 1 + capanna alfa,122,Goat,CAH,RA,Radius,NA,NA,NA,24.9,NA,NA,NA,NA,NA,NA,NA,NA,NA,NA,NA,NA,NA,NA,23,NA,NA,NA,NA,NA,Sheep/goat
2595,Appennine,Bronze Age,BA.M,BM-R,BA.Middle,NA,Solarolo,via Odriere Settore 1,123,Goat,CAH,RA,Radius,NA,NA,NA,NA,NA,NA,NA,NA,26.1,NA,NA,NA,NA,NA,NA,NA,NA,22.4,NA,NA,NA,NA,NA,NA,Sheep/goat
2894,Veneto,Iron Age,IA2,IA2,IA.Late,NA,Padova,Via Dietro Duomo,112,Goat,CAH,RA,Radius,NA,NA,NA,33.4,17.1,NA,NA,NA,NA,NA,NA,NA,NA,NA,NA,NA,NA,NA,NA,NA,NA,NA,NA,NA,Sheep/goat
3284,North,Bronze Age,BA.R,BM-R,BA.Late,NA,Isolone,NA,16,Goat,CAH,RA,Radius,151.2,NA,NA,30.8,NA,14.8,NA,NA,24.3,NA,NA,NA,NA,NA,NA,NA,NA,NA,28.2,NA,NA,NA,NA,NA,Sheep/goat
3285,North,Bronze Age,BA.R,BM-R,BA.Late,NA,Isolone,NA,16,Goat,CAH,RA,Radius,NA,NA,NA,28.9,NA,14.9,NA,NA,NA,NA,NA,NA,NA,NA,NA,NA,NA,NA,27.3,NA,NA,NA,NA,NA,Sheep/goat
3286,North,Bronze Age,BA.R,BM-R,BA.Late,NA,Isolone,NA,16,Goat,CAH,RA,Radius,151.3,NA,NA,27.8,NA,15.4,NA,NA,25.8,NA,NA,NA,NA,NA,NA,NA,NA,NA,27.4,NA,NA,NA,NA,NA,Sheep/goat
3287,North,Bronze Age,BA.R,BM-R,BA.Late,NA,Isolone,NA,16,Goat,CAH,RA,Radius,NA,NA,NA,29,NA,15.8,NA,NA,26.4,NA,NA,NA,NA,NA,NA,NA,NA,NA,27.8,NA,NA,NA,NA,NA,Sheep/goat
3288,North,Bronze Age,BA.R,BM-R,BA.Late,NA,Isolone,NA,16,Goat,CAH,RA,Radius,153.1,NA,NA,29.5,NA,14.9,NA,NA,27.3,NA,NA,NA,NA,NA,NA,NA,NA,NA,26.6,NA,NA,NA,NA,NA,Sheep/goat
3289,North,Bronze Age,BA.R,BM-R,BA.Late,NA,Isolone,NA,16,Goat,CAH,RA,Radius,153.4,NA,NA,29.3,NA,14.2,NA,NA,23.8,NA,NA,NA,NA,NA,NA,NA,NA,NA,27.5,NA,NA,NA,NA,NA,Sheep/goat
8452,North,Bronze Age,BA.R,BM-R,BA.Late,NA,Bovolone,Bertoloni et al. 2015,125,Goat,CAH,RA,Radius,NA,NA,NA,29,NA,NA,NA,NA,NA,NA,NA,NA,NA,NA,NA,NA,NA,NA,NA,NA,NA,NA,NA,1,Sheep/goat
8453,North,Bronze Age,BA.R,BM-R,BA.Late,NA,Bovolone,Bertoloni et al. 2015,125,Goat,CAH,RA,Radius,164,NA,NA,30,NA,16.4,NA,NA,37.4,NA,NA,NA,NA,NA,NA,NA,NA,NA,NA,NA,NA,NA,NA,1,Sheep/goat
8454,North,Bronze Age,BA.R,BM-R,BA.Late,NA,Bovolone,Bertoloni et al. 2015,125,Goat,CAH,RA,Radius,NA,NA,NA,28,NA,NA,NA,NA,NA,NA,NA,NA,NA,NA,NA,NA,NA,NA,NA,NA,NA,NA,NA,1,Sheep/goat
8868,Veneto,Bronze Age,BA.R,BM-R,BA.Late,NA,Terranegra,Depellegrin & Tecchiati - BR,61,Goat,CAH,RA,Radius,NA,NA,NA,NA,NA,NA,NA,NA,30.9,NA,NA,NA,NA,NA,NA,NA,NA,25.5,NA,NA,NA,NA,NA,NA,Sheep/goat
8869,Veneto,Bronze Age,BA.R,BM-R,BA.Late,NA,Terranegra,Depellegrin & Tecchiati - BR,61,Goat,CAH,RA,Radius,NA,NA,NA,NA,NA,16.1,NA,NA,29,NA,NA,NA,NA,NA,NA,NA,NA,26.5,NA,NA,NA,NA,NA,NA,Sheep/goat
8870,Veneto,Iron Age,IA1-IA2,IA1,IA.Mid,NA,Terranegra,Depellegrin & Tecchiati - IA,156,Goat,CAH,RA,Radius,NA,NA,NA,NA,NA,16.1,NA,NA,29.3,NA,NA,NA,NA,NA,NA,NA,NA,15.5,NA,NA,NA,NA,NA,NA,Sheep/goat
10262,Friuli,Roman,Rom.Late,Late,Roman.Late,NA,Aquileia,area a est del foro - Riedel 1994,175,Goat,CAH,RA,Radius,NA,NA,NA,37.3,35.5,NA,NA,NA,31.7,NA,NA,NA,NA,NA,NA,NA,NA,NA,NA,NA,NA,NA,NA,NA,Sheep/goat
11187,Friuli,Roman,Rom.Late,Late,Roman.Late,NA,Udine,Late Roman,246,Goat,CAH,RA,Radius,NA,NA,NA,33,NA,NA,NA,NA,NA,NA,NA,NA,NA,NA,NA,NA,NA,NA,31.6,NA,NA,NA,NA,NA,Sheep/goat
11311,Friuli,Bronze Age,BA.R-F,BRF-IA0,BA.Late,NA,Udine,'Late Bronze Age',247,Goat,CAH,RA,Radius,NA,NA,NA,31.2,NA,NA,NA,NA,NA,NA,NA,NA,NA,NA,NA,NA,NA,NA,30.5,NA,NA,NA,NA,*,Sheep/goat
11449,Veneto,Roman,Rom.Late,Late,Roman.Late,NA,Torcello,Late Antique II-VII / II-VI 5th-7th c. AD,257,Goat,CAH,RA,Radius,NA,NA,NA,31.3,NA,NA,NA,NA,NA,NA,NA,NA,NA,NA,NA,NA,NA,NA,29.7,NA,NA,NA,NA,NA,Sheep/goat
12351,South,Roman,Rom.Early,Early,Roman.Early,NA,Calvatone,Wilkens - Bio data from academia,253,Goat,CAH,RA,Radius,NA,NA,NA,34.2,18.1,NA,NA,NA,NA,NA,NA,NA,NA,NA,NA,NA,NA,NA,NA,NA,NA,NA,NA,NA,Sheep/goat
12352,South,Roman,Rom.Early,Early,Roman.Early,NA,Calvatone,Wilkens - Bio data from academia,253,Goat,CAH,RA,Radius,NA,NA,NA,34,16.4,NA,NA,NA,NA,NA,NA,NA,NA,NA,NA,NA,NA,NA,NA,NA,NA,NA,NA,NA,Sheep/goat
12353,South,Roman,Rom.Early,Early,Roman.Early,NA,Calvatone,Wilkens - Bio data from academia,253,Goat,CAH,RA,Radius,NA,NA,NA,NA,NA,NA,NA,NA,33.6,NA,NA,NA,NA,NA,NA,NA,NA,NA,NA,NA,NA,NA,NA,NA,Sheep/goat
1210,North,Iron Age,IA2,IA2,IA.Late,NA,Colognola ai Colli,NA,54,Goat,CAH,TI,Tibia,NA,NA,NA,NA,NA,NA,NA,NA,28.2,NA,NA,NA,NA,NA,NA,NA,NA,NA,NA,NA,NA,NA,NA,NA,Sheep/goat
2121,North,Bronze Age,BA.M,BM-R,BA.Middle,NA,Lavagnone,Sector A + E,126,Goat,CAH,TI,Tibia,NA,NA,NA,38.8,38.8,NA,NA,NA,NA,NA,NA,NA,NA,NA,NA,NA,NA,NA,NA,NA,NA,NA,NA,NA,Sheep/goat
2596,Appennine,Bronze Age,BA.M,BM-R,BA.Middle,NA,Solarolo,via Odriere Settore 1,123,Goat,CAH,TI,Tibia,NA,NA,NA,NA,NA,NA,NA,NA,21.1,NA,NA,NA,NA,NA,NA,NA,NA,NA,NA,NA,NA,NA,NA,NA,Sheep/goat
2597,Appennine,Bronze Age,BA.M,BM-R,BA.Middle,NA,Solarolo,via Odriere Settore 1,123,Goat,CAH,TI,Tibia,NA,NA,NA,NA,NA,NA,NA,NA,25.5,NA,NA,NA,NA,NA,NA,NA,NA,NA,NA,NA,NA,NA,NA,NA,Sheep/goat
2598,Appennine,Bronze Age,BA.M,BM-R,BA.Middle,NA,Solarolo,via Odriere Settore 1,123,Goat,CAH,TI,Tibia,NA,NA,NA,NA,NA,NA,NA,NA,22.4,NA,NA,NA,NA,NA,NA,NA,NA,NA,NA,NA,NA,NA,NA,NA,Sheep/goat
2983,South,Iron Age,IA2,IA2,IA.Late,ExNISP,Monte Bibele,Just Ambiente/Casa 14,79,Goat,CAH,TI,Tibia,NA,NA,NA,NA,NA,NA,NA,NA,27.8,22.1,NA,NA,NA,NA,NA,NA,NA,NA,NA,NA,NA,NA,NA,NA,Sheep/goat
4057,South,Bronze Age,BA.M,BM-R,BA.Middle,NA,Poviglio,Villaggio piccolo - MBA,26,Goat,CAH,TI,Tibia,NA,NA,NA,NA,NA,NA,NA,NA,23.5,NA,NA,NA,NA,NA,NA,NA,NA,NA,NA,NA,NA,NA,NA,NA,Sheep/goat
4887,South,Iron Age,IA2,IA2,IA.Late,ExNISP,Forcello,Trentacoste PhD,84,Goat,CAH,TI,Tibia,NA,NA,NA,NA,NA,NA,NA,NA,28.7,21.4,NA,NA,NA,NA,NA,NA,NA,NA,NA,NA,NA,NA,NA,NA,Sheep/goat
4911,South,Iron Age,IA2,IA2,IA.Late,ExNISP,Forcello,Trentacoste PhD,84,Goat,CAH,TI,Tibia,NA,NA,NA,NA,NA,NA,NA,NA,28,21.5,NA,NA,NA,NA,NA,NA,NA,NA,NA,NA,NA,NA,NA,NA,Sheep/goat
5283,South,Iron Age,IA2,IA2,IA.Late,ExNISP,Forcello,Trentacoste PhD,84,Goat,CAH,TI,Tibia,NA,NA,NA,NA,NA,NA,NA,NA,27.3,21.7,NA,NA,NA,NA,NA,NA,NA,NA,NA,NA,NA,NA,NA,NA,Sheep/goat
5790,South,Iron Age,IA2,IA2,IA.Late,ExNISP,Forcello,Trentacoste PhD,84,Goat,CAH,TI,Tibia,NA,NA,NA,NA,NA,NA,NA,NA,28.7,21.4,NA,NA,NA,NA,NA,NA,NA,NA,NA,NA,NA,NA,NA,NA,Sheep/goat
5879,South,Iron Age,IA2,IA2,IA.Late,ExNISP,Forcello,Trentacoste PhD,84,Goat,CAH,TI,Tibia,NA,NA,NA,NA,NA,NA,NA,NA,25.6,25.3,NA,NA,NA,NA,NA,NA,NA,NA,NA,NA,NA,NA,NA,NA,Sheep/goat
385,South,Iron Age,IA1,IA1,IA.Mid,NA,San Claudio,NA,64,Pig,S,AS,Astragalus,NA,37.2,33.1,NA,NA,NA,NA,NA,NA,NA,NA,NA,NA,NA,NA,NA,NA,NA,NA,NA,NA,NA,NA,NA,Pig
386,South,Iron Age,IA1,IA1,IA.Mid,NA,Marzabotto,US 27/29,69,Pig,S,AS,Astragalus,NA,39.2,NA,NA,NA,NA,NA,NA,NA,NA,NA,NA,NA,NA,NA,NA,NA,NA,NA,NA,NA,NA,NA,NA,Pig
387,South,Iron Age,IA1,IA1,IA.Mid,NA,Marzabotto,US 27/29,69,Pig,S,AS,Astragalus,NA,35,NA,NA,NA,NA,NA,NA,NA,NA,NA,NA,NA,NA,NA,NA,NA,NA,NA,NA,NA,NA,NA,NA,Pig
388,South,Iron Age,IA1,IA1,IA.Mid,NA,Marzabotto,V 3,68,Pig,S,AS,Astragalus,NA,27.8,NA,NA,NA,NA,NA,NA,NA,NA,NA,NA,NA,NA,NA,NA,NA,NA,NA,NA,Small but appears in publication like this,NA,NA,NA,Pig
389,South,Iron Age,IA1,IA1,IA.Mid,NA,Marzabotto,V 3,68,Pig,S,AS,Astragalus,NA,36.1,NA,NA,NA,NA,NA,NA,NA,NA,NA,NA,NA,NA,NA,NA,NA,NA,NA,NA,NA,NA,NA,NA,Pig
390,South,Iron Age,IA1,IA1,IA.Mid,NA,Marzabotto,V 3,68,Pig,S,AS,Astragalus,NA,35.8,NA,NA,NA,NA,NA,NA,NA,NA,NA,NA,NA,NA,NA,NA,NA,NA,NA,NA,NA,NA,NA,NA,Pig
391,South,Iron Age,IA1,IA1,IA.Mid,NA,Marzabotto,V 3,68,Pig,S,AS,Astragalus,NA,35.7,NA,NA,NA,NA,NA,NA,NA,NA,NA,NA,NA,NA,NA,NA,NA,NA,NA,NA,NA,NA,NA,NA,Pig
392,South,Iron Age,IA2,IA2,IA.Late,NA,Marzabotto,US 8,78,Pig,S,AS,Astragalus,NA,38.5,NA,NA,NA,NA,NA,NA,NA,NA,NA,NA,NA,NA,NA,NA,NA,NA,NA,NA,NA,NA,NA,NA,Pig
393,South,Iron Age,IA2,IA2,IA.Late,NA,Marzabotto,US 8,78,Pig,S,AS,Astragalus,NA,37.9,NA,NA,NA,NA,NA,NA,NA,NA,NA,NA,NA,NA,NA,NA,NA,NA,NA,NA,NA,NA,NA,NA,Pig
394,South,Iron Age,IA2,IA2,IA.Late,NA,Marzabotto,US 8,78,Pig,S,AS,Astragalus,NA,37.6,NA,NA,NA,NA,NA,NA,NA,NA,NA,NA,NA,NA,NA,NA,NA,NA,NA,NA,NA,NA,NA,NA,Pig
395,South,Iron Age,IA2,IA2,IA.Late,NA,Marzabotto,US 8,78,Pig,S,AS,Astragalus,NA,37,NA,NA,NA,NA,NA,NA,NA,NA,NA,NA,NA,NA,NA,NA,NA,NA,NA,NA,NA,NA,NA,NA,Pig
396,South,Iron Age,IA2,IA2,IA.Late,NA,Marzabotto,US 8,78,Pig,S,AS,Astragalus,NA,36.9,NA,NA,NA,NA,NA,NA,NA,NA,NA,NA,NA,NA,NA,NA,NA,NA,NA,NA,NA,NA,NA,NA,Pig
463,North,Iron Age,IA2,IA2,IA.Late,NA,Colognola ai Colli,NA,54,Pig,S,AS,Astragalus,NA,36,NA,NA,NA,NA,NA,NA,NA,NA,NA,NA,NA,NA,NA,NA,NA,NA,NA,NA,NA,NA,NA,NA,Pig
464,North,Iron Age,IA2,IA2,IA.Late,NA,Colognola ai Colli,NA,54,Pig,S,AS,Astragalus,NA,36.2,NA,NA,NA,NA,NA,NA,NA,NA,NA,NA,NA,NA,NA,NA,NA,NA,NA,NA,NA,NA,NA,NA,Pig
465,North,Iron Age,IA2,IA2,IA.Late,NA,Colognola ai Colli,NA,54,Pig,S,AS,Astragalus,NA,37.7,NA,NA,NA,NA,NA,NA,NA,NA,NA,NA,NA,NA,NA,NA,NA,NA,NA,NA,NA,NA,NA,NA,Pig
467,North,Iron Age,IA2,IA2,IA.Late,NA,Colognola ai Colli,NA,54,Pig,S,AS,Astragalus,NA,39.3,NA,NA,NA,NA,NA,NA,NA,NA,NA,NA,NA,NA,NA,NA,NA,NA,NA,NA,NA,NA,NA,NA,Pig
468,North,Iron Age,IA2,IA2,IA.Late,NA,Colognola ai Colli,NA,54,Pig,S,AS,Astragalus,NA,39.6,NA,NA,NA,NA,NA,NA,NA,NA,NA,NA,NA,NA,NA,NA,NA,NA,NA,NA,NA,NA,NA,NA,Pig
469,North,Iron Age,IA2,IA2,IA.Late,NA,Colognola ai Colli,NA,54,Pig,S,AS,Astragalus,NA,41,NA,NA,NA,NA,NA,NA,NA,NA,NA,NA,NA,NA,NA,NA,NA,NA,NA,NA,NA,NA,NA,NA,Pig
470,North,Iron Age,IA2,IA2,IA.Late,NA,Colognola ai Colli,NA,54,Pig,S,AS,Astragalus,NA,45.2,NA,NA,NA,NA,NA,NA,NA,NA,NA,NA,NA,NA,NA,NA,NA,NA,NA,NA,NA,NA,NA,NA,Pig
721,North,Bronze Age,BA.R,BM-R,BA.Late,NA,Isolone,NA,16,Pig,S,AS,Astragalus,NA,37,34.5,NA,NA,NA,NA,NA,NA,NA,NA,NA,NA,NA,NA,NA,NA,NA,NA,NA,NA,NA,NA,NA,Pig
722,North,Bronze Age,BA.R,BM-R,BA.Late,NA,Isolone,NA,16,Pig,S,AS,Astragalus,NA,41,37.8,NA,NA,NA,NA,NA,NA,NA,NA,NA,NA,NA,NA,NA,NA,NA,NA,NA,NA,NA,NA,NA,Pig
723,North,Bronze Age,BA.R,BM-R,BA.Late,NA,Isolone,NA,16,Pig,S,AS,Astragalus,NA,48.8,43.9,NA,NA,NA,NA,NA,NA,NA,NA,NA,NA,NA,NA,NA,NA,NA,NA,NA,NA,NA,NA,NA,Pig
1082,North,Iron Age,IA2,IA2,IA.Late,NA,Castelrotto,NA,53,Pig,S,AS,Astragalus,NA,34.7,NA,NA,NA,NA,NA,NA,NA,NA,NA,NA,NA,NA,NA,NA,NA,NA,NA,NA,NA,NA,NA,NA,Pig
1084,North,Iron Age,IA2,IA2,IA.Late,NA,Castelrotto,NA,53,Pig,S,AS,Astragalus,NA,36.8,NA,NA,NA,NA,NA,NA,NA,NA,NA,NA,NA,NA,NA,NA,NA,NA,NA,NA,NA,NA,NA,NA,Pig
1086,North,Iron Age,IA2,IA2,IA.Late,NA,Castelrotto,NA,53,Pig,S,AS,Astragalus,NA,38.2,NA,NA,NA,NA,NA,NA,NA,NA,NA,NA,NA,NA,NA,NA,NA,NA,NA,NA,NA,NA,NA,NA,Pig
1087,North,Iron Age,IA2,IA2,IA.Late,NA,Castelrotto,NA,53,Pig,S,AS,Astragalus,NA,40.4,NA,NA,NA,NA,NA,NA,NA,NA,NA,NA,NA,NA,NA,NA,NA,NA,NA,NA,NA,NA,NA,NA,Pig
1088,North,Iron Age,IA2,IA2,IA.Late,NA,Castelrotto,NA,53,Pig,S,AS,Astragalus,NA,34.4,NA,NA,NA,NA,NA,NA,NA,NA,NA,NA,NA,NA,NA,NA,NA,NA,NA,NA,NA,NA,NA,NA,Pig
1089,North,Iron Age,IA2,IA2,IA.Late,NA,Castelrotto,NA,53,Pig,S,AS,Astragalus,NA,35.8,NA,NA,NA,NA,NA,NA,NA,NA,NA,NA,NA,NA,NA,NA,NA,NA,NA,NA,NA,NA,NA,NA,Pig
1090,North,Iron Age,IA2,IA2,IA.Late,NA,Castelrotto,NA,53,Pig,S,AS,Astragalus,NA,35.9,NA,NA,NA,NA,NA,NA,NA,NA,NA,NA,NA,NA,NA,NA,NA,NA,NA,NA,NA,NA,NA,NA,Pig
1091,North,Iron Age,IA2,IA2,IA.Late,NA,Castelrotto,NA,53,Pig,S,AS,Astragalus,NA,36,NA,NA,NA,NA,NA,NA,NA,NA,NA,NA,NA,NA,NA,NA,NA,NA,NA,NA,NA,NA,NA,NA,Pig
1092,North,Iron Age,IA2,IA2,IA.Late,NA,Castelrotto,NA,53,Pig,S,AS,Astragalus,NA,36.2,NA,NA,NA,NA,NA,NA,NA,NA,NA,NA,NA,NA,NA,NA,NA,NA,NA,NA,NA,NA,NA,NA,Pig
1093,North,Iron Age,IA2,IA2,IA.Late,NA,Castelrotto,NA,53,Pig,S,AS,Astragalus,NA,36.2,NA,NA,NA,NA,NA,NA,NA,NA,NA,NA,NA,NA,NA,NA,NA,NA,NA,NA,NA,NA,NA,NA,Pig
1094,North,Iron Age,IA2,IA2,IA.Late,NA,Castelrotto,NA,53,Pig,S,AS,Astragalus,NA,37,NA,NA,NA,NA,NA,NA,NA,NA,NA,NA,NA,NA,NA,NA,NA,NA,NA,NA,NA,NA,NA,NA,Pig
1095,North,Iron Age,IA2,IA2,IA.Late,NA,Castelrotto,NA,53,Pig,S,AS,Astragalus,NA,37,NA,NA,NA,NA,NA,NA,NA,NA,NA,NA,NA,NA,NA,NA,NA,NA,NA,NA,NA,NA,NA,NA,Pig
1096,North,Iron Age,IA2,IA2,IA.Late,NA,Castelrotto,NA,53,Pig,S,AS,Astragalus,NA,37.4,NA,NA,NA,NA,NA,NA,NA,NA,NA,NA,NA,NA,NA,NA,NA,NA,NA,NA,NA,NA,NA,NA,Pig
1097,North,Iron Age,IA2,IA2,IA.Late,NA,Castelrotto,NA,53,Pig,S,AS,Astragalus,NA,37.8,NA,NA,NA,NA,NA,NA,NA,NA,NA,NA,NA,NA,NA,NA,NA,NA,NA,NA,NA,NA,NA,NA,Pig
1098,North,Iron Age,IA2,IA2,IA.Late,NA,Castelrotto,NA,53,Pig,S,AS,Astragalus,NA,38.8,NA,NA,NA,NA,NA,NA,NA,NA,NA,NA,NA,NA,NA,NA,NA,NA,NA,NA,NA,NA,NA,NA,Pig
1099,North,Iron Age,IA2,IA2,IA.Late,NA,Castelrotto,NA,53,Pig,S,AS,Astragalus,NA,39.6,NA,NA,NA,NA,NA,NA,NA,NA,NA,NA,NA,NA,NA,NA,NA,NA,NA,NA,NA,NA,NA,NA,Pig
1100,North,Iron Age,IA2,IA2,IA.Late,NA,Castelrotto,NA,53,Pig,S,AS,Astragalus,NA,40.3,NA,NA,NA,NA,NA,NA,NA,NA,NA,NA,NA,NA,NA,NA,NA,NA,NA,NA,NA,NA,NA,NA,Pig
1506,South,Iron Age,IA2,IA2,IA.Late,NA,Casale di Rivalta,NA,71,Pig,S,AS,Astragalus,NA,NA,45.8,NA,NA,NA,NA,NA,NA,NA,NA,NA,NA,NA,NA,NA,NA,NA,NA,NA,NA,NA,NA,NA,Pig
1533,South,Iron Age,IA2,IA2,IA.Late,NA,Spina,Excavations 2007-2009,118,Pig,S,AS,Astragalus,NA,37.6,35.5,NA,NA,NA,NA,NA,NA,NA,NA,NA,NA,NA,NA,NA,NA,NA,NA,NA,NA,NA,NA,*,Pig
1547,South,Iron Age,IA2,IA2,IA.Late,NA,Spina,Excavations 2007-2009,118,Pig,S,AS,Astragalus,NA,37.4,34.5,NA,NA,NA,NA,NA,21,NA,NA,NA,NA,NA,NA,NA,NA,NA,NA,NA,NA,NA,NA,NA,Pig
1602,South,Bronze Age,BA.M,BM-R,BA.Middle,NA,Tabina di Margreta,Bronze Age,22,Pig,S,AS,Astragalus,NA,41,38,NA,NA,NA,NA,21,25,NA,NA,NA,NA,NA,NA,NA,NA,NA,NA,NA,NA,NA,NA,0.5,Pig
1603,South,Bronze Age,BA.M,BM-R,BA.Middle,NA,Tabina di Margreta,Bronze Age,22,Pig,S,AS,Astragalus,NA,38,NA,NA,NA,NA,NA,21,NA,NA,NA,NA,NA,NA,NA,NA,NA,NA,NA,NA,NA,NA,NA,0.5,Pig
1786,North,Iron Age,IA2,IA2,IA.Late,NA,Santorso,All phases,92,Pig,S,AS,Astragalus,NA,35.8,33.9,NA,NA,NA,NA,NA,NA,NA,NA,NA,NA,NA,NA,NA,NA,NA,NA,NA,NA,NA,NA,NA,Pig
1787,North,Iron Age,IA2,IA2,IA.Late,NA,Santorso,All phases,92,Pig,S,AS,Astragalus,NA,34.7,31.8,NA,NA,NA,NA,NA,NA,NA,NA,NA,NA,NA,NA,NA,NA,NA,NA,NA,NA,NA,NA,NA,Pig
1788,North,Iron Age,IA2,IA2,IA.Late,NA,Santorso,All phases,92,Pig,S,AS,Astragalus,NA,38.1,34.9,NA,NA,NA,NA,NA,NA,NA,NA,NA,NA,NA,NA,NA,NA,NA,NA,NA,NA,NA,NA,NA,Pig
1789,North,Iron Age,IA2,IA2,IA.Late,NA,Santorso,All phases,92,Pig,S,AS,Astragalus,NA,40.8,37.1,NA,NA,NA,NA,NA,NA,NA,NA,NA,NA,NA,NA,NA,NA,NA,NA,NA,NA,NA,NA,NA,Pig
1790,North,Iron Age,IA2,IA2,IA.Late,NA,Santorso,All phases,92,Pig,S,AS,Astragalus,NA,40.5,NA,NA,NA,NA,NA,NA,NA,NA,NA,NA,NA,NA,NA,NA,NA,NA,NA,NA,NA,NA,NA,NA,Pig
2242,North,Bronze Age,BA.M,BM-R,BA.Middle,NA,Lavagnone,Sector A + E,126,Pig,S,AS,Astragalus,NA,40.3,36.8,NA,NA,NA,NA,21.3,23.2,NA,NA,NA,NA,NA,NA,NA,NA,NA,NA,NA,NA,NA,NA,NA,Pig
2243,North,Bronze Age,BA.M,BM-R,BA.Middle,NA,Lavagnone,Sector A + E,126,Pig,S,AS,Astragalus,NA,40.1,36.3,NA,NA,NA,NA,19.5,23.3,NA,NA,NA,NA,NA,NA,NA,NA,NA,NA,NA,NA,NA,NA,NA,Pig
2244,North,Bronze Age,BA.M,BM-R,BA.Middle,NA,Lavagnone,Sector A + E,126,Pig,S,AS,Astragalus,NA,39.6,35.2,NA,NA,NA,NA,20.5,23.7,NA,NA,NA,NA,NA,NA,NA,NA,NA,NA,NA,NA,NA,NA,NA,Pig
2245,North,Bronze Age,BA.M,BM-R,BA.Middle,NA,Lavagnone,Sector A + E,126,Pig,S,AS,Astragalus,NA,37,33.2,NA,NA,NA,NA,19.3,21.4,NA,NA,NA,NA,NA,NA,NA,NA,NA,NA,NA,NA,NA,NA,NA,Pig
2246,North,Bronze Age,BA.M,BM-R,BA.Middle,NA,Lavagnone,Sector A + E,126,Pig,S,AS,Astragalus,NA,36.7,33.1,NA,NA,NA,NA,18.9,NA,NA,NA,NA,NA,NA,NA,NA,NA,NA,NA,NA,NA,NA,NA,NA,Pig
2247,North,Bronze Age,BA.M,BM-R,BA.Middle,NA,Lavagnone,Sector A + E,126,Pig,S,AS,Astragalus,NA,36.4,32.9,NA,NA,NA,NA,18.4,22.9,NA,NA,NA,NA,NA,NA,NA,NA,NA,NA,NA,NA,NA,NA,NA,Pig
2248,North,Bronze Age,BA.M,BM-R,BA.Middle,NA,Lavagnone,Sector A + E,126,Pig,S,AS,Astragalus,NA,NA,36.2,NA,NA,NA,NA,NA,22.3,NA,NA,NA,NA,NA,NA,NA,NA,NA,NA,NA,NA,NA,NA,NA,Pig
2256,North,Bronze Age,BA.M,BM-R,BA.Middle,NA,Lavagnone,Sector A + E,126,Pig,S,AS,Astragalus,NA,38.8,NA,NA,NA,NA,NA,21.5,23.9,NA,NA,NA,NA,NA,NA,NA,NA,NA,NA,NA,NA,NA,NA,NA,Pig
2257,North,Bronze Age,BA.M,BM-R,BA.Middle,NA,Lavagnone,Sector A + E,126,Pig,S,AS,Astragalus,NA,38.4,20.9,NA,NA,NA,NA,22.5,NA,NA,NA,NA,NA,NA,NA,NA,NA,NA,NA,NA,NA,NA,NA,NA,Pig
2258,North,Bronze Age,BA.M,BM-R,BA.Middle,NA,Lavagnone,Sector A + E,126,Pig,S,AS,Astragalus,NA,34.9,NA,NA,NA,NA,NA,19.5,20.5,NA,NA,NA,NA,NA,NA,NA,NA,NA,NA,NA,NA,NA,NA,NA,Pig
2405,South,Bronze Age,BA.M,BM-R,BA.Middle,NA,Baggiovara,Opera Pia Bianchi,121,Pig,S,AS,Astragalus,NA,35.1,33.6,NA,NA,NA,NA,NA,19,NA,NA,NA,NA,NA,NA,NA,NA,NA,NA,NA,NA,NA,NA,NA,Pig
2414,South,Bronze Age,BA.M,BM-R,BA.Middle,NA,Baggiovara,Opera Pia Bianchi,121,Pig,S,AS,Astragalus,NA,NA,38.2,NA,NA,NA,NA,NA,22.8,NA,NA,NA,NA,NA,NA,NA,NA,NA,NA,NA,NA,NA,NA,NA,Pig
2427,South,Bronze Age,BA.M,BM-R,BA.Middle,NA,Baggiovara,Opera Pia Bianchi,121,Pig,S,AS,Astragalus,NA,36.8,34.2,NA,NA,NA,19.5,NA,20.9,NA,NA,NA,NA,NA,NA,NA,NA,NA,NA,NA,NA,NA,NA,NA,Pig
2458,South,Bronze Age,BA.M,BM-R,BA.Middle,NA,Gaggio,Struttura 1 + capanna alfa,122,Pig,S,AS,Astragalus,NA,NA,39.4,NA,NA,NA,NA,NA,NA,NA,NA,NA,NA,NA,NA,NA,NA,NA,NA,NA,NA,NA,NA,NA,Pig
2469,South,Bronze Age,BA.M,BM-R,BA.Middle,NA,Gaggio,Struttura 1 + capanna alfa,122,Pig,S,AS,Astragalus,NA,42.2,38.6,NA,NA,NA,NA,21.9,22.3,NA,NA,NA,NA,NA,NA,NA,NA,NA,NA,NA,NA,NA,NA,NA,Pig
2529,Appennine,Bronze Age,BA.M,BM-R,BA.Middle,NA,Solarolo,via Odriere Settore 1,123,Pig,S,AS,Astragalus,NA,39.1,32.2,NA,NA,NA,NA,19.5,24.6,NA,NA,NA,NA,NA,NA,NA,NA,NA,NA,NA,NA,NA,NA,NA,Pig
2530,Appennine,Bronze Age,BA.M,BM-R,BA.Middle,NA,Solarolo,via Odriere Settore 1,123,Pig,S,AS,Astragalus,NA,40.5,NA,37,NA,NA,NA,22,25,NA,NA,NA,NA,NA,NA,NA,NA,NA,NA,NA,NA,NA,NA,NA,Pig
2531,Appennine,Bronze Age,BA.M,BM-R,BA.Middle,NA,Solarolo,via Odriere Settore 1,123,Pig,S,AS,Astragalus,NA,37.3,34.7,NA,NA,NA,NA,NA,NA,NA,21,NA,NA,NA,NA,NA,NA,NA,NA,NA,NA,NA,NA,NA,Pig
2533,Appennine,Bronze Age,BA.M,BM-R,BA.Middle,NA,Solarolo,via Odriere Settore 1,123,Pig,S,AS,Astragalus,NA,39.7,36.1,NA,NA,NA,NA,NA,NA,NA,NA,NA,NA,NA,NA,NA,NA,NA,NA,NA,NA,NA,NA,NA,Pig
2956,South,Iron Age,IA2,IA2,IA.Late,NA,Mirandola,Barchessone Cappello,83,Pig,S,AS,Astragalus,NA,39,34.4,NA,NA,NA,NA,19.2,NA,NA,NA,NA,NA,NA,NA,NA,NA,NA,NA,NA,NA,NA,NA,NA,Pig
2957,South,Iron Age,IA2,IA2,IA.Late,NA,Mirandola,Barchessone Cappello,83,Pig,S,AS,Astragalus,NA,35.7,33.1,NA,NA,NA,NA,17.5,NA,NA,NA,NA,NA,NA,NA,NA,NA,NA,NA,NA,NA,NA,NA,NA,Pig
2973,South,Iron Age,IA2,IA2,IA.Late,ExNISP,Monte Bibele,Just Ambiente/Casa 14,79,Pig,S,AS,Astragalus,NA,35.9,34.7,NA,NA,NA,NA,NA,NA,NA,NA,NA,NA,NA,NA,NA,NA,NA,NA,NA,NA,NA,NA,NA,Pig
2974,South,Iron Age,IA2,IA2,IA.Late,ExNISP,Monte Bibele,Just Ambiente/Casa 14,79,Pig,S,AS,Astragalus,NA,38,34.4,NA,NA,NA,NA,NA,NA,NA,NA,NA,NA,NA,NA,NA,NA,NA,NA,NA,NA,NA,NA,NA,Pig
3011,Friuli,Iron Age,IA2,IA2,IA.Late,NA,Gradiscutta,Centes,104,Pig,S,AS,Astragalus,NA,37,NA,NA,NA,NA,NA,NA,NA,NA,NA,NA,NA,NA,NA,NA,NA,NA,NA,NA,NA,NA,NA,NA,Pig
3221,North,Bronze Age,BA.R,BM-R,BA.Late,NA,Feniletto,NA,15,Pig,S,AS,Astragalus,NA,44,NA,NA,NA,NA,NA,NA,NA,NA,NA,NA,NA,NA,NA,NA,NA,NA,NA,NA,NA,NA,NA,NA,Pig
3240,South,Bronze Age,BA.M,BM-R,BA.Middle,NA,Poggio Rusco,NA,28,Pig,S,AS,Astragalus,NA,44,NA,NA,NA,NA,NA,NA,NA,NA,NA,NA,NA,NA,NA,NA,NA,NA,NA,NA,NA,NA,NA,NA,Pig
3321,South,Bronze Age,BA.M-R,BM-R,BA.Middle-Late,NA,Pilastri Bondeno,Sondaggi 1989,27,Pig,S,AS,Astragalus,NA,NA,40.7,NA,NA,NA,NA,NA,NA,NA,NA,NA,NA,NA,NA,NA,NA,NA,NA,NA,NA,NA,NA,NA,Pig
3767,North,Bronze Age,BA.M-R,BM-R,BA.Middle-Late,NA,Castellaro Lagusello,NA,44,Pig,S,AS,Astragalus,NA,46.5,42.5,NA,NA,NA,NA,26.8,31,NA,NA,NA,NA,NA,NA,NA,NA,NA,NA,NA,NA,NA,NA,NA,Pig
4150,South,Bronze Age,BA.M,BM-R,BA.Middle,NA,Poviglio,Villaggio piccolo - MBA,26,Pig,S,AS,Astragalus,NA,40.7,NA,NA,NA,NA,NA,NA,NA,NA,NA,NA,NA,NA,NA,NA,NA,NA,NA,NA,NA,NA,NA,NA,Pig
4151,South,Bronze Age,BA.M,BM-R,BA.Middle,NA,Poviglio,Villaggio piccolo - MBA,26,Pig,S,AS,Astragalus,NA,44.2,NA,NA,NA,NA,NA,NA,NA,NA,NA,NA,NA,NA,NA,NA,NA,NA,NA,NA,NA,NA,NA,NA,Pig
4152,South,Bronze Age,BA.M,BM-R,BA.Middle,NA,Poviglio,Villaggio piccolo - MBA,26,Pig,S,AS,Astragalus,NA,40,NA,NA,NA,NA,NA,NA,NA,NA,NA,NA,NA,NA,NA,NA,NA,NA,NA,NA,NA,NA,NA,NA,Pig
4153,South,Bronze Age,BA.M,BM-R,BA.Middle,NA,Poviglio,Villaggio piccolo - MBA,26,Pig,S,AS,Astragalus,NA,41,NA,NA,NA,NA,NA,NA,NA,NA,NA,NA,NA,NA,NA,NA,NA,NA,NA,NA,NA,NA,NA,NA,Pig
4154,South,Bronze Age,BA.M,BM-R,BA.Middle,NA,Poviglio,Villaggio piccolo - MBA,26,Pig,S,AS,Astragalus,NA,42.5,NA,NA,NA,NA,NA,NA,NA,NA,NA,NA,NA,NA,NA,NA,NA,NA,NA,NA,NA,NA,NA,NA,Pig
4335,Veneto,Bronze Age,BA.M,BM-R,BA.Middle,NA,Tombola,NA,146,Pig,S,AS,Astragalus,NA,40,37,NA,NA,NA,NA,NA,NA,NA,NA,NA,NA,NA,NA,NA,NA,NA,NA,NA,NA,NA,NA,1,Pig
4336,Veneto,Bronze Age,BA.M,BM-R,BA.Middle,NA,Tombola,NA,146,Pig,S,AS,Astragalus,NA,43,39,NA,NA,NA,NA,NA,NA,NA,NA,NA,NA,NA,NA,NA,NA,NA,NA,NA,NA,NA,NA,1,Pig
4337,Veneto,Bronze Age,BA.M,BM-R,BA.Middle,NA,Tombola,NA,146,Pig,S,AS,Astragalus,NA,NA,36,NA,NA,NA,NA,NA,23,NA,NA,NA,NA,NA,NA,NA,NA,NA,NA,NA,NA,NA,NA,1,Pig
4641,South,Iron Age,IA2,IA2,IA.Late,ExNISP,Forcello,Trentacoste PhD,84,Pig,S,AS,Astragalus,NA,38.5,35.1,NA,NA,NA,NA,NA,NA,NA,NA,NA,NA,NA,NA,NA,NA,NA,NA,NA,NA,NA,NA,NA,Pig
4649,South,Iron Age,IA2,IA2,IA.Late,ExNISP,Forcello,Trentacoste PhD,84,Pig,S,AS,Astragalus,NA,38.1,35.2,NA,NA,NA,NA,NA,NA,NA,NA,NA,NA,NA,NA,NA,NA,NA,NA,NA,NA,NA,NA,NA,Pig
4653,South,Iron Age,IA2,IA2,IA.Late,ExNISP,Forcello,Trentacoste PhD,84,Pig,S,AS,Astragalus,NA,37.3,34,NA,NA,NA,NA,NA,NA,NA,NA,NA,NA,NA,NA,NA,NA,NA,NA,NA,NA,NA,NA,NA,Pig
4657,South,Iron Age,IA2,IA2,IA.Late,ExNISP,Forcello,Trentacoste PhD,84,Pig,S,AS,Astragalus,NA,40.3,NA,NA,NA,NA,NA,NA,NA,NA,NA,NA,NA,NA,NA,NA,NA,NA,NA,NA,NA,NA,NA,NA,Pig
4663,South,Iron Age,IA2,IA2,IA.Late,ExNISP,Forcello,Trentacoste PhD,84,Pig,S,AS,Astragalus,NA,43.8,39.9,NA,NA,NA,NA,NA,NA,NA,NA,NA,NA,NA,NA,NA,NA,NA,NA,NA,NA,NA,NA,NA,Pig
4677,South,Iron Age,IA2,IA2,IA.Late,ExNISP,Forcello,Trentacoste PhD,84,Pig,S,AS,Astragalus,NA,42.3,38.8,NA,NA,NA,NA,NA,NA,NA,NA,NA,NA,NA,NA,NA,NA,NA,NA,NA,NA,NA,NA,NA,Pig
4681,South,Iron Age,IA2,IA2,IA.Late,ExNISP,Forcello,Trentacoste PhD,84,Pig,S,AS,Astragalus,NA,NA,34,NA,NA,NA,NA,NA,NA,NA,NA,NA,NA,NA,NA,NA,NA,NA,NA,NA,NA,NA,NA,NA,Pig
4714,South,Iron Age,IA2,IA2,IA.Late,ExNISP,Forcello,Trentacoste PhD,84,Pig,S,AS,Astragalus,NA,35.8,32.1,NA,NA,NA,NA,NA,NA,NA,NA,NA,NA,NA,NA,NA,NA,NA,NA,NA,NA,NA,NA,NA,Pig
4758,South,Iron Age,IA2,IA2,IA.Late,ExNISP,Forcello,Trentacoste PhD,84,Pig,S,AS,Astragalus,NA,42.9,39.4,NA,NA,NA,NA,NA,NA,NA,NA,NA,NA,NA,NA,NA,NA,NA,NA,NA,NA,NA,NA,NA,Pig
4761,South,Iron Age,IA2,IA2,IA.Late,ExNISP,Forcello,Trentacoste PhD,84,Pig,S,AS,Astragalus,NA,37.4,34.6,NA,NA,NA,NA,NA,NA,NA,NA,NA,NA,NA,NA,NA,NA,NA,NA,NA,NA,NA,NA,NA,Pig
4768,South,Iron Age,IA2,IA2,IA.Late,ExNISP,Forcello,Trentacoste PhD,84,Pig,S,AS,Astragalus,NA,NA,34.5,NA,NA,NA,NA,NA,NA,NA,NA,NA,NA,NA,NA,NA,NA,NA,NA,NA,NA,NA,NA,NA,Pig
4774,South,Iron Age,IA2,IA2,IA.Late,ExNISP,Forcello,Trentacoste PhD,84,Pig,S,AS,Astragalus,NA,40.7,36.3,NA,NA,NA,NA,NA,NA,NA,NA,NA,NA,NA,NA,NA,NA,NA,NA,NA,NA,NA,NA,NA,Pig
4794,South,Iron Age,IA2,IA2,IA.Late,ExNISP,Forcello,Trentacoste PhD,84,Pig,S,AS,Astragalus,NA,43.2,NA,NA,NA,NA,NA,NA,NA,NA,NA,NA,NA,NA,NA,NA,NA,NA,NA,NA,NA,NA,NA,NA,Pig
4801,South,Iron Age,IA2,IA2,IA.Late,ExNISP,Forcello,Trentacoste PhD,84,Pig,S,AS,Astragalus,NA,52,49,NA,NA,NA,NA,NA,NA,NA,NA,NA,NA,NA,NA,NA,NA,NA,NA,Large. Estimated GD c 51.9 plus,NA,NA,NA,NA,Pig
4823,South,Iron Age,IA2,IA2,IA.Late,ExNISP,Forcello,Trentacoste PhD,84,Pig,S,AS,Astragalus,NA,39.5,34.9,NA,NA,NA,NA,NA,NA,NA,NA,NA,NA,NA,NA,NA,NA,NA,NA,NA,NA,NA,NA,NA,Pig
4832,South,Iron Age,IA2,IA2,IA.Late,ExNISP,Forcello,Trentacoste PhD,84,Pig,S,AS,Astragalus,NA,38.4,34.6,NA,NA,NA,NA,NA,NA,NA,NA,NA,NA,NA,NA,NA,NA,NA,NA,NA,NA,NA,NA,NA,Pig
4850,South,Iron Age,IA2,IA2,IA.Late,ExNISP,Forcello,Trentacoste PhD,84,Pig,S,AS,Astragalus,NA,38.7,35.1,NA,NA,NA,NA,NA,NA,NA,NA,NA,NA,NA,NA,NA,NA,NA,NA,NA,NA,NA,NA,NA,Pig
4855,South,Iron Age,IA2,IA2,IA.Late,ExNISP,Forcello,Trentacoste PhD,84,Pig,S,AS,Astragalus,NA,36,NA,NA,NA,NA,NA,NA,NA,NA,NA,NA,NA,NA,NA,NA,NA,NA,NA,NA,NA,NA,NA,NA,Pig
4859,South,Iron Age,IA2,IA2,IA.Late,ExNISP,Forcello,Trentacoste PhD,84,Pig,S,AS,Astragalus,NA,39.8,36.5,NA,NA,NA,NA,NA,NA,NA,NA,NA,NA,NA,NA,NA,NA,NA,NA,NA,NA,NA,NA,NA,Pig
4865,South,Iron Age,IA2,IA2,IA.Late,ExNISP,Forcello,Trentacoste PhD,84,Pig,S,AS,Astragalus,NA,38.4,35.1,NA,NA,NA,NA,NA,NA,NA,NA,NA,NA,NA,NA,NA,NA,NA,NA,NA,NA,NA,NA,NA,Pig
4868,South,Iron Age,IA2,IA2,IA.Late,ExNISP,Forcello,Trentacoste PhD,84,Pig,S,AS,Astragalus,NA,38.1,35.2,NA,NA,NA,NA,NA,NA,NA,NA,NA,NA,NA,NA,NA,NA,NA,NA,NA,NA,NA,NA,NA,Pig
4872,South,Iron Age,IA2,IA2,IA.Late,ExNISP,Forcello,Trentacoste PhD,84,Pig,S,AS,Astragalus,NA,41.1,38.2,NA,NA,NA,NA,NA,NA,NA,NA,NA,NA,NA,NA,NA,NA,NA,NA,NA,NA,NA,NA,NA,Pig
4916,South,Iron Age,IA2,IA2,IA.Late,ExNISP,Forcello,Trentacoste PhD,84,Pig,S,AS,Astragalus,NA,40.1,36.4,NA,NA,NA,NA,NA,NA,NA,NA,NA,NA,NA,NA,NA,NA,NA,NA,NA,NA,NA,NA,NA,Pig
4920,South,Iron Age,IA2,IA2,IA.Late,ExNISP,Forcello,Trentacoste PhD,84,Pig,S,AS,Astragalus,NA,37.9,35,NA,NA,NA,NA,NA,NA,NA,NA,NA,NA,NA,NA,NA,NA,NA,NA,NA,NA,NA,NA,NA,Pig
4933,South,Iron Age,IA2,IA2,IA.Late,ExNISP,Forcello,Trentacoste PhD,84,Pig,S,AS,Astragalus,NA,40.5,36.6,NA,NA,NA,NA,NA,NA,NA,NA,NA,NA,NA,NA,NA,NA,NA,NA,NA,NA,NA,NA,NA,Pig
4937,South,Iron Age,IA2,IA2,IA.Late,ExNISP,Forcello,Trentacoste PhD,84,Pig,S,AS,Astragalus,NA,36.4,33.1,NA,NA,NA,NA,NA,NA,NA,NA,NA,NA,NA,NA,NA,NA,NA,NA,NA,NA,NA,NA,NA,Pig
4947,South,Iron Age,IA2,IA2,IA.Late,ExNISP,Forcello,Trentacoste PhD,84,Pig,S,AS,Astragalus,NA,51.4,47,NA,NA,NA,NA,NA,NA,NA,NA,NA,NA,NA,NA,NA,NA,NA,NA,NA,NA,NA,NA,NA,Pig
4957,South,Iron Age,IA2,IA2,IA.Late,ExNISP,Forcello,Trentacoste PhD,84,Pig,S,AS,Astragalus,NA,NA,35.7,NA,NA,NA,NA,NA,NA,NA,NA,NA,NA,NA,NA,NA,NA,NA,NA,NA,NA,NA,NA,NA,Pig
4974,South,Iron Age,IA2,IA2,IA.Late,ExNISP,Forcello,Trentacoste PhD,84,Pig,S,AS,Astragalus,NA,36.2,32.6,NA,NA,NA,NA,NA,NA,NA,NA,NA,NA,NA,NA,NA,NA,NA,NA,NA,NA,NA,NA,NA,Pig
4987,South,Iron Age,IA2,IA2,IA.Late,ExNISP,Forcello,Trentacoste PhD,84,Pig,S,AS,Astragalus,NA,37.8,NA,NA,NA,NA,NA,NA,NA,NA,NA,NA,NA,NA,NA,NA,NA,NA,NA,NA,NA,NA,NA,NA,Pig
4989,South,Iron Age,IA2,IA2,IA.Late,ExNISP,Forcello,Trentacoste PhD,84,Pig,S,AS,Astragalus,NA,37.9,34,NA,NA,NA,NA,NA,NA,NA,NA,NA,NA,NA,NA,NA,NA,NA,NA,NA,NA,NA,NA,NA,Pig
4999,South,Iron Age,IA2,IA2,IA.Late,ExNISP,Forcello,Trentacoste PhD,84,Pig,S,AS,Astragalus,NA,36.7,34.2,NA,NA,NA,NA,NA,NA,NA,NA,NA,NA,NA,NA,NA,NA,NA,NA,NA,NA,NA,NA,NA,Pig
5008,South,Iron Age,IA2,IA2,IA.Late,ExNISP,Forcello,Trentacoste PhD,84,Pig,S,AS,Astragalus,NA,40.5,NA,NA,NA,NA,NA,NA,NA,NA,NA,NA,NA,NA,NA,NA,NA,NA,NA,NA,NA,NA,NA,NA,Pig
5016,South,Iron Age,IA2,IA2,IA.Late,ExNISP,Forcello,Trentacoste PhD,84,Pig,S,AS,Astragalus,NA,33.6,NA,NA,NA,NA,NA,NA,NA,NA,NA,NA,NA,NA,NA,NA,NA,NA,NA,NA,NA,NA,NA,NA,Pig
5020,South,Iron Age,IA2,IA2,IA.Late,ExNISP,Forcello,Trentacoste PhD,84,Pig,S,AS,Astragalus,NA,37.2,35.2,NA,NA,NA,NA,NA,NA,NA,NA,NA,NA,NA,NA,NA,NA,NA,NA,NA,NA,NA,NA,NA,Pig
5024,South,Iron Age,IA2,IA2,IA.Late,ExNISP,Forcello,Trentacoste PhD,84,Pig,S,AS,Astragalus,NA,42.1,37.6,NA,NA,NA,NA,NA,NA,NA,NA,NA,NA,NA,NA,NA,NA,NA,NA,NA,NA,NA,NA,NA,Pig
5029,South,Iron Age,IA2,IA2,IA.Late,ExNISP,Forcello,Trentacoste PhD,84,Pig,S,AS,Astragalus,NA,35.3,NA,NA,NA,NA,NA,NA,NA,NA,NA,NA,NA,NA,NA,NA,NA,NA,NA,NA,NA,NA,NA,NA,Pig
5033,South,Iron Age,IA2,IA2,IA.Late,ExNISP,Forcello,Trentacoste PhD,84,Pig,S,AS,Astragalus,NA,40.9,35.8,NA,NA,NA,NA,NA,NA,NA,NA,NA,NA,NA,NA,NA,NA,NA,NA,NA,NA,NA,NA,NA,Pig
5034,South,Iron Age,IA2,IA2,IA.Late,ExNISP,Forcello,Trentacoste PhD,84,Pig,S,AS,Astragalus,NA,38.1,34.6,NA,NA,NA,NA,NA,NA,NA,NA,NA,NA,NA,NA,NA,NA,NA,NA,NA,NA,NA,NA,NA,Pig
5040,South,Iron Age,IA2,IA2,IA.Late,ExNISP,Forcello,Trentacoste PhD,84,Pig,S,AS,Astragalus,NA,35.1,32.3,NA,NA,NA,NA,NA,NA,NA,NA,NA,NA,NA,NA,NA,NA,NA,NA,NA,NA,NA,NA,NA,Pig
5049,South,Iron Age,IA2,IA2,IA.Late,ExNISP,Forcello,Trentacoste PhD,84,Pig,S,AS,Astragalus,NA,42.8,NA,NA,NA,NA,NA,NA,NA,NA,NA,NA,NA,NA,NA,NA,NA,NA,NA,NA,NA,NA,NA,NA,Pig
5050,South,Iron Age,IA2,IA2,IA.Late,ExNISP,Forcello,Trentacoste PhD,84,Pig,S,AS,Astragalus,NA,37,34.4,NA,NA,NA,NA,NA,NA,NA,NA,NA,NA,NA,NA,NA,NA,NA,NA,NA,NA,NA,NA,NA,Pig
5055,South,Iron Age,IA2,IA2,IA.Late,ExNISP,Forcello,Trentacoste PhD,84,Pig,S,AS,Astragalus,NA,40.6,37.8,NA,NA,NA,NA,NA,NA,NA,NA,NA,NA,NA,NA,NA,NA,NA,NA,NA,NA,NA,NA,NA,Pig
5064,South,Iron Age,IA2,IA2,IA.Late,ExNISP,Forcello,Trentacoste PhD,84,Pig,S,AS,Astragalus,NA,40.5,36.5,NA,NA,NA,NA,NA,NA,NA,NA,NA,NA,NA,NA,NA,NA,NA,NA,NA,NA,NA,NA,NA,Pig
5065,South,Iron Age,IA2,IA2,IA.Late,ExNISP,Forcello,Trentacoste PhD,84,Pig,S,AS,Astragalus,NA,35.1,32,NA,NA,NA,NA,NA,NA,NA,NA,NA,NA,NA,NA,NA,NA,NA,NA,NA,NA,NA,NA,NA,Pig
5069,South,Iron Age,IA2,IA2,IA.Late,ExNISP,Forcello,Trentacoste PhD,84,Pig,S,AS,Astragalus,NA,37.6,34.4,NA,NA,NA,NA,NA,NA,NA,NA,NA,NA,NA,NA,NA,NA,NA,NA,NA,NA,NA,NA,NA,Pig
5080,South,Iron Age,IA2,IA2,IA.Late,ExNISP,Forcello,Trentacoste PhD,84,Pig,S,AS,Astragalus,NA,35.9,33.6,NA,NA,NA,NA,NA,NA,NA,NA,NA,NA,NA,NA,NA,NA,NA,NA,NA,NA,NA,NA,NA,Pig
5081,South,Iron Age,IA2,IA2,IA.Late,ExNISP,Forcello,Trentacoste PhD,84,Pig,S,AS,Astragalus,NA,38.6,NA,NA,NA,NA,NA,NA,NA,NA,NA,NA,NA,NA,NA,NA,NA,NA,NA,NA,NA,NA,NA,NA,Pig
5082,South,Iron Age,IA2,IA2,IA.Late,ExNISP,Forcello,Trentacoste PhD,84,Pig,S,AS,Astragalus,NA,51.9,NA,NA,NA,NA,NA,NA,NA,NA,NA,NA,NA,NA,NA,NA,NA,NA,NA,NA,NA,NA,NA,NA,Pig
5088,South,Iron Age,IA2,IA2,IA.Late,ExNISP,Forcello,Trentacoste PhD,84,Pig,S,AS,Astragalus,NA,41.4,38,NA,NA,NA,NA,NA,NA,NA,NA,NA,NA,NA,NA,NA,NA,NA,NA,NA,NA,NA,NA,NA,Pig
5115,South,Iron Age,IA2,IA2,IA.Late,ExNISP,Forcello,Trentacoste PhD,84,Pig,S,AS,Astragalus,NA,38,35.1,NA,NA,NA,NA,NA,NA,NA,NA,NA,NA,NA,NA,NA,NA,NA,NA,NA,NA,NA,NA,NA,Pig
5153,South,Iron Age,IA2,IA2,IA.Late,ExNISP,Forcello,Trentacoste PhD,84,Pig,S,AS,Astragalus,NA,38.6,35.6,NA,NA,NA,NA,NA,NA,NA,NA,NA,NA,NA,NA,NA,NA,NA,NA,NA,NA,NA,NA,NA,Pig
5167,South,Iron Age,IA2,IA2,IA.Late,ExNISP,Forcello,Trentacoste PhD,84,Pig,S,AS,Astragalus,NA,38.2,NA,NA,NA,NA,NA,NA,NA,NA,NA,NA,NA,NA,NA,NA,NA,NA,NA,NA,NA,NA,NA,NA,Pig
5168,South,Iron Age,IA2,IA2,IA.Late,ExNISP,Forcello,Trentacoste PhD,84,Pig,S,AS,Astragalus,NA,NA,32.1,NA,NA,NA,NA,NA,NA,NA,NA,NA,NA,NA,NA,NA,NA,NA,NA,NA,NA,NA,NA,NA,Pig
5180,South,Iron Age,IA2,IA2,IA.Late,ExNISP,Forcello,Trentacoste PhD,84,Pig,S,AS,Astragalus,NA,39.9,35.7,NA,NA,NA,NA,NA,NA,NA,NA,NA,NA,NA,NA,NA,NA,NA,NA,NA,NA,NA,NA,NA,Pig
5217,South,Iron Age,IA2,IA2,IA.Late,ExNISP,Forcello,Trentacoste PhD,84,Pig,S,AS,Astragalus,NA,37.6,NA,NA,NA,NA,NA,NA,NA,NA,NA,NA,NA,NA,NA,NA,NA,NA,NA,NA,NA,NA,NA,NA,Pig
5218,South,Iron Age,IA2,IA2,IA.Late,ExNISP,Forcello,Trentacoste PhD,84,Pig,S,AS,Astragalus,NA,39.1,36.4,NA,NA,NA,NA,NA,NA,NA,NA,NA,NA,NA,NA,NA,NA,NA,NA,NA,NA,NA,NA,NA,Pig
5226,South,Iron Age,IA2,IA2,IA.Late,ExNISP,Forcello,Trentacoste PhD,84,Pig,S,AS,Astragalus,NA,NA,46.4,NA,NA,NA,NA,NA,NA,NA,NA,NA,NA,NA,NA,NA,NA,NA,NA,NA,NA,NA,NA,NA,Pig
5227,South,Iron Age,IA2,IA2,IA.Late,ExNISP,Forcello,Trentacoste PhD,84,Pig,S,AS,Astragalus,NA,39.5,36.8,NA,NA,NA,NA,NA,NA,NA,NA,NA,NA,NA,NA,NA,NA,NA,NA,NA,NA,NA,NA,NA,Pig
5228,South,Iron Age,IA2,IA2,IA.Late,ExNISP,Forcello,Trentacoste PhD,84,Pig,S,AS,Astragalus,NA,36.1,33.1,NA,NA,NA,NA,NA,NA,NA,NA,NA,NA,NA,NA,NA,NA,NA,NA,NA,NA,NA,NA,NA,Pig
5248,South,Iron Age,IA2,IA2,IA.Late,ExNISP,Forcello,Trentacoste PhD,84,Pig,S,AS,Astragalus,NA,40.7,37.4,NA,NA,NA,NA,NA,NA,NA,NA,NA,NA,NA,NA,NA,NA,NA,NA,NA,NA,NA,NA,NA,Pig
5250,South,Iron Age,IA2,IA2,IA.Late,ExNISP,Forcello,Trentacoste PhD,84,Pig,S,AS,Astragalus,NA,34.2,NA,NA,NA,NA,NA,NA,NA,NA,NA,NA,NA,NA,NA,NA,NA,NA,NA,NA,NA,NA,NA,NA,Pig
5277,South,Iron Age,IA2,IA2,IA.Late,ExNISP,Forcello,Trentacoste PhD,84,Pig,S,AS,Astragalus,NA,39.5,35.2,NA,NA,NA,NA,NA,NA,NA,NA,NA,NA,NA,NA,NA,NA,NA,NA,NA,NA,NA,NA,NA,Pig
5295,South,Iron Age,IA2,IA2,IA.Late,ExNISP,Forcello,Trentacoste PhD,84,Pig,S,AS,Astragalus,NA,40.8,36.9,NA,NA,NA,NA,NA,NA,NA,NA,NA,NA,NA,NA,NA,NA,NA,NA,NA,NA,NA,NA,NA,Pig
5296,South,Iron Age,IA2,IA2,IA.Late,ExNISP,Forcello,Trentacoste PhD,84,Pig,S,AS,Astragalus,NA,37,33,NA,NA,NA,NA,NA,NA,NA,NA,NA,NA,NA,NA,NA,NA,NA,NA,NA,NA,NA,NA,NA,Pig
5310,South,Iron Age,IA2,IA2,IA.Late,ExNISP,Forcello,Trentacoste PhD,84,Pig,S,AS,Astragalus,NA,35.5,33.1,NA,NA,NA,NA,NA,NA,NA,NA,NA,NA,NA,NA,NA,NA,NA,NA,NA,NA,NA,NA,NA,Pig
5327,South,Iron Age,IA2,IA2,IA.Late,ExNISP,Forcello,Trentacoste PhD,84,Pig,S,AS,Astragalus,NA,42.8,NA,NA,NA,NA,NA,NA,NA,NA,NA,NA,NA,NA,NA,NA,NA,NA,NA,NA,NA,NA,NA,NA,Pig
5345,South,Iron Age,IA2,IA2,IA.Late,ExNISP,Forcello,Trentacoste PhD,84,Pig,S,AS,Astragalus,NA,39.3,35.9,NA,NA,NA,NA,NA,NA,NA,NA,NA,NA,NA,NA,NA,NA,NA,NA,NA,NA,NA,NA,NA,Pig
5349,South,Iron Age,IA2,IA2,IA.Late,ExNISP,Forcello,Trentacoste PhD,84,Pig,S,AS,Astragalus,NA,40.8,37.8,NA,NA,NA,NA,NA,NA,NA,NA,NA,NA,NA,NA,NA,NA,NA,NA,NA,NA,NA,NA,NA,Pig
5350,South,Iron Age,IA2,IA2,IA.Late,ExNISP,Forcello,Trentacoste PhD,84,Pig,S,AS,Astragalus,NA,39.9,NA,NA,NA,NA,NA,NA,NA,NA,NA,NA,NA,NA,NA,NA,NA,NA,NA,NA,NA,NA,NA,NA,Pig
5357,South,Iron Age,IA2,IA2,IA.Late,ExNISP,Forcello,Trentacoste PhD,84,Pig,S,AS,Astragalus,NA,37.6,33.8,NA,NA,NA,NA,NA,NA,NA,NA,NA,NA,NA,NA,NA,NA,NA,NA,NA,NA,NA,NA,NA,Pig
5363,South,Iron Age,IA2,IA2,IA.Late,ExNISP,Forcello,Trentacoste PhD,84,Pig,S,AS,Astragalus,NA,37.2,34.4,NA,NA,NA,NA,NA,NA,NA,NA,NA,NA,NA,NA,NA,NA,NA,NA,NA,NA,NA,NA,NA,Pig
5381,South,Iron Age,IA2,IA2,IA.Late,ExNISP,Forcello,Trentacoste PhD,84,Pig,S,AS,Astragalus,NA,40.8,38,NA,NA,NA,NA,NA,NA,NA,NA,NA,NA,NA,NA,NA,NA,NA,NA,NA,NA,NA,NA,NA,Pig
5387,South,Iron Age,IA2,IA2,IA.Late,ExNISP,Forcello,Trentacoste PhD,84,Pig,S,AS,Astragalus,NA,36.2,32.6,NA,NA,NA,NA,NA,NA,NA,NA,NA,NA,NA,NA,NA,NA,NA,NA,NA,NA,NA,NA,NA,Pig
5391,South,Iron Age,IA2,IA2,IA.Late,ExNISP,Forcello,Trentacoste PhD,84,Pig,S,AS,Astragalus,NA,NA,34.8,NA,NA,NA,NA,NA,NA,NA,NA,NA,NA,NA,NA,NA,NA,NA,NA,NA,NA,NA,NA,NA,Pig
5395,South,Iron Age,IA2,IA2,IA.Late,ExNISP,Forcello,Trentacoste PhD,84,Pig,S,AS,Astragalus,NA,38.2,35.5,NA,NA,NA,NA,NA,NA,NA,NA,NA,NA,NA,NA,NA,NA,NA,NA,NA,NA,NA,NA,NA,Pig
5433,South,Iron Age,IA2,IA2,IA.Late,ExNISP,Forcello,Trentacoste PhD,84,Pig,S,AS,Astragalus,NA,39.2,35.3,NA,NA,NA,NA,NA,NA,NA,NA,NA,NA,NA,NA,NA,NA,NA,NA,NA,NA,NA,NA,NA,Pig
5462,South,Iron Age,IA2,IA2,IA.Late,ExNISP,Forcello,Trentacoste PhD,84,Pig,S,AS,Astragalus,NA,39.6,36.7,NA,NA,NA,NA,NA,NA,NA,NA,NA,NA,NA,NA,NA,NA,NA,NA,NA,NA,NA,NA,NA,Pig
5463,South,Iron Age,IA2,IA2,IA.Late,ExNISP,Forcello,Trentacoste PhD,84,Pig,S,AS,Astragalus,NA,41.3,37.7,NA,NA,NA,NA,NA,NA,NA,NA,NA,NA,NA,NA,NA,NA,NA,NA,NA,NA,NA,NA,NA,Pig
5468,South,Iron Age,IA2,IA2,IA.Late,ExNISP,Forcello,Trentacoste PhD,84,Pig,S,AS,Astragalus,NA,NA,32.6,NA,NA,NA,NA,NA,NA,NA,NA,NA,NA,NA,NA,NA,NA,NA,NA,NA,NA,NA,NA,NA,Pig
5478,South,Iron Age,IA2,IA2,IA.Late,ExNISP,Forcello,Trentacoste PhD,84,Pig,S,AS,Astragalus,NA,NA,35.3,NA,NA,NA,NA,NA,NA,NA,NA,NA,NA,NA,NA,NA,NA,NA,NA,NA,NA,NA,NA,NA,Pig
5485,South,Iron Age,IA2,IA2,IA.Late,ExNISP,Forcello,Trentacoste PhD,84,Pig,S,AS,Astragalus,NA,36.3,33.6,NA,NA,NA,NA,NA,NA,NA,NA,NA,NA,NA,NA,NA,NA,NA,NA,NA,NA,NA,NA,NA,Pig
5497,South,Iron Age,IA2,IA2,IA.Late,ExNISP,Forcello,Trentacoste PhD,84,Pig,S,AS,Astragalus,NA,39.3,36,NA,NA,NA,NA,NA,NA,NA,NA,NA,NA,NA,NA,NA,NA,NA,NA,NA,NA,NA,NA,NA,Pig
5503,South,Iron Age,IA2,IA2,IA.Late,ExNISP,Forcello,Trentacoste PhD,84,Pig,S,AS,Astragalus,NA,40.2,36.6,NA,NA,NA,NA,NA,NA,NA,NA,NA,NA,NA,NA,NA,NA,NA,NA,NA,NA,NA,NA,NA,Pig
5518,South,Iron Age,IA2,IA2,IA.Late,ExNISP,Forcello,Trentacoste PhD,84,Pig,S,AS,Astragalus,NA,40.3,37.9,NA,NA,NA,NA,NA,NA,NA,NA,NA,NA,NA,NA,NA,NA,NA,NA,NA,NA,NA,NA,NA,Pig
5523,South,Iron Age,IA2,IA2,IA.Late,ExNISP,Forcello,Trentacoste PhD,84,Pig,S,AS,Astragalus,NA,36.3,32.7,NA,NA,NA,NA,NA,NA,NA,NA,NA,NA,NA,NA,NA,NA,NA,NA,NA,NA,NA,NA,NA,Pig
5536,South,Iron Age,IA2,IA2,IA.Late,ExNISP,Forcello,Trentacoste PhD,84,Pig,S,AS,Astragalus,NA,36.8,33.7,NA,NA,NA,NA,NA,NA,NA,NA,NA,NA,NA,NA,NA,NA,NA,NA,NA,NA,NA,NA,NA,Pig
5553,South,Iron Age,IA2,IA2,IA.Late,ExNISP,Forcello,Trentacoste PhD,84,Pig,S,AS,Astragalus,NA,42.9,38.6,NA,NA,NA,NA,NA,NA,NA,NA,NA,NA,NA,NA,NA,NA,NA,NA,NA,NA,NA,NA,NA,Pig
5562,South,Iron Age,IA2,IA2,IA.Late,ExNISP,Forcello,Trentacoste PhD,84,Pig,S,AS,Astragalus,NA,41.6,37,NA,NA,NA,NA,NA,NA,NA,NA,NA,NA,NA,NA,NA,NA,NA,NA,NA,NA,NA,NA,NA,Pig
5563,South,Iron Age,IA2,IA2,IA.Late,ExNISP,Forcello,Trentacoste PhD,84,Pig,S,AS,Astragalus,NA,35,NA,NA,NA,NA,NA,NA,NA,NA,NA,NA,NA,NA,NA,NA,NA,NA,NA,NA,NA,NA,NA,NA,Pig
5569,South,Iron Age,IA2,IA2,IA.Late,ExNISP,Forcello,Trentacoste PhD,84,Pig,S,AS,Astragalus,NA,NA,46.3,NA,NA,NA,NA,NA,NA,NA,NA,NA,NA,NA,NA,NA,NA,NA,NA,Large,NA,NA,NA,NA,Pig
5586,South,Iron Age,IA2,IA2,IA.Late,ExNISP,Forcello,Trentacoste PhD,84,Pig,S,AS,Astragalus,NA,39.6,35.4,NA,NA,NA,NA,NA,NA,NA,NA,NA,NA,NA,NA,NA,NA,NA,NA,NA,NA,NA,NA,NA,Pig
5588,South,Iron Age,IA2,IA2,IA.Late,ExNISP,Forcello,Trentacoste PhD,84,Pig,S,AS,Astragalus,NA,32.2,29.9,NA,NA,NA,NA,NA,NA,NA,NA,NA,NA,NA,NA,NA,NA,NA,NA,NA,NA,NA,NA,NA,Pig
5613,South,Iron Age,IA2,IA2,IA.Late,ExNISP,Forcello,Trentacoste PhD,84,Pig,S,AS,Astragalus,NA,54.6,48.7,NA,NA,NA,NA,NA,NA,NA,NA,NA,NA,NA,NA,NA,NA,NA,NA,Large,NA,NA,NA,NA,Pig
5614,South,Iron Age,IA2,IA2,IA.Late,ExNISP,Forcello,Trentacoste PhD,84,Pig,S,AS,Astragalus,NA,38.6,34.6,NA,NA,NA,NA,NA,NA,NA,NA,NA,NA,NA,NA,NA,NA,NA,NA,NA,NA,NA,NA,NA,Pig
5615,South,Iron Age,IA2,IA2,IA.Late,ExNISP,Forcello,Trentacoste PhD,84,Pig,S,AS,Astragalus,NA,33.5,30.6,NA,NA,NA,NA,NA,NA,NA,NA,NA,NA,NA,NA,NA,NA,NA,NA,NA,NA,NA,NA,NA,Pig
5620,South,Iron Age,IA2,IA2,IA.Late,ExNISP,Forcello,Trentacoste PhD,84,Pig,S,AS,Astragalus,NA,36.7,32.4,NA,NA,NA,NA,NA,NA,NA,NA,NA,NA,NA,NA,NA,NA,NA,NA,NA,NA,NA,NA,NA,Pig
5627,South,Iron Age,IA2,IA2,IA.Late,ExNISP,Forcello,Trentacoste PhD,84,Pig,S,AS,Astragalus,NA,NA,36.9,NA,NA,NA,NA,NA,NA,NA,NA,NA,NA,NA,NA,NA,NA,NA,NA,NA,NA,NA,NA,NA,Pig
5628,South,Iron Age,IA2,IA2,IA.Late,ExNISP,Forcello,Trentacoste PhD,84,Pig,S,AS,Astragalus,NA,37.8,33.6,NA,NA,NA,NA,NA,NA,NA,NA,NA,NA,NA,NA,NA,NA,NA,NA,NA,NA,NA,NA,NA,Pig
5629,South,Iron Age,IA2,IA2,IA.Late,ExNISP,Forcello,Trentacoste PhD,84,Pig,S,AS,Astragalus,NA,38.5,35.2,NA,NA,NA,NA,NA,NA,NA,NA,NA,NA,NA,NA,NA,NA,NA,NA,NA,NA,NA,NA,NA,Pig
5646,South,Iron Age,IA2,IA2,IA.Late,ExNISP,Forcello,Trentacoste PhD,84,Pig,S,AS,Astragalus,NA,36,33.1,NA,NA,NA,NA,NA,NA,NA,NA,NA,NA,NA,NA,NA,NA,NA,NA,NA,NA,NA,NA,NA,Pig
5664,South,Iron Age,IA2,IA2,IA.Late,ExNISP,Forcello,Trentacoste PhD,84,Pig,S,AS,Astragalus,NA,36.6,33.2,NA,NA,NA,NA,NA,NA,NA,NA,NA,NA,NA,NA,NA,NA,NA,NA,NA,NA,NA,NA,NA,Pig
5667,South,Iron Age,IA2,IA2,IA.Late,ExNISP,Forcello,Trentacoste PhD,84,Pig,S,AS,Astragalus,NA,33.4,30.8,NA,NA,NA,NA,NA,NA,NA,NA,NA,NA,NA,NA,NA,NA,NA,NA,NA,NA,NA,NA,NA,Pig
5705,South,Iron Age,IA2,IA2,IA.Late,ExNISP,Forcello,Trentacoste PhD,84,Pig,S,AS,Astragalus,NA,NA,33.9,NA,NA,NA,NA,NA,NA,NA,NA,NA,NA,NA,NA,NA,NA,NA,NA,NA,NA,NA,NA,NA,Pig
5736,South,Iron Age,IA2,IA2,IA.Late,ExNISP,Forcello,Trentacoste PhD,84,Pig,S,AS,Astragalus,NA,NA,34,NA,NA,NA,NA,NA,NA,NA,NA,NA,NA,NA,NA,NA,NA,NA,NA,NA,NA,NA,NA,NA,Pig
5769,South,Iron Age,IA2,IA2,IA.Late,ExNISP,Forcello,Trentacoste PhD,84,Pig,S,AS,Astragalus,NA,38.1,NA,NA,NA,NA,NA,NA,NA,NA,NA,NA,NA,NA,NA,NA,NA,NA,NA,NA,NA,NA,NA,NA,Pig
5776,South,Iron Age,IA2,IA2,IA.Late,ExNISP,Forcello,Trentacoste PhD,84,Pig,S,AS,Astragalus,NA,40.4,38.2,NA,NA,NA,NA,NA,NA,NA,NA,NA,NA,NA,NA,NA,NA,NA,NA,NA,NA,NA,NA,NA,Pig
5805,South,Iron Age,IA2,IA2,IA.Late,ExNISP,Forcello,Trentacoste PhD,84,Pig,S,AS,Astragalus,NA,38,NA,NA,NA,NA,NA,NA,NA,NA,NA,NA,NA,NA,NA,NA,NA,NA,NA,NA,NA,NA,NA,NA,Pig
5829,South,Iron Age,IA2,IA2,IA.Late,ExNISP,Forcello,Trentacoste PhD,84,Pig,S,AS,Astragalus,NA,39.2,35.7,NA,NA,NA,NA,NA,NA,NA,NA,NA,NA,NA,NA,NA,NA,NA,NA,NA,NA,NA,NA,NA,Pig
5837,South,Iron Age,IA2,IA2,IA.Late,ExNISP,Forcello,Trentacoste PhD,84,Pig,S,AS,Astragalus,NA,53,46.8,NA,NA,NA,NA,27.9,NA,NA,NA,NA,NA,NA,NA,NA,NA,NA,NA,NA,NA,NA,NA,NA,Pig
5845,South,Iron Age,IA2,IA2,IA.Late,ExNISP,Forcello,Trentacoste PhD,84,Pig,S,AS,Astragalus,NA,35.7,32.9,NA,NA,NA,NA,18.1,NA,NA,NA,NA,NA,NA,NA,NA,NA,NA,NA,NA,NA,NA,NA,NA,Pig
5846,South,Iron Age,IA2,IA2,IA.Late,ExNISP,Forcello,Trentacoste PhD,84,Pig,S,AS,Astragalus,NA,38.3,35.4,NA,NA,NA,NA,19.3,NA,NA,NA,NA,NA,NA,NA,NA,NA,NA,NA,NA,NA,NA,NA,NA,Pig
5864,South,Iron Age,IA2,IA2,IA.Late,ExNISP,Forcello,Trentacoste PhD,84,Pig,S,AS,Astragalus,NA,51.9,NA,NA,NA,NA,NA,27.8,NA,NA,NA,NA,NA,NA,NA,NA,NA,NA,NA,NA,NA,NA,NA,NA,Pig
5870,South,Iron Age,IA2,IA2,IA.Late,ExNISP,Forcello,Trentacoste PhD,84,Pig,S,AS,Astragalus,NA,39,NA,NA,NA,NA,NA,19.2,NA,NA,NA,NA,NA,NA,NA,NA,NA,NA,NA,NA,NA,NA,NA,NA,Pig
5872,South,Iron Age,IA2,IA2,IA.Late,ExNISP,Forcello,Trentacoste PhD,84,Pig,S,AS,Astragalus,NA,38.3,34.9,NA,NA,NA,NA,20,20.7,NA,NA,NA,NA,NA,NA,NA,NA,NA,NA,NA,NA,NA,NA,NA,Pig
5874,South,Iron Age,IA2,IA2,IA.Late,ExNISP,Forcello,Trentacoste PhD,84,Pig,S,AS,Astragalus,NA,38.1,35,NA,NA,NA,NA,20.2,21.1,NA,NA,NA,NA,NA,NA,NA,NA,NA,NA,NA,NA,NA,NA,NA,Pig
5885,South,Iron Age,IA2,IA2,IA.Late,ExNISP,Forcello,Trentacoste PhD,84,Pig,S,AS,Astragalus,NA,37.4,34.7,NA,NA,NA,NA,19.7,23,NA,NA,NA,NA,NA,NA,NA,NA,NA,NA,NA,NA,NA,NA,NA,Pig
5890,South,Iron Age,IA2,IA2,IA.Late,ExNISP,Forcello,Trentacoste PhD,84,Pig,S,AS,Astragalus,NA,41.1,NA,NA,NA,NA,NA,NA,NA,NA,NA,NA,NA,NA,NA,NA,NA,NA,NA,NA,NA,NA,NA,NA,Pig
5891,South,Iron Age,IA2,IA2,IA.Late,ExNISP,Forcello,Trentacoste PhD,84,Pig,S,AS,Astragalus,NA,37.6,NA,NA,NA,NA,NA,NA,NA,NA,NA,NA,NA,NA,NA,NA,NA,NA,NA,NA,NA,NA,NA,NA,Pig
5920,South,Iron Age,IA2,IA2,IA.Late,ExNISP,Forcello,Trentacoste PhD,84,Pig,S,AS,Astragalus,NA,34.6,31.3,NA,NA,NA,NA,17.9,21.2,NA,NA,NA,NA,NA,NA,NA,NA,NA,NA,NA,NA,NA,NA,NA,Pig
5934,South,Iron Age,IA2,IA2,IA.Late,ExNISP,Forcello,Trentacoste PhD,84,Pig,S,AS,Astragalus,NA,NA,38.4,NA,NA,NA,NA,NA,NA,NA,NA,NA,NA,NA,NA,NA,NA,NA,NA,NA,NA,NA,NA,NA,Pig
5944,South,Iron Age,IA2,IA2,IA.Late,ExNISP,Forcello,Trentacoste PhD,84,Pig,S,AS,Astragalus,NA,35.1,31,NA,NA,NA,NA,NA,20.4,NA,NA,NA,NA,NA,NA,NA,NA,NA,NA,NA,NA,NA,NA,NA,Pig
5970,South,Iron Age,IA2,IA2,IA.Late,ExNISP,Forcello,Trentacoste PhD,84,Pig,S,AS,Astragalus,NA,37.8,34.8,NA,NA,NA,NA,NA,NA,NA,NA,NA,NA,NA,NA,NA,NA,NA,NA,NA,NA,NA,NA,NA,Pig
5983,South,Iron Age,IA2,IA2,IA.Late,ExNISP,Forcello,Trentacoste PhD,84,Pig,S,AS,Astragalus,NA,37.4,33.8,NA,NA,NA,NA,NA,NA,NA,NA,NA,NA,NA,NA,NA,NA,NA,NA,NA,NA,NA,NA,NA,Pig
5984,South,Iron Age,IA2,IA2,IA.Late,ExNISP,Forcello,Trentacoste PhD,84,Pig,S,AS,Astragalus,NA,38.2,35,NA,NA,NA,NA,NA,NA,NA,NA,NA,NA,NA,NA,NA,NA,NA,NA,NA,NA,NA,NA,NA,Pig
5989,South,Iron Age,IA2,IA2,IA.Late,ExNISP,Forcello,Trentacoste PhD,84,Pig,S,AS,Astragalus,NA,40,36.3,NA,NA,NA,NA,NA,NA,NA,NA,NA,NA,NA,NA,NA,NA,NA,NA,NA,NA,NA,NA,NA,Pig
5990,South,Iron Age,IA2,IA2,IA.Late,ExNISP,Forcello,Trentacoste PhD,84,Pig,S,AS,Astragalus,NA,NA,35.7,NA,NA,NA,NA,NA,NA,NA,NA,NA,NA,NA,NA,NA,NA,NA,NA,NA,NA,NA,NA,NA,Pig
5994,South,Iron Age,IA2,IA2,IA.Late,ExNISP,Forcello,Trentacoste PhD,84,Pig,S,AS,Astragalus,NA,39.4,36.2,NA,NA,NA,NA,NA,NA,NA,NA,NA,NA,NA,NA,NA,NA,NA,NA,NA,NA,NA,NA,NA,Pig
5996,South,Iron Age,IA2,IA2,IA.Late,ExNISP,Forcello,Trentacoste PhD,84,Pig,S,AS,Astragalus,NA,38,34.2,NA,NA,NA,NA,NA,NA,NA,NA,NA,NA,NA,NA,NA,NA,NA,NA,NA,NA,NA,NA,NA,Pig
5998,South,Iron Age,IA2,IA2,IA.Late,ExNISP,Forcello,Trentacoste PhD,84,Pig,S,AS,Astragalus,NA,39.2,NA,NA,NA,NA,NA,NA,NA,NA,NA,NA,NA,NA,NA,NA,NA,NA,NA,NA,NA,NA,NA,NA,Pig
6038,South,Iron Age,IA2,IA2,IA.Late,ExNISP,Forcello,Trentacoste PhD,84,Pig,S,AS,Astragalus,NA,38.7,NA,NA,NA,NA,NA,NA,NA,NA,NA,NA,NA,NA,NA,NA,NA,NA,NA,NA,NA,NA,NA,NA,Pig
6043,South,Iron Age,IA2,IA2,IA.Late,ExNISP,Forcello,Trentacoste PhD,84,Pig,S,AS,Astragalus,NA,NA,34.4,NA,NA,NA,NA,NA,NA,NA,NA,NA,NA,NA,NA,NA,NA,NA,NA,NA,NA,NA,NA,NA,Pig
6045,South,Iron Age,IA2,IA2,IA.Late,ExNISP,Forcello,Trentacoste PhD,84,Pig,S,AS,Astragalus,NA,41.8,37.3,NA,NA,NA,NA,NA,NA,NA,NA,NA,NA,NA,NA,NA,NA,NA,NA,NA,NA,NA,NA,NA,Pig
6098,South,Iron Age,IA2,IA2,IA.Late,ExNISP,Forcello,Trentacoste PhD,84,Pig,S,AS,Astragalus,NA,38.8,36.1,NA,NA,NA,NA,NA,NA,NA,NA,NA,NA,NA,NA,NA,NA,NA,NA,NA,NA,NA,NA,NA,Pig
6118,South,Iron Age,IA2,IA2,IA.Late,ExNISP,Forcello,Trentacoste PhD,84,Pig,S,AS,Astragalus,NA,31.8,28.3,NA,NA,NA,NA,NA,NA,NA,NA,NA,NA,NA,NA,NA,NA,NA,NA,NA,NA,NA,NA,NA,Pig
6121,South,Iron Age,IA2,IA2,IA.Late,ExNISP,Forcello,Trentacoste PhD,84,Pig,S,AS,Astragalus,NA,38.8,34.8,NA,NA,NA,NA,NA,NA,NA,NA,NA,NA,NA,NA,NA,NA,NA,NA,NA,NA,NA,NA,NA,Pig
6127,South,Iron Age,IA2,IA2,IA.Late,ExNISP,Forcello,Trentacoste PhD,84,Pig,S,AS,Astragalus,NA,40.5,37.1,NA,NA,NA,NA,NA,NA,NA,NA,NA,NA,NA,NA,NA,NA,NA,NA,NA,NA,NA,NA,NA,Pig
6128,South,Iron Age,IA2,IA2,IA.Late,ExNISP,Forcello,Trentacoste PhD,84,Pig,S,AS,Astragalus,NA,NA,36.7,NA,NA,NA,NA,NA,NA,NA,NA,NA,NA,NA,NA,NA,NA,NA,NA,NA,NA,NA,NA,NA,Pig
6129,South,Iron Age,IA2,IA2,IA.Late,ExNISP,Forcello,Trentacoste PhD,84,Pig,S,AS,Astragalus,NA,NA,33.2,NA,NA,NA,NA,NA,NA,NA,NA,NA,NA,NA,NA,NA,NA,NA,NA,NA,NA,NA,NA,NA,Pig
6140,South,Iron Age,IA2,IA2,IA.Late,ExNISP,Forcello,Trentacoste PhD,84,Pig,S,AS,Astragalus,NA,37.1,34.8,NA,NA,NA,NA,NA,NA,NA,NA,NA,NA,NA,NA,NA,NA,NA,NA,NA,NA,NA,NA,NA,Pig
6141,South,Iron Age,IA2,IA2,IA.Late,ExNISP,Forcello,Trentacoste PhD,84,Pig,S,AS,Astragalus,NA,36.6,33.2,NA,NA,NA,NA,NA,NA,NA,NA,NA,NA,NA,NA,NA,NA,NA,NA,NA,NA,NA,NA,NA,Pig
7897,North,Bronze Age,BA.M,BM-R,BA.Middle,NA,Nogarole Rocca,I Camponi,17,Pig,S,AS,Astragalus,NA,36,NA,NA,NA,NA,NA,NA,NA,NA,NA,NA,NA,NA,NA,NA,NA,NA,NA,NA,NA,NA,NA,NA,Pig
8114,South,Iron Age,IA2,IA2,IA.Late,ExNISP,Forcello,Scarpa,1,Pig,S,AS,Astragalus,NA,37,38,NA,NA,NA,NA,NA,NA,NA,NA,NA,NA,NA,NA,NA,NA,NA,NA,NA,NA,NA,NA,1,Pig
8115,South,Iron Age,IA2,IA2,IA.Late,ExNISP,Forcello,Scarpa,1,Pig,S,AS,Astragalus,NA,38,35,NA,NA,NA,NA,NA,NA,NA,NA,NA,NA,NA,NA,NA,NA,NA,NA,NA,NA,NA,NA,1,Pig
8116,South,Iron Age,IA2,IA2,IA.Late,ExNISP,Forcello,Scarpa,1,Pig,S,AS,Astragalus,NA,37,36,NA,NA,NA,NA,NA,NA,NA,NA,NA,NA,NA,NA,NA,NA,NA,NA,NA,NA,NA,NA,1,Pig
8117,South,Iron Age,IA2,IA2,IA.Late,ExNISP,Forcello,Scarpa,1,Pig,S,AS,Astragalus,NA,37,35,NA,NA,NA,NA,NA,NA,NA,NA,NA,NA,NA,NA,NA,NA,NA,NA,NA,NA,NA,NA,1,Pig
8118,South,Iron Age,IA2,IA2,IA.Late,ExNISP,Forcello,Scarpa,1,Pig,S,AS,Astragalus,NA,35,32,NA,NA,NA,NA,NA,NA,NA,NA,NA,NA,NA,NA,NA,NA,NA,NA,NA,NA,NA,NA,1,Pig
8119,South,Iron Age,IA2,IA2,IA.Late,ExNISP,Forcello,Scarpa,1,Pig,S,AS,Astragalus,NA,38,36,NA,NA,NA,NA,NA,NA,NA,NA,NA,NA,NA,NA,NA,NA,NA,NA,NA,NA,NA,NA,1,Pig
8120,South,Iron Age,IA2,IA2,IA.Late,ExNISP,Forcello,Scarpa,1,Pig,S,AS,Astragalus,NA,38,35,NA,NA,NA,NA,NA,NA,NA,NA,NA,NA,NA,NA,NA,NA,NA,NA,NA,NA,NA,NA,1,Pig
8121,South,Iron Age,IA2,IA2,IA.Late,ExNISP,Forcello,Scarpa,1,Pig,S,AS,Astragalus,NA,39,36,NA,NA,NA,NA,NA,NA,NA,NA,NA,NA,NA,NA,NA,NA,NA,NA,NA,NA,NA,NA,1,Pig
8122,South,Iron Age,IA2,IA2,IA.Late,ExNISP,Forcello,Scarpa,1,Pig,S,AS,Astragalus,NA,38,36,NA,NA,NA,NA,NA,NA,NA,NA,NA,NA,NA,NA,NA,NA,NA,NA,NA,NA,NA,NA,1,Pig
8123,South,Iron Age,IA2,IA2,IA.Late,ExNISP,Forcello,Scarpa,1,Pig,S,AS,Astragalus,NA,36,33,NA,NA,NA,NA,NA,NA,NA,NA,NA,NA,NA,NA,NA,NA,NA,NA,NA,NA,NA,NA,1,Pig
8124,South,Iron Age,IA2,IA2,IA.Late,ExNISP,Forcello,Scarpa,1,Pig,S,AS,Astragalus,NA,37,36,NA,NA,NA,NA,NA,NA,NA,NA,NA,NA,NA,NA,NA,NA,NA,NA,NA,NA,NA,NA,1,Pig
8125,South,Iron Age,IA2,IA2,IA.Late,ExNISP,Forcello,Scarpa,1,Pig,S,AS,Astragalus,NA,39,34,NA,NA,NA,NA,NA,NA,NA,NA,NA,NA,NA,NA,NA,NA,NA,NA,NA,NA,NA,NA,1,Pig
8126,South,Iron Age,IA2,IA2,IA.Late,ExNISP,Forcello,Scarpa,1,Pig,S,AS,Astragalus,NA,36,34,NA,NA,NA,NA,NA,NA,NA,NA,NA,NA,NA,NA,NA,NA,NA,NA,NA,NA,NA,NA,1,Pig
8127,South,Iron Age,IA2,IA2,IA.Late,ExNISP,Forcello,Scarpa,1,Pig,S,AS,Astragalus,NA,37,34,NA,NA,NA,NA,NA,NA,NA,NA,NA,NA,NA,NA,NA,NA,NA,NA,NA,NA,NA,NA,1,Pig
8128,South,Iron Age,IA2,IA2,IA.Late,ExNISP,Forcello,Scarpa,1,Pig,S,AS,Astragalus,NA,35,34,NA,NA,NA,NA,NA,NA,NA,NA,NA,NA,NA,NA,NA,NA,NA,NA,NA,NA,NA,NA,1,Pig
8129,South,Iron Age,IA2,IA2,IA.Late,ExNISP,Forcello,Scarpa,1,Pig,S,AS,Astragalus,NA,37,34,NA,NA,NA,NA,NA,NA,NA,NA,NA,NA,NA,NA,NA,NA,NA,NA,NA,NA,NA,NA,1,Pig
8130,South,Iron Age,IA2,IA2,IA.Late,ExNISP,Forcello,Scarpa,1,Pig,S,AS,Astragalus,NA,37,37,NA,NA,NA,NA,NA,NA,NA,NA,NA,NA,NA,NA,NA,NA,NA,NA,NA,NA,NA,NA,1,Pig
8131,South,Iron Age,IA2,IA2,IA.Late,ExNISP,Forcello,Scarpa,1,Pig,S,AS,Astragalus,NA,38,36,NA,NA,NA,NA,NA,NA,NA,NA,NA,NA,NA,NA,NA,NA,NA,NA,NA,NA,NA,NA,1,Pig
8132,South,Iron Age,IA2,IA2,IA.Late,ExNISP,Forcello,Scarpa,1,Pig,S,AS,Astragalus,NA,38,35,NA,NA,NA,NA,NA,NA,NA,NA,NA,NA,NA,NA,NA,NA,NA,NA,NA,NA,NA,NA,1,Pig
8133,South,Iron Age,IA2,IA2,IA.Late,ExNISP,Forcello,Scarpa,1,Pig,S,AS,Astragalus,NA,38,35,NA,NA,NA,NA,NA,NA,NA,NA,NA,NA,NA,NA,NA,NA,NA,NA,NA,NA,NA,NA,1,Pig
8134,South,Iron Age,IA2,IA2,IA.Late,ExNISP,Forcello,Scarpa,1,Pig,S,AS,Astragalus,NA,37,35,NA,NA,NA,NA,NA,NA,NA,NA,NA,NA,NA,NA,NA,NA,NA,NA,NA,NA,NA,NA,1,Pig
8135,South,Iron Age,IA2,IA2,IA.Late,ExNISP,Forcello,Scarpa,1,Pig,S,AS,Astragalus,NA,36,34,NA,NA,NA,NA,NA,NA,NA,NA,NA,NA,NA,NA,NA,NA,NA,NA,NA,NA,NA,NA,1,Pig
8136,South,Iron Age,IA2,IA2,IA.Late,ExNISP,Forcello,Scarpa,1,Pig,S,AS,Astragalus,NA,41,33,NA,NA,NA,NA,NA,NA,NA,NA,NA,NA,NA,NA,NA,NA,NA,NA,NA,NA,NA,NA,1,Pig
8137,South,Iron Age,IA2,IA2,IA.Late,ExNISP,Forcello,Scarpa,1,Pig,S,AS,Astragalus,NA,34,34,NA,NA,NA,NA,NA,NA,NA,NA,NA,NA,NA,NA,NA,NA,NA,NA,NA,NA,NA,NA,1,Pig
8138,South,Iron Age,IA2,IA2,IA.Late,ExNISP,Forcello,Scarpa,1,Pig,S,AS,Astragalus,NA,38,36,NA,NA,NA,NA,NA,NA,NA,NA,NA,NA,NA,NA,NA,NA,NA,NA,NA,NA,NA,NA,1,Pig
8139,South,Iron Age,IA2,IA2,IA.Late,ExNISP,Forcello,Scarpa,1,Pig,S,AS,Astragalus,NA,36,34,NA,NA,NA,NA,NA,NA,NA,NA,NA,NA,NA,NA,NA,NA,NA,NA,NA,NA,NA,NA,1,Pig
8140,South,Iron Age,IA2,IA2,IA.Late,ExNISP,Forcello,Scarpa,1,Pig,S,AS,Astragalus,NA,40,38,NA,NA,NA,NA,NA,NA,NA,NA,NA,NA,NA,NA,NA,NA,NA,NA,NA,NA,NA,NA,1,Pig
8141,South,Iron Age,IA2,IA2,IA.Late,ExNISP,Forcello,Scarpa,1,Pig,S,AS,Astragalus,NA,36,34,NA,NA,NA,NA,NA,NA,NA,NA,NA,NA,NA,NA,NA,NA,NA,NA,NA,NA,NA,NA,1,Pig
8142,South,Iron Age,IA2,IA2,IA.Late,ExNISP,Forcello,Scarpa,1,Pig,S,AS,Astragalus,NA,38,35,NA,NA,NA,NA,NA,NA,NA,NA,NA,NA,NA,NA,NA,NA,NA,NA,NA,NA,NA,NA,1,Pig
8143,South,Iron Age,IA2,IA2,IA.Late,ExNISP,Forcello,Scarpa,1,Pig,S,AS,Astragalus,NA,38,36,NA,NA,NA,NA,NA,NA,NA,NA,NA,NA,NA,NA,NA,NA,NA,NA,NA,NA,NA,NA,1,Pig
8144,South,Iron Age,IA2,IA2,IA.Late,ExNISP,Forcello,Scarpa,1,Pig,S,AS,Astragalus,NA,36,34,NA,NA,NA,NA,NA,NA,NA,NA,NA,NA,NA,NA,NA,NA,NA,NA,NA,NA,NA,NA,1,Pig
8145,South,Iron Age,IA2,IA2,IA.Late,ExNISP,Forcello,Scarpa,1,Pig,S,AS,Astragalus,NA,38,36,NA,NA,NA,NA,NA,NA,NA,NA,NA,NA,NA,NA,NA,NA,NA,NA,NA,NA,NA,NA,1,Pig
8146,South,Iron Age,IA2,IA2,IA.Late,ExNISP,Forcello,Scarpa,1,Pig,S,AS,Astragalus,NA,37,35,NA,NA,NA,NA,NA,NA,NA,NA,NA,NA,NA,NA,NA,NA,NA,NA,NA,NA,NA,NA,1,Pig
8147,South,Iron Age,IA2,IA2,IA.Late,ExNISP,Forcello,Scarpa,1,Pig,S,AS,Astragalus,NA,38,36,NA,NA,NA,NA,NA,NA,NA,NA,NA,NA,NA,NA,NA,NA,NA,NA,NA,NA,NA,NA,1,Pig
8148,South,Iron Age,IA2,IA2,IA.Late,ExNISP,Forcello,Scarpa,1,Pig,S,AS,Astragalus,NA,36,34,NA,NA,NA,NA,NA,NA,NA,NA,NA,NA,NA,NA,NA,NA,NA,NA,NA,NA,NA,NA,1,Pig
8149,South,Iron Age,IA2,IA2,IA.Late,ExNISP,Forcello,Scarpa,1,Pig,S,AS,Astragalus,NA,37,36,NA,NA,NA,NA,NA,NA,NA,NA,NA,NA,NA,NA,NA,NA,NA,NA,NA,NA,NA,NA,1,Pig
8150,South,Iron Age,IA2,IA2,IA.Late,ExNISP,Forcello,Scarpa,1,Pig,S,AS,Astragalus,NA,39,34,NA,NA,NA,NA,NA,NA,NA,NA,NA,NA,NA,NA,NA,NA,NA,NA,NA,NA,NA,NA,1,Pig
8151,South,Iron Age,IA2,IA2,IA.Late,ExNISP,Forcello,Scarpa,1,Pig,S,AS,Astragalus,NA,36,33,NA,NA,NA,NA,NA,NA,NA,NA,NA,NA,NA,NA,NA,NA,NA,NA,NA,NA,NA,NA,1,Pig
8152,South,Iron Age,IA2,IA2,IA.Late,ExNISP,Forcello,Scarpa,1,Pig,S,AS,Astragalus,NA,39,NA,NA,NA,NA,NA,NA,NA,NA,NA,NA,NA,NA,NA,NA,NA,NA,NA,NA,GLm recorded as 23. Probably a typo. GLm excluded.,NA,NA,1,Pig
8153,South,Iron Age,IA2,IA2,IA.Late,ExNISP,Forcello,Scarpa,1,Pig,S,AS,Astragalus,NA,37,35,NA,NA,NA,NA,NA,NA,NA,NA,NA,NA,NA,NA,NA,NA,NA,NA,NA,NA,NA,NA,1,Pig
8154,South,Iron Age,IA2,IA2,IA.Late,ExNISP,Forcello,Scarpa,1,Pig,S,AS,Astragalus,NA,37,35,NA,NA,NA,NA,NA,NA,NA,NA,NA,NA,NA,NA,NA,NA,NA,NA,NA,NA,NA,NA,1,Pig
8155,South,Iron Age,IA2,IA2,IA.Late,ExNISP,Forcello,Scarpa,1,Pig,S,AS,Astragalus,NA,37,36,NA,NA,NA,NA,NA,NA,NA,NA,NA,NA,NA,NA,NA,NA,NA,NA,NA,NA,NA,NA,1,Pig
8156,South,Iron Age,IA2,IA2,IA.Late,ExNISP,Forcello,Scarpa,1,Pig,S,AS,Astragalus,NA,36,34,NA,NA,NA,NA,NA,NA,NA,NA,NA,NA,NA,NA,NA,NA,NA,NA,NA,NA,NA,NA,1,Pig
8157,South,Iron Age,IA2,IA2,IA.Late,ExNISP,Forcello,Scarpa,1,Pig,S,AS,Astragalus,NA,37,36,NA,NA,NA,NA,NA,NA,NA,NA,NA,NA,NA,NA,NA,NA,NA,NA,NA,NA,NA,NA,1,Pig
8158,South,Iron Age,IA2,IA2,IA.Late,ExNISP,Forcello,Scarpa,1,Pig,S,AS,Astragalus,NA,38,36,NA,NA,NA,NA,NA,NA,NA,NA,NA,NA,NA,NA,NA,NA,NA,NA,NA,NA,NA,NA,1,Pig
8159,South,Iron Age,IA2,IA2,IA.Late,ExNISP,Forcello,Scarpa,1,Pig,S,AS,Astragalus,NA,36,35,NA,NA,NA,NA,NA,NA,NA,NA,NA,NA,NA,NA,NA,NA,NA,NA,NA,NA,NA,NA,1,Pig
8160,South,Iron Age,IA2,IA2,IA.Late,ExNISP,Forcello,Scarpa,1,Pig,S,AS,Astragalus,NA,36,34,NA,NA,NA,NA,NA,NA,NA,NA,NA,NA,NA,NA,NA,NA,NA,NA,NA,NA,NA,NA,1,Pig
8161,South,Iron Age,IA2,IA2,IA.Late,ExNISP,Forcello,Scarpa,1,Pig,S,AS,Astragalus,NA,38,35,NA,NA,NA,NA,NA,NA,NA,NA,NA,NA,NA,NA,NA,NA,NA,NA,NA,NA,NA,NA,1,Pig
8162,South,Iron Age,IA2,IA2,IA.Late,ExNISP,Forcello,Scarpa,1,Pig,S,AS,Astragalus,NA,37,35,NA,NA,NA,NA,NA,NA,NA,NA,NA,NA,NA,NA,NA,NA,NA,NA,NA,NA,NA,NA,1,Pig
8163,South,Iron Age,IA2,IA2,IA.Late,ExNISP,Forcello,Scarpa,1,Pig,S,AS,Astragalus,NA,37,35,NA,NA,NA,NA,NA,NA,NA,NA,NA,NA,NA,NA,NA,NA,NA,NA,NA,NA,NA,NA,1,Pig
8164,South,Iron Age,IA2,IA2,IA.Late,ExNISP,Forcello,Scarpa,1,Pig,S,AS,Astragalus,NA,36,33,NA,NA,NA,NA,NA,NA,NA,NA,NA,NA,NA,NA,NA,NA,NA,NA,NA,NA,NA,NA,1,Pig
8165,South,Iron Age,IA2,IA2,IA.Late,ExNISP,Forcello,Scarpa,1,Pig,S,AS,Astragalus,NA,39,38,NA,NA,NA,NA,NA,NA,NA,NA,NA,NA,NA,NA,NA,NA,NA,NA,NA,NA,NA,NA,1,Pig
8166,South,Iron Age,IA2,IA2,IA.Late,ExNISP,Forcello,Scarpa,1,Pig,S,AS,Astragalus,NA,36,35,NA,NA,NA,NA,NA,NA,NA,NA,NA,NA,NA,NA,NA,NA,NA,NA,NA,NA,NA,NA,1,Pig
8167,South,Iron Age,IA2,IA2,IA.Late,ExNISP,Forcello,Scarpa,1,Pig,S,AS,Astragalus,NA,38,35,NA,NA,NA,NA,NA,NA,NA,NA,NA,NA,NA,NA,NA,NA,NA,NA,NA,NA,NA,NA,1,Pig
8168,South,Iron Age,IA2,IA2,IA.Late,ExNISP,Forcello,Scarpa,1,Pig,S,AS,Astragalus,NA,37,35,NA,NA,NA,NA,NA,NA,NA,NA,NA,NA,NA,NA,NA,NA,NA,NA,NA,NA,NA,NA,1,Pig
8169,South,Iron Age,IA2,IA2,IA.Late,ExNISP,Forcello,Scarpa,1,Pig,S,AS,Astragalus,NA,34,31,NA,NA,NA,NA,NA,NA,NA,NA,NA,NA,NA,NA,NA,NA,NA,NA,NA,NA,NA,NA,1,Pig
8170,South,Iron Age,IA2,IA2,IA.Late,ExNISP,Forcello,Scarpa,1,Pig,S,AS,Astragalus,NA,38,35,NA,NA,NA,NA,NA,NA,NA,NA,NA,NA,NA,NA,NA,NA,NA,NA,NA,NA,NA,NA,1,Pig
8171,South,Iron Age,IA2,IA2,IA.Late,ExNISP,Forcello,Scarpa,1,Pig,S,AS,Astragalus,NA,38,37,NA,NA,NA,NA,NA,NA,NA,NA,NA,NA,NA,NA,NA,NA,NA,NA,NA,NA,NA,NA,1,Pig
8172,South,Iron Age,IA2,IA2,IA.Late,ExNISP,Forcello,Scarpa,1,Pig,S,AS,Astragalus,NA,36,34,NA,NA,NA,NA,NA,NA,NA,NA,NA,NA,NA,NA,NA,NA,NA,NA,NA,NA,NA,NA,1,Pig
8173,South,Iron Age,IA2,IA2,IA.Late,ExNISP,Forcello,Scarpa,1,Pig,S,AS,Astragalus,NA,38,35,NA,NA,NA,NA,NA,NA,NA,NA,NA,NA,NA,NA,NA,NA,NA,NA,NA,NA,NA,NA,1,Pig
8174,South,Iron Age,IA2,IA2,IA.Late,ExNISP,Forcello,Scarpa,1,Pig,S,AS,Astragalus,NA,41,38,NA,NA,NA,NA,NA,NA,NA,NA,NA,NA,NA,NA,NA,NA,NA,NA,NA,NA,NA,NA,1,Pig
8175,South,Iron Age,IA2,IA2,IA.Late,ExNISP,Forcello,Scarpa,1,Pig,S,AS,Astragalus,NA,40,37,NA,NA,NA,NA,NA,NA,NA,NA,NA,NA,NA,NA,NA,NA,NA,NA,NA,NA,NA,NA,1,Pig
8176,South,Iron Age,IA2,IA2,IA.Late,ExNISP,Forcello,Scarpa,1,Pig,S,AS,Astragalus,NA,39,38,NA,NA,NA,NA,NA,NA,NA,NA,NA,NA,NA,NA,NA,NA,NA,NA,NA,NA,NA,NA,1,Pig
8177,South,Iron Age,IA2,IA2,IA.Late,ExNISP,Forcello,Scarpa,1,Pig,S,AS,Astragalus,NA,38,35,NA,NA,NA,NA,NA,NA,NA,NA,NA,NA,NA,NA,NA,NA,NA,NA,NA,NA,NA,NA,1,Pig
8178,South,Iron Age,IA2,IA2,IA.Late,ExNISP,Forcello,Scarpa,1,Pig,S,AS,Astragalus,NA,36,36,NA,NA,NA,NA,NA,NA,NA,NA,NA,NA,NA,NA,NA,NA,NA,NA,NA,NA,NA,NA,1,Pig
8179,South,Iron Age,IA2,IA2,IA.Late,ExNISP,Forcello,Scarpa,1,Pig,S,AS,Astragalus,NA,35,35,NA,NA,NA,NA,NA,NA,NA,NA,NA,NA,NA,NA,NA,NA,NA,NA,NA,NA,NA,NA,1,Pig
8180,South,Iron Age,IA2,IA2,IA.Late,ExNISP,Forcello,Scarpa,1,Pig,S,AS,Astragalus,NA,35,34,NA,NA,NA,NA,NA,NA,NA,NA,NA,NA,NA,NA,NA,NA,NA,NA,NA,NA,NA,NA,1,Pig
8181,South,Iron Age,IA2,IA2,IA.Late,ExNISP,Forcello,Scarpa,1,Pig,S,AS,Astragalus,NA,39,39,NA,NA,NA,NA,NA,NA,NA,NA,NA,NA,NA,NA,NA,NA,NA,NA,NA,NA,NA,NA,1,Pig
8182,South,Iron Age,IA2,IA2,IA.Late,ExNISP,Forcello,Scarpa,1,Pig,S,AS,Astragalus,NA,36,33,NA,NA,NA,NA,NA,NA,NA,NA,NA,NA,NA,NA,NA,NA,NA,NA,NA,NA,NA,NA,1,Pig
8183,South,Iron Age,IA2,IA2,IA.Late,ExNISP,Forcello,Scarpa,1,Pig,S,AS,Astragalus,NA,39,36,NA,NA,NA,NA,NA,NA,NA,NA,NA,NA,NA,NA,NA,NA,NA,NA,NA,NA,NA,NA,1,Pig
8184,South,Iron Age,IA2,IA2,IA.Late,ExNISP,Forcello,Scarpa,1,Pig,S,AS,Astragalus,NA,38,35,NA,NA,NA,NA,NA,NA,NA,NA,NA,NA,NA,NA,NA,NA,NA,NA,NA,NA,NA,NA,1,Pig
8566,Veneto,Bronze Age,BA.R,BM-R,BA.Late,NA,Larda II,NA,148,Pig,S,AS,Astragalus,NA,37,35,NA,NA,NA,NA,19,NA,NA,NA,NA,NA,NA,NA,NA,NA,NA,NA,NA,NA,NA,NA,1,Pig
8567,Veneto,Bronze Age,BA.R,BM-R,BA.Late,NA,Larda II,NA,148,Pig,S,AS,Astragalus,NA,44,41,NA,NA,NA,NA,23,26,NA,NA,NA,NA,NA,NA,NA,NA,NA,NA,NA,NA,NA,NA,1,Pig
8568,Veneto,Bronze Age,BA.R,BM-R,BA.Late,NA,Larda II,NA,148,Pig,S,AS,Astragalus,NA,38,36,NA,NA,NA,NA,20,22,NA,NA,NA,NA,NA,NA,NA,NA,NA,NA,NA,NA,NA,NA,1,Pig
8654,Veneto,Bronze Age,BA.R,BM-R,BA.Late,NA,Campestrin,NA,149,Pig,S,AS,Astragalus,NA,36.5,36,NA,NA,NA,NA,NA,22,NA,NA,NA,NA,NA,NA,NA,NA,NA,NA,NA,NA,NA,NA,1,Pig
8655,Veneto,Bronze Age,BA.R,BM-R,BA.Late,NA,Campestrin,NA,149,Pig,S,AS,Astragalus,NA,36.5,35,NA,NA,NA,NA,NA,NA,NA,NA,NA,NA,NA,NA,NA,NA,NA,NA,NA,NA,NA,NA,1,Pig
8723,Veneto,Bronze Age,BA.R,BM-R,BA.Late,NA,Amolara,NA,150,Pig,S,AS,Astragalus,NA,40,36,NA,NA,NA,NA,NA,NA,NA,NA,NA,NA,NA,NA,NA,NA,NA,NA,NA,NA,NA,NA,1,Pig
9197,Veneto,Bronze Age,BA.R,BM-R,BA.Late,NA,Terranegra,Depellegrin & Tecchiati - BR,61,Pig,S,AS,Astragalus,NA,43.9,40.3,NA,NA,NA,NA,NA,NA,NA,NA,NA,NA,NA,NA,NA,NA,NA,NA,NA,NA,NA,NA,NA,Pig
9198,Veneto,Iron Age,IA1-IA2,IA1,IA.Mid,NA,Terranegra,Depellegrin & Tecchiati - IA,156,Pig,S,AS,Astragalus,NA,47.1,43.6,NA,NA,NA,NA,NA,NA,NA,NA,NA,NA,NA,NA,NA,NA,NA,NA,NA,NA,NA,NA,NA,Pig
9199,Veneto,Iron Age,IA1-IA2,IA1,IA.Mid,NA,Terranegra,Depellegrin & Tecchiati - IA,156,Pig,S,AS,Astragalus,NA,45.4,40.9,NA,NA,NA,NA,NA,NA,NA,NA,NA,NA,NA,NA,NA,NA,NA,NA,NA,NA,NA,NA,NA,Pig
9360,Friuli,Iron Age,IA0,IA1,IA.Early,NA,Gradisca,Iron Age I,169,Pig,S,AS,Astragalus,NA,41,NA,NA,NA,NA,NA,NA,NA,NA,NA,NA,NA,NA,NA,NA,NA,NA,NA,NA,NA,NA,NA,NA,Pig
9413,Friuli,Iron Age,IA2,IA2,IA.Late,NA,Gradisca,Iron Age II,170,Pig,S,AS,Astragalus,NA,36.7,32.5,NA,NA,NA,NA,NA,NA,NA,NA,NA,NA,NA,NA,NA,NA,NA,NA,NA,NA,NA,NA,NA,Pig
9414,Friuli,Iron Age,IA2,IA2,IA.Late,NA,Gradisca,Iron Age II,170,Pig,S,AS,Astragalus,NA,36.5,33.3,NA,NA,NA,NA,NA,NA,NA,NA,NA,NA,NA,NA,NA,NA,NA,NA,NA,NA,NA,NA,NA,Pig
9415,Friuli,Iron Age,IA2,IA2,IA.Late,NA,Gradisca,Iron Age II,170,Pig,S,AS,Astragalus,NA,37.8,NA,NA,NA,NA,NA,NA,NA,NA,NA,NA,NA,NA,NA,NA,NA,NA,NA,NA,NA,NA,NA,NA,Pig
9460,Friuli,Iron Age,IA0,BRF-IA0,IA.Early,NA,Pozzuolo,Braida Roggia - Iron Age,142,Pig,S,AS,Astragalus,NA,38.7,NA,NA,NA,NA,NA,NA,NA,NA,NA,NA,NA,NA,NA,NA,NA,NA,NA,NA,NA,NA,NA,NA,Pig
9535,Friuli,Iron Age,IA0,BRF-IA0,IA.Early,NA,Concordia Sagittaria,Quartiere Nord-Ovest 2001,167,Pig,S,AS,Astragalus,NA,40,37,NA,NA,NA,NA,NA,NA,NA,NA,NA,NA,NA,NA,NA,NA,NA,NA,NA,NA,NA,NA,1,Pig
9536,Friuli,Iron Age,IA0,BRF-IA0,IA.Early,NA,Concordia Sagittaria,Quartiere Nord-Ovest 2001,167,Pig,S,AS,Astragalus,NA,36,33,NA,NA,NA,NA,NA,22,NA,NA,NA,NA,NA,NA,NA,NA,NA,NA,NA,NA,NA,NA,1,Pig
9537,Friuli,Iron Age,IA0,BRF-IA0,IA.Early,NA,Concordia Sagittaria,Quartiere Nord-Ovest 2001,167,Pig,S,AS,Astragalus,NA,40,36,NA,NA,NA,NA,NA,24,NA,NA,NA,NA,NA,NA,NA,NA,NA,NA,NA,NA,NA,NA,1,Pig
9538,Friuli,Iron Age,IA0,BRF-IA0,IA.Early,NA,Concordia Sagittaria,Quartiere Nord-Ovest 2001,167,Pig,S,AS,Astragalus,NA,41,38,NA,NA,NA,NA,NA,25,NA,NA,NA,NA,NA,NA,NA,NA,NA,NA,NA,NA,NA,NA,1,Pig
9548,Friuli,Roman,Rom,Early,Roman.Early,Rit,Montereale Valcellina,*US 581/583/606 - Reppublican pits,200,Pig,S,AS,Astragalus,NA,40.8,37.4,NA,NA,NA,NA,18.8,23.2,NA,NA,NA,NA,NA,NA,NA,NA,NA,NA,NA,NA,NA,NA,NA,Pig
9550,Friuli,Roman,Rom,Early,Roman.Early,Rit,Montereale Valcellina,*US 581/583/606 - Reppublican pits,200,Pig,S,AS,Astragalus,NA,40.4,37.3,NA,NA,NA,NA,NA,NA,NA,NA,NA,NA,NA,NA,NA,NA,NA,NA,NA,NA,NA,NA,NA,Pig
9720,South,Roman,Rom.Early,Early,Roman.Early,NA,Modena,Cassa di Risparmio,132,Pig,S,AS,Astragalus,NA,37,34,NA,NA,NA,NA,17.5,21,NA,NA,NA,NA,NA,NA,NA,NA,NA,NA,NA,NA,NA,NA,0.5,Pig
9721,South,Roman,Rom.Early,Early,Roman.Early,NA,Modena,Cassa di Risparmio,132,Pig,S,AS,Astragalus,NA,36.5,34.5,NA,NA,NA,NA,18,21,NA,NA,NA,NA,NA,NA,NA,NA,NA,NA,NA,NA,NA,NA,0.5,Pig
9826,Friuli,Roman,Rom,Early,Roman.Early,Rit,Montereale Valcellina,*US 581/583/606 - Reppublican pits,200,Pig,S,AS,Astragalus,NA,38.2,35.6,NA,NA,NA,NA,18.5,22,NA,NA,NA,NA,NA,NA,NA,NA,NA,NA,NA,NA,NA,NA,NA,Pig
9950,Veneto,Roman,Rom.M-L,Mid-Late,Roman.Mid-Late,NA,Oderzo,Pozzo romano - all strata (1st-4th c AD),214,Pig,S,AS,Astragalus,NA,36.4,33,NA,NA,NA,NA,NA,NA,NA,NA,NA,NA,NA,NA,NA,NA,NA,NA,NA,NA,NA,NA,NA,Pig
9951,Veneto,Roman,Rom.M-L,Mid-Late,Roman.Mid-Late,NA,Oderzo,Pozzo romano - all strata (1st-4th c AD),214,Pig,S,AS,Astragalus,NA,40.6,37.8,NA,NA,NA,NA,NA,NA,NA,NA,NA,NA,NA,NA,NA,NA,NA,NA,NA,NA,NA,NA,NA,Pig
9952,Veneto,Roman,Rom.M-L,Mid-Late,Roman.Mid-Late,NA,Oderzo,Pozzo romano - all strata (1st-4th c AD),214,Pig,S,AS,Astragalus,NA,34,32,NA,NA,NA,NA,NA,NA,NA,NA,NA,NA,NA,NA,NA,NA,NA,NA,NA,NA,NA,NA,NA,Pig
10303,Friuli,Roman,Rom.Late,Late,Roman.Late,NA,Aquileia,area a est del foro - Riedel 1994,175,Pig,S,AS,Astragalus,NA,41,NA,NA,NA,NA,NA,NA,NA,NA,NA,NA,NA,NA,NA,NA,NA,NA,NA,NA,NA,NA,NA,NA,Pig
10323,Friuli,Roman,Rom.Late,Late,Roman.Late,NA,Aquileia,area a est del foro - Riedel 1994,175,Pig,S,AS,Astragalus,NA,39,NA,NA,NA,NA,NA,NA,NA,NA,NA,NA,NA,NA,NA,NA,NA,NA,NA,NA,NA,NA,NA,NA,Pig
10784,Friuli,Roman,Rom,Mid,Roman.Mid,Rit,Trieste,*Crosada - Phase 4c,178,Pig,S,AS,Astragalus,NA,44,37.3,NA,NA,NA,NA,NA,NA,NA,NA,NA,NA,NA,NA,NA,NA,NA,NA,NA,NA,NA,NA,NA,Pig
11261,Friuli,Roman,Rom.Late,Late,Roman.Late,NA,Udine,Late Roman,246,Pig,S,AS,Astragalus,NA,37.8,NA,NA,NA,NA,NA,NA,NA,NA,NA,NA,NA,NA,NA,NA,NA,NA,NA,NA,NA,NA,NA,NA,Pig
11262,Friuli,Roman,Rom.Late,Late,Roman.Late,NA,Udine,Late Roman,246,Pig,S,AS,Astragalus,NA,38.9,NA,NA,NA,NA,NA,NA,NA,NA,NA,NA,NA,NA,NA,NA,NA,NA,NA,NA,NA,NA,NA,NA,Pig
11651,Veneto,Roman,Rom.Late,Late,Roman.Late,NA,Torcello,Late Antique II-VII / II-VI 5th-7th c. AD,257,Pig,S,AS,Astragalus,NA,38.5,NA,NA,NA,NA,NA,NA,NA,NA,NA,NA,NA,NA,NA,NA,NA,NA,NA,NA,NA,NA,NA,NA,Pig
12444,South,Roman,Rom.Early,Early,Roman.Early,NA,Calvatone,Wilkens - Bio data from academia,253,Pig,S,AS,Astragalus,NA,36.9,35.2,NA,NA,NA,NA,19.1,21.9,NA,NA,NA,NA,NA,NA,NA,NA,NA,NA,NA,NA,NA,NA,NA,Pig
12445,South,Roman,Rom.Early,Early,Roman.Early,NA,Calvatone,Wilkens - Bio data from academia,253,Pig,S,AS,Astragalus,NA,41.1,NA,NA,NA,NA,NA,21,NA,NA,NA,NA,NA,NA,NA,NA,NA,NA,NA,NA,NA,NA,NA,NA,Pig
NA,South,Bronze Age,BA.R,BM-R,BA.Late,NA,Monterenzio Vecchio,NA,446,Pig,S,AS,Astragalus,NA,40,38.3,NA,NA,NA,NA,21.7,25.1,NA,NA,NA,NA,NA,NA,NA,NA,NA,NA,NA,NA,NA,NA,NA,Pig
NA,Appennine,Bronze Age,BA.M-R,BM-R,BA.Middle-Late,NA,Case Missiroli,NA,453,Pig,S,AS,Astragalus,NA,NA,34.4,NA,NA,NA,NA,19.5,NA,NA,NA,NA,NA,NA,NA,NA,NA,NA,NA,NA,NA,NA,NA,NA,Pig
NA,Veneto,Iron Age,IA1,IA1,IA.Mid,NA,Padova,"Via S. Canziano, phases I-III",466,Pig,S,AS,Astragalus,NA,39.4,36,NA,NA,NA,NA,NA,22.9,NA,NA,NA,NA,NA,NA,NA,NA,NA,NA,NA,NA,NA,NA,NA,Pig
496,North,Bronze Age,BA.M,BM-R,BA.Middle,NA,Muraiola,NA,13,Pig,S,CA,Calcaneum,93.4,NA,NA,NA,NA,NA,NA,NA,NA,NA,NA,NA,NA,NA,NA,NA,NA,NA,NA,NA,NA,NA,NA,NA,Pig
520,North,Bronze Age,BA.M,BM-R,BA.Middle,NA,Muraiola,NA,13,Pig,S,CA,Calcaneum,109.9,NA,NA,NA,NA,NA,NA,NA,NA,NA,NA,NA,NA,NA,NA,NA,NA,NA,NA,NA,NA,NA,NA,NA,Pig
2249,North,Bronze Age,BA.M,BM-R,BA.Middle,NA,Lavagnone,Sector A + E,126,Pig,S,CA,Calcaneum,81,NA,NA,NA,NA,NA,NA,NA,NA,NA,NA,NA,NA,NA,NA,NA,24.6,NA,NA,NA,NA,NA,NA,NA,Pig
2250,North,Bronze Age,BA.M,BM-R,BA.Middle,NA,Lavagnone,Sector A + E,126,Pig,S,CA,Calcaneum,76,NA,NA,NA,NA,NA,NA,NA,NA,NA,NA,NA,NA,NA,NA,NA,23.9,NA,NA,NA,NA,NA,NA,NA,Pig
2413,South,Bronze Age,BA.M,BM-R,BA.Middle,NA,Baggiovara,Opera Pia Bianchi,121,Pig,S,CA,Calcaneum,84.5,NA,NA,NA,NA,NA,NA,NA,NA,NA,NA,NA,NA,NA,NA,NA,22.5,NA,NA,NA,NA,NA,NA,NA,Pig
2975,South,Iron Age,IA2,IA2,IA.Late,ExNISP,Monte Bibele,Just Ambiente/Casa 14,79,Pig,S,CA,Calcaneum,74.5,NA,NA,NA,NA,NA,NA,NA,NA,NA,NA,NA,NA,NA,NA,NA,21.3,NA,NA,NA,NA,NA,NA,NA,Pig
3042,South,Iron Age,IA2,IA2,IA.Late,NA,Marzabotto,Casa 1,119,Pig,S,CA,Calcaneum,73.8,NA,NA,NA,NA,NA,NA,NA,NA,NA,NA,NA,NA,NA,NA,NA,16.1,NA,NA,NA,NA,NA,NA,NA,Pig
3043,South,Iron Age,IA2,IA2,IA.Late,NA,Marzabotto,Casa 1,119,Pig,S,CA,Calcaneum,72.2,NA,NA,NA,NA,NA,NA,NA,NA,NA,NA,NA,NA,NA,NA,NA,16.8,NA,NA,NA,NA,NA,NA,NA,Pig
3044,South,Iron Age,IA2,IA2,IA.Late,NA,Marzabotto,Casa 1,119,Pig,S,CA,Calcaneum,72.8,NA,NA,NA,NA,NA,NA,NA,NA,NA,NA,NA,NA,NA,NA,NA,17.2,NA,NA,NA,NA,NA,NA,NA,Pig
3097,South,Iron Age,IA2,IA2,IA.Late,NA,Spina,Excavations 2007-2009,118,Pig,S,CA,Calcaneum,92,NA,NA,NA,NA,NA,NA,NA,NA,NA,NA,NA,NA,NA,NA,NA,34,NA,NA,NA,NA,NA,NA,NA,Pig
4155,South,Bronze Age,BA.M,BM-R,BA.Middle,NA,Poviglio,Villaggio piccolo - MBA,26,Pig,S,CA,Calcaneum,73.2,NA,NA,NA,NA,NA,NA,NA,NA,NA,NA,NA,NA,NA,NA,NA,NA,NA,NA,NA,NA,NA,NA,NA,Pig
4670,South,Iron Age,IA2,IA2,IA.Late,ExNISP,Forcello,Trentacoste PhD,84,Pig,S,CA,Calcaneum,96.2,NA,NA,NA,NA,NA,NA,NA,NA,38.5,NA,NA,NA,NA,NA,NA,NA,NA,NA,Large,NA,NA,NA,NA,Pig
4738,South,Iron Age,IA2,IA2,IA.Late,ExNISP,Forcello,Trentacoste PhD,84,Pig,S,CA,Calcaneum,72.9,NA,NA,NA,NA,NA,NA,NA,NA,26.3,NA,NA,NA,NA,NA,NA,NA,NA,NA,NA,NA,NA,NA,NA,Pig
4874,South,Iron Age,IA2,IA2,IA.Late,ExNISP,Forcello,Trentacoste PhD,84,Pig,S,CA,Calcaneum,80.7,NA,NA,NA,NA,NA,NA,NA,NA,29.5,NA,NA,NA,NA,NA,NA,NA,NA,NA,NA,NA,NA,NA,NA,Pig
5192,South,Iron Age,IA2,IA2,IA.Late,ExNISP,Forcello,Trentacoste PhD,84,Pig,S,CA,Calcaneum,74.8,NA,NA,NA,NA,NA,NA,NA,NA,28.8,NA,NA,NA,NA,NA,NA,NA,NA,NA,NA,NA,NA,NA,NA,Pig
5346,South,Iron Age,IA2,IA2,IA.Late,ExNISP,Forcello,Trentacoste PhD,84,Pig,S,CA,Calcaneum,78.3,NA,NA,NA,NA,NA,NA,NA,NA,28.1,NA,NA,NA,NA,NA,NA,NA,NA,NA,NA,NA,NA,NA,NA,Pig
5348,South,Iron Age,IA2,IA2,IA.Late,ExNISP,Forcello,Trentacoste PhD,84,Pig,S,CA,Calcaneum,71.6,NA,NA,NA,NA,NA,NA,NA,NA,NA,NA,NA,NA,NA,NA,NA,NA,NA,NA,NA,NA,NA,NA,NA,Pig
5475,South,Iron Age,IA2,IA2,IA.Late,ExNISP,Forcello,Trentacoste PhD,84,Pig,S,CA,Calcaneum,69.9,NA,NA,NA,NA,NA,NA,NA,NA,26.3,NA,NA,NA,NA,NA,NA,NA,NA,NA,NA,NA,NA,NA,NA,Pig
5648,South,Iron Age,IA2,IA2,IA.Late,ExNISP,Forcello,Trentacoste PhD,84,Pig,S,CA,Calcaneum,69,NA,NA,NA,NA,NA,NA,NA,NA,26.1,NA,NA,NA,NA,NA,NA,NA,NA,NA,NA,NA,NA,NA,NA,Pig
5779,South,Iron Age,IA2,IA2,IA.Late,ExNISP,Forcello,Trentacoste PhD,84,Pig,S,CA,Calcaneum,78.5,NA,NA,NA,NA,NA,NA,NA,NA,28.4,NA,NA,NA,NA,NA,NA,NA,NA,NA,NA,NA,NA,NA,NA,Pig
5809,South,Iron Age,IA2,IA2,IA.Late,ExNISP,Forcello,Trentacoste PhD,84,Pig,S,CA,Calcaneum,98,NA,NA,NA,NA,NA,NA,NA,NA,37.5,NA,NA,NA,NA,NA,NA,NA,NA,NA,Large,NA,NA,NA,NA,Pig
5910,South,Iron Age,IA2,IA2,IA.Late,ExNISP,Forcello,Trentacoste PhD,84,Pig,S,CA,Calcaneum,70.8,NA,NA,NA,NA,NA,NA,NA,NA,26.1,NA,NA,NA,NA,NA,NA,NA,NA,NA,NA,NA,NA,NA,NA,Pig
5911,South,Iron Age,IA2,IA2,IA.Late,ExNISP,Forcello,Trentacoste PhD,84,Pig,S,CA,Calcaneum,74.8,NA,NA,NA,NA,NA,NA,NA,NA,27.7,NA,NA,NA,NA,NA,NA,NA,NA,NA,NA,NA,NA,NA,NA,Pig
8109,South,Iron Age,IA2,IA2,IA.Late,ExNISP,Forcello,Scarpa,1,Pig,S,CA,Calcaneum,73,NA,NA,NA,NA,NA,NA,NA,NA,NA,NA,NA,NA,NA,NA,NA,18,NA,NA,NA,NA,NA,NA,1,Pig
8110,South,Iron Age,IA2,IA2,IA.Late,ExNISP,Forcello,Scarpa,1,Pig,S,CA,Calcaneum,73,NA,NA,NA,NA,NA,NA,NA,NA,NA,NA,NA,NA,NA,NA,NA,20,NA,NA,NA,NA,NA,NA,1,Pig
8111,South,Iron Age,IA2,IA2,IA.Late,ExNISP,Forcello,Scarpa,1,Pig,S,CA,Calcaneum,71,NA,NA,NA,NA,NA,NA,NA,NA,NA,NA,NA,NA,NA,NA,NA,19,NA,NA,NA,NA,NA,NA,1,Pig
8112,South,Iron Age,IA2,IA2,IA.Late,ExNISP,Forcello,Scarpa,1,Pig,S,CA,Calcaneum,73,NA,NA,NA,NA,NA,NA,NA,NA,NA,NA,NA,NA,NA,NA,NA,29,NA,NA,NA,NA,NA,NA,1,Pig
8113,South,Iron Age,IA2,IA2,IA.Late,ExNISP,Forcello,Scarpa,1,Pig,S,CA,Calcaneum,73,NA,NA,NA,NA,NA,NA,NA,NA,NA,NA,NA,NA,NA,NA,NA,20,NA,NA,NA,NA,NA,NA,1,Pig
9200,Veneto,Iron Age,IA1-IA2,IA1,IA.Mid,NA,Terranegra,Depellegrin & Tecchiati - IA,156,Pig,S,CA,Calcaneum,76.2,NA,NA,NA,NA,NA,NA,NA,NA,NA,NA,NA,NA,NA,NA,NA,23.4,NA,NA,NA,NA,NA,NA,NA,Pig
9539,Friuli,Iron Age,IA0,BRF-IA0,IA.Early,NA,Concordia Sagittaria,Quartiere Nord-Ovest 2001,167,Pig,S,CA,Calcaneum,81,NA,NA,NA,NA,NA,NA,NA,NA,NA,NA,NA,NA,NA,NA,NA,23,NA,NA,NA,NA,NA,NA,1,Pig
9842,Friuli,Roman,Rom,Early,Roman.Early,Rit,Montereale Valcellina,*US 581/583/606 - Reppublican pits,200,Pig,S,CA,Calcaneum,73.7,NA,NA,NA,NA,NA,NA,NA,NA,NA,NA,NA,NA,NA,NA,NA,22,NA,NA,NA,NA,NA,NA,NA,Pig
9953,Veneto,Roman,Rom.M-L,Mid-Late,Roman.Mid-Late,NA,Oderzo,Pozzo romano - all strata (1st-4th c AD),214,Pig,S,CA,Calcaneum,68.4,NA,NA,NA,NA,NA,NA,NA,NA,NA,NA,NA,NA,NA,NA,NA,23,NA,NA,NA,NA,NA,NA,NA,Pig
10185,Veneto,Roman,Rom.M-L,Mid-Late,Roman.Mid-Late,NA,Altino,Riedel 1985,56,Pig,S,CA,Calcaneum,65.8,NA,NA,NA,NA,NA,NA,NA,NA,NA,NA,NA,NA,NA,NA,NA,NA,NA,NA,NA,NA,NA,NA,NA,Pig
10186,Veneto,Roman,Rom.M-L,Mid-Late,Roman.Mid-Late,NA,Altino,Riedel 1985,56,Pig,S,CA,Calcaneum,72.3,NA,NA,NA,NA,NA,NA,NA,NA,NA,NA,NA,NA,NA,NA,NA,NA,NA,NA,NA,NA,NA,NA,NA,Pig
10761,Friuli,Roman,Rom.Mid,Mid,Roman.Mid,NA,Trieste,Crosada - Phase 3,236,Pig,S,CA,Calcaneum,93.7,NA,NA,NA,NA,NA,NA,NA,NA,NA,NA,NA,NA,NA,NA,NA,27,NA,NA,NA,Large but appears in publication like this,NA,NA,NA,Pig
NA,Appennine,Bronze Age,BA.M-R,BM-R,BA.Middle-Late,NA,Case Missiroli,NA,453,Pig,S,CA,Calcaneum,73.3,NA,NA,NA,NA,NA,NA,NA,NA,NA,NA,NA,NA,NA,NA,NA,22.3,NA,NA,NA,NA,NA,NA,NA,Pig
1504,South,Iron Age,IA2,IA2,IA.Late,NA,Casale di Rivalta,NA,71,Pig,S,FE,Femur,NA,NA,NA,NA,NA,NA,NA,NA,34.4,NA,NA,NA,NA,NA,NA,NA,NA,NA,NA,NA,NA,NA,NA,NA,Pig
1505,South,Iron Age,IA2,IA2,IA.Late,NA,Casale di Rivalta,NA,71,Pig,S,FE,Femur,NA,NA,NA,NA,NA,NA,NA,NA,34.8,NA,NA,NA,NA,NA,NA,NA,NA,NA,NA,NA,NA,NA,NA,NA,Pig
2525,Appennine,Bronze Age,BA.M,BM-R,BA.Middle,NA,Solarolo,via Odriere Settore 1,123,Pig,S,FE,Femur,NA,NA,NA,57.9,NA,NA,NA,NA,NA,NA,NA,NA,NA,NA,NA,26.1,NA,NA,NA,NA,NA,NA,NA,NA,Pig
3680,Friuli,Iron Age,IA0-IA1,BRF-IA0,IA.Early,NA,Pozzuolo,Excavations 1980-83 Final Bronze-Iron Age,55,Pig,S,FE,Femur,NA,NA,NA,NA,NA,NA,NA,NA,41.7,NA,NA,NA,NA,NA,NA,NA,NA,NA,NA,NA,NA,NA,NA,NA,Pig
3914,North,Bronze Age,BA.M-R,BM-R,BA.Middle-Late,NA,Peschiera,NA,14,Pig,S,FE,Femur,NA,NA,NA,48.5,NA,NA,NA,NA,NA,NA,NA,NA,NA,NA,NA,NA,NA,NA,NA,NA,NA,NA,NA,NA,Pig
4487,North,Bronze Age,BA.R,BM-R,BA.Late,NA,Bovolone,Bertoloni et al. 2015,125,Pig,S,FE,Femur,NA,NA,NA,NA,NA,NA,NA,NA,40.1,NA,NA,NA,NA,NA,NA,NA,NA,NA,NA,NA,NA,NA,NA,1,Pig
4595,North,Bronze Age,BA.M,BM-R,BA.Middle,NA,Muraiola,NA,13,Pig,S,FE,Femur,NA,NA,NA,48.6,NA,NA,NA,NA,NA,NA,NA,NA,NA,NA,NA,NA,NA,NA,NA,NA,NA,NA,NA,NA,Pig
4596,North,Bronze Age,BA.M,BM-R,BA.Middle,NA,Muraiola,NA,13,Pig,S,FE,Femur,NA,NA,NA,54.3,NA,NA,NA,NA,NA,NA,NA,NA,NA,NA,NA,NA,NA,NA,NA,NA,NA,NA,NA,NA,Pig
4597,North,Bronze Age,BA.M,BM-R,BA.Middle,NA,Muraiola,NA,13,Pig,S,FE,Femur,NA,NA,NA,NA,NA,NA,NA,NA,45.3,NA,NA,NA,NA,NA,NA,NA,NA,NA,NA,NA,NA,NA,NA,NA,Pig
7894,North,Bronze Age,BA.M,BM-R,BA.Middle,NA,Nogarole Rocca,I Camponi,17,Pig,S,FE,Femur,NA,NA,NA,NA,NA,NA,NA,NA,44,NA,NA,NA,NA,NA,NA,NA,NA,NA,NA,NA,NA,NA,NA,NA,Pig
9297,Friuli,Bronze Age-Iron Age,BA.F-IA0,BRF-IA0,BA.L-EIA,NA,Gradisca,Final Bronze Age - Early Iron Age,168,Pig,S,FE,Femur,NA,NA,NA,55.4,NA,NA,NA,NA,NA,NA,NA,NA,NA,NA,NA,26.5,NA,NA,NA,NA,NA,NA,NA,NA,Pig
9840,Friuli,Roman,Rom,Early,Roman.Early,Rit,Montereale Valcellina,*US 581/583/606 - Reppublican pits,200,Pig,S,FE,Femur,NA,NA,NA,NA,NA,NA,NA,NA,43.5,NA,NA,NA,NA,NA,NA,NA,NA,NA,NA,NA,NA,NA,NA,NA,Pig
11639,Veneto,Roman,Rom.Late,Late,Roman.Late,NA,Torcello,Late Antique II-VII / II-VI 5th-7th c. AD,257,Pig,S,FE,Femur,NA,NA,NA,NA,NA,NA,NA,NA,45.5,NA,NA,NA,NA,NA,NA,NA,NA,NA,NA,NA,NA,NA,NA,NA,Pig
NA,South,Bronze Age,BA.R,BM-R,BA.Late,NA,Monterenzio Vecchio,NA,446,Pig,S,FE,Femur,NA,NA,NA,53.5,NA,NA,NA,NA,NA,NA,NA,NA,NA,NA,NA,24.1,NA,NA,NA,NA,NA,NA,NA,NA,Pig
108,South,Iron Age,IA1,IA1,IA.Mid,NA,Bologna,Via Foscolo-Frassinago (IA),60,Pig,S,HU,Humerus,NA,NA,NA,NA,NA,NA,NA,NA,36.3,NA,NA,NA,NA,NA,NA,NA,NA,NA,NA,NA,NA,NA,NA,NA,Pig
117,Veneto,Bronze Age,BA.R-F,BRF-IA0,BA.Late,NA,Fondo Paviani,Riedel 1979 - Recent/Final,21,Pig,S,HU,Humerus,NA,NA,NA,NA,NA,NA,NA,NA,37,NA,NA,NA,NA,NA,NA,NA,NA,NA,NA,NA,NA,NA,NA,NA,Pig
118,Veneto,Bronze Age,BA.R-F,BRF-IA0,BA.Late,NA,Fondo Paviani,Riedel 1979 - Recent/Final,21,Pig,S,HU,Humerus,NA,NA,NA,NA,NA,NA,NA,NA,37.8,NA,NA,NA,NA,NA,NA,NA,NA,NA,NA,NA,NA,NA,NA,NA,Pig
119,Veneto,Bronze Age,BA.R-F,BRF-IA0,BA.Late,NA,Fondo Paviani,Riedel 1979 - Recent/Final,21,Pig,S,HU,Humerus,NA,NA,NA,NA,NA,NA,NA,NA,38,NA,NA,NA,NA,NA,NA,NA,NA,NA,NA,NA,NA,NA,NA,NA,Pig
357,South,Iron Age,IA1,IA1,IA.Mid,NA,Marzabotto,US 27/29,69,Pig,S,HU,Humerus,NA,NA,NA,NA,NA,NA,NA,NA,34.8,NA,NA,NA,NA,NA,NA,NA,NA,NA,NA,NA,NA,NA,NA,NA,Pig
358,South,Iron Age,IA1,IA1,IA.Mid,NA,Marzabotto,US 27/29,69,Pig,S,HU,Humerus,NA,NA,NA,NA,NA,NA,NA,NA,33.7,NA,NA,NA,NA,NA,NA,NA,NA,NA,NA,NA,NA,NA,NA,NA,Pig
359,South,Iron Age,IA1,IA1,IA.Mid,NA,Marzabotto,V 3,68,Pig,S,HU,Humerus,NA,NA,NA,NA,NA,NA,NA,NA,37.5,NA,NA,NA,NA,NA,NA,NA,NA,NA,NA,NA,NA,NA,NA,NA,Pig
360,South,Iron Age,IA1,IA1,IA.Mid,NA,Marzabotto,V 3,68,Pig,S,HU,Humerus,NA,NA,NA,NA,NA,NA,NA,NA,37,NA,NA,NA,NA,NA,NA,NA,NA,NA,NA,NA,NA,NA,NA,NA,Pig
361,South,Iron Age,IA1,IA1,IA.Mid,NA,Marzabotto,V 3,68,Pig,S,HU,Humerus,NA,NA,NA,NA,NA,NA,NA,NA,36.4,NA,NA,NA,NA,NA,NA,NA,NA,NA,NA,NA,NA,NA,NA,NA,Pig
362,South,Iron Age,IA1,IA1,IA.Mid,NA,Marzabotto,V 3,68,Pig,S,HU,Humerus,NA,NA,NA,NA,NA,NA,NA,NA,36.2,NA,NA,NA,NA,NA,NA,NA,NA,NA,NA,NA,NA,NA,NA,NA,Pig
363,South,Iron Age,IA1,IA1,IA.Mid,NA,Marzabotto,V 3,68,Pig,S,HU,Humerus,NA,NA,NA,NA,NA,NA,NA,NA,34.9,NA,NA,NA,NA,NA,NA,NA,NA,NA,NA,NA,NA,NA,NA,NA,Pig
364,South,Iron Age,IA1,IA1,IA.Mid,NA,Marzabotto,V 3,68,Pig,S,HU,Humerus,NA,NA,NA,NA,NA,NA,NA,NA,34.8,NA,NA,NA,NA,NA,NA,NA,NA,NA,NA,NA,NA,NA,NA,NA,Pig
365,South,Iron Age,IA1,IA1,IA.Mid,NA,Marzabotto,V 3,68,Pig,S,HU,Humerus,NA,NA,NA,NA,NA,NA,NA,NA,33.3,NA,NA,NA,NA,NA,NA,NA,NA,NA,NA,NA,NA,NA,NA,NA,Pig
366,South,Iron Age,IA2,IA2,IA.Late,NA,Fidenza,NA,70,Pig,S,HU,Humerus,NA,NA,NA,NA,NA,NA,NA,NA,38.3,NA,NA,NA,NA,NA,NA,NA,NA,NA,NA,NA,NA,NA,NA,NA,Pig
367,South,Iron Age,IA2,IA2,IA.Late,NA,Casale di Rivalta,NA,71,Pig,S,HU,Humerus,NA,NA,NA,NA,NA,NA,NA,NA,39,NA,NA,NA,NA,NA,NA,NA,NA,NA,NA,NA,NA,NA,NA,NA,Pig
368,South,Iron Age,IA2,IA2,IA.Late,NA,Casale di Rivalta,NA,71,Pig,S,HU,Humerus,NA,NA,NA,NA,NA,NA,NA,NA,34.8,NA,NA,NA,NA,NA,NA,NA,NA,NA,NA,NA,NA,NA,NA,NA,Pig
369,South,Iron Age,IA2,IA2,IA.Late,NA,Case Vandelli,NA,74,Pig,S,HU,Humerus,NA,NA,NA,NA,NA,NA,NA,NA,37.8,NA,NA,NA,NA,NA,NA,NA,NA,NA,NA,NA,NA,NA,NA,NA,Pig
370,South,Iron Age,IA2,IA2,IA.Late,NA,Case Vandelli,NA,74,Pig,S,HU,Humerus,NA,NA,NA,NA,NA,NA,NA,NA,34.1,NA,NA,NA,NA,NA,NA,NA,NA,NA,NA,NA,NA,NA,NA,NA,Pig
371,South,Iron Age,IA2,IA2,IA.Late,NA,Marzabotto,US 8,78,Pig,S,HU,Humerus,NA,NA,NA,NA,NA,NA,NA,NA,38.6,NA,NA,NA,NA,NA,NA,NA,NA,NA,NA,NA,NA,NA,NA,NA,Pig
372,South,Iron Age,IA2,IA2,IA.Late,NA,Marzabotto,US 8,78,Pig,S,HU,Humerus,NA,NA,NA,NA,NA,NA,NA,NA,36.5,NA,NA,NA,NA,NA,NA,NA,NA,NA,NA,NA,NA,NA,NA,NA,Pig
373,South,Iron Age,IA2,IA2,IA.Late,NA,Marzabotto,US 8,78,Pig,S,HU,Humerus,NA,NA,NA,NA,NA,NA,NA,NA,33.1,NA,NA,NA,NA,NA,NA,NA,NA,NA,NA,NA,NA,NA,NA,NA,Pig
374,South,Iron Age,IA2,IA2,IA.Late,NA,Marzabotto,US 8,78,Pig,S,HU,Humerus,NA,NA,NA,NA,NA,NA,NA,NA,32.7,NA,NA,NA,NA,NA,NA,NA,NA,NA,NA,NA,NA,NA,NA,NA,Pig
375,South,Iron Age,IA2,IA2,IA.Late,NA,Marzabotto,US 8,78,Pig,S,HU,Humerus,NA,NA,NA,NA,NA,NA,NA,NA,31.3,NA,NA,NA,NA,NA,NA,NA,NA,NA,NA,NA,NA,NA,NA,NA,Pig
376,South,Iron Age,IA2,IA2,IA.Late,NA,Marzabotto,US 8,78,Pig,S,HU,Humerus,NA,NA,NA,NA,NA,NA,NA,NA,31,NA,NA,NA,NA,NA,NA,NA,NA,NA,NA,NA,NA,NA,NA,NA,Pig
377,South,Iron Age,IA2,IA2,IA.Late,NA,Marzabotto,US 8,78,Pig,S,HU,Humerus,NA,NA,NA,NA,NA,NA,NA,NA,29.1,NA,NA,NA,NA,NA,NA,NA,NA,NA,NA,NA,Small but appears in publication like this,NA,NA,NA,Pig
378,South,Iron Age,IA2,IA2,IA.Late,NA,Marzabotto,US 8,78,Pig,S,HU,Humerus,NA,NA,NA,NA,NA,NA,NA,NA,28.2,NA,NA,NA,NA,NA,NA,NA,NA,NA,NA,NA,Small but appears in publication like this,NA,NA,NA,Pig
447,North,Iron Age,IA2,IA2,IA.Late,NA,Colognola ai Colli,NA,54,Pig,S,HU,Humerus,NA,NA,NA,NA,NA,NA,NA,NA,33.7,NA,NA,NA,NA,NA,NA,NA,NA,NA,NA,NA,NA,NA,NA,NA,Pig
448,North,Iron Age,IA2,IA2,IA.Late,NA,Colognola ai Colli,NA,54,Pig,S,HU,Humerus,NA,NA,NA,NA,NA,NA,NA,NA,35.2,NA,NA,NA,NA,NA,NA,NA,NA,NA,NA,NA,NA,NA,NA,NA,Pig
449,North,Iron Age,IA2,IA2,IA.Late,NA,Colognola ai Colli,NA,54,Pig,S,HU,Humerus,NA,NA,NA,NA,NA,NA,NA,NA,35.3,NA,NA,NA,NA,NA,NA,NA,NA,NA,NA,NA,NA,NA,NA,NA,Pig
450,North,Iron Age,IA2,IA2,IA.Late,NA,Colognola ai Colli,NA,54,Pig,S,HU,Humerus,NA,NA,NA,NA,NA,NA,NA,NA,35.4,NA,NA,NA,NA,NA,NA,NA,NA,NA,NA,NA,NA,NA,NA,NA,Pig
451,North,Iron Age,IA2,IA2,IA.Late,NA,Colognola ai Colli,NA,54,Pig,S,HU,Humerus,NA,NA,NA,NA,NA,NA,NA,NA,36,NA,NA,NA,NA,NA,NA,NA,NA,NA,NA,NA,NA,NA,NA,NA,Pig
452,North,Iron Age,IA2,IA2,IA.Late,NA,Colognola ai Colli,NA,54,Pig,S,HU,Humerus,NA,NA,NA,NA,NA,NA,NA,NA,36.8,NA,NA,NA,NA,NA,NA,NA,NA,NA,NA,NA,NA,NA,NA,NA,Pig
453,North,Iron Age,IA2,IA2,IA.Late,NA,Colognola ai Colli,NA,54,Pig,S,HU,Humerus,NA,NA,NA,NA,NA,NA,NA,NA,38.3,NA,NA,NA,NA,NA,NA,NA,NA,NA,NA,NA,NA,NA,NA,NA,Pig
519,North,Bronze Age,BA.M,BM-R,BA.Middle,NA,Muraiola,NA,13,Pig,S,HU,Humerus,NA,NA,NA,NA,NA,NA,NA,NA,50.5,NA,NA,NA,NA,NA,NA,NA,NA,NA,NA,NA,NA,NA,NA,NA,Pig
1065,North,Iron Age,IA2,IA2,IA.Late,NA,Castelrotto,NA,53,Pig,S,HU,Humerus,NA,NA,NA,NA,NA,NA,NA,NA,39.2,NA,NA,NA,NA,NA,NA,NA,NA,NA,NA,NA,NA,NA,NA,NA,Pig
1066,North,Iron Age,IA2,IA2,IA.Late,NA,Castelrotto,NA,53,Pig,S,HU,Humerus,NA,NA,NA,NA,NA,NA,NA,NA,32.5,NA,NA,NA,NA,NA,NA,NA,NA,NA,NA,NA,NA,NA,NA,NA,Pig
1067,North,Iron Age,IA2,IA2,IA.Late,NA,Castelrotto,NA,53,Pig,S,HU,Humerus,NA,NA,NA,NA,NA,NA,NA,NA,34,NA,NA,NA,NA,NA,NA,NA,NA,NA,NA,NA,NA,NA,NA,NA,Pig
1068,North,Iron Age,IA2,IA2,IA.Late,NA,Castelrotto,NA,53,Pig,S,HU,Humerus,NA,NA,NA,NA,NA,NA,NA,NA,35.4,NA,NA,NA,NA,NA,NA,NA,NA,NA,NA,NA,NA,NA,NA,NA,Pig
1070,North,Iron Age,IA2,IA2,IA.Late,NA,Castelrotto,NA,53,Pig,S,HU,Humerus,NA,NA,NA,NA,NA,NA,NA,NA,37,NA,NA,NA,NA,NA,NA,NA,NA,NA,NA,NA,NA,NA,NA,NA,Pig
1071,North,Iron Age,IA2,IA2,IA.Late,NA,Castelrotto,NA,53,Pig,S,HU,Humerus,NA,NA,NA,NA,NA,NA,NA,NA,37.4,NA,NA,NA,NA,NA,NA,NA,NA,NA,NA,NA,NA,NA,NA,NA,Pig
1072,North,Iron Age,IA2,IA2,IA.Late,NA,Castelrotto,NA,53,Pig,S,HU,Humerus,NA,NA,NA,NA,NA,NA,NA,NA,37.6,NA,NA,NA,NA,NA,NA,NA,NA,NA,NA,NA,NA,NA,NA,NA,Pig
1073,North,Iron Age,IA2,IA2,IA.Late,NA,Castelrotto,NA,53,Pig,S,HU,Humerus,NA,NA,NA,NA,NA,NA,NA,NA,38,NA,NA,NA,NA,NA,NA,NA,NA,NA,NA,NA,NA,NA,NA,NA,Pig
1450,South,Iron Age,IA1,IA1,IA.Mid,NA,San Claudio,NA,64,Pig,S,HU,Humerus,NA,NA,NA,NA,NA,11.2,NA,NA,NA,NA,26.8,NA,NA,NA,NA,NA,NA,NA,NA,NA,NA,NA,NA,NA,Pig
1529,South,Iron Age,IA2,IA2,IA.Late,NA,Spina,Excavations 2007-2009,118,Pig,S,HU,Humerus,NA,NA,NA,NA,NA,NA,NA,NA,36.2,NA,NA,NA,NA,NA,NA,NA,NA,NA,NA,NA,NA,NA,NA,NA,Pig
1530,South,Iron Age,IA2,IA2,IA.Late,NA,Spina,Excavations 2007-2009,118,Pig,S,HU,Humerus,NA,NA,NA,NA,NA,18.3,NA,NA,43.8,NA,NA,NA,NA,NA,NA,NA,NA,NA,NA,NA,NA,NA,NA,NA,Pig
1594,South,Bronze Age,BA.M,BM-R,BA.Middle,NA,Tabina di Margreta,Bronze Age,22,Pig,S,HU,Humerus,NA,NA,NA,NA,NA,NA,NA,NA,54,NA,NA,NA,NA,NA,NA,NA,NA,NA,NA,NA,NA,NA,NA,0.5,Pig
1595,South,Bronze Age,BA.M,BM-R,BA.Middle,NA,Tabina di Margreta,Bronze Age,22,Pig,S,HU,Humerus,NA,NA,NA,NA,NA,NA,NA,NA,39,38,NA,NA,NA,NA,NA,NA,NA,NA,NA,NA,NA,NA,NA,0.5,Pig
1596,South,Bronze Age,BA.M,BM-R,BA.Middle,NA,Tabina di Margreta,Bronze Age,22,Pig,S,HU,Humerus,NA,NA,NA,NA,NA,NA,NA,NA,39,NA,NA,NA,NA,NA,NA,NA,NA,NA,NA,NA,NA,NA,NA,0.5,Pig
1597,South,Bronze Age,BA.M,BM-R,BA.Middle,NA,Tabina di Margreta,Bronze Age,22,Pig,S,HU,Humerus,NA,NA,NA,NA,NA,NA,NA,NA,34.5,NA,NA,NA,NA,NA,NA,NA,NA,NA,NA,NA,NA,NA,NA,0.5,Pig
1771,North,Iron Age,IA2,IA2,IA.Late,NA,Santorso,All phases,92,Pig,S,HU,Humerus,NA,NA,NA,NA,NA,NA,NA,NA,NA,NA,28.1,NA,NA,NA,NA,NA,NA,NA,NA,NA,NA,NA,NA,NA,Pig
1772,North,Iron Age,IA2,IA2,IA.Late,NA,Santorso,All phases,92,Pig,S,HU,Humerus,NA,NA,NA,NA,NA,NA,NA,NA,NA,NA,29.9,NA,NA,NA,NA,NA,NA,NA,NA,NA,NA,NA,NA,NA,Pig
1773,North,Iron Age,IA2,IA2,IA.Late,NA,Santorso,All phases,92,Pig,S,HU,Humerus,NA,NA,NA,NA,NA,NA,NA,NA,NA,NA,30.1,NA,NA,NA,NA,NA,NA,NA,NA,NA,NA,NA,NA,NA,Pig
1774,North,Iron Age,IA2,IA2,IA.Late,NA,Santorso,All phases,92,Pig,S,HU,Humerus,NA,NA,NA,NA,NA,NA,NA,NA,NA,NA,29.3,NA,NA,NA,NA,NA,NA,NA,NA,NA,NA,NA,NA,NA,Pig
1775,North,Iron Age,IA2,IA2,IA.Late,NA,Santorso,All phases,92,Pig,S,HU,Humerus,NA,NA,NA,NA,NA,NA,NA,NA,NA,NA,30.1,NA,NA,NA,NA,NA,NA,NA,NA,NA,NA,NA,NA,NA,Pig
2223,North,Bronze Age,BA.M,BM-R,BA.Middle,NA,Lavagnone,Sector A + E,126,Pig,S,HU,Humerus,NA,NA,NA,NA,NA,NA,NA,NA,38.6,39.8,29.9,NA,NA,NA,NA,NA,NA,NA,NA,NA,NA,NA,NA,NA,Pig
2224,North,Bronze Age,BA.M,BM-R,BA.Middle,NA,Lavagnone,Sector A + E,126,Pig,S,HU,Humerus,NA,NA,NA,NA,NA,13.2,19.1,NA,37.3,37.3,26.6,17.2,NA,NA,NA,NA,NA,NA,NA,NA,NA,NA,NA,NA,Pig
2225,North,Bronze Age,BA.M,BM-R,BA.Middle,NA,Lavagnone,Sector A + E,126,Pig,S,HU,Humerus,NA,NA,NA,NA,NA,14.8,NA,NA,36.8,38.6,28.5,18.4,NA,NA,NA,NA,NA,NA,NA,NA,NA,NA,NA,NA,Pig
2226,North,Bronze Age,BA.M,BM-R,BA.Middle,NA,Lavagnone,Sector A + E,126,Pig,S,HU,Humerus,NA,NA,NA,NA,NA,NA,NA,NA,35.9,37.8,25.6,17.3,NA,NA,NA,NA,NA,NA,NA,NA,NA,NA,NA,NA,Pig
2227,North,Bronze Age,BA.M,BM-R,BA.Middle,NA,Lavagnone,Sector A + E,126,Pig,S,HU,Humerus,NA,NA,NA,NA,NA,NA,NA,NA,34.6,36.3,NA,16.5,NA,NA,NA,NA,NA,NA,NA,NA,NA,NA,NA,NA,Pig
2228,North,Bronze Age,BA.M,BM-R,BA.Middle,NA,Lavagnone,Sector A + E,126,Pig,S,HU,Humerus,NA,NA,NA,NA,NA,NA,NA,NA,34.2,NA,25.7,NA,NA,NA,NA,NA,NA,NA,NA,NA,NA,NA,NA,NA,Pig
2265,North,Bronze Age,BA.M,BM-R,BA.Middle,NA,Lavagnone,Sector A + E,126,Pig,S,HU,Humerus,NA,NA,NA,NA,NA,NA,NA,NA,38.5,38.9,28,20.2,NA,NA,NA,NA,NA,NA,NA,NA,NA,NA,NA,NA,Pig
2266,North,Bronze Age,BA.M,BM-R,BA.Middle,NA,Lavagnone,Sector A + E,126,Pig,S,HU,Humerus,NA,NA,NA,NA,NA,NA,NA,NA,38,39.7,30.6,20,NA,NA,NA,NA,NA,NA,NA,NA,NA,NA,NA,NA,Pig
2399,South,Bronze Age,BA.M,BM-R,BA.Middle,NA,Baggiovara,Opera Pia Bianchi,121,Pig,S,HU,Humerus,NA,NA,NA,NA,NA,NA,NA,NA,36.8,37.9,28.9,NA,NA,NA,NA,NA,NA,NA,NA,NA,NA,NA,NA,NA,Pig
2408,South,Bronze Age,BA.M,BM-R,BA.Middle,NA,Baggiovara,Opera Pia Bianchi,121,Pig,S,HU,Humerus,NA,NA,NA,NA,NA,NA,NA,NA,40.3,37.2,29.8,17.7,NA,NA,NA,NA,NA,NA,NA,NA,NA,NA,NA,NA,Pig
2416,South,Bronze Age,BA.M,BM-R,BA.Middle,NA,Baggiovara,Opera Pia Bianchi,121,Pig,S,HU,Humerus,NA,NA,NA,59.8,NA,NA,NA,NA,NA,NA,NA,NA,NA,NA,NA,NA,NA,NA,NA,NA,NA,NA,NA,NA,Pig
2417,South,Bronze Age,BA.M,BM-R,BA.Middle,NA,Baggiovara,Opera Pia Bianchi,121,Pig,S,HU,Humerus,NA,NA,NA,NA,NA,NA,NA,NA,37.9,38.6,29.7,NA,NA,NA,NA,NA,NA,NA,NA,NA,NA,NA,NA,NA,Pig
2418,South,Bronze Age,BA.M,BM-R,BA.Middle,NA,Baggiovara,Opera Pia Bianchi,121,Pig,S,HU,Humerus,NA,NA,NA,NA,NA,14.6,21.5,NA,36.2,36.8,NA,NA,NA,NA,NA,NA,NA,NA,NA,NA,NA,NA,NA,NA,Pig
2419,South,Bronze Age,BA.M,BM-R,BA.Middle,NA,Baggiovara,Opera Pia Bianchi,121,Pig,S,HU,Humerus,NA,NA,NA,NA,NA,NA,NA,NA,35.5,34.8,26.4,NA,NA,NA,NA,NA,NA,NA,NA,NA,NA,NA,NA,NA,Pig
2462,South,Bronze Age,BA.M,BM-R,BA.Middle,NA,Gaggio,Struttura 1 + capanna alfa,122,Pig,S,HU,Humerus,NA,NA,NA,NA,NA,NA,NA,NA,39.1,37.8,28.8,NA,19.1,NA,NA,NA,NA,NA,NA,NA,NA,NA,NA,NA,Pig
2463,South,Bronze Age,BA.M,BM-R,BA.Middle,NA,Gaggio,Struttura 1 + capanna alfa,122,Pig,S,HU,Humerus,NA,NA,NA,NA,NA,NA,NA,NA,36,36,27,NA,NA,NA,NA,NA,NA,NA,NA,NA,NA,NA,NA,NA,Pig
2464,South,Bronze Age,BA.M,BM-R,BA.Middle,NA,Gaggio,Struttura 1 + capanna alfa,122,Pig,S,HU,Humerus,NA,NA,NA,NA,NA,NA,NA,NA,39.1,NA,NA,NA,NA,NA,NA,NA,NA,NA,NA,NA,NA,NA,NA,NA,Pig
2466,South,Bronze Age,BA.M,BM-R,BA.Middle,NA,Gaggio,Struttura 1 + capanna alfa,122,Pig,S,HU,Humerus,NA,NA,NA,NA,NA,16.3,NA,NA,NA,NA,NA,NA,NA,NA,NA,NA,NA,NA,NA,NA,NA,NA,NA,NA,Pig
2503,Appennine,Bronze Age,BA.M,BM-R,BA.Middle,NA,Solarolo,via Odriere Settore 1,123,Pig,S,HU,Humerus,NA,NA,NA,NA,NA,NA,NA,NA,35.9,NA,30.5,NA,NA,NA,NA,NA,NA,NA,NA,NA,NA,NA,NA,NA,Pig
2504,Appennine,Bronze Age,BA.M,BM-R,BA.Middle,NA,Solarolo,via Odriere Settore 1,123,Pig,S,HU,Humerus,NA,NA,NA,NA,NA,NA,NA,NA,37.9,NA,29.7,NA,NA,NA,NA,NA,NA,NA,NA,NA,NA,NA,NA,NA,Pig
2505,Appennine,Bronze Age,BA.M,BM-R,BA.Middle,NA,Solarolo,via Odriere Settore 1,123,Pig,S,HU,Humerus,NA,NA,NA,NA,NA,NA,NA,NA,38.5,NA,32.9,NA,NA,NA,NA,NA,NA,NA,NA,NA,NA,NA,NA,NA,Pig
2506,Appennine,Bronze Age,BA.M,BM-R,BA.Middle,NA,Solarolo,via Odriere Settore 1,123,Pig,S,HU,Humerus,202.3,NA,NA,50.7,NA,17.2,NA,NA,NA,NA,32.1,NA,NA,NA,NA,NA,NA,NA,NA,NA,NA,NA,NA,NA,Pig
2507,Appennine,Bronze Age,BA.M,BM-R,BA.Middle,NA,Solarolo,via Odriere Settore 1,123,Pig,S,HU,Humerus,NA,NA,NA,NA,NA,NA,NA,NA,36.5,NA,27.7,NA,NA,NA,NA,NA,NA,NA,NA,NA,NA,NA,NA,NA,Pig
2508,Appennine,Bronze Age,BA.M,BM-R,BA.Middle,NA,Solarolo,via Odriere Settore 1,123,Pig,S,HU,Humerus,NA,NA,NA,NA,NA,NA,NA,NA,36.4,NA,NA,NA,NA,NA,NA,NA,NA,NA,NA,NA,NA,NA,NA,NA,Pig
2509,Appennine,Bronze Age,BA.M,BM-R,BA.Middle,NA,Solarolo,via Odriere Settore 1,123,Pig,S,HU,Humerus,NA,NA,NA,NA,NA,NA,NA,NA,36.5,NA,NA,NA,NA,NA,NA,NA,NA,NA,NA,NA,NA,NA,NA,NA,Pig
2510,Appennine,Bronze Age,BA.M,BM-R,BA.Middle,NA,Solarolo,via Odriere Settore 1,123,Pig,S,HU,Humerus,NA,NA,NA,NA,NA,14.4,NA,NA,36,NA,NA,NA,NA,NA,NA,NA,NA,NA,NA,NA,NA,NA,NA,NA,Pig
2511,Appennine,Bronze Age,BA.M,BM-R,BA.Middle,NA,Solarolo,via Odriere Settore 1,123,Pig,S,HU,Humerus,NA,NA,NA,NA,NA,15,NA,NA,35.1,NA,NA,NA,NA,NA,NA,NA,NA,NA,NA,NA,NA,NA,NA,NA,Pig
2697,South,Bronze Age,BA.M,BM-R,BA.Middle,Rit,Noceto,*Vasca lignea,39,Pig,S,HU,Humerus,NA,NA,NA,NA,NA,NA,NA,NA,39.8,39.5,NA,NA,NA,NA,NA,NA,NA,NA,NA,NA,NA,NA,NA,NA,Pig
2813,Appennine,Iron Age,IA1,IA1,IA.Mid,NA,Verucchio,Scavo 1963,80,Pig,S,HU,Humerus,NA,NA,NA,NA,NA,16.2,NA,NA,NA,NA,31.6,NA,17.8,NA,NA,NA,NA,NA,NA,NA,NA,NA,NA,NA,Pig
2814,Appennine,Iron Age,IA1,IA1,IA.Mid,NA,Verucchio,Scavo 1963,80,Pig,S,HU,Humerus,NA,NA,NA,NA,NA,NA,NA,NA,38.9,NA,NA,34.5,18.9,NA,NA,NA,NA,NA,NA,NA,NA,NA,NA,NA,Pig
2815,Appennine,Iron Age,IA1,IA1,IA.Mid,NA,Verucchio,Scavo 1963,80,Pig,S,HU,Humerus,NA,NA,NA,NA,NA,NA,NA,NA,37.1,NA,NA,32.2,18.8,NA,NA,NA,NA,NA,NA,NA,NA,NA,NA,NA,Pig
2816,Appennine,Iron Age,IA1,IA1,IA.Mid,NA,Verucchio,Scavo 1963,80,Pig,S,HU,Humerus,NA,NA,NA,NA,NA,NA,NA,NA,34.1,NA,NA,29.8,18.8,NA,NA,NA,NA,NA,NA,NA,NA,NA,NA,NA,Pig
2817,Appennine,Iron Age,IA1,IA1,IA.Mid,NA,Verucchio,Scavo 1963,80,Pig,S,HU,Humerus,NA,NA,NA,NA,NA,17.1,NA,NA,41.6,NA,NA,33.8,19.4,NA,NA,NA,NA,NA,NA,NA,NA,NA,NA,NA,Pig
2818,Appennine,Iron Age,IA1,IA1,IA.Mid,NA,Verucchio,Scavo 1963,80,Pig,S,HU,Humerus,NA,NA,NA,NA,NA,13.7,NA,NA,33.5,NA,NA,28.1,17.1,NA,NA,NA,NA,NA,NA,NA,NA,NA,NA,NA,Pig
2819,Appennine,Iron Age,IA1,IA1,IA.Mid,NA,Verucchio,Scavo 1963,80,Pig,S,HU,Humerus,NA,NA,NA,NA,NA,16.3,NA,NA,38.5,NA,NA,28.1,17.1,NA,NA,NA,NA,NA,NA,NA,NA,NA,NA,NA,Pig
2820,Appennine,Iron Age,IA1,IA1,IA.Mid,NA,Verucchio,Scavo 1963,80,Pig,S,HU,Humerus,NA,NA,NA,NA,NA,15.3,NA,NA,38.6,NA,NA,30.5,18.8,NA,NA,NA,NA,NA,NA,NA,NA,NA,NA,NA,Pig
2821,Appennine,Iron Age,IA1,IA1,IA.Mid,NA,Verucchio,Scavo 1963,80,Pig,S,HU,Humerus,NA,NA,NA,NA,NA,NA,NA,NA,42,NA,NA,35,19,NA,NA,NA,NA,NA,NA,NA,NA,NA,NA,NA,Pig
2822,Appennine,Iron Age,IA1,IA1,IA.Mid,NA,Verucchio,Scavo 1963,80,Pig,S,HU,Humerus,NA,NA,NA,NA,NA,NA,NA,NA,37.8,NA,NA,31.4,17.9,NA,NA,NA,NA,NA,NA,NA,NA,NA,NA,NA,Pig
2823,Appennine,Iron Age,IA1,IA1,IA.Mid,NA,Verucchio,Scavo 1963,80,Pig,S,HU,Humerus,NA,NA,NA,NA,NA,NA,NA,NA,37.6,NA,NA,32.1,18.6,NA,NA,NA,NA,NA,NA,NA,NA,NA,NA,NA,Pig
2824,Appennine,Iron Age,IA1,IA1,IA.Mid,NA,Verucchio,Scavo 1963,80,Pig,S,HU,Humerus,NA,NA,NA,NA,NA,NA,NA,NA,37.5,NA,NA,31.6,19.5,NA,NA,NA,NA,NA,NA,NA,NA,NA,NA,NA,Pig
2952,South,Iron Age,IA2,IA2,IA.Late,NA,Mirandola,Barchessone Cappello,83,Pig,S,HU,Humerus,NA,NA,NA,NA,NA,15.6,NA,NA,38.4,35,33.5,NA,NA,NA,NA,NA,NA,NA,NA,NA,NA,NA,NA,NA,Pig
2966,South,Iron Age,IA2,IA2,IA.Late,ExNISP,Monte Bibele,Just Ambiente/Casa 14,79,Pig,S,HU,Humerus,NA,NA,NA,NA,NA,NA,NA,NA,40,NA,NA,NA,NA,NA,NA,NA,NA,NA,NA,NA,NA,NA,NA,NA,Pig
2967,South,Iron Age,IA2,IA2,IA.Late,ExNISP,Monte Bibele,Just Ambiente/Casa 14,79,Pig,S,HU,Humerus,NA,NA,NA,NA,NA,NA,NA,NA,36.8,NA,NA,NA,NA,NA,NA,NA,NA,NA,NA,NA,NA,NA,NA,NA,Pig
3069,South,Iron Age,IA2,IA2,IA.Late,NA,Rubiera,Ca del Cristo,72,Pig,S,HU,Humerus,NA,NA,NA,NA,NA,15.1,NA,NA,36.2,NA,NA,NA,NA,NA,NA,NA,NA,NA,NA,NA,NA,NA,NA,NA,Pig
3088,South,Iron Age,IA2,IA2,IA.Late,NA,Spina,Excavations 2007-2009,118,Pig,S,HU,Humerus,NA,NA,NA,NA,NA,NA,NA,NA,35.5,NA,NA,NA,NA,NA,NA,NA,NA,NA,NA,NA,NA,NA,NA,NA,Pig
3089,South,Iron Age,IA2,IA2,IA.Late,NA,Spina,Excavations 2007-2009,118,Pig,S,HU,Humerus,NA,NA,NA,43.3,NA,NA,NA,NA,NA,NA,NA,NA,NA,NA,NA,NA,NA,NA,NA,NA,NA,NA,NA,NA,Pig
3090,South,Iron Age,IA2,IA2,IA.Late,NA,Spina,Excavations 2007-2009,118,Pig,S,HU,Humerus,NA,NA,NA,NA,NA,NA,NA,NA,37.9,NA,NA,NA,NA,NA,NA,NA,NA,NA,NA,NA,NA,NA,NA,NA,Pig
3091,South,Iron Age,IA2,IA2,IA.Late,NA,Spina,Excavations 2007-2009,118,Pig,S,HU,Humerus,NA,NA,NA,NA,NA,NA,NA,NA,33.6,NA,NA,NA,NA,NA,NA,NA,NA,NA,NA,NA,NA,NA,NA,NA,Pig
3220,North,Bronze Age,BA.R,BM-R,BA.Late,NA,Feniletto,NA,15,Pig,S,HU,Humerus,NA,NA,NA,NA,NA,NA,NA,NA,37.5,NA,NA,NA,NA,NA,NA,NA,NA,NA,NA,NA,NA,NA,NA,NA,Pig
3730,Friuli,Roman,Rom.Early,Early,Roman.Early,NA,Pozzuolo,Excavations 1980-83 Roman,160,Pig,S,HU,Humerus,NA,NA,NA,NA,NA,NA,NA,NA,40,NA,NA,NA,NA,NA,NA,NA,NA,NA,NA,NA,NA,NA,NA,NA,Pig
3910,North,Bronze Age,BA.M-R,BM-R,BA.Middle-Late,NA,Peschiera,NA,14,Pig,S,HU,Humerus,NA,NA,NA,NA,NA,NA,NA,NA,34.2,NA,NA,NA,NA,NA,NA,NA,NA,NA,NA,NA,NA,NA,NA,NA,Pig
3911,North,Bronze Age,BA.M-R,BM-R,BA.Middle-Late,NA,Peschiera,NA,14,Pig,S,HU,Humerus,NA,NA,NA,NA,NA,NA,NA,NA,35.5,NA,NA,NA,NA,NA,NA,NA,NA,NA,NA,NA,NA,NA,NA,NA,Pig
3912,North,Bronze Age,BA.M-R,BM-R,BA.Middle-Late,NA,Peschiera,NA,14,Pig,S,HU,Humerus,NA,NA,NA,NA,NA,NA,NA,NA,40,NA,NA,NA,NA,NA,NA,NA,NA,NA,NA,NA,NA,NA,NA,NA,Pig
4123,South,Bronze Age,BA.M,BM-R,BA.Middle,NA,Poviglio,Villaggio piccolo - MBA,26,Pig,S,HU,Humerus,NA,NA,NA,50.6,NA,NA,NA,NA,NA,NA,NA,NA,NA,NA,NA,NA,NA,NA,NA,NA,NA,NA,NA,NA,Pig
4124,South,Bronze Age,BA.M,BM-R,BA.Middle,NA,Poviglio,Villaggio piccolo - MBA,26,Pig,S,HU,Humerus,NA,NA,NA,62.3,NA,NA,NA,NA,NA,NA,NA,NA,NA,NA,NA,NA,NA,NA,NA,NA,NA,NA,NA,NA,Pig
4125,South,Bronze Age,BA.M,BM-R,BA.Middle,NA,Poviglio,Villaggio piccolo - MBA,26,Pig,S,HU,Humerus,NA,NA,NA,NA,NA,NA,NA,NA,38.2,NA,NA,NA,NA,NA,NA,NA,NA,NA,NA,NA,NA,NA,NA,NA,Pig
4126,South,Bronze Age,BA.M,BM-R,BA.Middle,NA,Poviglio,Villaggio piccolo - MBA,26,Pig,S,HU,Humerus,NA,NA,NA,NA,NA,NA,NA,NA,39.7,NA,NA,NA,NA,NA,NA,NA,NA,NA,NA,NA,NA,NA,NA,NA,Pig
4127,South,Bronze Age,BA.M,BM-R,BA.Middle,NA,Poviglio,Villaggio piccolo - MBA,26,Pig,S,HU,Humerus,NA,NA,NA,NA,NA,NA,NA,NA,39.6,NA,NA,NA,NA,NA,NA,NA,NA,NA,NA,NA,NA,NA,NA,NA,Pig
4128,South,Bronze Age,BA.M,BM-R,BA.Middle,NA,Poviglio,Villaggio piccolo - MBA,26,Pig,S,HU,Humerus,NA,NA,NA,NA,NA,NA,NA,NA,35.6,NA,NA,NA,NA,NA,NA,NA,NA,NA,NA,NA,NA,NA,NA,NA,Pig
4129,South,Bronze Age,BA.M,BM-R,BA.Middle,NA,Poviglio,Villaggio piccolo - MBA,26,Pig,S,HU,Humerus,NA,NA,NA,NA,NA,NA,NA,NA,37.4,NA,NA,NA,NA,NA,NA,NA,NA,NA,NA,NA,NA,NA,NA,NA,Pig
4130,South,Bronze Age,BA.M,BM-R,BA.Middle,NA,Poviglio,Villaggio piccolo - MBA,26,Pig,S,HU,Humerus,NA,NA,NA,NA,NA,NA,NA,NA,36.5,NA,NA,NA,NA,NA,NA,NA,NA,NA,NA,NA,NA,NA,NA,NA,Pig
4131,South,Bronze Age,BA.M,BM-R,BA.Middle,NA,Poviglio,Villaggio piccolo - MBA,26,Pig,S,HU,Humerus,NA,NA,NA,NA,NA,NA,NA,NA,36.5,NA,NA,NA,NA,NA,NA,NA,NA,NA,NA,NA,NA,NA,NA,NA,Pig
4132,South,Bronze Age,BA.M,BM-R,BA.Middle,NA,Poviglio,Villaggio piccolo - MBA,26,Pig,S,HU,Humerus,NA,NA,NA,NA,NA,NA,NA,NA,39.3,NA,NA,NA,NA,NA,NA,NA,NA,NA,NA,NA,NA,NA,NA,NA,Pig
4133,South,Bronze Age,BA.M,BM-R,BA.Middle,NA,Poviglio,Villaggio piccolo - MBA,26,Pig,S,HU,Humerus,NA,NA,NA,NA,NA,NA,NA,NA,34.1,NA,NA,NA,NA,NA,NA,NA,NA,NA,NA,NA,NA,NA,NA,NA,Pig
4204,Veneto,Bronze Age,BA.M,BM-R,BA.Middle,NA,Vallette,NA,145,Pig,S,HU,Humerus,NA,NA,NA,NA,NA,NA,NA,NA,35,NA,NA,NA,NA,NA,NA,NA,NA,NA,NA,NA,NA,NA,NA,1,Pig
4205,Veneto,Bronze Age,BA.M,BM-R,BA.Middle,NA,Vallette,NA,145,Pig,S,HU,Humerus,NA,NA,NA,NA,NA,13.4,NA,NA,36,NA,28.3,NA,NA,NA,NA,NA,NA,NA,NA,NA,NA,NA,NA,1,Pig
4284,Veneto,Bronze Age,BA.M,BM-R,BA.Middle,NA,Tombola,NA,146,Pig,S,HU,Humerus,NA,NA,NA,NA,NA,17,NA,NA,NA,NA,NA,NA,NA,NA,NA,NA,NA,NA,NA,NA,NA,NA,NA,1,Pig
4285,Veneto,Bronze Age,BA.M,BM-R,BA.Middle,NA,Tombola,NA,146,Pig,S,HU,Humerus,NA,NA,NA,NA,NA,15,NA,NA,NA,NA,NA,NA,NA,NA,NA,NA,NA,NA,NA,NA,NA,NA,NA,1,Pig
4286,Veneto,Bronze Age,BA.M,BM-R,BA.Middle,NA,Tombola,NA,146,Pig,S,HU,Humerus,NA,NA,NA,NA,NA,16,NA,NA,NA,NA,NA,NA,NA,NA,NA,NA,NA,NA,NA,NA,NA,NA,NA,1,Pig
4287,Veneto,Bronze Age,BA.M,BM-R,BA.Middle,NA,Tombola,NA,146,Pig,S,HU,Humerus,NA,NA,NA,NA,NA,13,NA,NA,NA,NA,NA,NA,NA,NA,NA,NA,NA,NA,NA,NA,NA,NA,NA,1,Pig
4288,Veneto,Bronze Age,BA.M,BM-R,BA.Middle,NA,Tombola,NA,146,Pig,S,HU,Humerus,NA,NA,NA,NA,NA,13,NA,NA,NA,NA,NA,NA,NA,NA,NA,NA,NA,NA,NA,NA,NA,NA,NA,1,Pig
4289,Veneto,Bronze Age,BA.M,BM-R,BA.Middle,NA,Tombola,NA,146,Pig,S,HU,Humerus,NA,NA,NA,NA,NA,NA,NA,NA,39,NA,30,NA,NA,NA,NA,NA,NA,NA,NA,NA,NA,NA,NA,1,Pig
4290,Veneto,Bronze Age,BA.M,BM-R,BA.Middle,NA,Tombola,NA,146,Pig,S,HU,Humerus,NA,NA,NA,NA,NA,15,NA,NA,NA,NA,NA,NA,NA,NA,NA,NA,NA,NA,NA,NA,NA,NA,NA,1,Pig
4291,Veneto,Bronze Age,BA.M,BM-R,BA.Middle,NA,Tombola,NA,146,Pig,S,HU,Humerus,NA,NA,NA,NA,NA,14,NA,NA,NA,NA,NA,NA,NA,NA,NA,NA,NA,NA,NA,NA,NA,NA,NA,1,Pig
4292,Veneto,Bronze Age,BA.M,BM-R,BA.Middle,NA,Tombola,NA,146,Pig,S,HU,Humerus,NA,NA,NA,NA,NA,NA,NA,NA,31,NA,24,NA,NA,NA,NA,NA,NA,NA,NA,NA,NA,NA,NA,1,Pig
4293,Veneto,Bronze Age,BA.M,BM-R,BA.Middle,NA,Tombola,NA,146,Pig,S,HU,Humerus,NA,NA,NA,NA,NA,14,NA,NA,NA,NA,NA,NA,NA,NA,NA,NA,NA,NA,NA,NA,NA,NA,NA,1,Pig
4294,Veneto,Bronze Age,BA.M,BM-R,BA.Middle,NA,Tombola,NA,146,Pig,S,HU,Humerus,NA,NA,NA,NA,NA,14,NA,NA,35,NA,28,NA,NA,NA,NA,NA,NA,NA,NA,NA,NA,NA,NA,1,Pig
4295,Veneto,Bronze Age,BA.M,BM-R,BA.Middle,NA,Tombola,NA,146,Pig,S,HU,Humerus,NA,NA,NA,NA,NA,15,NA,NA,36,NA,29,NA,NA,NA,NA,NA,NA,NA,NA,NA,NA,NA,NA,1,Pig
4297,Veneto,Bronze Age,BA.M,BM-R,BA.Middle,NA,Tombola,NA,146,Pig,S,HU,Humerus,NA,NA,NA,NA,NA,15,NA,NA,35,NA,28,NA,NA,NA,NA,NA,NA,NA,NA,NA,NA,NA,NA,1,Pig
4298,Veneto,Bronze Age,BA.M,BM-R,BA.Middle,NA,Tombola,NA,146,Pig,S,HU,Humerus,NA,NA,NA,NA,NA,14,NA,NA,NA,NA,NA,NA,NA,NA,NA,NA,NA,NA,NA,NA,NA,NA,NA,1,Pig
4299,Veneto,Bronze Age,BA.M,BM-R,BA.Middle,NA,Tombola,NA,146,Pig,S,HU,Humerus,NA,NA,NA,NA,NA,14,NA,NA,NA,NA,NA,NA,NA,NA,NA,NA,NA,NA,NA,NA,NA,NA,NA,1,Pig
4300,Veneto,Bronze Age,BA.M,BM-R,BA.Middle,NA,Tombola,NA,146,Pig,S,HU,Humerus,NA,NA,NA,NA,NA,12,NA,NA,NA,NA,NA,NA,NA,NA,NA,NA,NA,NA,NA,NA,NA,NA,NA,1,Pig
4301,Veneto,Bronze Age,BA.M,BM-R,BA.Middle,NA,Tombola,NA,146,Pig,S,HU,Humerus,NA,NA,NA,NA,NA,17,NA,NA,NA,NA,NA,NA,NA,NA,NA,NA,NA,NA,NA,NA,NA,NA,NA,1,Pig
4302,Veneto,Bronze Age,BA.M,BM-R,BA.Middle,NA,Tombola,NA,146,Pig,S,HU,Humerus,NA,NA,NA,NA,NA,15,NA,NA,NA,NA,NA,NA,NA,NA,NA,NA,NA,NA,NA,NA,NA,NA,NA,1,Pig
4453,North,Bronze Age,BA.R,BM-R,BA.Late,NA,Bovolone,Bertoloni et al. 2015,125,Pig,S,HU,Humerus,NA,NA,NA,NA,NA,16,NA,NA,39,NA,33,NA,NA,NA,NA,NA,NA,NA,NA,NA,NA,NA,NA,1,Pig
4454,North,Bronze Age,BA.R,BM-R,BA.Late,NA,Bovolone,Bertoloni et al. 2015,125,Pig,S,HU,Humerus,NA,NA,NA,NA,NA,14,NA,NA,NA,NA,NA,NA,NA,NA,NA,NA,NA,NA,NA,NA,NA,NA,NA,1,Pig
4455,North,Bronze Age,BA.R,BM-R,BA.Late,NA,Bovolone,Bertoloni et al. 2015,125,Pig,S,HU,Humerus,NA,NA,NA,NA,NA,NA,NA,NA,37,NA,NA,NA,NA,NA,NA,NA,NA,NA,NA,NA,NA,NA,NA,1,Pig
4456,North,Bronze Age,BA.R,BM-R,BA.Late,NA,Bovolone,Bertoloni et al. 2015,125,Pig,S,HU,Humerus,NA,NA,NA,NA,NA,14.5,NA,NA,NA,NA,NA,NA,NA,NA,NA,NA,NA,NA,NA,NA,NA,NA,NA,1,Pig
4457,North,Bronze Age,BA.R,BM-R,BA.Late,NA,Bovolone,Bertoloni et al. 2015,125,Pig,S,HU,Humerus,NA,NA,NA,NA,NA,NA,NA,NA,34,NA,29.8,NA,NA,NA,NA,NA,NA,NA,NA,NA,NA,NA,NA,1,Pig
4458,North,Bronze Age,BA.R,BM-R,BA.Late,NA,Bovolone,Bertoloni et al. 2015,125,Pig,S,HU,Humerus,NA,NA,NA,NA,NA,15.4,NA,NA,NA,NA,NA,NA,NA,NA,NA,NA,NA,NA,NA,NA,NA,NA,NA,1,Pig
4459,North,Bronze Age,BA.R,BM-R,BA.Late,NA,Bovolone,Bertoloni et al. 2015,125,Pig,S,HU,Humerus,NA,NA,NA,NA,NA,NA,NA,NA,NA,NA,31,NA,NA,NA,NA,NA,NA,NA,NA,NA,NA,NA,NA,1,Pig
4460,North,Bronze Age,BA.R,BM-R,BA.Late,NA,Bovolone,Bertoloni et al. 2015,125,Pig,S,HU,Humerus,NA,NA,NA,NA,NA,16,NA,NA,39,NA,33,NA,NA,NA,NA,NA,NA,NA,NA,NA,NA,NA,NA,1,Pig
4461,North,Bronze Age,BA.R,BM-R,BA.Late,NA,Bovolone,Bertoloni et al. 2015,125,Pig,S,HU,Humerus,NA,NA,NA,NA,NA,14,NA,NA,NA,NA,NA,NA,NA,NA,NA,NA,NA,NA,NA,NA,NA,NA,NA,1,Pig
4462,North,Bronze Age,BA.R,BM-R,BA.Late,NA,Bovolone,Bertoloni et al. 2015,125,Pig,S,HU,Humerus,NA,NA,NA,NA,NA,NA,NA,NA,35,NA,28.3,NA,NA,NA,NA,NA,NA,NA,NA,NA,NA,NA,NA,1,Pig
4463,North,Bronze Age,BA.R,BM-R,BA.Late,NA,Bovolone,Bertoloni et al. 2015,125,Pig,S,HU,Humerus,NA,NA,NA,NA,NA,NA,NA,NA,35,NA,31,NA,NA,NA,NA,NA,NA,NA,NA,NA,NA,NA,NA,1,Pig
4464,North,Bronze Age,BA.R,BM-R,BA.Late,NA,Bovolone,Bertoloni et al. 2015,125,Pig,S,HU,Humerus,NA,NA,NA,NA,NA,16,NA,NA,NA,NA,NA,NA,NA,NA,NA,NA,NA,NA,NA,NA,NA,NA,NA,1,Pig
4465,North,Bronze Age,BA.R,BM-R,BA.Late,NA,Bovolone,Bertoloni et al. 2015,125,Pig,S,HU,Humerus,NA,NA,NA,NA,NA,NA,NA,NA,35,NA,28.3,NA,NA,NA,NA,NA,NA,NA,NA,NA,NA,NA,NA,1,Pig
4466,North,Bronze Age,BA.R,BM-R,BA.Late,NA,Bovolone,Bertoloni et al. 2015,125,Pig,S,HU,Humerus,NA,NA,NA,NA,NA,NA,NA,NA,35,NA,31,NA,NA,NA,NA,NA,NA,NA,NA,NA,NA,NA,NA,1,Pig
4467,North,Bronze Age,BA.R,BM-R,BA.Late,NA,Bovolone,Bertoloni et al. 2015,125,Pig,S,HU,Humerus,NA,NA,NA,NA,NA,16,NA,NA,NA,NA,NA,NA,NA,NA,NA,NA,NA,NA,NA,NA,NA,NA,NA,1,Pig
4640,South,Iron Age,IA2,IA2,IA.Late,ExNISP,Forcello,Trentacoste PhD,84,Pig,S,HU,Humerus,NA,NA,NA,NA,NA,NA,NA,NA,NA,NA,29.3,NA,19.3,NA,NA,NA,NA,NA,NA,NA,NA,NA,NA,NA,Pig
4648,South,Iron Age,IA2,IA2,IA.Late,ExNISP,Forcello,Trentacoste PhD,84,Pig,S,HU,Humerus,NA,NA,NA,NA,NA,NA,NA,NA,NA,NA,29.1,NA,18.7,NA,NA,NA,NA,NA,NA,NA,NA,NA,NA,NA,Pig
4652,South,Iron Age,IA2,IA2,IA.Late,ExNISP,Forcello,Trentacoste PhD,84,Pig,S,HU,Humerus,NA,NA,NA,NA,NA,NA,NA,NA,NA,NA,31.5,NA,20.5,NA,NA,NA,NA,NA,NA,NA,NA,NA,NA,NA,Pig
4654,South,Iron Age,IA2,IA2,IA.Late,ExNISP,Forcello,Trentacoste PhD,84,Pig,S,HU,Humerus,NA,NA,NA,NA,NA,NA,NA,NA,NA,NA,26.6,NA,18.5,NA,NA,NA,NA,NA,NA,NA,NA,NA,NA,NA,Pig
4658,South,Iron Age,IA2,IA2,IA.Late,ExNISP,Forcello,Trentacoste PhD,84,Pig,S,HU,Humerus,NA,NA,NA,NA,NA,NA,NA,NA,NA,NA,27.2,NA,18.7,NA,NA,NA,NA,NA,NA,NA,NA,NA,NA,NA,Pig
4684,South,Iron Age,IA2,IA2,IA.Late,ExNISP,Forcello,Trentacoste PhD,84,Pig,S,HU,Humerus,NA,NA,NA,NA,NA,NA,NA,NA,NA,NA,29.5,NA,19.8,NA,NA,NA,NA,NA,NA,NA,NA,NA,NA,NA,Pig
4686,South,Iron Age,IA2,IA2,IA.Late,ExNISP,Forcello,Trentacoste PhD,84,Pig,S,HU,Humerus,NA,NA,NA,NA,NA,NA,NA,NA,NA,NA,28.4,NA,18.1,NA,NA,NA,NA,NA,NA,NA,NA,NA,NA,NA,Pig
4698,South,Iron Age,IA2,IA2,IA.Late,ExNISP,Forcello,Trentacoste PhD,84,Pig,S,HU,Humerus,NA,NA,NA,NA,NA,NA,NA,NA,NA,NA,28.5,NA,18.8,NA,NA,NA,NA,NA,NA,NA,NA,NA,NA,NA,Pig
4716,South,Iron Age,IA2,IA2,IA.Late,ExNISP,Forcello,Trentacoste PhD,84,Pig,S,HU,Humerus,NA,NA,NA,NA,NA,NA,NA,NA,NA,NA,29,NA,18.7,NA,NA,NA,NA,NA,NA,NA,NA,NA,NA,NA,Pig
4718,South,Iron Age,IA2,IA2,IA.Late,ExNISP,Forcello,Trentacoste PhD,84,Pig,S,HU,Humerus,NA,NA,NA,NA,NA,NA,NA,NA,NA,NA,28.4,NA,18.5,NA,NA,NA,NA,NA,NA,NA,NA,NA,NA,NA,Pig
4723,South,Iron Age,IA2,IA2,IA.Late,ExNISP,Forcello,Trentacoste PhD,84,Pig,S,HU,Humerus,NA,NA,NA,NA,NA,NA,NA,NA,NA,NA,28.5,NA,19.5,NA,NA,NA,NA,NA,NA,NA,NA,NA,NA,NA,Pig
4726,South,Iron Age,IA2,IA2,IA.Late,ExNISP,Forcello,Trentacoste PhD,84,Pig,S,HU,Humerus,NA,NA,NA,NA,NA,NA,NA,NA,NA,NA,30,NA,18,NA,NA,NA,NA,NA,NA,NA,NA,NA,NA,NA,Pig
4728,South,Iron Age,IA2,IA2,IA.Late,ExNISP,Forcello,Trentacoste PhD,84,Pig,S,HU,Humerus,NA,NA,NA,NA,NA,NA,NA,NA,NA,NA,27.9,NA,18,NA,NA,NA,NA,NA,NA,NA,NA,NA,NA,NA,Pig
4750,South,Iron Age,IA2,IA2,IA.Late,ExNISP,Forcello,Trentacoste PhD,84,Pig,S,HU,Humerus,NA,NA,NA,NA,NA,NA,NA,NA,NA,NA,27.4,NA,18.1,NA,NA,NA,NA,NA,NA,NA,NA,NA,NA,NA,Pig
4754,South,Iron Age,IA2,IA2,IA.Late,ExNISP,Forcello,Trentacoste PhD,84,Pig,S,HU,Humerus,NA,NA,NA,NA,NA,NA,NA,NA,NA,NA,28,NA,18.8,NA,NA,NA,NA,NA,NA,NA,NA,NA,NA,NA,Pig
4755,South,Iron Age,IA2,IA2,IA.Late,ExNISP,Forcello,Trentacoste PhD,84,Pig,S,HU,Humerus,NA,NA,NA,NA,NA,NA,NA,NA,NA,NA,31.9,NA,20.5,NA,NA,NA,NA,NA,NA,NA,NA,NA,NA,NA,Pig
4767,South,Iron Age,IA2,IA2,IA.Late,ExNISP,Forcello,Trentacoste PhD,84,Pig,S,HU,Humerus,NA,NA,NA,NA,NA,18.4,NA,NA,NA,NA,NA,NA,NA,NA,NA,NA,NA,NA,NA,NA,NA,NA,NA,NA,Pig
4777,South,Iron Age,IA2,IA2,IA.Late,ExNISP,Forcello,Trentacoste PhD,84,Pig,S,HU,Humerus,NA,NA,NA,NA,NA,NA,NA,NA,NA,NA,26,NA,17.3,NA,NA,NA,NA,NA,NA,NA,NA,NA,NA,NA,Pig
4784,South,Iron Age,IA2,IA2,IA.Late,ExNISP,Forcello,Trentacoste PhD,84,Pig,S,HU,Humerus,NA,NA,NA,NA,NA,NA,NA,NA,NA,NA,26.7,NA,17.6,NA,NA,NA,NA,NA,NA,NA,NA,NA,NA,NA,Pig
4799,South,Iron Age,IA2,IA2,IA.Late,ExNISP,Forcello,Trentacoste PhD,84,Pig,S,HU,Humerus,NA,NA,NA,NA,NA,NA,NA,NA,NA,NA,25.6,NA,17.1,NA,NA,NA,NA,NA,NA,NA,NA,NA,NA,NA,Pig
4809,South,Iron Age,IA2,IA2,IA.Late,ExNISP,Forcello,Trentacoste PhD,84,Pig,S,HU,Humerus,NA,NA,NA,NA,NA,NA,NA,NA,NA,NA,28.2,NA,19.5,NA,NA,NA,NA,NA,NA,NA,NA,NA,NA,NA,Pig
4830,South,Iron Age,IA2,IA2,IA.Late,ExNISP,Forcello,Trentacoste PhD,84,Pig,S,HU,Humerus,NA,NA,NA,NA,NA,NA,NA,NA,NA,NA,28.8,NA,18.1,NA,NA,NA,NA,NA,NA,NA,NA,NA,NA,NA,Pig
4833,South,Iron Age,IA2,IA2,IA.Late,ExNISP,Forcello,Trentacoste PhD,84,Pig,S,HU,Humerus,NA,NA,NA,NA,NA,NA,NA,NA,NA,NA,28.6,NA,20,NA,NA,NA,NA,NA,NA,NA,NA,NA,NA,NA,Pig
4834,South,Iron Age,IA2,IA2,IA.Late,ExNISP,Forcello,Trentacoste PhD,84,Pig,S,HU,Humerus,NA,NA,NA,NA,NA,NA,NA,NA,NA,NA,28.3,NA,18.7,NA,NA,NA,NA,NA,NA,NA,NA,NA,NA,NA,Pig
4839,South,Iron Age,IA2,IA2,IA.Late,ExNISP,Forcello,Trentacoste PhD,84,Pig,S,HU,Humerus,NA,NA,NA,NA,NA,NA,NA,NA,NA,NA,27.5,NA,NA,NA,NA,NA,NA,NA,NA,NA,NA,NA,NA,NA,Pig
4840,South,Iron Age,IA2,IA2,IA.Late,ExNISP,Forcello,Trentacoste PhD,84,Pig,S,HU,Humerus,NA,NA,NA,NA,NA,NA,NA,NA,NA,NA,27.7,NA,19.1,NA,NA,NA,NA,NA,NA,NA,NA,NA,NA,NA,Pig
4851,South,Iron Age,IA2,IA2,IA.Late,ExNISP,Forcello,Trentacoste PhD,84,Pig,S,HU,Humerus,NA,NA,NA,NA,NA,NA,NA,NA,NA,NA,27.3,NA,19.3,NA,NA,NA,NA,NA,NA,NA,NA,NA,NA,NA,Pig
4856,South,Iron Age,IA2,IA2,IA.Late,ExNISP,Forcello,Trentacoste PhD,84,Pig,S,HU,Humerus,NA,NA,NA,NA,NA,NA,NA,NA,NA,NA,27.3,NA,18,NA,NA,NA,NA,NA,NA,NA,NA,NA,NA,NA,Pig
4878,South,Iron Age,IA2,IA2,IA.Late,ExNISP,Forcello,Trentacoste PhD,84,Pig,S,HU,Humerus,NA,NA,NA,NA,NA,NA,NA,NA,NA,NA,29.1,NA,18.9,NA,NA,NA,NA,NA,NA,NA,NA,NA,NA,NA,Pig
4883,South,Iron Age,IA2,IA2,IA.Late,ExNISP,Forcello,Trentacoste PhD,84,Pig,S,HU,Humerus,NA,NA,NA,NA,NA,NA,NA,NA,NA,NA,33.3,NA,20.1,NA,NA,NA,NA,NA,NA,Large,NA,NA,NA,NA,Pig
4884,South,Iron Age,IA2,IA2,IA.Late,ExNISP,Forcello,Trentacoste PhD,84,Pig,S,HU,Humerus,NA,NA,NA,NA,NA,NA,NA,NA,NA,NA,27.4,NA,NA,NA,NA,NA,NA,NA,NA,NA,NA,NA,NA,NA,Pig
4910,South,Iron Age,IA2,IA2,IA.Late,ExNISP,Forcello,Trentacoste PhD,84,Pig,S,HU,Humerus,NA,NA,NA,NA,NA,NA,NA,NA,NA,NA,30.4,NA,18.2,NA,NA,NA,NA,NA,NA,NA,NA,NA,NA,NA,Pig
4935,South,Iron Age,IA2,IA2,IA.Late,ExNISP,Forcello,Trentacoste PhD,84,Pig,S,HU,Humerus,NA,NA,NA,NA,NA,NA,NA,NA,NA,NA,29.4,NA,18.7,NA,NA,NA,NA,NA,NA,NA,NA,NA,NA,NA,Pig
4936,South,Iron Age,IA2,IA2,IA.Late,ExNISP,Forcello,Trentacoste PhD,84,Pig,S,HU,Humerus,NA,NA,NA,NA,NA,NA,NA,NA,NA,NA,29.2,NA,18.1,NA,NA,NA,NA,NA,NA,NA,NA,NA,NA,NA,Pig
4941,South,Iron Age,IA2,IA2,IA.Late,ExNISP,Forcello,Trentacoste PhD,84,Pig,S,HU,Humerus,NA,NA,NA,NA,NA,NA,NA,NA,NA,NA,25.8,NA,17.2,NA,NA,NA,NA,NA,NA,NA,NA,NA,NA,NA,Pig
4976,South,Iron Age,IA2,IA2,IA.Late,ExNISP,Forcello,Trentacoste PhD,84,Pig,S,HU,Humerus,NA,NA,NA,NA,NA,NA,NA,NA,NA,NA,27.8,NA,NA,NA,NA,NA,NA,NA,NA,NA,NA,NA,NA,NA,Pig
4984,South,Iron Age,IA2,IA2,IA.Late,ExNISP,Forcello,Trentacoste PhD,84,Pig,S,HU,Humerus,NA,NA,NA,NA,NA,NA,NA,NA,NA,NA,28.7,NA,18.5,NA,NA,NA,NA,NA,NA,NA,NA,NA,NA,NA,Pig
5007,South,Iron Age,IA2,IA2,IA.Late,ExNISP,Forcello,Trentacoste PhD,84,Pig,S,HU,Humerus,NA,NA,NA,NA,NA,NA,NA,NA,NA,NA,29.7,NA,18.2,NA,NA,NA,NA,NA,NA,NA,NA,NA,NA,NA,Pig
5017,South,Iron Age,IA2,IA2,IA.Late,ExNISP,Forcello,Trentacoste PhD,84,Pig,S,HU,Humerus,NA,NA,NA,NA,NA,NA,NA,NA,NA,NA,30.1,NA,19.8,NA,NA,NA,NA,NA,NA,NA,NA,NA,NA,NA,Pig
5025,South,Iron Age,IA2,IA2,IA.Late,ExNISP,Forcello,Trentacoste PhD,84,Pig,S,HU,Humerus,NA,NA,NA,NA,NA,NA,NA,NA,NA,NA,26.7,NA,17,NA,NA,NA,NA,NA,NA,NA,NA,NA,NA,NA,Pig
5043,South,Iron Age,IA2,IA2,IA.Late,ExNISP,Forcello,Trentacoste PhD,84,Pig,S,HU,Humerus,NA,NA,NA,NA,NA,NA,NA,NA,NA,NA,29.7,NA,19.4,NA,NA,NA,NA,NA,NA,NA,NA,NA,NA,NA,Pig
5054,South,Iron Age,IA2,IA2,IA.Late,ExNISP,Forcello,Trentacoste PhD,84,Pig,S,HU,Humerus,NA,NA,NA,NA,NA,NA,NA,NA,NA,NA,25.1,NA,16.6,NA,NA,NA,NA,NA,NA,NA,NA,NA,NA,NA,Pig
5078,South,Iron Age,IA2,IA2,IA.Late,ExNISP,Forcello,Trentacoste PhD,84,Pig,S,HU,Humerus,NA,NA,NA,NA,NA,NA,NA,NA,NA,NA,26.4,NA,18.7,NA,NA,NA,NA,NA,NA,NA,NA,NA,NA,NA,Pig
5079,South,Iron Age,IA2,IA2,IA.Late,ExNISP,Forcello,Trentacoste PhD,84,Pig,S,HU,Humerus,NA,NA,NA,NA,NA,NA,NA,NA,NA,NA,30.8,NA,NA,NA,NA,NA,NA,NA,NA,NA,NA,NA,NA,NA,Pig
5129,South,Iron Age,IA2,IA2,IA.Late,ExNISP,Forcello,Trentacoste PhD,84,Pig,S,HU,Humerus,NA,NA,NA,NA,NA,NA,NA,NA,NA,NA,25.8,NA,16.4,NA,NA,NA,NA,NA,NA,NA,NA,NA,NA,NA,Pig
5133,South,Iron Age,IA2,IA2,IA.Late,ExNISP,Forcello,Trentacoste PhD,84,Pig,S,HU,Humerus,NA,NA,NA,NA,NA,NA,NA,NA,NA,NA,28,NA,18.7,NA,NA,NA,NA,NA,NA,NA,NA,NA,NA,NA,Pig
5139,South,Iron Age,IA2,IA2,IA.Late,ExNISP,Forcello,Trentacoste PhD,84,Pig,S,HU,Humerus,NA,NA,NA,NA,NA,NA,NA,NA,NA,NA,29.9,NA,20.4,NA,NA,NA,NA,NA,NA,NA,NA,NA,NA,NA,Pig
5140,South,Iron Age,IA2,IA2,IA.Late,ExNISP,Forcello,Trentacoste PhD,84,Pig,S,HU,Humerus,NA,NA,NA,NA,NA,NA,NA,NA,NA,NA,25.5,NA,16.2,NA,NA,NA,NA,NA,NA,NA,NA,NA,NA,NA,Pig
5143,South,Iron Age,IA2,IA2,IA.Late,ExNISP,Forcello,Trentacoste PhD,84,Pig,S,HU,Humerus,NA,NA,NA,NA,NA,NA,NA,NA,NA,NA,30.8,NA,19.4,NA,NA,NA,NA,NA,NA,NA,NA,NA,NA,NA,Pig
5160,South,Iron Age,IA2,IA2,IA.Late,ExNISP,Forcello,Trentacoste PhD,84,Pig,S,HU,Humerus,NA,NA,NA,NA,NA,NA,NA,NA,NA,NA,26.9,NA,18.4,NA,NA,NA,NA,NA,NA,NA,NA,NA,NA,NA,Pig
5163,South,Iron Age,IA2,IA2,IA.Late,ExNISP,Forcello,Trentacoste PhD,84,Pig,S,HU,Humerus,NA,NA,NA,NA,NA,NA,NA,NA,NA,NA,28.6,NA,18.8,NA,NA,NA,NA,NA,NA,NA,NA,NA,NA,NA,Pig
5182,South,Iron Age,IA2,IA2,IA.Late,ExNISP,Forcello,Trentacoste PhD,84,Pig,S,HU,Humerus,NA,NA,NA,NA,NA,NA,NA,NA,NA,NA,28.7,NA,17.2,NA,NA,NA,NA,NA,NA,NA,NA,NA,NA,NA,Pig
5198,South,Iron Age,IA2,IA2,IA.Late,ExNISP,Forcello,Trentacoste PhD,84,Pig,S,HU,Humerus,NA,NA,NA,NA,NA,NA,NA,NA,NA,NA,26.2,NA,17.6,NA,NA,NA,NA,NA,NA,NA,NA,NA,NA,NA,Pig
5222,South,Iron Age,IA2,IA2,IA.Late,ExNISP,Forcello,Trentacoste PhD,84,Pig,S,HU,Humerus,NA,NA,NA,NA,NA,NA,NA,NA,NA,NA,30.4,NA,19.5,NA,NA,NA,NA,NA,NA,NA,NA,NA,NA,NA,Pig
5240,South,Iron Age,IA2,IA2,IA.Late,ExNISP,Forcello,Trentacoste PhD,84,Pig,S,HU,Humerus,NA,NA,NA,NA,NA,NA,NA,NA,NA,NA,28.1,NA,NA,NA,NA,NA,NA,NA,NA,NA,NA,NA,NA,NA,Pig
5244,South,Iron Age,IA2,IA2,IA.Late,ExNISP,Forcello,Trentacoste PhD,84,Pig,S,HU,Humerus,NA,NA,NA,NA,NA,NA,NA,NA,NA,NA,30.1,NA,19.1,NA,NA,NA,NA,NA,NA,NA,NA,NA,NA,NA,Pig
5252,South,Iron Age,IA2,IA2,IA.Late,ExNISP,Forcello,Trentacoste PhD,84,Pig,S,HU,Humerus,NA,NA,NA,NA,NA,NA,NA,NA,NA,NA,27.2,NA,17.5,NA,NA,NA,NA,NA,NA,NA,NA,NA,NA,NA,Pig
5275,South,Iron Age,IA2,IA2,IA.Late,ExNISP,Forcello,Trentacoste PhD,84,Pig,S,HU,Humerus,NA,NA,NA,NA,NA,NA,NA,NA,NA,NA,29.5,NA,16.7,NA,NA,NA,NA,NA,NA,NA,NA,NA,NA,NA,Pig
5294,South,Iron Age,IA2,IA2,IA.Late,ExNISP,Forcello,Trentacoste PhD,84,Pig,S,HU,Humerus,NA,NA,NA,NA,NA,NA,NA,NA,NA,NA,30.1,NA,19.3,NA,NA,NA,NA,NA,NA,NA,NA,NA,NA,NA,Pig
5307,South,Iron Age,IA2,IA2,IA.Late,ExNISP,Forcello,Trentacoste PhD,84,Pig,S,HU,Humerus,NA,NA,NA,NA,NA,NA,NA,NA,NA,NA,30.8,NA,20.4,NA,NA,NA,NA,NA,NA,NA,NA,NA,NA,NA,Pig
5308,South,Iron Age,IA2,IA2,IA.Late,ExNISP,Forcello,Trentacoste PhD,84,Pig,S,HU,Humerus,NA,NA,NA,NA,NA,NA,NA,NA,NA,NA,27.3,NA,17.7,NA,NA,NA,NA,NA,NA,NA,NA,NA,NA,NA,Pig
5313,South,Iron Age,IA2,IA2,IA.Late,ExNISP,Forcello,Trentacoste PhD,84,Pig,S,HU,Humerus,NA,NA,NA,NA,NA,NA,NA,NA,NA,NA,25.3,NA,18.3,NA,NA,NA,NA,NA,NA,NA,NA,NA,NA,NA,Pig
5329,South,Iron Age,IA2,IA2,IA.Late,ExNISP,Forcello,Trentacoste PhD,84,Pig,S,HU,Humerus,NA,NA,NA,NA,NA,NA,NA,NA,NA,NA,28.6,NA,17.5,NA,NA,NA,NA,NA,NA,NA,NA,NA,NA,NA,Pig
5341,South,Iron Age,IA2,IA2,IA.Late,ExNISP,Forcello,Trentacoste PhD,84,Pig,S,HU,Humerus,NA,NA,NA,NA,NA,NA,NA,NA,NA,NA,28.2,NA,18.3,NA,NA,NA,NA,NA,NA,NA,NA,NA,NA,NA,Pig
5355,South,Iron Age,IA2,IA2,IA.Late,ExNISP,Forcello,Trentacoste PhD,84,Pig,S,HU,Humerus,NA,NA,NA,NA,NA,NA,NA,NA,NA,NA,25.3,NA,NA,NA,NA,NA,NA,NA,NA,oddly narrow condyle,NA,NA,NA,NA,Pig
5358,South,Iron Age,IA2,IA2,IA.Late,ExNISP,Forcello,Trentacoste PhD,84,Pig,S,HU,Humerus,NA,NA,NA,NA,NA,NA,NA,NA,NA,NA,28.3,NA,18.6,NA,NA,NA,NA,NA,NA,NA,NA,NA,NA,NA,Pig
5368,South,Iron Age,IA2,IA2,IA.Late,ExNISP,Forcello,Trentacoste PhD,84,Pig,S,HU,Humerus,NA,NA,NA,NA,NA,NA,NA,NA,NA,NA,26.6,NA,18.6,NA,NA,NA,NA,NA,NA,NA,NA,NA,NA,NA,Pig
5377,South,Iron Age,IA2,IA2,IA.Late,ExNISP,Forcello,Trentacoste PhD,84,Pig,S,HU,Humerus,NA,NA,NA,NA,NA,NA,NA,NA,NA,NA,28.1,NA,17.5,NA,NA,NA,NA,NA,NA,NA,NA,NA,NA,NA,Pig
5383,South,Iron Age,IA2,IA2,IA.Late,ExNISP,Forcello,Trentacoste PhD,84,Pig,S,HU,Humerus,NA,NA,NA,NA,NA,NA,NA,NA,NA,NA,26.4,NA,17.2,NA,NA,NA,NA,NA,NA,NA,NA,NA,NA,NA,Pig
5398,South,Iron Age,IA2,IA2,IA.Late,ExNISP,Forcello,Trentacoste PhD,84,Pig,S,HU,Humerus,NA,NA,NA,NA,NA,NA,NA,NA,NA,NA,27.9,NA,20.5,NA,NA,NA,NA,NA,NA,NA,NA,NA,NA,NA,Pig
5408,South,Iron Age,IA2,IA2,IA.Late,ExNISP,Forcello,Trentacoste PhD,84,Pig,S,HU,Humerus,NA,NA,NA,NA,NA,NA,NA,NA,NA,NA,29.5,NA,19.7,NA,NA,NA,NA,NA,NA,NA,NA,NA,NA,NA,Pig
5422,South,Iron Age,IA2,IA2,IA.Late,ExNISP,Forcello,Trentacoste PhD,84,Pig,S,HU,Humerus,NA,NA,NA,NA,NA,NA,NA,NA,NA,NA,25.2,NA,16,NA,NA,NA,NA,NA,NA,NA,NA,NA,NA,NA,Pig
5435,South,Iron Age,IA2,IA2,IA.Late,ExNISP,Forcello,Trentacoste PhD,84,Pig,S,HU,Humerus,NA,NA,NA,NA,NA,NA,NA,NA,NA,NA,28.2,NA,18,NA,NA,NA,NA,NA,NA,NA,NA,NA,NA,NA,Pig
5453,South,Iron Age,IA2,IA2,IA.Late,ExNISP,Forcello,Trentacoste PhD,84,Pig,S,HU,Humerus,NA,NA,NA,NA,NA,NA,NA,NA,NA,NA,31,NA,NA,NA,NA,NA,NA,NA,NA,NA,NA,NA,NA,NA,Pig
5489,South,Iron Age,IA2,IA2,IA.Late,ExNISP,Forcello,Trentacoste PhD,84,Pig,S,HU,Humerus,NA,NA,NA,NA,NA,NA,NA,NA,NA,NA,28.9,NA,17.9,NA,NA,NA,NA,NA,NA,NA,NA,NA,NA,NA,Pig
5493,South,Iron Age,IA2,IA2,IA.Late,ExNISP,Forcello,Trentacoste PhD,84,Pig,S,HU,Humerus,NA,NA,NA,NA,NA,NA,NA,NA,NA,NA,29.5,NA,18.3,NA,NA,NA,NA,NA,NA,NA,NA,NA,NA,NA,Pig
5516,South,Iron Age,IA2,IA2,IA.Late,ExNISP,Forcello,Trentacoste PhD,84,Pig,S,HU,Humerus,NA,NA,NA,NA,NA,NA,NA,NA,NA,NA,29.4,NA,18.8,NA,NA,NA,NA,NA,NA,NA,NA,NA,NA,NA,Pig
5521,South,Iron Age,IA2,IA2,IA.Late,ExNISP,Forcello,Trentacoste PhD,84,Pig,S,HU,Humerus,NA,NA,NA,NA,NA,NA,NA,NA,NA,NA,27.5,NA,17.2,NA,NA,NA,NA,NA,NA,NA,NA,NA,NA,NA,Pig
5535,South,Iron Age,IA2,IA2,IA.Late,ExNISP,Forcello,Trentacoste PhD,84,Pig,S,HU,Humerus,NA,NA,NA,NA,NA,NA,NA,NA,NA,NA,28.1,NA,18.1,NA,NA,NA,NA,NA,NA,NA,NA,NA,NA,NA,Pig
5538,South,Iron Age,IA2,IA2,IA.Late,ExNISP,Forcello,Trentacoste PhD,84,Pig,S,HU,Humerus,NA,NA,NA,NA,NA,NA,NA,NA,NA,NA,28.6,NA,17.9,NA,NA,NA,NA,NA,NA,NA,NA,NA,NA,NA,Pig
5539,South,Iron Age,IA2,IA2,IA.Late,ExNISP,Forcello,Trentacoste PhD,84,Pig,S,HU,Humerus,NA,NA,NA,NA,NA,NA,NA,NA,NA,NA,29.4,NA,17.8,NA,NA,NA,NA,NA,NA,NA,NA,NA,NA,NA,Pig
5570,South,Iron Age,IA2,IA2,IA.Late,ExNISP,Forcello,Trentacoste PhD,84,Pig,S,HU,Humerus,NA,NA,NA,NA,NA,NA,NA,NA,NA,NA,30.7,NA,19.7,NA,NA,NA,NA,NA,NA,NA,NA,NA,NA,NA,Pig
5571,South,Iron Age,IA2,IA2,IA.Late,ExNISP,Forcello,Trentacoste PhD,84,Pig,S,HU,Humerus,NA,NA,NA,NA,NA,NA,NA,NA,NA,NA,29.3,NA,18.5,NA,NA,NA,NA,NA,NA,NA,NA,NA,NA,NA,Pig
5575,South,Iron Age,IA2,IA2,IA.Late,ExNISP,Forcello,Trentacoste PhD,84,Pig,S,HU,Humerus,NA,NA,NA,NA,NA,NA,NA,NA,NA,NA,28.4,NA,18.2,NA,NA,NA,NA,NA,NA,NA,NA,NA,NA,NA,Pig
5597,South,Iron Age,IA2,IA2,IA.Late,ExNISP,Forcello,Trentacoste PhD,84,Pig,S,HU,Humerus,NA,NA,NA,NA,NA,NA,NA,NA,NA,NA,30.1,NA,19.3,NA,NA,NA,NA,NA,NA,NA,NA,NA,NA,NA,Pig
5608,South,Iron Age,IA2,IA2,IA.Late,ExNISP,Forcello,Trentacoste PhD,84,Pig,S,HU,Humerus,NA,NA,NA,NA,NA,NA,NA,NA,NA,NA,27.7,NA,18,NA,NA,NA,NA,NA,NA,NA,NA,NA,NA,NA,Pig
5635,South,Iron Age,IA2,IA2,IA.Late,ExNISP,Forcello,Trentacoste PhD,84,Pig,S,HU,Humerus,NA,NA,NA,NA,NA,NA,NA,NA,NA,NA,30.3,NA,18.1,NA,NA,NA,NA,NA,NA,NA,NA,NA,NA,NA,Pig
5637,South,Iron Age,IA2,IA2,IA.Late,ExNISP,Forcello,Trentacoste PhD,84,Pig,S,HU,Humerus,NA,NA,NA,NA,NA,NA,NA,NA,NA,NA,31.4,NA,NA,NA,NA,NA,NA,NA,NA,NA,NA,NA,NA,NA,Pig
5647,South,Iron Age,IA2,IA2,IA.Late,ExNISP,Forcello,Trentacoste PhD,84,Pig,S,HU,Humerus,NA,NA,NA,NA,NA,NA,NA,NA,NA,NA,26.6,NA,18,NA,NA,NA,NA,NA,NA,NA,NA,NA,NA,NA,Pig
5655,South,Iron Age,IA2,IA2,IA.Late,ExNISP,Forcello,Trentacoste PhD,84,Pig,S,HU,Humerus,NA,NA,NA,NA,NA,NA,NA,NA,NA,NA,27,NA,18.4,NA,NA,NA,NA,NA,NA,NA,NA,NA,NA,NA,Pig
5679,South,Iron Age,IA2,IA2,IA.Late,ExNISP,Forcello,Trentacoste PhD,84,Pig,S,HU,Humerus,NA,NA,NA,NA,NA,NA,NA,NA,NA,NA,34.6,NA,19.5,NA,NA,NA,NA,NA,NA,NA,NA,NA,NA,NA,Pig
5680,South,Iron Age,IA2,IA2,IA.Late,ExNISP,Forcello,Trentacoste PhD,84,Pig,S,HU,Humerus,NA,NA,NA,NA,NA,NA,NA,NA,NA,NA,33.6,NA,NA,NA,NA,NA,NA,NA,NA,NA,NA,NA,NA,NA,Pig
5683,South,Iron Age,IA2,IA2,IA.Late,ExNISP,Forcello,Trentacoste PhD,84,Pig,S,HU,Humerus,NA,NA,NA,NA,NA,NA,NA,NA,NA,NA,31.5,NA,18.6,NA,NA,NA,NA,NA,NA,NA,NA,NA,NA,NA,Pig
5684,South,Iron Age,IA2,IA2,IA.Late,ExNISP,Forcello,Trentacoste PhD,84,Pig,S,HU,Humerus,NA,NA,NA,NA,NA,NA,NA,NA,NA,NA,30.6,NA,19,NA,NA,NA,NA,NA,NA,NA,NA,NA,NA,NA,Pig
5685,South,Iron Age,IA2,IA2,IA.Late,ExNISP,Forcello,Trentacoste PhD,84,Pig,S,HU,Humerus,NA,NA,NA,NA,NA,NA,NA,NA,NA,NA,30.4,NA,19.4,NA,NA,NA,NA,NA,NA,NA,NA,NA,NA,NA,Pig
5695,South,Iron Age,IA2,IA2,IA.Late,ExNISP,Forcello,Trentacoste PhD,84,Pig,S,HU,Humerus,NA,NA,NA,NA,NA,NA,NA,NA,NA,NA,27.3,NA,17.9,NA,NA,NA,NA,NA,NA,NA,NA,NA,NA,NA,Pig
5696,South,Iron Age,IA2,IA2,IA.Late,ExNISP,Forcello,Trentacoste PhD,84,Pig,S,HU,Humerus,NA,NA,NA,NA,NA,NA,NA,NA,NA,NA,29.4,NA,NA,NA,NA,NA,NA,NA,NA,NA,NA,NA,NA,NA,Pig
5699,South,Iron Age,IA2,IA2,IA.Late,ExNISP,Forcello,Trentacoste PhD,84,Pig,S,HU,Humerus,NA,NA,NA,NA,NA,NA,NA,NA,NA,NA,28.8,NA,18.7,NA,NA,NA,NA,NA,NA,NA,NA,NA,NA,NA,Pig
5713,South,Iron Age,IA2,IA2,IA.Late,ExNISP,Forcello,Trentacoste PhD,84,Pig,S,HU,Humerus,NA,NA,NA,NA,NA,NA,NA,NA,NA,NA,29.1,NA,18.2,NA,NA,NA,NA,NA,NA,NA,NA,NA,NA,NA,Pig
5714,South,Iron Age,IA2,IA2,IA.Late,ExNISP,Forcello,Trentacoste PhD,84,Pig,S,HU,Humerus,NA,NA,NA,NA,NA,NA,NA,NA,NA,NA,26.7,NA,18.5,NA,NA,NA,NA,NA,NA,NA,NA,NA,NA,NA,Pig
5717,South,Iron Age,IA2,IA2,IA.Late,ExNISP,Forcello,Trentacoste PhD,84,Pig,S,HU,Humerus,NA,NA,NA,NA,NA,NA,NA,NA,NA,NA,29,NA,17.8,NA,NA,NA,NA,NA,NA,NA,NA,NA,NA,NA,Pig
5718,South,Iron Age,IA2,IA2,IA.Late,ExNISP,Forcello,Trentacoste PhD,84,Pig,S,HU,Humerus,NA,NA,NA,NA,NA,NA,NA,NA,NA,NA,28.2,NA,19.6,NA,NA,NA,NA,NA,NA,NA,NA,NA,NA,NA,Pig
5747,South,Iron Age,IA2,IA2,IA.Late,ExNISP,Forcello,Trentacoste PhD,84,Pig,S,HU,Humerus,NA,NA,NA,NA,NA,NA,NA,NA,NA,NA,27.3,NA,18.1,NA,NA,NA,NA,NA,NA,NA,NA,NA,NA,NA,Pig
5749,South,Iron Age,IA2,IA2,IA.Late,ExNISP,Forcello,Trentacoste PhD,84,Pig,S,HU,Humerus,NA,NA,NA,NA,NA,NA,NA,NA,NA,NA,32,NA,19.6,NA,NA,NA,NA,NA,NA,NA,NA,NA,NA,NA,Pig
5766,South,Iron Age,IA2,IA2,IA.Late,ExNISP,Forcello,Trentacoste PhD,84,Pig,S,HU,Humerus,NA,NA,NA,NA,NA,NA,NA,NA,NA,NA,29.7,NA,18.3,NA,NA,NA,NA,NA,NA,NA,NA,NA,NA,NA,Pig
5778,South,Iron Age,IA2,IA2,IA.Late,ExNISP,Forcello,Trentacoste PhD,84,Pig,S,HU,Humerus,NA,NA,NA,NA,NA,NA,NA,NA,NA,NA,30.4,NA,19.7,NA,NA,NA,NA,NA,NA,NA,NA,NA,NA,NA,Pig
5804,South,Iron Age,IA2,IA2,IA.Late,ExNISP,Forcello,Trentacoste PhD,84,Pig,S,HU,Humerus,NA,NA,NA,NA,NA,NA,NA,NA,NA,NA,28.6,NA,17.6,NA,NA,NA,NA,NA,NA,NA,NA,NA,NA,NA,Pig
5824,South,Iron Age,IA2,IA2,IA.Late,ExNISP,Forcello,Trentacoste PhD,84,Pig,S,HU,Humerus,NA,NA,NA,NA,NA,NA,NA,NA,NA,NA,28.9,NA,19.2,NA,NA,NA,NA,NA,NA,NA,NA,NA,NA,NA,Pig
5827,South,Iron Age,IA2,IA2,IA.Late,ExNISP,Forcello,Trentacoste PhD,84,Pig,S,HU,Humerus,NA,NA,NA,NA,NA,NA,NA,NA,NA,NA,28.7,NA,19.3,NA,NA,NA,NA,NA,NA,NA,NA,NA,NA,NA,Pig
5836,South,Iron Age,IA2,IA2,IA.Late,ExNISP,Forcello,Trentacoste PhD,84,Pig,S,HU,Humerus,NA,NA,NA,NA,NA,NA,NA,NA,NA,NA,28.3,NA,18.3,NA,NA,NA,NA,NA,NA,NA,NA,NA,NA,NA,Pig
5838,South,Iron Age,IA2,IA2,IA.Late,ExNISP,Forcello,Trentacoste PhD,84,Pig,S,HU,Humerus,NA,NA,NA,NA,NA,NA,NA,NA,NA,NA,28.4,NA,18.7,NA,NA,NA,NA,NA,NA,NA,NA,NA,NA,NA,Pig
5853,South,Iron Age,IA2,IA2,IA.Late,ExNISP,Forcello,Trentacoste PhD,84,Pig,S,HU,Humerus,NA,NA,NA,NA,NA,116.2,NA,NA,NA,NA,NA,NA,18,NA,NA,NA,NA,NA,NA,NA,NA,NA,NA,NA,Pig
5878,South,Iron Age,IA2,IA2,IA.Late,ExNISP,Forcello,Trentacoste PhD,84,Pig,S,HU,Humerus,NA,NA,NA,NA,NA,NA,NA,NA,NA,NA,39.6,NA,26.5,NA,NA,NA,NA,NA,NA,Large,NA,NA,NA,NA,Pig
5887,South,Iron Age,IA2,IA2,IA.Late,ExNISP,Forcello,Trentacoste PhD,84,Pig,S,HU,Humerus,NA,NA,NA,NA,NA,NA,NA,NA,NA,NA,26.7,NA,17.5,NA,NA,NA,NA,NA,NA,NA,NA,NA,NA,NA,Pig
5889,South,Iron Age,IA2,IA2,IA.Late,ExNISP,Forcello,Trentacoste PhD,84,Pig,S,HU,Humerus,NA,NA,NA,NA,NA,NA,NA,NA,NA,NA,26.9,NA,17.5,NA,NA,NA,NA,NA,NA,NA,NA,NA,NA,NA,Pig
5893,South,Iron Age,IA2,IA2,IA.Late,ExNISP,Forcello,Trentacoste PhD,84,Pig,S,HU,Humerus,NA,NA,NA,NA,NA,NA,NA,NA,NA,NA,27.4,NA,NA,NA,NA,NA,NA,NA,NA,NA,NA,NA,NA,NA,Pig
5898,South,Iron Age,IA2,IA2,IA.Late,ExNISP,Forcello,Trentacoste PhD,84,Pig,S,HU,Humerus,NA,NA,NA,NA,NA,NA,NA,NA,NA,NA,26.9,NA,17.9,NA,NA,NA,NA,NA,NA,NA,NA,NA,NA,NA,Pig
5907,South,Iron Age,IA2,IA2,IA.Late,ExNISP,Forcello,Trentacoste PhD,84,Pig,S,HU,Humerus,NA,NA,NA,NA,NA,NA,NA,NA,NA,NA,28.2,NA,17.6,NA,NA,NA,NA,NA,NA,NA,NA,NA,NA,NA,Pig
5915,South,Iron Age,IA2,IA2,IA.Late,ExNISP,Forcello,Trentacoste PhD,84,Pig,S,HU,Humerus,NA,NA,NA,NA,NA,NA,NA,NA,NA,NA,28.9,NA,18.7,NA,NA,NA,NA,NA,NA,NA,NA,NA,NA,NA,Pig
5923,South,Iron Age,IA2,IA2,IA.Late,ExNISP,Forcello,Trentacoste PhD,84,Pig,S,HU,Humerus,NA,NA,NA,NA,NA,NA,NA,NA,NA,NA,26.9,NA,17.7,NA,NA,NA,NA,NA,NA,NA,NA,NA,NA,NA,Pig
5951,South,Iron Age,IA2,IA2,IA.Late,ExNISP,Forcello,Trentacoste PhD,84,Pig,S,HU,Humerus,NA,NA,NA,NA,NA,NA,NA,NA,NA,NA,29,NA,19.9,NA,NA,NA,NA,NA,NA,NA,NA,NA,NA,NA,Pig
5962,South,Iron Age,IA2,IA2,IA.Late,ExNISP,Forcello,Trentacoste PhD,84,Pig,S,HU,Humerus,NA,NA,NA,NA,NA,NA,NA,NA,NA,NA,30,NA,19.3,NA,NA,NA,NA,NA,NA,NA,NA,NA,NA,NA,Pig
5964,South,Iron Age,IA2,IA2,IA.Late,ExNISP,Forcello,Trentacoste PhD,84,Pig,S,HU,Humerus,NA,NA,NA,NA,NA,NA,NA,NA,NA,NA,28.1,NA,17.7,NA,NA,NA,NA,NA,NA,NA,NA,NA,NA,NA,Pig
5971,South,Iron Age,IA2,IA2,IA.Late,ExNISP,Forcello,Trentacoste PhD,84,Pig,S,HU,Humerus,NA,NA,NA,NA,NA,NA,NA,NA,NA,NA,25.3,NA,17.3,NA,NA,NA,NA,NA,NA,NA,NA,NA,NA,NA,Pig
5972,South,Iron Age,IA2,IA2,IA.Late,ExNISP,Forcello,Trentacoste PhD,84,Pig,S,HU,Humerus,NA,NA,NA,NA,NA,NA,NA,NA,NA,NA,26.9,NA,NA,NA,NA,NA,NA,NA,NA,NA,NA,NA,NA,NA,Pig
5995,South,Iron Age,IA2,IA2,IA.Late,ExNISP,Forcello,Trentacoste PhD,84,Pig,S,HU,Humerus,NA,NA,NA,NA,NA,NA,NA,NA,NA,NA,28.1,NA,19.2,NA,NA,NA,NA,NA,NA,NA,NA,NA,NA,NA,Pig
5997,South,Iron Age,IA2,IA2,IA.Late,ExNISP,Forcello,Trentacoste PhD,84,Pig,S,HU,Humerus,NA,NA,NA,NA,NA,NA,NA,NA,NA,NA,27.4,NA,18.2,NA,NA,NA,NA,NA,NA,NA,NA,NA,NA,NA,Pig
6001,South,Iron Age,IA2,IA2,IA.Late,ExNISP,Forcello,Trentacoste PhD,84,Pig,S,HU,Humerus,NA,NA,NA,NA,NA,NA,NA,NA,NA,NA,36,NA,NA,NA,NA,NA,NA,NA,NA,Large,NA,NA,NA,NA,Pig
6010,South,Iron Age,IA2,IA2,IA.Late,ExNISP,Forcello,Trentacoste PhD,84,Pig,S,HU,Humerus,NA,NA,NA,NA,NA,NA,NA,NA,NA,NA,29.5,NA,18.6,NA,NA,NA,NA,NA,NA,NA,NA,NA,NA,NA,Pig
6011,South,Iron Age,IA2,IA2,IA.Late,ExNISP,Forcello,Trentacoste PhD,84,Pig,S,HU,Humerus,NA,NA,NA,NA,NA,NA,NA,NA,NA,NA,29.3,NA,19.3,NA,NA,NA,NA,NA,NA,NA,NA,NA,NA,NA,Pig
6017,South,Iron Age,IA2,IA2,IA.Late,ExNISP,Forcello,Trentacoste PhD,84,Pig,S,HU,Humerus,NA,NA,NA,NA,NA,NA,NA,NA,NA,NA,25.8,NA,17.5,NA,NA,NA,NA,NA,NA,NA,NA,NA,NA,NA,Pig
6022,South,Iron Age,IA2,IA2,IA.Late,ExNISP,Forcello,Trentacoste PhD,84,Pig,S,HU,Humerus,NA,NA,NA,NA,NA,NA,NA,NA,NA,NA,24.4,NA,15.9,NA,NA,NA,NA,NA,NA,NA,NA,NA,NA,NA,Pig
6024,South,Iron Age,IA2,IA2,IA.Late,ExNISP,Forcello,Trentacoste PhD,84,Pig,S,HU,Humerus,NA,NA,NA,NA,NA,NA,NA,NA,NA,NA,29.1,NA,18.1,NA,NA,NA,NA,NA,NA,NA,NA,NA,NA,NA,Pig
6053,South,Iron Age,IA2,IA2,IA.Late,ExNISP,Forcello,Trentacoste PhD,84,Pig,S,HU,Humerus,NA,NA,NA,NA,NA,NA,NA,NA,NA,NA,28.2,NA,17,NA,NA,NA,NA,NA,NA,NA,NA,NA,NA,NA,Pig
6096,South,Iron Age,IA2,IA2,IA.Late,ExNISP,Forcello,Trentacoste PhD,84,Pig,S,HU,Humerus,NA,NA,NA,NA,NA,NA,NA,NA,NA,NA,29.6,NA,19,NA,NA,NA,NA,NA,NA,NA,NA,NA,NA,NA,Pig
6110,South,Iron Age,IA2,IA2,IA.Late,ExNISP,Forcello,Trentacoste PhD,84,Pig,S,HU,Humerus,NA,NA,NA,NA,NA,NA,NA,NA,NA,NA,28.7,NA,18,NA,NA,NA,NA,NA,NA,NA,NA,NA,NA,NA,Pig
6119,South,Iron Age,IA2,IA2,IA.Late,ExNISP,Forcello,Trentacoste PhD,84,Pig,S,HU,Humerus,NA,NA,NA,NA,NA,NA,NA,NA,NA,NA,27.3,NA,19.1,NA,NA,NA,NA,NA,NA,NA,NA,NA,NA,NA,Pig
6131,South,Iron Age,IA2,IA2,IA.Late,ExNISP,Forcello,Trentacoste PhD,84,Pig,S,HU,Humerus,NA,NA,NA,NA,NA,NA,NA,NA,NA,NA,26.4,NA,17.1,NA,NA,NA,NA,NA,NA,NA,NA,NA,NA,NA,Pig
6133,South,Iron Age,IA2,IA2,IA.Late,ExNISP,Forcello,Trentacoste PhD,84,Pig,S,HU,Humerus,NA,NA,NA,NA,NA,NA,NA,NA,NA,NA,29.7,NA,19.7,NA,NA,NA,NA,NA,NA,NA,NA,NA,NA,NA,Pig
6135,South,Iron Age,IA2,IA2,IA.Late,ExNISP,Forcello,Trentacoste PhD,84,Pig,S,HU,Humerus,NA,NA,NA,NA,NA,NA,NA,NA,NA,NA,30.5,NA,20.1,NA,NA,NA,NA,NA,NA,NA,NA,NA,NA,NA,Pig
6142,South,Iron Age,IA2,IA2,IA.Late,ExNISP,Forcello,Trentacoste PhD,84,Pig,S,HU,Humerus,NA,NA,NA,NA,NA,NA,NA,NA,NA,NA,28.6,NA,19.1,NA,NA,NA,NA,NA,NA,NA,NA,NA,NA,NA,Pig
6143,South,Iron Age,IA2,IA2,IA.Late,ExNISP,Forcello,Trentacoste PhD,84,Pig,S,HU,Humerus,NA,NA,NA,NA,NA,NA,NA,NA,NA,NA,28,NA,18.9,NA,NA,NA,NA,NA,NA,NA,NA,NA,NA,NA,Pig
7884,North,Bronze Age,BA.M,BM-R,BA.Middle,NA,Nogarole Rocca,I Camponi,17,Pig,S,HU,Humerus,NA,NA,NA,NA,NA,NA,NA,NA,37.3,NA,NA,NA,NA,NA,NA,NA,NA,NA,NA,NA,NA,NA,NA,NA,Pig
7922,South,Iron Age,IA2,IA2,IA.Late,ExNISP,Forcello,Scarpa,1,Pig,S,HU,Humerus,NA,NA,NA,NA,NA,NA,NA,NA,35,NA,27,NA,NA,NA,NA,NA,NA,NA,NA,NA,NA,NA,NA,1,Pig
7923,South,Iron Age,IA2,IA2,IA.Late,ExNISP,Forcello,Scarpa,1,Pig,S,HU,Humerus,NA,NA,NA,NA,NA,NA,NA,NA,34,NA,28,NA,NA,NA,NA,NA,NA,NA,NA,NA,NA,NA,NA,1,Pig
7924,South,Iron Age,IA2,IA2,IA.Late,ExNISP,Forcello,Scarpa,1,Pig,S,HU,Humerus,NA,NA,NA,NA,NA,NA,NA,NA,38,NA,29,NA,NA,NA,NA,NA,NA,NA,NA,NA,NA,NA,NA,1,Pig
7925,South,Iron Age,IA2,IA2,IA.Late,ExNISP,Forcello,Scarpa,1,Pig,S,HU,Humerus,NA,NA,NA,NA,NA,NA,NA,NA,35,NA,30,NA,NA,NA,NA,NA,NA,NA,NA,NA,NA,NA,NA,1,Pig
7926,South,Iron Age,IA2,IA2,IA.Late,ExNISP,Forcello,Scarpa,1,Pig,S,HU,Humerus,NA,NA,NA,NA,NA,NA,NA,NA,34,NA,29,NA,NA,NA,NA,NA,NA,NA,NA,NA,NA,NA,NA,1,Pig
7927,South,Iron Age,IA2,IA2,IA.Late,ExNISP,Forcello,Scarpa,1,Pig,S,HU,Humerus,NA,NA,NA,NA,NA,NA,NA,NA,36,NA,30,NA,NA,NA,NA,NA,NA,NA,NA,NA,NA,NA,NA,1,Pig
7928,South,Iron Age,IA2,IA2,IA.Late,ExNISP,Forcello,Scarpa,1,Pig,S,HU,Humerus,NA,NA,NA,NA,NA,NA,NA,NA,35,NA,30,NA,NA,NA,NA,NA,NA,NA,NA,NA,NA,NA,NA,1,Pig
7929,South,Iron Age,IA2,IA2,IA.Late,ExNISP,Forcello,Scarpa,1,Pig,S,HU,Humerus,NA,NA,NA,NA,NA,NA,NA,NA,37,NA,30,NA,NA,NA,NA,NA,NA,NA,NA,NA,NA,NA,NA,1,Pig
7930,South,Iron Age,IA2,IA2,IA.Late,ExNISP,Forcello,Scarpa,1,Pig,S,HU,Humerus,NA,NA,NA,NA,NA,NA,NA,NA,36,NA,30,NA,NA,NA,NA,NA,NA,NA,NA,NA,NA,NA,NA,1,Pig
7931,South,Iron Age,IA2,IA2,IA.Late,ExNISP,Forcello,Scarpa,1,Pig,S,HU,Humerus,NA,NA,NA,NA,NA,NA,NA,NA,36,NA,31,NA,NA,NA,NA,NA,NA,NA,NA,NA,NA,NA,NA,1,Pig
7932,South,Iron Age,IA2,IA2,IA.Late,ExNISP,Forcello,Scarpa,1,Pig,S,HU,Humerus,NA,NA,NA,NA,NA,NA,NA,NA,36,NA,31,NA,NA,NA,NA,NA,NA,NA,NA,NA,NA,NA,NA,1,Pig
7933,South,Iron Age,IA2,IA2,IA.Late,ExNISP,Forcello,Scarpa,1,Pig,S,HU,Humerus,NA,NA,NA,NA,NA,NA,NA,NA,36,NA,31,NA,NA,NA,NA,NA,NA,NA,NA,NA,NA,NA,NA,1,Pig
7934,South,Iron Age,IA2,IA2,IA.Late,ExNISP,Forcello,Scarpa,1,Pig,S,HU,Humerus,NA,NA,NA,NA,NA,NA,NA,NA,35,NA,31,NA,NA,NA,NA,NA,NA,NA,NA,NA,NA,NA,NA,1,Pig
7935,South,Iron Age,IA2,IA2,IA.Late,ExNISP,Forcello,Scarpa,1,Pig,S,HU,Humerus,NA,NA,NA,NA,NA,NA,NA,NA,34,NA,32,NA,NA,NA,NA,NA,NA,NA,NA,NA,NA,NA,NA,1,Pig
7936,South,Iron Age,IA2,IA2,IA.Late,ExNISP,Forcello,Scarpa,1,Pig,S,HU,Humerus,NA,NA,NA,NA,NA,NA,NA,NA,38,NA,32,NA,NA,NA,NA,NA,NA,NA,NA,NA,NA,NA,NA,1,Pig
7937,South,Iron Age,IA2,IA2,IA.Late,ExNISP,Forcello,Scarpa,1,Pig,S,HU,Humerus,NA,NA,NA,NA,NA,NA,NA,NA,38,NA,33,NA,NA,NA,NA,NA,NA,NA,NA,NA,NA,NA,NA,1,Pig
7938,South,Iron Age,IA2,IA2,IA.Late,ExNISP,Forcello,Scarpa,1,Pig,S,HU,Humerus,NA,NA,NA,NA,NA,NA,NA,NA,37,NA,33,NA,NA,NA,NA,NA,NA,NA,NA,NA,NA,NA,NA,1,Pig
7939,South,Iron Age,IA2,IA2,IA.Late,ExNISP,Forcello,Scarpa,1,Pig,S,HU,Humerus,NA,NA,NA,NA,NA,NA,NA,NA,39,NA,33,NA,NA,NA,NA,NA,NA,NA,NA,NA,NA,NA,NA,1,Pig
7940,South,Iron Age,IA2,IA2,IA.Late,ExNISP,Forcello,Scarpa,1,Pig,S,HU,Humerus,NA,NA,NA,NA,NA,NA,NA,NA,38,NA,39,NA,NA,NA,NA,NA,NA,NA,NA,NA,NA,NA,NA,1,Pig
8550,Veneto,Bronze Age,BA.R,BM-R,BA.Late,NA,Larda II,NA,148,Pig,S,HU,Humerus,NA,NA,NA,NA,NA,15,NA,NA,NA,NA,NA,NA,NA,NA,NA,NA,NA,NA,NA,NA,NA,NA,NA,1,Pig
8551,Veneto,Bronze Age,BA.R,BM-R,BA.Late,NA,Larda II,NA,148,Pig,S,HU,Humerus,NA,NA,NA,NA,NA,13.4,NA,NA,NA,NA,NA,NA,NA,NA,NA,NA,NA,NA,NA,NA,NA,NA,NA,1,Pig
8552,Veneto,Bronze Age,BA.R,BM-R,BA.Late,NA,Larda II,NA,148,Pig,S,HU,Humerus,NA,NA,NA,NA,NA,15,NA,NA,NA,NA,NA,NA,NA,NA,NA,NA,NA,NA,NA,NA,NA,NA,NA,1,Pig
8553,Veneto,Bronze Age,BA.R,BM-R,BA.Late,NA,Larda II,NA,148,Pig,S,HU,Humerus,NA,NA,NA,NA,NA,15,NA,NA,NA,NA,NA,NA,NA,NA,NA,NA,NA,NA,NA,NA,NA,NA,NA,1,Pig
8554,Veneto,Bronze Age,BA.R,BM-R,BA.Late,NA,Larda II,NA,148,Pig,S,HU,Humerus,NA,NA,NA,NA,NA,14.4,NA,NA,35,NA,32,NA,NA,NA,NA,NA,NA,NA,NA,NA,NA,NA,NA,1,Pig
8555,Veneto,Bronze Age,BA.R,BM-R,BA.Late,NA,Larda II,NA,148,Pig,S,HU,Humerus,NA,NA,NA,NA,NA,14,NA,NA,NA,NA,NA,NA,NA,NA,NA,NA,NA,NA,NA,NA,NA,NA,NA,1,Pig
8556,Veneto,Bronze Age,BA.R,BM-R,BA.Late,NA,Larda II,NA,148,Pig,S,HU,Humerus,NA,NA,NA,NA,NA,11.5,NA,NA,NA,NA,NA,NA,NA,NA,NA,NA,NA,NA,NA,NA,NA,NA,NA,1,Pig
8557,Veneto,Bronze Age,BA.R,BM-R,BA.Late,NA,Larda II,NA,148,Pig,S,HU,Humerus,NA,NA,NA,NA,NA,19,NA,NA,NA,NA,NA,NA,NA,NA,NA,NA,NA,NA,NA,NA,NA,NA,NA,1,Pig
8558,Veneto,Bronze Age,BA.R,BM-R,BA.Late,NA,Larda II,NA,148,Pig,S,HU,Humerus,NA,NA,NA,NA,NA,14,NA,NA,NA,NA,NA,NA,NA,NA,NA,NA,NA,NA,NA,NA,NA,NA,NA,1,Pig
8559,Veneto,Bronze Age,BA.R,BM-R,BA.Late,NA,Larda II,NA,148,Pig,S,HU,Humerus,NA,NA,NA,31,NA,NA,NA,NA,NA,NA,NA,NA,NA,NA,NA,NA,NA,NA,NA,NA,NA,NA,NA,1,Pig
8641,Veneto,Bronze Age,BA.R,BM-R,BA.Late,NA,Campestrin,NA,149,Pig,S,HU,Humerus,NA,NA,NA,NA,NA,NA,NA,NA,39,NA,33,NA,18,NA,NA,NA,NA,NA,NA,NA,NA,NA,NA,1,Pig
8642,Veneto,Bronze Age,BA.R,BM-R,BA.Late,NA,Campestrin,NA,149,Pig,S,HU,Humerus,NA,NA,NA,NA,NA,NA,NA,NA,36,NA,30,NA,16.3,NA,NA,NA,NA,NA,NA,NA,NA,NA,NA,1,Pig
8643,Veneto,Bronze Age,BA.R,BM-R,BA.Late,NA,Campestrin,NA,149,Pig,S,HU,Humerus,NA,NA,NA,NA,NA,NA,NA,NA,33,NA,27.6,NA,15,NA,NA,NA,NA,NA,NA,NA,Small but appears in publication like this,NA,NA,1,Pig
8644,Veneto,Bronze Age,BA.R,BM-R,BA.Late,NA,Campestrin,NA,149,Pig,S,HU,Humerus,NA,NA,NA,NA,NA,14.3,NA,NA,NA,NA,NA,NA,NA,NA,NA,NA,NA,NA,NA,NA,NA,NA,NA,1,Pig
8645,Veneto,Bronze Age,BA.R,BM-R,BA.Late,NA,Campestrin,NA,149,Pig,S,HU,Humerus,NA,NA,NA,NA,NA,NA,NA,NA,31,NA,27.5,NA,NA,NA,NA,NA,NA,NA,NA,NA,NA,NA,NA,1,Pig
8715,Veneto,Bronze Age,BA.R,BM-R,BA.Late,NA,Amolara,NA,150,Pig,S,HU,Humerus,NA,NA,NA,NA,NA,NA,NA,NA,42,NA,NA,NA,NA,NA,NA,NA,NA,NA,NA,NA,NA,NA,NA,1,Pig
9180,Veneto,Bronze Age,BA.R,BM-R,BA.Late,NA,Terranegra,Depellegrin & Tecchiati - BR,61,Pig,S,HU,Humerus,NA,NA,NA,NA,NA,15.1,NA,NA,36.5,NA,NA,NA,NA,NA,NA,NA,NA,NA,NA,NA,NA,NA,NA,NA,Pig
9181,Veneto,Bronze Age,BA.R,BM-R,BA.Late,NA,Terranegra,Depellegrin & Tecchiati - BR,61,Pig,S,HU,Humerus,NA,NA,NA,NA,NA,NA,NA,NA,34.5,NA,NA,NA,NA,NA,NA,NA,NA,NA,NA,NA,NA,NA,NA,NA,Pig
9182,Veneto,Bronze Age,BA.R,BM-R,BA.Late,NA,Terranegra,Depellegrin & Tecchiati - BR,61,Pig,S,HU,Humerus,NA,NA,NA,NA,NA,NA,NA,NA,34.2,NA,NA,NA,NA,NA,NA,NA,NA,NA,NA,NA,NA,NA,NA,NA,Pig
9183,Veneto,Bronze Age,BA.R,BM-R,BA.Late,NA,Terranegra,Depellegrin & Tecchiati - BR,61,Pig,S,HU,Humerus,NA,NA,NA,NA,NA,NA,NA,NA,37.6,NA,NA,NA,NA,NA,NA,NA,NA,NA,NA,NA,NA,NA,NA,NA,Pig
9184,Veneto,Bronze Age,BA.R,BM-R,BA.Late,NA,Terranegra,Depellegrin & Tecchiati - BR,61,Pig,S,HU,Humerus,NA,NA,NA,NA,NA,15.2,NA,NA,35.3,NA,NA,NA,NA,NA,NA,NA,NA,NA,NA,NA,NA,NA,NA,NA,Pig
9185,Veneto,Iron Age,IA1-IA2,IA1,IA.Mid,NA,Terranegra,Depellegrin & Tecchiati - IA,156,Pig,S,HU,Humerus,NA,NA,NA,NA,NA,NA,NA,NA,40.7,NA,NA,NA,NA,NA,NA,NA,NA,NA,NA,NA,NA,NA,NA,NA,Pig
9186,Veneto,Iron Age,IA1-IA2,IA1,IA.Mid,NA,Terranegra,Depellegrin & Tecchiati - IA,156,Pig,S,HU,Humerus,NA,NA,NA,NA,NA,NA,NA,NA,36.3,NA,NA,NA,NA,NA,NA,NA,NA,NA,NA,NA,NA,NA,NA,NA,Pig
9187,Veneto,Iron Age,IA1-IA2,IA1,IA.Mid,NA,Terranegra,Depellegrin & Tecchiati - IA,156,Pig,S,HU,Humerus,NA,NA,NA,NA,NA,NA,NA,NA,35.4,NA,NA,NA,NA,NA,NA,NA,NA,NA,NA,NA,NA,NA,NA,NA,Pig
9188,Veneto,Iron Age,IA1-IA2,IA1,IA.Mid,NA,Terranegra,Depellegrin & Tecchiati - IA,156,Pig,S,HU,Humerus,NA,NA,NA,NA,NA,NA,NA,NA,37.3,NA,NA,NA,NA,NA,NA,NA,NA,NA,NA,NA,NA,NA,NA,NA,Pig
9189,Veneto,Iron Age,IA1-IA2,IA1,IA.Mid,NA,Terranegra,Depellegrin & Tecchiati - IA,156,Pig,S,HU,Humerus,NA,NA,NA,NA,NA,13.3,NA,NA,34.4,NA,NA,NA,NA,NA,NA,NA,NA,NA,NA,NA,NA,NA,NA,NA,Pig
9190,Veneto,Iron Age,IA1-IA2,IA1,IA.Mid,NA,Terranegra,Depellegrin & Tecchiati - IA,156,Pig,S,HU,Humerus,NA,NA,NA,NA,NA,13.7,NA,NA,35.7,NA,NA,NA,NA,NA,NA,NA,NA,NA,NA,NA,NA,NA,NA,NA,Pig
9294,Friuli,Bronze Age-Iron Age,BA.F-IA0,BRF-IA0,BA.L-EIA,NA,Gradisca,Final Bronze Age - Early Iron Age,168,Pig,S,HU,Humerus,NA,NA,NA,NA,NA,NA,NA,NA,35.6,NA,NA,NA,NA,NA,NA,NA,NA,NA,NA,NA,NA,NA,NA,NA,Pig
9346,Friuli,Iron Age,IA0,IA1,IA.Early,NA,Gradisca,Iron Age I,169,Pig,S,HU,Humerus,NA,NA,NA,NA,NA,NA,NA,NA,30,NA,NA,NA,NA,NA,NA,NA,NA,NA,NA,NA,NA,NA,NA,NA,Pig
9347,Friuli,Iron Age,IA0,IA1,IA.Early,NA,Gradisca,Iron Age I,169,Pig,S,HU,Humerus,NA,NA,NA,NA,NA,NA,NA,NA,33.5,NA,NA,NA,NA,NA,NA,NA,NA,NA,NA,NA,NA,NA,NA,NA,Pig
9348,Friuli,Iron Age,IA0,IA1,IA.Early,NA,Gradisca,Iron Age I,169,Pig,S,HU,Humerus,NA,NA,NA,NA,NA,NA,NA,NA,36.7,NA,NA,NA,NA,NA,NA,NA,NA,NA,NA,NA,NA,NA,NA,NA,Pig
9349,Friuli,Iron Age,IA0,IA1,IA.Early,NA,Gradisca,Iron Age I,169,Pig,S,HU,Humerus,NA,NA,NA,NA,NA,NA,NA,NA,37.2,NA,NA,NA,NA,NA,NA,NA,NA,NA,NA,NA,NA,NA,NA,NA,Pig
9350,Friuli,Iron Age,IA0,IA1,IA.Early,NA,Gradisca,Iron Age I,169,Pig,S,HU,Humerus,NA,NA,NA,NA,NA,NA,NA,NA,38.4,NA,NA,NA,NA,NA,NA,NA,NA,NA,NA,NA,NA,NA,NA,NA,Pig
9351,Friuli,Iron Age,IA0,IA1,IA.Early,NA,Gradisca,Iron Age I,169,Pig,S,HU,Humerus,NA,NA,NA,NA,NA,NA,NA,NA,38.9,NA,NA,NA,NA,NA,NA,NA,NA,NA,NA,NA,NA,NA,NA,NA,Pig
9352,Friuli,Iron Age,IA0,IA1,IA.Early,NA,Gradisca,Iron Age I,169,Pig,S,HU,Humerus,NA,NA,NA,NA,NA,NA,NA,NA,39,NA,NA,NA,NA,NA,NA,NA,NA,NA,NA,NA,NA,NA,NA,NA,Pig
9408,Friuli,Iron Age,IA2,IA2,IA.Late,NA,Gradisca,Iron Age II,170,Pig,S,HU,Humerus,NA,NA,NA,NA,NA,NA,NA,NA,38.3,NA,NA,NA,NA,NA,NA,NA,NA,NA,NA,NA,NA,NA,NA,NA,Pig
9714,South,Roman,Rom.Early,Early,Roman.Early,NA,Modena,Cassa di Risparmio,132,Pig,S,HU,Humerus,NA,NA,NA,NA,NA,NA,NA,NA,41,NA,NA,NA,NA,NA,NA,NA,NA,NA,NA,NA,NA,NA,NA,0.5,Pig
9715,South,Roman,Rom.Early,Early,Roman.Early,NA,Modena,Cassa di Risparmio,132,Pig,S,HU,Humerus,NA,NA,NA,NA,NA,NA,NA,NA,38,32,NA,NA,NA,NA,NA,NA,NA,NA,NA,NA,NA,NA,NA,0.5,Pig
9716,South,Roman,Rom.Early,Early,Roman.Early,NA,Modena,Cassa di Risparmio,132,Pig,S,HU,Humerus,NA,NA,NA,NA,NA,NA,NA,NA,37,NA,NA,NA,NA,NA,NA,NA,NA,NA,NA,NA,NA,NA,NA,0.5,Pig
9717,South,Roman,Rom.Early,Early,Roman.Early,NA,Modena,Cassa di Risparmio,132,Pig,S,HU,Humerus,NA,NA,NA,NA,NA,NA,NA,NA,36,35,NA,NA,NA,NA,NA,NA,NA,NA,NA,NA,NA,NA,NA,0.5,Pig
9718,South,Roman,Rom.Early,Early,Roman.Early,NA,Modena,Cassa di Risparmio,132,Pig,S,HU,Humerus,NA,NA,NA,NA,NA,NA,NA,NA,36,NA,NA,NA,NA,NA,NA,NA,NA,NA,NA,NA,NA,NA,NA,0.5,Pig
9719,South,Roman,Rom.Early,Early,Roman.Early,NA,Modena,Cassa di Risparmio,132,Pig,S,HU,Humerus,NA,NA,NA,NA,NA,NA,NA,NA,35,30,NA,NA,NA,NA,NA,NA,NA,NA,NA,NA,NA,NA,NA,0.5,Pig
9824,Friuli,Roman,Rom,Early,Roman.Early,Rit,Montereale Valcellina,*US 581/583/606 - Reppublican pits,200,Pig,S,HU,Humerus,NA,NA,NA,28.5,NA,NA,NA,NA,33.1,NA,NA,NA,NA,NA,NA,NA,NA,NA,NA,NA,Bp and Bd may be reversed,NA,NA,NA,Pig
9825,Friuli,Roman,Rom,Early,Roman.Early,Rit,Montereale Valcellina,*US 581/583/606 - Reppublican pits,200,Pig,S,HU,Humerus,NA,NA,NA,25,NA,NA,NA,NA,33.1,NA,NA,NA,NA,NA,NA,NA,NA,NA,NA,NA,Bp and Bd may be reversed,NA,NA,NA,Pig
10286,Friuli,Roman,Rom.Late,Late,Roman.Late,NA,Aquileia,area a est del foro - Riedel 1994,175,Pig,S,HU,Humerus,NA,NA,NA,NA,NA,NA,NA,NA,36.5,NA,NA,NA,NA,NA,NA,NA,NA,NA,NA,NA,NA,NA,NA,NA,Pig
10287,Friuli,Roman,Rom.Late,Late,Roman.Late,NA,Aquileia,area a est del foro - Riedel 1994,175,Pig,S,HU,Humerus,NA,NA,NA,NA,NA,NA,NA,NA,38.7,NA,NA,NA,NA,NA,NA,NA,NA,NA,NA,NA,NA,NA,NA,NA,Pig
10292,Friuli,Roman,Rom.Late,Late,Roman.Late,NA,Aquileia,area a est del foro - Riedel 1994,175,Pig,S,HU,Humerus,NA,NA,NA,NA,NA,NA,NA,NA,35.5,NA,NA,NA,NA,NA,NA,NA,NA,NA,NA,NA,NA,NA,NA,NA,Pig
10293,Friuli,Roman,Rom.Late,Late,Roman.Late,NA,Aquileia,area a est del foro - Riedel 1994,175,Pig,S,HU,Humerus,NA,NA,NA,NA,NA,NA,NA,NA,38.3,NA,NA,NA,NA,NA,NA,NA,NA,NA,NA,NA,NA,NA,NA,NA,Pig
10294,Friuli,Roman,Rom.Late,Late,Roman.Late,NA,Aquileia,area a est del foro - Riedel 1994,175,Pig,S,HU,Humerus,NA,NA,NA,NA,NA,NA,NA,NA,40,NA,NA,NA,NA,NA,NA,NA,NA,NA,NA,NA,NA,NA,NA,NA,Pig
10304,Friuli,Roman,Rom.Late,Late,Roman.Late,NA,Aquileia,area a est del foro - Riedel 1994,175,Pig,S,HU,Humerus,NA,NA,NA,NA,NA,NA,NA,NA,34,NA,NA,NA,NA,NA,NA,NA,NA,NA,NA,NA,NA,NA,NA,NA,Pig
10305,Friuli,Roman,Rom.Late,Late,Roman.Late,NA,Aquileia,area a est del foro - Riedel 1994,175,Pig,S,HU,Humerus,NA,NA,NA,NA,NA,NA,NA,NA,35,NA,NA,NA,NA,NA,NA,NA,NA,NA,NA,NA,NA,NA,NA,NA,Pig
10306,Friuli,Roman,Rom.Late,Late,Roman.Late,NA,Aquileia,area a est del foro - Riedel 1994,175,Pig,S,HU,Humerus,NA,NA,NA,NA,NA,NA,NA,NA,41.2,NA,NA,NA,NA,NA,NA,NA,NA,NA,NA,NA,NA,NA,NA,NA,Pig
10307,Friuli,Roman,Rom.Late,Late,Roman.Late,NA,Aquileia,area a est del foro - Riedel 1994,175,Pig,S,HU,Humerus,NA,NA,NA,NA,NA,NA,NA,NA,39.9,NA,NA,NA,NA,NA,NA,NA,NA,NA,NA,NA,NA,NA,NA,NA,Pig
10308,Friuli,Roman,Rom.Late,Late,Roman.Late,NA,Aquileia,area a est del foro - Riedel 1994,175,Pig,S,HU,Humerus,NA,NA,NA,NA,NA,NA,NA,NA,38.2,NA,NA,NA,NA,NA,NA,NA,NA,NA,NA,NA,NA,NA,NA,NA,Pig
10309,Friuli,Roman,Rom.Late,Late,Roman.Late,NA,Aquileia,area a est del foro - Riedel 1994,175,Pig,S,HU,Humerus,NA,NA,NA,NA,NA,NA,NA,NA,35.1,NA,NA,NA,NA,NA,NA,NA,NA,NA,NA,NA,NA,NA,NA,NA,Pig
10310,Friuli,Roman,Rom.Late,Late,Roman.Late,NA,Aquileia,area a est del foro - Riedel 1994,175,Pig,S,HU,Humerus,NA,NA,NA,NA,NA,NA,NA,NA,38,NA,NA,NA,NA,NA,NA,NA,NA,NA,NA,NA,NA,NA,NA,NA,Pig
10311,Friuli,Roman,Rom.Late,Late,Roman.Late,NA,Aquileia,area a est del foro - Riedel 1994,175,Pig,S,HU,Humerus,NA,NA,NA,NA,NA,NA,NA,NA,41.7,NA,NA,NA,NA,NA,NA,NA,NA,NA,NA,NA,NA,NA,NA,NA,Pig
10312,Friuli,Roman,Rom.Late,Late,Roman.Late,NA,Aquileia,area a est del foro - Riedel 1994,175,Pig,S,HU,Humerus,NA,NA,NA,NA,NA,NA,NA,NA,36.3,NA,NA,NA,NA,NA,NA,NA,NA,NA,NA,NA,NA,NA,NA,NA,Pig
10313,Friuli,Roman,Rom.Late,Late,Roman.Late,NA,Aquileia,area a est del foro - Riedel 1994,175,Pig,S,HU,Humerus,NA,NA,NA,NA,NA,NA,NA,NA,37.3,NA,NA,NA,NA,NA,NA,NA,NA,NA,NA,NA,NA,NA,NA,NA,Pig
10333,Friuli,Roman,Rom.Late,Late,Roman.Late,NA,Aquileia,area a est del foro - Riedel 1994,175,Pig,S,HU,Humerus,NA,NA,NA,NA,NA,NA,NA,NA,38.3,NA,NA,NA,NA,NA,NA,NA,NA,NA,NA,NA,NA,NA,NA,NA,Pig
10720,Friuli,Roman,Rom.Early,Early,Roman.Early,NA,Trieste,Crosada - Phase 2,235,Pig,S,HU,Humerus,NA,NA,NA,NA,NA,NA,NA,NA,37.8,37.2,NA,NA,NA,NA,NA,NA,NA,NA,NA,NA,NA,NA,NA,NA,Pig
10735,Friuli,Roman,Rom.Early,Early,Roman.Early,NA,Trieste,Crosada - Phase 2,235,Pig,S,HU,Humerus,NA,NA,NA,NA,NA,NA,NA,NA,36.8,NA,NA,NA,NA,NA,NA,NA,NA,NA,NA,NA,NA,NA,NA,NA,Pig
10736,Friuli,Roman,Rom.Early,Early,Roman.Early,NA,Trieste,Crosada - Phase 2,235,Pig,S,HU,Humerus,188.5,NA,NA,46,NA,16.7,NA,NA,39.7,NA,NA,NA,NA,NA,NA,NA,NA,NA,NA,NA,NA,NA,NA,NA,Pig
10737,Friuli,Roman,Rom.Early,Early,Roman.Early,NA,Trieste,Crosada - Phase 2,235,Pig,S,HU,Humerus,NA,NA,NA,NA,NA,NA,NA,NA,33.7,NA,NA,NA,NA,NA,NA,NA,NA,NA,NA,NA,NA,NA,NA,NA,Pig
10755,Friuli,Roman,Rom.Mid,Mid,Roman.Mid,NA,Trieste,Crosada - Phase 3,236,Pig,S,HU,Humerus,NA,NA,NA,48.3,NA,NA,NA,NA,NA,NA,NA,NA,NA,NA,NA,NA,NA,NA,NA,NA,NA,NA,NA,NA,Pig
10756,Friuli,Roman,Rom.Mid,Mid,Roman.Mid,NA,Trieste,Crosada - Phase 3,236,Pig,S,HU,Humerus,NA,NA,NA,NA,NA,NA,NA,NA,33,NA,NA,NA,NA,NA,NA,NA,NA,NA,NA,NA,NA,NA,NA,*,Pig
10779,Friuli,Roman,Rom,Mid,Roman.Mid,Rit,Trieste,*Crosada - Phase 4c,178,Pig,S,HU,Humerus,NA,NA,NA,NA,NA,NA,NA,NA,36.4,NA,28.5,NA,NA,NA,NA,NA,NA,NA,NA,NA,NA,NA,NA,NA,Pig
10780,Friuli,Roman,Rom,Mid,Roman.Mid,Rit,Trieste,*Crosada - Phase 4c,178,Pig,S,HU,Humerus,NA,NA,NA,NA,NA,NA,NA,NA,36.9,NA,29.6,NA,NA,NA,NA,NA,NA,NA,NA,NA,NA,NA,NA,NA,Pig
11247,Friuli,Roman,Rom.Late,Late,Roman.Late,NA,Udine,Late Roman,246,Pig,S,HU,Humerus,NA,NA,NA,NA,NA,NA,NA,NA,35.1,NA,NA,NA,NA,NA,NA,NA,NA,NA,NA,NA,NA,NA,NA,NA,Pig
11248,Friuli,Roman,Rom.Late,Late,Roman.Late,NA,Udine,Late Roman,246,Pig,S,HU,Humerus,NA,NA,NA,NA,NA,NA,NA,NA,38.2,NA,NA,NA,NA,NA,NA,NA,NA,NA,NA,NA,NA,NA,NA,NA,Pig
11249,Friuli,Roman,Rom.Late,Late,Roman.Late,NA,Udine,Late Roman,246,Pig,S,HU,Humerus,NA,NA,NA,NA,NA,NA,NA,NA,38.3,NA,NA,NA,NA,NA,NA,NA,NA,NA,NA,NA,NA,NA,NA,NA,Pig
11250,Friuli,Roman,Rom.Late,Late,Roman.Late,NA,Udine,Late Roman,246,Pig,S,HU,Humerus,NA,NA,NA,NA,NA,NA,NA,NA,38.5,NA,NA,NA,NA,NA,NA,NA,NA,NA,NA,NA,NA,NA,NA,NA,Pig
11251,Friuli,Roman,Rom.Late,Late,Roman.Late,NA,Udine,Late Roman,246,Pig,S,HU,Humerus,NA,NA,NA,NA,NA,NA,NA,NA,39.7,NA,NA,NA,NA,NA,NA,NA,NA,NA,NA,NA,NA,NA,NA,NA,Pig
11252,Friuli,Roman,Rom.Late,Late,Roman.Late,NA,Udine,Late Roman,246,Pig,S,HU,Humerus,NA,NA,NA,NA,NA,NA,NA,NA,42.2,NA,NA,NA,NA,NA,NA,NA,NA,NA,NA,NA,NA,NA,NA,NA,Pig
11317,Friuli,Bronze Age,BA.R-F,BRF-IA0,BA.Late,NA,Udine,'Late Bronze Age',247,Pig,S,HU,Humerus,NA,NA,NA,NA,NA,NA,NA,NA,37.3,NA,NA,NA,NA,NA,NA,NA,NA,NA,NA,NA,NA,NA,NA,NA,Pig
11318,Friuli,Bronze Age,BA.R-F,BRF-IA0,BA.Late,NA,Udine,'Late Bronze Age',247,Pig,S,HU,Humerus,NA,NA,NA,NA,NA,NA,NA,NA,37.7,NA,NA,NA,NA,NA,NA,NA,NA,NA,NA,NA,NA,NA,NA,NA,Pig
11344,Friuli,Bronze Age,BA.R,BRF-IA0,BA.Late,NA,Rividischia,Cjamps dai Cjastilirs,248,Pig,S,HU,Humerus,185.5,NA,NA,54.3,NA,15.1,NA,NA,33.7,NA,NA,NA,NA,NA,NA,NA,NA,NA,NA,NA,NA,NA,NA,NA,Pig
11612,Veneto,Roman,Rom.Late,Late,Roman.Late,NA,Torcello,Late Antique II-VII / II-VI 5th-7th c. AD,257,Pig,S,HU,Humerus,NA,NA,NA,NA,NA,NA,NA,NA,38.2,NA,NA,NA,NA,NA,NA,NA,NA,NA,NA,NA,NA,NA,NA,NA,Pig
11615,Veneto,Roman,Rom.Late,Late,Roman.Late,NA,Torcello,Late Antique II-VII / II-VI 5th-7th c. AD,257,Pig,S,HU,Humerus,NA,NA,NA,NA,NA,NA,NA,NA,39.3,NA,NA,NA,NA,NA,NA,NA,NA,NA,NA,NA,NA,NA,NA,NA,Pig
11619,Veneto,Roman,Rom.Late,Late,Roman.Late,NA,Torcello,Late Antique II-VII / II-VI 5th-7th c. AD,257,Pig,S,HU,Humerus,NA,NA,NA,NA,NA,NA,NA,NA,41,NA,NA,NA,NA,NA,NA,NA,NA,NA,NA,NA,NA,NA,NA,NA,Pig
12430,South,Roman,Rom.Early,Early,Roman.Early,NA,Calvatone,Wilkens - Bio data from academia,253,Pig,S,HU,Humerus,NA,NA,NA,NA,NA,NA,NA,NA,34.8,NA,30.6,NA,NA,NA,NA,NA,NA,NA,NA,NA,NA,NA,NA,NA,Pig
12431,South,Roman,Rom.Early,Early,Roman.Early,NA,Calvatone,Wilkens - Bio data from academia,253,Pig,S,HU,Humerus,NA,NA,NA,NA,NA,NA,NA,NA,38,NA,29.8,NA,NA,NA,NA,NA,NA,NA,NA,NA,NA,NA,NA,NA,Pig
12432,South,Roman,Rom.Early,Early,Roman.Early,NA,Calvatone,Wilkens - Bio data from academia,253,Pig,S,HU,Humerus,NA,NA,NA,NA,NA,NA,NA,NA,NA,NA,25.3,NA,NA,NA,NA,NA,NA,NA,NA,NA,NA,NA,NA,NA,Pig
12433,South,Roman,Rom.Early,Early,Roman.Early,NA,Calvatone,Wilkens - Bio data from academia,253,Pig,S,HU,Humerus,NA,NA,NA,NA,NA,NA,NA,NA,NA,NA,30,NA,NA,NA,NA,NA,NA,NA,NA,NA,NA,NA,NA,NA,Pig
12434,South,Roman,Rom.Early,Early,Roman.Early,NA,Calvatone,Wilkens - Bio data from academia,253,Pig,S,HU,Humerus,NA,NA,NA,NA,NA,NA,NA,NA,NA,NA,28.9,NA,NA,NA,NA,NA,NA,NA,NA,NA,NA,NA,NA,NA,Pig
12435,South,Roman,Rom.Early,Early,Roman.Early,NA,Calvatone,Wilkens - Bio data from academia,253,Pig,S,HU,Humerus,NA,NA,NA,NA,NA,NA,NA,NA,38,NA,31.2,NA,NA,NA,NA,NA,NA,NA,NA,NA,NA,NA,NA,NA,Pig
12436,South,Roman,Rom.Early,Early,Roman.Early,NA,Calvatone,Wilkens - Bio data from academia,253,Pig,S,HU,Humerus,NA,NA,NA,NA,NA,NA,NA,NA,34.3,NA,28.5,NA,NA,NA,NA,NA,NA,NA,NA,NA,NA,NA,NA,NA,Pig
NA,South,Bronze Age,BA.R,BM-R,BA.Late,NA,Crocetta,NA,443,Pig,S,HU,Humerus,NA,NA,NA,NA,NA,NA,NA,NA,33.7,NA,27,NA,NA,NA,NA,NA,NA,NA,NA,NA,NA,NA,NA,NA,Pig
NA,Veneto,Iron Age,IA2,IA2,IA.Late,NA,Padova,Via S. Canziano IV-V,467,Pig,S,HU,Humerus,NA,NA,NA,NA,NA,NA,NA,NA,38.3,NA,NA,NA,NA,NA,NA,NA,NA,NA,NA,NA,NA,NA,NA,NA,Pig
NA,Veneto,Iron Age,IA2,IA2,IA.Late,NA,Padova,Via S. Canziano IV-V,467,Pig,S,HU,Humerus,NA,NA,NA,NA,NA,NA,NA,NA,39.9,NA,NA,NA,NA,NA,NA,NA,NA,NA,NA,NA,NA,NA,NA,NA,Pig
NA,Veneto,Iron Age,IA2,IA2,IA.Late,NA,Padova,Via S. Canziano IV-V,467,Pig,S,HU,Humerus,NA,NA,NA,NA,NA,NA,NA,NA,36.4,NA,NA,NA,NA,NA,NA,NA,NA,NA,NA,NA,NA,NA,NA,NA,Pig
NA,Veneto,Iron Age,IA2,IA2,IA.Late,NA,Padova,Via S. Canziano IV-V,467,Pig,S,HU,Humerus,NA,NA,NA,NA,NA,NA,NA,NA,41.9,NA,NA,NA,NA,NA,NA,NA,NA,NA,NA,NA,NA,NA,NA,NA,Pig
459,North,Iron Age,IA2,IA2,IA.Late,NA,Colognola ai Colli,NA,54,Pig,S,MCIII,Metacarpal III,72.3,NA,NA,NA,NA,NA,NA,NA,15.8,NA,NA,NA,NA,NA,NA,NA,NA,NA,NA,NA,NA,NA,NA,NA,Pig
1777,North,Iron Age,IA2,IA2,IA.Late,NA,Santorso,All phases,92,Pig,S,MCIII,Metacarpal III,65.9,NA,NA,16.3,NA,NA,NA,NA,16.3,NA,NA,NA,NA,NA,NA,NA,NA,NA,NA,NA,NA,NA,NA,NA,Pig
1778,North,Iron Age,IA2,IA2,IA.Late,NA,Santorso,All phases,92,Pig,S,MCIII,Metacarpal III,70.4,NA,NA,16.7,NA,NA,NA,NA,16.5,NA,NA,NA,NA,NA,NA,NA,NA,NA,NA,NA,NA,NA,NA,NA,Pig
1779,North,Iron Age,IA2,IA2,IA.Late,NA,Santorso,All phases,92,Pig,S,MCIII,Metacarpal III,NA,NA,NA,16.2,NA,NA,NA,NA,NA,NA,NA,NA,NA,NA,NA,NA,NA,NA,NA,NA,NA,NA,NA,NA,Pig
1780,North,Iron Age,IA2,IA2,IA.Late,NA,Santorso,All phases,92,Pig,S,MCIII,Metacarpal III,68,NA,NA,16.5,NA,NA,NA,NA,16.7,NA,NA,NA,NA,NA,NA,NA,NA,NA,NA,NA,NA,NA,NA,NA,Pig
2514,Appennine,Bronze Age,BA.M,BM-R,BA.Middle,NA,Solarolo,via Odriere Settore 1,123,Pig,S,MCIII,Metacarpal III,69,NA,NA,16.1,NA,NA,NA,NA,15,NA,NA,NA,NA,NA,NA,NA,NA,NA,NA,NA,NA,NA,NA,NA,Pig
2515,Appennine,Bronze Age,BA.M,BM-R,BA.Middle,NA,Solarolo,via Odriere Settore 1,123,Pig,S,MCIII,Metacarpal III,NA,NA,NA,16.4,NA,NA,NA,NA,NA,NA,NA,NA,NA,NA,NA,NA,NA,NA,NA,NA,NA,NA,NA,NA,Pig
2516,Appennine,Bronze Age,BA.M,BM-R,BA.Middle,NA,Solarolo,via Odriere Settore 1,123,Pig,S,MCIII,Metacarpal III,NA,NA,NA,16.2,NA,NA,NA,NA,NA,NA,NA,NA,NA,NA,NA,NA,NA,NA,NA,NA,NA,NA,NA,NA,Pig
2517,Appennine,Bronze Age,BA.M,BM-R,BA.Middle,NA,Solarolo,via Odriere Settore 1,123,Pig,S,MCIII,Metacarpal III,78.4,NA,NA,12.3,NA,NA,NA,NA,17.5,NA,NA,NA,NA,NA,NA,NA,NA,NA,NA,NA,NA,NA,NA,NA,Pig
2897,Veneto,Iron Age,IA2,IA2,IA.Late,NA,Padova,Via Dietro Duomo,112,Pig,S,MCIII,Metacarpal III,66.7,NA,NA,15.9,NA,NA,NA,NA,14.6,NA,NA,NA,NA,NA,NA,NA,NA,NA,NA,NA,NA,NA,NA,NA,Pig
3024,South,Iron Age,IA2,IA2,IA.Late,NA,Marzabotto,Casa 1,119,Pig,S,MCIII,Metacarpal III,78.3,NA,NA,NA,NA,NA,NA,NA,16.7,NA,NA,NA,NA,NA,NA,NA,NA,NA,NA,NA,NA,NA,NA,NA,Pig
3025,South,Iron Age,IA2,IA2,IA.Late,NA,Marzabotto,Casa 1,119,Pig,S,MCIII,Metacarpal III,69.4,NA,NA,NA,NA,NA,NA,NA,16.1,NA,NA,NA,NA,NA,NA,NA,NA,NA,NA,NA,NA,NA,NA,NA,Pig
3026,South,Iron Age,IA2,IA2,IA.Late,NA,Marzabotto,Casa 1,119,Pig,S,MCIII,Metacarpal III,60.5,NA,NA,NA,NA,NA,NA,NA,15.4,NA,NA,NA,NA,NA,NA,NA,NA,NA,NA,NA,NA,NA,NA,NA,Pig
3027,South,Iron Age,IA2,IA2,IA.Late,NA,Marzabotto,Casa 1,119,Pig,S,MCIII,Metacarpal III,66.2,NA,NA,NA,NA,NA,NA,NA,14.1,NA,NA,NA,NA,NA,NA,NA,NA,NA,NA,NA,NA,NA,NA,NA,Pig
3028,South,Iron Age,IA2,IA2,IA.Late,NA,Marzabotto,Casa 1,119,Pig,S,MCIII,Metacarpal III,61.2,NA,NA,NA,NA,NA,NA,NA,14.3,NA,NA,NA,NA,NA,NA,NA,NA,NA,NA,NA,NA,NA,NA,NA,Pig
3029,South,Iron Age,IA2,IA2,IA.Late,NA,Marzabotto,Casa 1,119,Pig,S,MCIII,Metacarpal III,67.5,NA,NA,NA,NA,NA,NA,NA,15.7,NA,NA,NA,NA,NA,NA,NA,NA,NA,NA,NA,NA,NA,NA,NA,Pig
3030,South,Iron Age,IA2,IA2,IA.Late,NA,Marzabotto,Casa 1,119,Pig,S,MCIII,Metacarpal III,65.1,NA,NA,NA,NA,NA,NA,NA,15.8,NA,NA,NA,NA,NA,NA,NA,NA,NA,NA,NA,NA,NA,NA,NA,Pig
3092,South,Iron Age,IA2,IA2,IA.Late,NA,Spina,Excavations 2007-2009,118,Pig,S,MCIII,Metacarpal III,66.3,NA,NA,15,NA,13.4,NA,NA,13,NA,NA,NA,NA,NA,NA,NA,NA,NA,NA,NA,NA,NA,NA,NA,Pig
3921,North,Bronze Age,BA.M-R,BM-R,BA.Middle-Late,NA,Peschiera,NA,14,Pig,S,MCIII,Metacarpal III,67.7,NA,NA,NA,NA,NA,NA,NA,14.2,NA,NA,NA,NA,NA,NA,NA,NA,NA,NA,NA,NA,NA,NA,NA,Pig
4156,South,Bronze Age,BA.M,BM-R,BA.Middle,NA,Poviglio,Villaggio piccolo - MBA,26,Pig,S,MCIII,Metacarpal III,76.7,NA,NA,NA,NA,NA,NA,NA,18.1,NA,NA,NA,NA,NA,NA,NA,NA,NA,NA,NA,NA,NA,NA,NA,Pig
4313,Veneto,Bronze Age,BA.M,BM-R,BA.Middle,NA,Tombola,NA,146,Pig,S,MCIII,Metacarpal III,NA,NA,NA,14,NA,NA,NA,NA,NA,NA,NA,NA,NA,NA,NA,NA,NA,NA,NA,NA,NA,NA,NA,1,Pig
4314,Veneto,Bronze Age,BA.M,BM-R,BA.Middle,NA,Tombola,NA,146,Pig,S,MCIII,Metacarpal III,NA,NA,NA,14,NA,NA,NA,NA,NA,NA,NA,NA,NA,NA,NA,NA,NA,NA,NA,NA,NA,NA,NA,1,Pig
4315,Veneto,Bronze Age,BA.M,BM-R,BA.Middle,NA,Tombola,NA,146,Pig,S,MCIII,Metacarpal III,NA,NA,NA,15,NA,NA,NA,NA,NA,NA,NA,NA,NA,NA,NA,NA,NA,NA,NA,NA,NA,NA,NA,1,Pig
4316,Veneto,Bronze Age,BA.M,BM-R,BA.Middle,NA,Tombola,NA,146,Pig,S,MCIII,Metacarpal III,NA,NA,NA,14,NA,NA,NA,NA,NA,NA,NA,NA,NA,NA,NA,NA,NA,NA,NA,NA,NA,NA,NA,1,Pig
4317,Veneto,Bronze Age,BA.M,BM-R,BA.Middle,NA,Tombola,NA,146,Pig,S,MCIII,Metacarpal III,NA,NA,NA,15,NA,NA,NA,NA,NA,NA,NA,NA,NA,NA,NA,NA,NA,NA,NA,NA,NA,NA,NA,1,Pig
4472,North,Bronze Age,BA.R,BM-R,BA.Late,NA,Bovolone,Bertoloni et al. 2015,125,Pig,S,MCIII,Metacarpal III,74,NA,NA,17,NA,NA,NA,NA,15,NA,NA,NA,NA,NA,NA,NA,NA,NA,NA,NA,NA,NA,NA,1,Pig
4473,North,Bronze Age,BA.R,BM-R,BA.Late,NA,Bovolone,Bertoloni et al. 2015,125,Pig,S,MCIII,Metacarpal III,NA,NA,NA,14,NA,11,NA,NA,NA,NA,NA,NA,NA,NA,NA,NA,NA,NA,NA,NA,NA,NA,NA,1,Pig
4474,North,Bronze Age,BA.R,BM-R,BA.Late,NA,Bovolone,Bertoloni et al. 2015,125,Pig,S,MCIII,Metacarpal III,NA,NA,NA,14.8,NA,NA,NA,NA,NA,NA,NA,NA,NA,NA,NA,NA,NA,NA,NA,NA,NA,NA,NA,1,Pig
4475,North,Bronze Age,BA.R,BM-R,BA.Late,NA,Bovolone,Bertoloni et al. 2015,125,Pig,S,MCIII,Metacarpal III,NA,NA,NA,17,NA,NA,NA,NA,NA,NA,NA,NA,NA,NA,NA,NA,NA,NA,NA,NA,NA,NA,NA,1,Pig
4476,North,Bronze Age,BA.R,BM-R,BA.Late,NA,Bovolone,Bertoloni et al. 2015,125,Pig,S,MCIII,Metacarpal III,NA,NA,NA,16,NA,8,NA,NA,NA,NA,NA,NA,NA,NA,NA,NA,NA,NA,NA,NA,NA,NA,NA,1,Pig
4477,North,Bronze Age,BA.R,BM-R,BA.Late,NA,Bovolone,Bertoloni et al. 2015,125,Pig,S,MCIII,Metacarpal III,74,NA,NA,17,NA,15,NA,NA,NA,NA,NA,NA,NA,NA,NA,NA,NA,NA,NA,NA,NA,NA,NA,1,Pig
4478,North,Bronze Age,BA.R,BM-R,BA.Late,NA,Bovolone,Bertoloni et al. 2015,125,Pig,S,MCIII,Metacarpal III,NA,NA,NA,14,NA,11,NA,NA,NA,NA,NA,NA,NA,NA,NA,NA,NA,NA,NA,NA,NA,NA,NA,1,Pig
4479,North,Bronze Age,BA.R,BM-R,BA.Late,NA,Bovolone,Bertoloni et al. 2015,125,Pig,S,MCIII,Metacarpal III,NA,NA,NA,14.8,NA,NA,NA,NA,NA,NA,NA,NA,NA,NA,NA,NA,NA,NA,NA,NA,NA,NA,NA,1,Pig
5856,South,Iron Age,IA2,IA2,IA.Late,ExNISP,Forcello,Trentacoste PhD,84,Pig,S,MCIII,Metacarpal III,99.7,NA,NA,NA,NA,19,NA,NA,23.3,NA,NA,NA,NA,NA,NA,NA,NA,NA,NA,NA,NA,NA,NA,NA,Pig
7888,North,Bronze Age,BA.M,BM-R,BA.Middle,NA,Nogarole Rocca,I Camponi,17,Pig,S,MCIII,Metacarpal III,79.5,NA,NA,NA,NA,NA,NA,NA,17,NA,NA,NA,NA,NA,NA,NA,NA,NA,NA,NA,NA,NA,NA,NA,Pig
8012,South,Iron Age,IA2,IA2,IA.Late,ExNISP,Forcello,Scarpa,1,Pig,S,MCIII,Metacarpal III,58,NA,NA,18,NA,NA,NA,NA,NA,NA,NA,NA,NA,NA,NA,NA,NA,NA,NA,NA,NA,NA,NA,1,Pig
8013,South,Iron Age,IA2,IA2,IA.Late,ExNISP,Forcello,Scarpa,1,Pig,S,MCIII,Metacarpal III,63,NA,NA,14,NA,NA,NA,NA,NA,NA,NA,NA,NA,NA,NA,NA,NA,NA,NA,NA,NA,NA,NA,1,Pig
8014,South,Iron Age,IA2,IA2,IA.Late,ExNISP,Forcello,Scarpa,1,Pig,S,MCIII,Metacarpal III,62,NA,NA,15,NA,NA,NA,NA,NA,NA,NA,NA,NA,NA,NA,NA,NA,NA,NA,NA,NA,NA,NA,1,Pig
8015,South,Iron Age,IA2,IA2,IA.Late,ExNISP,Forcello,Scarpa,1,Pig,S,MCIII,Metacarpal III,65,NA,NA,12,NA,NA,NA,NA,NA,NA,NA,NA,NA,NA,NA,NA,NA,NA,NA,NA,NA,NA,NA,1,Pig
8016,South,Iron Age,IA2,IA2,IA.Late,ExNISP,Forcello,Scarpa,1,Pig,S,MCIII,Metacarpal III,65,NA,NA,15,NA,NA,NA,NA,NA,NA,NA,NA,NA,NA,NA,NA,NA,NA,NA,NA,NA,NA,NA,1,Pig
8017,South,Iron Age,IA2,IA2,IA.Late,ExNISP,Forcello,Scarpa,1,Pig,S,MCIII,Metacarpal III,65,NA,NA,16,NA,NA,NA,NA,NA,NA,NA,NA,NA,NA,NA,NA,NA,NA,NA,NA,NA,NA,NA,1,Pig
8018,South,Iron Age,IA2,IA2,IA.Late,ExNISP,Forcello,Scarpa,1,Pig,S,MCIII,Metacarpal III,65,NA,NA,16,NA,NA,NA,NA,NA,NA,NA,NA,NA,NA,NA,NA,NA,NA,NA,NA,NA,NA,NA,1,Pig
8019,South,Iron Age,IA2,IA2,IA.Late,ExNISP,Forcello,Scarpa,1,Pig,S,MCIII,Metacarpal III,65,NA,NA,20,NA,NA,NA,NA,NA,NA,NA,NA,NA,NA,NA,NA,NA,NA,NA,NA,NA,NA,NA,1,Pig
8020,South,Iron Age,IA2,IA2,IA.Late,ExNISP,Forcello,Scarpa,1,Pig,S,MCIII,Metacarpal III,66,NA,NA,15,NA,NA,NA,NA,NA,NA,NA,NA,NA,NA,NA,NA,NA,NA,NA,NA,NA,NA,NA,1,Pig
8021,South,Iron Age,IA2,IA2,IA.Late,ExNISP,Forcello,Scarpa,1,Pig,S,MCIII,Metacarpal III,67,NA,NA,17,NA,NA,NA,NA,NA,NA,NA,NA,NA,NA,NA,NA,NA,NA,NA,NA,NA,NA,NA,1,Pig
8022,South,Iron Age,IA2,IA2,IA.Late,ExNISP,Forcello,Scarpa,1,Pig,S,MCIII,Metacarpal III,68,NA,NA,15,NA,NA,NA,NA,NA,NA,NA,NA,NA,NA,NA,NA,NA,NA,NA,NA,NA,NA,NA,1,Pig
8023,South,Iron Age,IA2,IA2,IA.Late,ExNISP,Forcello,Scarpa,1,Pig,S,MCIII,Metacarpal III,68,NA,NA,15,NA,NA,NA,NA,NA,NA,NA,NA,NA,NA,NA,NA,NA,NA,NA,NA,NA,NA,NA,1,Pig
8024,South,Iron Age,IA2,IA2,IA.Late,ExNISP,Forcello,Scarpa,1,Pig,S,MCIII,Metacarpal III,68,NA,NA,16,NA,NA,NA,NA,NA,NA,NA,NA,NA,NA,NA,NA,NA,NA,NA,NA,NA,NA,NA,1,Pig
8025,South,Iron Age,IA2,IA2,IA.Late,ExNISP,Forcello,Scarpa,1,Pig,S,MCIII,Metacarpal III,68,NA,NA,16,NA,NA,NA,NA,NA,NA,NA,NA,NA,NA,NA,NA,NA,NA,NA,NA,NA,NA,NA,1,Pig
8026,South,Iron Age,IA2,IA2,IA.Late,ExNISP,Forcello,Scarpa,1,Pig,S,MCIII,Metacarpal III,68,NA,NA,26,NA,NA,NA,NA,NA,NA,NA,NA,NA,NA,NA,NA,NA,NA,NA,NA,NA,NA,NA,1,Pig
8027,South,Iron Age,IA2,IA2,IA.Late,ExNISP,Forcello,Scarpa,1,Pig,S,MCIII,Metacarpal III,68,NA,NA,15,NA,NA,NA,NA,NA,NA,NA,NA,NA,NA,NA,NA,NA,NA,NA,NA,NA,NA,NA,1,Pig
8028,South,Iron Age,IA2,IA2,IA.Late,ExNISP,Forcello,Scarpa,1,Pig,S,MCIII,Metacarpal III,68,NA,NA,15,NA,NA,NA,NA,NA,NA,NA,NA,NA,NA,NA,NA,NA,NA,NA,NA,NA,NA,NA,1,Pig
8029,South,Iron Age,IA2,IA2,IA.Late,ExNISP,Forcello,Scarpa,1,Pig,S,MCIII,Metacarpal III,70,NA,NA,15,NA,NA,NA,NA,NA,NA,NA,NA,NA,NA,NA,NA,NA,NA,NA,NA,NA,NA,NA,1,Pig
8030,South,Iron Age,IA2,IA2,IA.Late,ExNISP,Forcello,Scarpa,1,Pig,S,MCIII,Metacarpal III,70,NA,NA,15,NA,NA,NA,NA,NA,NA,NA,NA,NA,NA,NA,NA,NA,NA,NA,NA,NA,NA,NA,1,Pig
8031,South,Iron Age,IA2,IA2,IA.Late,ExNISP,Forcello,Scarpa,1,Pig,S,MCIII,Metacarpal III,70,NA,NA,16,NA,NA,NA,NA,NA,NA,NA,NA,NA,NA,NA,NA,NA,NA,NA,NA,NA,NA,NA,1,Pig
8032,South,Iron Age,IA2,IA2,IA.Late,ExNISP,Forcello,Scarpa,1,Pig,S,MCIII,Metacarpal III,70,NA,NA,18,NA,NA,NA,NA,NA,NA,NA,NA,NA,NA,NA,NA,NA,NA,NA,NA,NA,NA,NA,1,Pig
8033,South,Iron Age,IA2,IA2,IA.Late,ExNISP,Forcello,Scarpa,1,Pig,S,MCIII,Metacarpal III,76,NA,NA,17,NA,NA,NA,NA,NA,NA,NA,NA,NA,NA,NA,NA,NA,NA,NA,NA,NA,NA,NA,1,Pig
8034,South,Iron Age,IA2,IA2,IA.Late,ExNISP,Forcello,Scarpa,1,Pig,S,MCIII,Metacarpal III,76,NA,NA,21,NA,NA,NA,NA,NA,NA,NA,NA,NA,NA,NA,NA,NA,NA,NA,NA,NA,NA,NA,1,Pig
8035,South,Iron Age,IA2,IA2,IA.Late,ExNISP,Forcello,Scarpa,1,Pig,S,MCIII,Metacarpal III,85,NA,NA,25,NA,NA,NA,NA,NA,NA,NA,NA,NA,NA,NA,NA,NA,NA,NA,NA,NA,NA,NA,1,Pig
8647,Veneto,Bronze Age,BA.R,BM-R,BA.Late,NA,Campestrin,NA,149,Pig,S,MCIII,Metacarpal III,73,NA,NA,17,NA,13.5,NA,NA,17,NA,NA,NA,NA,NA,NA,NA,NA,NA,NA,NA,NA,NA,NA,1,Pig
8717,Veneto,Bronze Age,BA.R,BM-R,BA.Late,NA,Amolara,NA,150,Pig,S,MCIII,Metacarpal III,NA,NA,NA,NA,NA,NA,NA,NA,19,NA,NA,NA,NA,NA,NA,NA,NA,NA,NA,NA,NA,NA,NA,1,Pig
9201,Veneto,Bronze Age,BA.R,BM-R,BA.Late,NA,Terranegra,Depellegrin & Tecchiati - BR,61,Pig,S,MCIII,Metacarpal III,70.8,NA,NA,15.3,NA,NA,NA,NA,NA,NA,NA,NA,NA,NA,NA,NA,NA,NA,NA,NA,NA,NA,NA,NA,Pig
9836,Friuli,Roman,Rom,Early,Roman.Early,Rit,Montereale Valcellina,*US 581/583/606 - Reppublican pits,200,Pig,S,MCIII,Metacarpal III,NA,NA,NA,15.4,NA,NA,NA,NA,NA,NA,NA,NA,NA,NA,NA,NA,NA,NA,NA,NA,NA,NA,NA,NA,Pig
9837,Friuli,Roman,Rom,Early,Roman.Early,Rit,Montereale Valcellina,*US 581/583/606 - Reppublican pits,200,Pig,S,MCIII,Metacarpal III,NA,NA,NA,NA,NA,NA,NA,NA,15.2,NA,NA,NA,NA,NA,NA,NA,NA,NA,NA,NA,NA,NA,NA,NA,Pig
9838,Friuli,Roman,Rom,Early,Roman.Early,Rit,Montereale Valcellina,*US 581/583/606 - Reppublican pits,200,Pig,S,MCIII,Metacarpal III,NA,NA,NA,NA,NA,NA,NA,NA,16.6,NA,NA,NA,NA,NA,NA,NA,NA,NA,NA,NA,NA,NA,NA,NA,Pig
9946,Veneto,Roman,Rom.M-L,Mid-Late,Roman.Mid-Late,NA,Oderzo,Pozzo romano - all strata (1st-4th c AD),214,Pig,S,MCIII,Metacarpal III,69.6,NA,NA,15.6,NA,NA,NA,NA,17.2,NA,NA,NA,NA,NA,NA,NA,NA,NA,NA,NA,NA,NA,NA,NA,Pig
10758,Friuli,Roman,Rom.Mid,Mid,Roman.Mid,NA,Trieste,Crosada - Phase 3,236,Pig,S,MCIII,Metacarpal III,63.4,NA,NA,15.2,NA,NA,NA,NA,16.3,NA,NA,NA,NA,NA,NA,NA,NA,NA,NA,NA,NA,NA,NA,NA,Pig
10803,Friuli,Roman,Rom,Mid,Roman.Mid,Rit,Trieste,*Crosada - Phase 4c,178,Pig,S,MCIII,Metacarpal III,NA,NA,NA,17.9,NA,NA,NA,NA,NA,NA,NA,NA,NA,NA,NA,NA,NA,NA,NA,NA,NA,NA,NA,NA,Pig
11256,Friuli,Roman,Rom.Late,Late,Roman.Late,NA,Udine,Late Roman,246,Pig,S,MCIII,Metacarpal III,72.8,NA,NA,NA,NA,NA,NA,NA,16.2,NA,NA,NA,NA,NA,NA,NA,NA,NA,NA,NA,NA,NA,NA,NA,Pig
11664,Veneto,Roman,Rom.Late,Late,Roman.Late,NA,Torcello,Late Antique II-VII / II-VI 5th-7th c. AD,257,Pig,S,MCIII,Metacarpal III,75.6,NA,NA,NA,NA,NA,NA,NA,17.3,NA,NA,NA,NA,NA,NA,NA,NA,NA,NA,NA,NA,NA,NA,NA,Pig
NA,South,Bronze Age,BA.R,BM-R,BA.Late,NA,Monterenzio Vecchio,NA,446,Pig,S,MCIII,Metacarpal III,76.9,NA,NA,17.1,NA,NA,NA,NA,NA,NA,NA,NA,NA,NA,NA,NA,NA,NA,NA,NA,NA,NA,NA,NA,Pig
NA,South,Bronze Age,BA.R,BM-R,BA.Late,NA,Coccanile,Ca Spadolino,451,Pig,S,MCIII,Metacarpal III,79.3,NA,NA,NA,NA,NA,NA,NA,15.8,NA,NA,NA,NA,NA,NA,NA,NA,NA,NA,NA,NA,NA,NA,NA,Pig
NA,Appennine,Bronze Age,BA.M-R,BM-R,BA.Middle-Late,NA,Case Missiroli,NA,453,Pig,S,MCIII,Metacarpal III,62.5,NA,NA,19,NA,NA,NA,NA,NA,NA,NA,NA,NA,NA,NA,NA,NA,NA,NA,NA,NA,NA,NA,NA,Pig
NA,Appennine,Bronze Age,BA.M-R,BM-R,BA.Middle-Late,NA,Case Missiroli,NA,453,Pig,S,MCIII,Metacarpal III,73.9,NA,NA,15.5,NA,NA,NA,NA,17.2,NA,NA,NA,NA,NA,NA,NA,NA,NA,NA,NA,NA,NA,NA,NA,Pig
460,North,Iron Age,IA2,IA2,IA.Late,NA,Colognola ai Colli,NA,54,Pig,S,MCIV,Metacarpal IV,71.8,NA,NA,NA,NA,NA,NA,NA,16.4,NA,NA,NA,NA,NA,NA,NA,NA,NA,NA,NA,NA,NA,NA,NA,Pig
462,North,Iron Age,IA2,IA2,IA.Late,NA,Colognola ai Colli,NA,54,Pig,S,MCIV,Metacarpal IV,75.3,NA,NA,NA,NA,NA,NA,NA,16.5,NA,NA,NA,NA,NA,NA,NA,NA,NA,NA,NA,NA,NA,NA,NA,Pig
724,North,Bronze Age,BA.R,BM-R,BA.Late,NA,Isolone,NA,16,Pig,S,MCIV,Metacarpal IV,70.3,NA,NA,NA,NA,NA,NA,NA,14.2,NA,NA,NA,NA,NA,NA,NA,NA,NA,NA,NA,NA,NA,NA,NA,Pig
725,North,Bronze Age,BA.R,BM-R,BA.Late,NA,Isolone,NA,16,Pig,S,MCIV,Metacarpal IV,73.4,NA,NA,NA,NA,NA,NA,NA,14.4,NA,NA,NA,NA,NA,NA,NA,NA,NA,NA,NA,NA,NA,NA,NA,Pig
726,North,Bronze Age,BA.R,BM-R,BA.Late,NA,Isolone,NA,16,Pig,S,MCIV,Metacarpal IV,75.8,NA,NA,NA,NA,NA,NA,NA,16.1,NA,NA,NA,NA,NA,NA,NA,NA,NA,NA,NA,NA,NA,NA,NA,Pig
727,North,Bronze Age,BA.R,BM-R,BA.Late,NA,Isolone,NA,16,Pig,S,MCIV,Metacarpal IV,79.1,NA,NA,NA,NA,NA,NA,NA,16,NA,NA,NA,NA,NA,NA,NA,NA,NA,NA,NA,NA,NA,NA,NA,Pig
728,North,Bronze Age,BA.R,BM-R,BA.Late,NA,Isolone,NA,16,Pig,S,MCIV,Metacarpal IV,95.2,NA,NA,NA,NA,NA,NA,NA,21.3,NA,NA,NA,NA,NA,NA,NA,NA,NA,NA,NA,NA,NA,NA,NA,Pig
1101,North,Iron Age,IA2,IA2,IA.Late,NA,Castelrotto,NA,53,Pig,S,MCIV,Metacarpal IV,68,NA,NA,NA,NA,NA,NA,NA,15.6,NA,NA,NA,NA,NA,NA,NA,NA,NA,NA,NA,NA,NA,NA,NA,Pig
1102,North,Iron Age,IA2,IA2,IA.Late,NA,Castelrotto,NA,53,Pig,S,MCIV,Metacarpal IV,NA,NA,NA,NA,NA,NA,NA,NA,16,NA,NA,NA,NA,NA,NA,NA,NA,NA,NA,NA,NA,NA,NA,NA,Pig
1543,South,Iron Age,IA2,IA2,IA.Late,NA,Spina,Excavations 2007-2009,118,Pig,S,MCIV,Metacarpal IV,NA,NA,NA,15.5,NA,11.6,NA,NA,15.4,NA,NA,NA,NA,NA,NA,NA,NA,NA,NA,NA,NA,NA,NA,NA,Pig
1544,South,Iron Age,IA2,IA2,IA.Late,NA,Spina,Excavations 2007-2009,118,Pig,S,MCIV,Metacarpal IV,NA,NA,NA,14.3,NA,12.3,NA,NA,14,NA,NA,NA,NA,NA,NA,NA,NA,NA,NA,NA,NA,NA,NA,NA,Pig
1781,North,Iron Age,IA2,IA2,IA.Late,NA,Santorso,All phases,92,Pig,S,MCIV,Metacarpal IV,65.5,NA,NA,13.5,NA,NA,NA,NA,14.9,NA,NA,NA,NA,NA,NA,NA,NA,NA,NA,NA,NA,NA,NA,NA,Pig
1782,North,Iron Age,IA2,IA2,IA.Late,NA,Santorso,All phases,92,Pig,S,MCIV,Metacarpal IV,70.4,NA,NA,15.1,NA,NA,NA,NA,15.7,NA,NA,NA,NA,NA,NA,NA,NA,NA,NA,NA,NA,NA,NA,NA,Pig
1783,North,Iron Age,IA2,IA2,IA.Late,NA,Santorso,All phases,92,Pig,S,MCIV,Metacarpal IV,66.4,NA,NA,13.9,NA,NA,NA,NA,14.6,NA,NA,NA,NA,NA,NA,NA,NA,NA,NA,NA,NA,NA,NA,NA,Pig
2518,Appennine,Bronze Age,BA.M,BM-R,BA.Middle,NA,Solarolo,via Odriere Settore 1,123,Pig,S,MCIV,Metacarpal IV,70.5,NA,NA,14.6,NA,NA,NA,NA,13.4,NA,NA,NA,NA,NA,NA,NA,NA,NA,NA,NA,NA,NA,NA,NA,Pig
2519,Appennine,Bronze Age,BA.M,BM-R,BA.Middle,NA,Solarolo,via Odriere Settore 1,123,Pig,S,MCIV,Metacarpal IV,70.9,NA,NA,14.6,NA,NA,NA,NA,15,NA,NA,NA,NA,NA,NA,NA,NA,NA,NA,NA,NA,NA,NA,NA,Pig
2899,Veneto,Iron Age,IA2,IA2,IA.Late,NA,Padova,Via Dietro Duomo,112,Pig,S,MCIV,Metacarpal IV,68.1,NA,NA,14.8,NA,NA,NA,NA,16.2,NA,NA,NA,NA,NA,NA,NA,NA,NA,NA,NA,NA,NA,NA,NA,Pig
3032,South,Iron Age,IA2,IA2,IA.Late,NA,Marzabotto,Casa 1,119,Pig,S,MCIV,Metacarpal IV,77.5,NA,NA,NA,NA,NA,NA,NA,17.2,NA,NA,NA,NA,NA,NA,NA,NA,NA,NA,NA,NA,NA,NA,NA,Pig
3033,South,Iron Age,IA2,IA2,IA.Late,NA,Marzabotto,Casa 1,119,Pig,S,MCIV,Metacarpal IV,78.2,NA,NA,NA,NA,NA,NA,NA,17.1,NA,NA,NA,NA,NA,NA,NA,NA,NA,NA,NA,NA,NA,NA,NA,Pig
3034,South,Iron Age,IA2,IA2,IA.Late,NA,Marzabotto,Casa 1,119,Pig,S,MCIV,Metacarpal IV,75.8,NA,NA,NA,NA,NA,NA,NA,14.4,NA,NA,NA,NA,NA,NA,NA,NA,NA,NA,NA,NA,NA,NA,NA,Pig
3035,South,Iron Age,IA2,IA2,IA.Late,NA,Marzabotto,Casa 1,119,Pig,S,MCIV,Metacarpal IV,68.3,NA,NA,NA,NA,NA,NA,NA,13.6,NA,NA,NA,NA,NA,NA,NA,NA,NA,NA,NA,NA,NA,NA,NA,Pig
3036,South,Iron Age,IA2,IA2,IA.Late,NA,Marzabotto,Casa 1,119,Pig,S,MCIV,Metacarpal IV,69.8,NA,NA,NA,NA,NA,NA,NA,13.4,NA,NA,NA,NA,NA,NA,NA,NA,NA,NA,NA,NA,NA,NA,NA,Pig
3922,North,Bronze Age,BA.M-R,BM-R,BA.Middle-Late,NA,Peschiera,NA,14,Pig,S,MCIV,Metacarpal IV,77.7,NA,NA,NA,NA,NA,NA,NA,16.2,NA,NA,NA,NA,NA,NA,NA,NA,NA,NA,NA,NA,NA,NA,NA,Pig
4318,Veneto,Bronze Age,BA.M,BM-R,BA.Middle,NA,Tombola,NA,146,Pig,S,MCIV,Metacarpal IV,71,NA,NA,13,NA,NA,NA,NA,NA,NA,NA,NA,NA,NA,NA,NA,NA,NA,NA,NA,NA,NA,NA,1,Pig
4319,Veneto,Bronze Age,BA.M,BM-R,BA.Middle,NA,Tombola,NA,146,Pig,S,MCIV,Metacarpal IV,NA,NA,NA,15,NA,NA,NA,NA,NA,NA,NA,NA,NA,NA,NA,NA,NA,NA,NA,NA,NA,NA,NA,1,Pig
7889,North,Bronze Age,BA.M,BM-R,BA.Middle,NA,Nogarole Rocca,I Camponi,17,Pig,S,MCIV,Metacarpal IV,81,NA,NA,NA,NA,NA,NA,NA,15.7,NA,NA,NA,NA,NA,NA,NA,NA,NA,NA,NA,NA,NA,NA,NA,Pig
8036,South,Iron Age,IA2,IA2,IA.Late,ExNISP,Forcello,Scarpa,1,Pig,S,MCIV,Metacarpal IV,63,NA,NA,14,NA,NA,NA,NA,NA,NA,NA,NA,NA,NA,NA,NA,NA,NA,NA,NA,NA,NA,NA,1,Pig
8037,South,Iron Age,IA2,IA2,IA.Late,ExNISP,Forcello,Scarpa,1,Pig,S,MCIV,Metacarpal IV,62,NA,NA,14,NA,NA,NA,NA,NA,NA,NA,NA,NA,NA,NA,NA,NA,NA,NA,NA,NA,NA,NA,1,Pig
8038,South,Iron Age,IA2,IA2,IA.Late,ExNISP,Forcello,Scarpa,1,Pig,S,MCIV,Metacarpal IV,63,NA,NA,15,NA,NA,NA,NA,NA,NA,NA,NA,NA,NA,NA,NA,NA,NA,NA,NA,NA,NA,NA,1,Pig
8039,South,Iron Age,IA2,IA2,IA.Late,ExNISP,Forcello,Scarpa,1,Pig,S,MCIV,Metacarpal IV,65,NA,NA,15,NA,NA,NA,NA,NA,NA,NA,NA,NA,NA,NA,NA,NA,NA,NA,NA,NA,NA,NA,1,Pig
8040,South,Iron Age,IA2,IA2,IA.Late,ExNISP,Forcello,Scarpa,1,Pig,S,MCIV,Metacarpal IV,65,NA,NA,16,NA,NA,NA,NA,NA,NA,NA,NA,NA,NA,NA,NA,NA,NA,NA,NA,NA,NA,NA,1,Pig
8041,South,Iron Age,IA2,IA2,IA.Late,ExNISP,Forcello,Scarpa,1,Pig,S,MCIV,Metacarpal IV,66,NA,NA,15,NA,NA,NA,NA,NA,NA,NA,NA,NA,NA,NA,NA,NA,NA,NA,NA,NA,NA,NA,1,Pig
8042,South,Iron Age,IA2,IA2,IA.Late,ExNISP,Forcello,Scarpa,1,Pig,S,MCIV,Metacarpal IV,70,NA,NA,13,NA,NA,NA,NA,NA,NA,NA,NA,NA,NA,NA,NA,NA,NA,NA,NA,NA,NA,NA,1,Pig
8043,South,Iron Age,IA2,IA2,IA.Late,ExNISP,Forcello,Scarpa,1,Pig,S,MCIV,Metacarpal IV,70,NA,NA,15,NA,NA,NA,NA,NA,NA,NA,NA,NA,NA,NA,NA,NA,NA,NA,NA,NA,NA,NA,1,Pig
8044,South,Iron Age,IA2,IA2,IA.Late,ExNISP,Forcello,Scarpa,1,Pig,S,MCIV,Metacarpal IV,68,NA,NA,12,NA,NA,NA,NA,NA,NA,NA,NA,NA,NA,NA,NA,NA,NA,NA,NA,NA,NA,NA,1,Pig
8045,South,Iron Age,IA2,IA2,IA.Late,ExNISP,Forcello,Scarpa,1,Pig,S,MCIV,Metacarpal IV,65,NA,NA,14,NA,NA,NA,NA,NA,NA,NA,NA,NA,NA,NA,NA,NA,NA,NA,NA,NA,NA,NA,1,Pig
8046,South,Iron Age,IA2,IA2,IA.Late,ExNISP,Forcello,Scarpa,1,Pig,S,MCIV,Metacarpal IV,70,NA,NA,14,NA,NA,NA,NA,NA,NA,NA,NA,NA,NA,NA,NA,NA,NA,NA,NA,NA,NA,NA,1,Pig
8047,South,Iron Age,IA2,IA2,IA.Late,ExNISP,Forcello,Scarpa,1,Pig,S,MCIV,Metacarpal IV,71,NA,NA,14,NA,NA,NA,NA,NA,NA,NA,NA,NA,NA,NA,NA,NA,NA,NA,NA,NA,NA,NA,1,Pig
8048,South,Iron Age,IA2,IA2,IA.Late,ExNISP,Forcello,Scarpa,1,Pig,S,MCIV,Metacarpal IV,70,NA,NA,13,NA,NA,NA,NA,NA,NA,NA,NA,NA,NA,NA,NA,NA,NA,NA,NA,NA,NA,NA,1,Pig
8049,South,Iron Age,IA2,IA2,IA.Late,ExNISP,Forcello,Scarpa,1,Pig,S,MCIV,Metacarpal IV,72,NA,NA,20,NA,NA,NA,NA,NA,NA,NA,NA,NA,NA,NA,NA,NA,NA,NA,NA,NA,NA,NA,1,Pig
8050,South,Iron Age,IA2,IA2,IA.Late,ExNISP,Forcello,Scarpa,1,Pig,S,MCIV,Metacarpal IV,82,NA,NA,21,NA,NA,NA,NA,NA,NA,NA,NA,NA,NA,NA,NA,NA,NA,NA,NA,NA,NA,NA,1,Pig
8051,South,Iron Age,IA2,IA2,IA.Late,ExNISP,Forcello,Scarpa,1,Pig,S,MCIV,Metacarpal IV,74,NA,NA,15,NA,NA,NA,NA,NA,NA,NA,NA,NA,NA,NA,NA,NA,NA,NA,NA,NA,NA,NA,1,Pig
8052,South,Iron Age,IA2,IA2,IA.Late,ExNISP,Forcello,Scarpa,1,Pig,S,MCIV,Metacarpal IV,74,NA,NA,13,NA,NA,NA,NA,NA,NA,NA,NA,NA,NA,NA,NA,NA,NA,NA,NA,NA,NA,NA,1,Pig
8053,South,Iron Age,IA2,IA2,IA.Late,ExNISP,Forcello,Scarpa,1,Pig,S,MCIV,Metacarpal IV,75,NA,NA,18,NA,NA,NA,NA,NA,NA,NA,NA,NA,NA,NA,NA,NA,NA,NA,NA,NA,NA,NA,1,Pig
8054,South,Iron Age,IA2,IA2,IA.Late,ExNISP,Forcello,Scarpa,1,Pig,S,MCIV,Metacarpal IV,67,NA,NA,14,NA,NA,NA,NA,NA,NA,NA,NA,NA,NA,NA,NA,NA,NA,NA,NA,NA,NA,NA,1,Pig
8055,South,Iron Age,IA2,IA2,IA.Late,ExNISP,Forcello,Scarpa,1,Pig,S,MCIV,Metacarpal IV,67,NA,NA,15,NA,NA,NA,NA,NA,NA,NA,NA,NA,NA,NA,NA,NA,NA,NA,NA,NA,NA,NA,1,Pig
8056,South,Iron Age,IA2,IA2,IA.Late,ExNISP,Forcello,Scarpa,1,Pig,S,MCIV,Metacarpal IV,68,NA,NA,14,NA,NA,NA,NA,NA,NA,NA,NA,NA,NA,NA,NA,NA,NA,NA,NA,NA,NA,NA,1,Pig
8057,South,Iron Age,IA2,IA2,IA.Late,ExNISP,Forcello,Scarpa,1,Pig,S,MCIV,Metacarpal IV,68,NA,NA,14,NA,NA,NA,NA,NA,NA,NA,NA,NA,NA,NA,NA,NA,NA,NA,NA,NA,NA,NA,1,Pig
8058,South,Iron Age,IA2,IA2,IA.Late,ExNISP,Forcello,Scarpa,1,Pig,S,MCIV,Metacarpal IV,68,NA,NA,14,NA,NA,NA,NA,NA,NA,NA,NA,NA,NA,NA,NA,NA,NA,NA,NA,NA,NA,NA,1,Pig
8059,South,Iron Age,IA2,IA2,IA.Late,ExNISP,Forcello,Scarpa,1,Pig,S,MCIV,Metacarpal IV,69,NA,NA,15,NA,NA,NA,NA,NA,NA,NA,NA,NA,NA,NA,NA,NA,NA,NA,NA,NA,NA,NA,1,Pig
8060,South,Iron Age,IA2,IA2,IA.Late,ExNISP,Forcello,Scarpa,1,Pig,S,MCIV,Metacarpal IV,81,NA,NA,16,NA,NA,NA,NA,NA,NA,NA,NA,NA,NA,NA,NA,NA,NA,NA,NA,NA,NA,NA,1,Pig
8061,South,Iron Age,IA2,IA2,IA.Late,ExNISP,Forcello,Scarpa,1,Pig,S,MCIV,Metacarpal IV,70,NA,NA,16,NA,NA,NA,NA,NA,NA,NA,NA,NA,NA,NA,NA,NA,NA,NA,NA,NA,NA,NA,1,Pig
8062,South,Iron Age,IA2,IA2,IA.Late,ExNISP,Forcello,Scarpa,1,Pig,S,MCIV,Metacarpal IV,70,NA,NA,16,NA,NA,NA,NA,NA,NA,NA,NA,NA,NA,NA,NA,NA,NA,NA,NA,NA,NA,NA,1,Pig
8063,South,Iron Age,IA2,IA2,IA.Late,ExNISP,Forcello,Scarpa,1,Pig,S,MCIV,Metacarpal IV,71,NA,NA,13,NA,NA,NA,NA,NA,NA,NA,NA,NA,NA,NA,NA,NA,NA,NA,NA,NA,NA,NA,1,Pig
8064,South,Iron Age,IA2,IA2,IA.Late,ExNISP,Forcello,Scarpa,1,Pig,S,MCIV,Metacarpal IV,73,NA,NA,14,NA,NA,NA,NA,NA,NA,NA,NA,NA,NA,NA,NA,NA,NA,NA,NA,NA,NA,NA,1,Pig
8065,South,Iron Age,IA2,IA2,IA.Late,ExNISP,Forcello,Scarpa,1,Pig,S,MCIV,Metacarpal IV,64,NA,NA,16,NA,NA,NA,NA,NA,NA,NA,NA,NA,NA,NA,NA,NA,NA,NA,NA,NA,NA,NA,1,Pig
8066,South,Iron Age,IA2,IA2,IA.Late,ExNISP,Forcello,Scarpa,1,Pig,S,MCIV,Metacarpal IV,66,NA,NA,13,NA,NA,NA,NA,NA,NA,NA,NA,NA,NA,NA,NA,NA,NA,NA,NA,NA,NA,NA,1,Pig
8067,South,Iron Age,IA2,IA2,IA.Late,ExNISP,Forcello,Scarpa,1,Pig,S,MCIV,Metacarpal IV,60,NA,NA,14,NA,NA,NA,NA,NA,NA,NA,NA,NA,NA,NA,NA,NA,NA,NA,NA,NA,NA,NA,1,Pig
8068,South,Iron Age,IA2,IA2,IA.Late,ExNISP,Forcello,Scarpa,1,Pig,S,MCIV,Metacarpal IV,67,NA,NA,17,NA,NA,NA,NA,NA,NA,NA,NA,NA,NA,NA,NA,NA,NA,NA,NA,NA,NA,NA,1,Pig
8718,Veneto,Bronze Age,BA.R,BM-R,BA.Late,NA,Amolara,NA,150,Pig,S,MCIV,Metacarpal IV,NA,NA,NA,15,NA,NA,NA,NA,NA,NA,NA,NA,NA,NA,NA,NA,NA,NA,NA,NA,NA,NA,NA,1,Pig
9202,Veneto,Bronze Age,BA.R,BM-R,BA.Late,NA,Terranegra,Depellegrin & Tecchiati - BR,61,Pig,S,MCIV,Metacarpal IV,73.7,NA,NA,15.2,NA,NA,NA,NA,NA,NA,NA,NA,NA,NA,NA,NA,NA,NA,NA,NA,NA,NA,NA,NA,Pig
9203,Veneto,Bronze Age,BA.R,BM-R,BA.Late,NA,Terranegra,Depellegrin & Tecchiati - BR,61,Pig,S,MCIV,Metacarpal IV,73,NA,NA,15.3,NA,NA,NA,NA,NA,NA,NA,NA,NA,NA,NA,NA,NA,NA,NA,NA,NA,NA,NA,NA,Pig
9204,Veneto,Bronze Age,BA.R,BM-R,BA.Late,NA,Terranegra,Depellegrin & Tecchiati - BR,61,Pig,S,MCIV,Metacarpal IV,71.1,NA,NA,13.3,NA,NA,NA,NA,NA,NA,NA,NA,NA,NA,NA,NA,NA,NA,NA,NA,NA,NA,NA,NA,Pig
9534,Friuli,Iron Age,IA0,BRF-IA0,IA.Early,NA,Concordia Sagittaria,Quartiere Nord-Ovest 2001,167,Pig,S,MCIV,Metacarpal IV,83,NA,NA,17,NA,NA,NA,NA,19,NA,NA,NA,NA,NA,NA,NA,NA,NA,NA,NA,NA,NA,NA,1,Pig
9839,Friuli,Roman,Rom,Early,Roman.Early,Rit,Montereale Valcellina,*US 581/583/606 - Reppublican pits,200,Pig,S,MCIV,Metacarpal IV,67.7,NA,NA,NA,NA,NA,NA,NA,14.6,NA,NA,NA,NA,NA,NA,NA,NA,NA,NA,NA,NA,NA,NA,NA,Pig
9947,Veneto,Roman,Rom.M-L,Mid-Late,Roman.Mid-Late,NA,Oderzo,Pozzo romano - all strata (1st-4th c AD),214,Pig,S,MCIV,Metacarpal IV,61.5,NA,NA,12.5,NA,NA,NA,NA,14.1,NA,NA,NA,NA,NA,NA,NA,NA,NA,NA,NA,NA,NA,NA,NA,Pig
10182,Veneto,Roman,Rom.M-L,Mid-Late,Roman.Mid-Late,NA,Altino,Riedel 1985,56,Pig,S,MCIV,Metacarpal IV,NA,71,NA,NA,NA,NA,NA,NA,16.5,NA,NA,NA,NA,NA,NA,NA,NA,NA,NA,NA,NA,NA,NA,NA,Pig
10759,Friuli,Roman,Rom.Mid,Mid,Roman.Mid,NA,Trieste,Crosada - Phase 3,236,Pig,S,MCIV,Metacarpal IV,61.5,NA,NA,15.2,NA,NA,NA,NA,15.2,NA,NA,NA,NA,NA,NA,NA,NA,NA,NA,NA,NA,NA,NA,NA,Pig
10782,Friuli,Roman,Rom,Mid,Roman.Mid,Rit,Trieste,*Crosada - Phase 4c,178,Pig,S,MCIV,Metacarpal IV,73.8,NA,NA,15.1,NA,13,NA,NA,16.7,NA,NA,NA,NA,NA,NA,NA,NA,NA,NA,NA,NA,NA,NA,NA,Pig
12440,South,Roman,Rom.Early,Early,Roman.Early,NA,Calvatone,Wilkens - Bio data from academia,253,Pig,S,MCIV,Metacarpal IV,68.8,NA,NA,14.8,NA,11.2,NA,NA,15.9,NA,NA,NA,NA,NA,NA,NA,NA,NA,NA,NA,NA,NA,NA,NA,Pig
NA,South,Bronze Age,BA.R,BM-R,BA.Late,NA,Monterenzio Vecchio,NA,446,Pig,S,MCIV,Metacarpal IV,NA,NA,NA,15,NA,NA,NA,NA,NA,NA,NA,NA,NA,NA,NA,NA,NA,NA,NA,NA,NA,NA,NA,NA,Pig
NA,Appennine,Bronze Age,BA.M-R,BM-R,BA.Middle-Late,NA,Case Missiroli,NA,453,Pig,S,MCIV,Metacarpal IV,69.5,NA,NA,13.8,NA,10.7,NA,NA,14.5,NA,NA,NA,NA,NA,NA,NA,NA,NA,NA,NA,NA,NA,NA,NA,Pig
NA,Appennine,Bronze Age,BA.M-R,BM-R,BA.Middle-Late,NA,Case Missiroli,NA,453,Pig,S,MCIV,Metacarpal IV,73,NA,NA,NA,NA,12,NA,NA,14.8,NA,NA,NA,NA,NA,NA,NA,NA,NA,NA,NA,NA,NA,NA,NA,Pig
1507,South,Iron Age,IA2,IA2,IA.Late,NA,Casale di Rivalta,NA,71,Pig,S,MTIII,Metatarsal III,85.5,NA,NA,NA,NA,NA,NA,NA,12.1,NA,NA,NA,NA,NA,NA,NA,NA,NA,NA,NA,NA,NA,NA,NA,Pig
1548,South,Iron Age,IA2,IA2,IA.Late,NA,Spina,Excavations 2007-2009,118,Pig,S,MTIII,Metatarsal III,NA,NA,NA,14.3,NA,12,NA,NA,13.3,NA,NA,NA,NA,NA,NA,NA,NA,NA,NA,NA,NA,NA,NA,NA,Pig
2971,South,Iron Age,IA2,IA2,IA.Late,ExNISP,Monte Bibele,Just Ambiente/Casa 14,79,Pig,S,MTIII,Metatarsal III,63.2,NA,NA,16.2,NA,NA,NA,NA,16.5,NA,NA,NA,NA,NA,NA,NA,NA,NA,NA,NA,NA,NA,NA,NA,Pig
3037,South,Iron Age,IA2,IA2,IA.Late,NA,Marzabotto,Casa 1,119,Pig,S,MTIII,Metatarsal III,80.8,NA,NA,NA,NA,NA,NA,NA,17.1,NA,NA,NA,NA,NA,NA,NA,NA,NA,NA,NA,NA,NA,NA,NA,Pig
3038,South,Iron Age,IA2,IA2,IA.Late,NA,Marzabotto,Casa 1,119,Pig,S,MTIII,Metatarsal III,69.5,NA,NA,NA,NA,NA,NA,NA,14.8,NA,NA,NA,NA,NA,NA,NA,NA,NA,NA,NA,NA,NA,NA,NA,Pig
3681,Friuli,Iron Age,IA0-IA1,BRF-IA0,IA.Early,NA,Pozzuolo,Excavations 1980-83 Final Bronze-Iron Age,55,Pig,S,MTIII,Metatarsal III,75.9,NA,NA,NA,NA,NA,NA,NA,151.1,NA,NA,NA,NA,NA,NA,NA,NA,NA,NA,NA,NA,NA,NA,NA,Pig
3923,North,Bronze Age,BA.M-R,BM-R,BA.Middle-Late,NA,Peschiera,NA,14,Pig,S,MTIII,Metatarsal III,NA,NA,NA,NA,NA,NA,NA,NA,14.8,NA,NA,NA,NA,NA,NA,NA,NA,NA,NA,NA,NA,NA,NA,NA,Pig
4157,South,Bronze Age,BA.M,BM-R,BA.Middle,NA,Poviglio,Villaggio piccolo - MBA,26,Pig,S,MTIII,Metatarsal III,85,NA,NA,NA,NA,NA,NA,NA,16.3,NA,NA,NA,NA,NA,NA,NA,NA,NA,NA,NA,NA,NA,NA,NA,Pig
4498,North,Bronze Age,BA.R,BM-R,BA.Late,NA,Bovolone,Bertoloni et al. 2015,125,Pig,S,MTIII,Metatarsal III,NA,NA,NA,13,NA,NA,NA,NA,NA,NA,NA,NA,NA,NA,NA,NA,NA,NA,NA,NA,NA,NA,NA,1,Pig
4499,North,Bronze Age,BA.R,BM-R,BA.Late,NA,Bovolone,Bertoloni et al. 2015,125,Pig,S,MTIII,Metatarsal III,76,NA,NA,14.9,NA,12,NA,NA,15,NA,NA,NA,NA,NA,NA,NA,NA,NA,NA,NA,NA,NA,NA,1,Pig
7898,North,Bronze Age,BA.M,BM-R,BA.Middle,NA,Nogarole Rocca,I Camponi,17,Pig,S,MTIII,Metatarsal III,73.8,NA,NA,NA,NA,NA,NA,NA,14.7,NA,NA,NA,NA,NA,NA,NA,NA,NA,NA,NA,NA,NA,NA,NA,Pig
8069,South,Iron Age,IA2,IA2,IA.Late,ExNISP,Forcello,Scarpa,1,Pig,S,MTIII,Metatarsal III,73,NA,NA,20,NA,NA,NA,NA,NA,NA,NA,NA,NA,NA,NA,NA,NA,NA,NA,NA,NA,NA,NA,1,Pig
8070,South,Iron Age,IA2,IA2,IA.Late,ExNISP,Forcello,Scarpa,1,Pig,S,MTIII,Metatarsal III,74,NA,NA,22,NA,NA,NA,NA,NA,NA,NA,NA,NA,NA,NA,NA,NA,NA,NA,NA,NA,NA,NA,1,Pig
8071,South,Iron Age,IA2,IA2,IA.Late,ExNISP,Forcello,Scarpa,1,Pig,S,MTIII,Metatarsal III,75,NA,NA,22,NA,NA,NA,NA,NA,NA,NA,NA,NA,NA,NA,NA,NA,NA,NA,NA,NA,NA,NA,1,Pig
8072,South,Iron Age,IA2,IA2,IA.Late,ExNISP,Forcello,Scarpa,1,Pig,S,MTIII,Metatarsal III,68,NA,NA,15,NA,NA,NA,NA,NA,NA,NA,NA,NA,NA,NA,NA,NA,NA,NA,NA,NA,NA,NA,1,Pig
8073,South,Iron Age,IA2,IA2,IA.Late,ExNISP,Forcello,Scarpa,1,Pig,S,MTIII,Metatarsal III,78,NA,NA,23,NA,NA,NA,NA,NA,NA,NA,NA,NA,NA,NA,NA,NA,NA,NA,NA,NA,NA,NA,1,Pig
8074,South,Iron Age,IA2,IA2,IA.Late,ExNISP,Forcello,Scarpa,1,Pig,S,MTIII,Metatarsal III,80,NA,NA,23,NA,NA,NA,NA,NA,NA,NA,NA,NA,NA,NA,NA,NA,NA,NA,NA,NA,NA,NA,1,Pig
8075,South,Iron Age,IA2,IA2,IA.Late,ExNISP,Forcello,Scarpa,1,Pig,S,MTIII,Metatarsal III,82,NA,NA,24,NA,NA,NA,NA,NA,NA,NA,NA,NA,NA,NA,NA,NA,NA,NA,NA,NA,NA,NA,1,Pig
8076,South,Iron Age,IA2,IA2,IA.Late,ExNISP,Forcello,Scarpa,1,Pig,S,MTIII,Metatarsal III,82,NA,NA,22,NA,NA,NA,NA,NA,NA,NA,NA,NA,NA,NA,NA,NA,NA,NA,NA,NA,NA,NA,1,Pig
8077,South,Iron Age,IA2,IA2,IA.Late,ExNISP,Forcello,Scarpa,1,Pig,S,MTIII,Metatarsal III,85,NA,NA,24,NA,NA,NA,NA,NA,NA,NA,NA,NA,NA,NA,NA,NA,NA,NA,NA,NA,NA,NA,1,Pig
8078,South,Iron Age,IA2,IA2,IA.Late,ExNISP,Forcello,Scarpa,1,Pig,S,MTIII,Metatarsal III,73,NA,NA,18,NA,NA,NA,NA,NA,NA,NA,NA,NA,NA,NA,NA,NA,NA,NA,NA,NA,NA,NA,1,Pig
8079,South,Iron Age,IA2,IA2,IA.Late,ExNISP,Forcello,Scarpa,1,Pig,S,MTIII,Metatarsal III,74,NA,NA,20,NA,NA,NA,NA,NA,NA,NA,NA,NA,NA,NA,NA,NA,NA,NA,NA,NA,NA,NA,1,Pig
8080,South,Iron Age,IA2,IA2,IA.Late,ExNISP,Forcello,Scarpa,1,Pig,S,MTIII,Metatarsal III,75,NA,NA,18,NA,NA,NA,NA,NA,NA,NA,NA,NA,NA,NA,NA,NA,NA,NA,NA,NA,NA,NA,1,Pig
8081,South,Iron Age,IA2,IA2,IA.Late,ExNISP,Forcello,Scarpa,1,Pig,S,MTIII,Metatarsal III,69,NA,NA,18,NA,NA,NA,NA,NA,NA,NA,NA,NA,NA,NA,NA,NA,NA,NA,NA,NA,NA,NA,1,Pig
8082,South,Iron Age,IA2,IA2,IA.Late,ExNISP,Forcello,Scarpa,1,Pig,S,MTIII,Metatarsal III,78,NA,NA,10,NA,NA,NA,NA,NA,NA,NA,NA,NA,NA,NA,NA,NA,NA,NA,NA,NA,NA,NA,1,Pig
8083,South,Iron Age,IA2,IA2,IA.Late,ExNISP,Forcello,Scarpa,1,Pig,S,MTIII,Metatarsal III,82,NA,NA,21,NA,NA,NA,NA,NA,NA,NA,NA,NA,NA,NA,NA,NA,NA,NA,NA,NA,NA,NA,1,Pig
8084,South,Iron Age,IA2,IA2,IA.Late,ExNISP,Forcello,Scarpa,1,Pig,S,MTIII,Metatarsal III,82,NA,NA,22,NA,NA,NA,NA,NA,NA,NA,NA,NA,NA,NA,NA,NA,NA,NA,NA,NA,NA,NA,1,Pig
8085,South,Iron Age,IA2,IA2,IA.Late,ExNISP,Forcello,Scarpa,1,Pig,S,MTIII,Metatarsal III,84,NA,NA,24,NA,NA,NA,NA,NA,NA,NA,NA,NA,NA,NA,NA,NA,NA,NA,NA,NA,NA,NA,1,Pig
8086,South,Iron Age,IA2,IA2,IA.Late,ExNISP,Forcello,Scarpa,1,Pig,S,MTIII,Metatarsal III,71,NA,NA,21,NA,NA,NA,NA,NA,NA,NA,NA,NA,NA,NA,NA,NA,NA,NA,NA,NA,NA,NA,1,Pig
8087,South,Iron Age,IA2,IA2,IA.Late,ExNISP,Forcello,Scarpa,1,Pig,S,MTIII,Metatarsal III,74,NA,NA,20,NA,NA,NA,NA,NA,NA,NA,NA,NA,NA,NA,NA,NA,NA,NA,NA,NA,NA,NA,1,Pig
8088,South,Iron Age,IA2,IA2,IA.Late,ExNISP,Forcello,Scarpa,1,Pig,S,MTIII,Metatarsal III,66,NA,NA,18,NA,NA,NA,NA,NA,NA,NA,NA,NA,NA,NA,NA,NA,NA,NA,NA,NA,NA,NA,1,Pig
8089,South,Iron Age,IA2,IA2,IA.Late,ExNISP,Forcello,Scarpa,1,Pig,S,MTIII,Metatarsal III,78,NA,NA,23,NA,NA,NA,NA,NA,NA,NA,NA,NA,NA,NA,NA,NA,NA,NA,NA,NA,NA,NA,1,Pig
8090,South,Iron Age,IA2,IA2,IA.Late,ExNISP,Forcello,Scarpa,1,Pig,S,MTIII,Metatarsal III,79,NA,NA,20,NA,NA,NA,NA,NA,NA,NA,NA,NA,NA,NA,NA,NA,NA,NA,NA,NA,NA,NA,1,Pig
8091,South,Iron Age,IA2,IA2,IA.Late,ExNISP,Forcello,Scarpa,1,Pig,S,MTIII,Metatarsal III,80,NA,NA,21,NA,NA,NA,NA,NA,NA,NA,NA,NA,NA,NA,NA,NA,NA,NA,NA,NA,NA,NA,1,Pig
8092,South,Iron Age,IA2,IA2,IA.Late,ExNISP,Forcello,Scarpa,1,Pig,S,MTIII,Metatarsal III,82,NA,NA,25,NA,NA,NA,NA,NA,NA,NA,NA,NA,NA,NA,NA,NA,NA,NA,NA,NA,NA,NA,1,Pig
8093,South,Iron Age,IA2,IA2,IA.Late,ExNISP,Forcello,Scarpa,1,Pig,S,MTIII,Metatarsal III,85,NA,NA,25,NA,NA,NA,NA,NA,NA,NA,NA,NA,NA,NA,NA,NA,NA,NA,NA,NA,NA,NA,1,Pig
8569,Veneto,Bronze Age,BA.R,BM-R,BA.Late,NA,Larda II,NA,148,Pig,S,MTIII,Metatarsal III,NA,NA,NA,15.6,NA,NA,NA,NA,NA,NA,NA,NA,NA,NA,NA,NA,NA,NA,NA,NA,NA,NA,NA,1,Pig
8571,Veneto,Bronze Age,BA.R,BM-R,BA.Late,NA,Larda II,NA,148,Pig,S,MTIII,Metatarsal III,NA,NA,NA,15,NA,NA,NA,NA,NA,NA,NA,NA,NA,NA,NA,NA,NA,NA,NA,NA,NA,NA,NA,1,Pig
8724,Veneto,Bronze Age,BA.R,BM-R,BA.Late,NA,Amolara,NA,150,Pig,S,MTIII,Metatarsal III,NA,NA,NA,13,NA,NA,NA,NA,NA,NA,NA,NA,NA,NA,NA,NA,NA,NA,NA,NA,NA,NA,NA,1,Pig
8725,Veneto,Bronze Age,BA.R,BM-R,BA.Late,NA,Amolara,NA,150,Pig,S,MTIII,Metatarsal III,NA,NA,NA,14,NA,11,NA,NA,NA,NA,NA,NA,NA,NA,NA,NA,NA,NA,NA,NA,NA,NA,NA,1,Pig
8726,Veneto,Bronze Age,BA.R,BM-R,BA.Late,NA,Amolara,NA,150,Pig,S,MTIII,Metatarsal III,74,NA,NA,13,NA,11,NA,NA,14,NA,NA,NA,NA,NA,NA,NA,NA,NA,NA,NA,NA,NA,NA,1,Pig
9205,Veneto,Bronze Age,BA.R,BM-R,BA.Late,NA,Terranegra,Depellegrin & Tecchiati - BR,61,Pig,S,MTIII,Metatarsal III,83.7,NA,NA,12.9,NA,NA,NA,NA,14.3,NA,NA,NA,NA,NA,NA,NA,NA,NA,NA,NA,NA,NA,NA,*,Pig
9207,Veneto,Iron Age,IA1-IA2,IA1,IA.Mid,NA,Terranegra,Depellegrin & Tecchiati - IA,156,Pig,S,MTIII,Metatarsal III,78.9,NA,NA,14.9,NA,NA,NA,NA,NA,NA,NA,NA,NA,NA,NA,NA,NA,NA,NA,NA,NA,NA,NA,*,Pig
9209,Veneto,Iron Age,IA1-IA2,IA1,IA.Mid,NA,Terranegra,Depellegrin & Tecchiati - IA,156,Pig,S,MTIII,Metatarsal III,88.8,NA,NA,16.4,NA,NA,NA,NA,NA,NA,NA,NA,NA,NA,NA,NA,NA,NA,NA,NA,NA,NA,NA,NA,Pig
9416,Friuli,Iron Age,IA2,IA2,IA.Late,NA,Gradisca,Iron Age II,170,Pig,S,MTIII,Metatarsal III,NA,NA,NA,314.3,NA,NA,NA,NA,NA,NA,NA,NA,NA,NA,NA,NA,NA,NA,NA,NA,NA,NA,NA,NA,Pig
9540,Friuli,Iron Age,IA0,BRF-IA0,IA.Early,NA,Concordia Sagittaria,Quartiere Nord-Ovest 2001,167,Pig,S,MTIII,Metatarsal III,90,NA,NA,15,NA,NA,NA,NA,17,NA,NA,NA,NA,NA,NA,NA,NA,NA,NA,NA,NA,NA,NA,1,Pig
9843,Friuli,Roman,Rom,Early,Roman.Early,Rit,Montereale Valcellina,*US 581/583/606 - Reppublican pits,200,Pig,S,MTIII,Metatarsal III,NA,NA,NA,12.2,NA,NA,NA,NA,NA,NA,NA,NA,NA,NA,NA,NA,NA,NA,NA,NA,NA,NA,NA,NA,Pig
9956,Veneto,Roman,Rom.M-L,Mid-Late,Roman.Mid-Late,NA,Oderzo,Pozzo romano - all strata (1st-4th c AD),214,Pig,S,MTIII,Metatarsal III,75.2,NA,NA,14.9,NA,NA,NA,NA,15.5,NA,NA,NA,NA,NA,NA,NA,NA,NA,NA,NA,NA,NA,NA,NA,Pig
12446,South,Roman,Rom.Early,Early,Roman.Early,NA,Calvatone,Wilkens - Bio data from academia,253,Pig,S,MTIII,Metatarsal III,75.1,NA,NA,15.2,NA,13.1,NA,NA,18,NA,NA,NA,NA,NA,NA,NA,NA,NA,NA,NA,NA,NA,NA,NA,Pig
12447,South,Roman,Rom.Early,Early,Roman.Early,NA,Calvatone,Wilkens - Bio data from academia,253,Pig,S,MTIII,Metatarsal III,74.1,NA,NA,15.1,NA,11,NA,NA,NA,NA,NA,NA,NA,NA,NA,NA,NA,NA,NA,NA,NA,NA,NA,NA,Pig
NA,South,Bronze Age,BA.R,BM-R,BA.Late,NA,Monterenzio Vecchio,NA,446,Pig,S,MTIII,Metatarsal III,68.8,NA,NA,15.2,NA,NA,NA,NA,14.7,NA,NA,NA,NA,NA,NA,NA,NA,NA,NA,NA,NA,NA,NA,NA,Pig
NA,South,Bronze Age,BA.R,BM-R,BA.Late,NA,Monterenzio Vecchio,NA,446,Pig,S,MTIII,Metatarsal III,77,NA,NA,13,14,NA,NA,NA,16,NA,NA,NA,NA,NA,NA,NA,NA,NA,NA,NA,NA,NA,NA,NA,Pig
NA,Appennine,Bronze Age,BA.M-R,BM-R,BA.Middle-Late,NA,Case Missiroli,NA,453,Pig,S,MTIII,Metatarsal III,NA,NA,NA,15.3,NA,NA,NA,NA,NA,NA,NA,NA,NA,NA,NA,NA,NA,NA,NA,NA,NA,NA,NA,NA,Pig
NA,Veneto,Iron Age,IA1,IA1,IA.Mid,NA,Padova,"Via S. Canziano, phases I-III",466,Pig,S,MTIII,Metatarsal III,79.9,NA,NA,16.5,NA,13.1,NA,NA,15.4,NA,NA,NA,NA,NA,NA,NA,NA,NA,NA,NA,NA,NA,NA,NA,Pig
NA,Veneto,Iron Age,IA1,IA1,IA.Mid,NA,Padova,"Via S. Canziano, phases I-III",466,Pig,S,MTIII,Metatarsal III,81.7,NA,NA,14.4,NA,12.9,NA,NA,15.5,NA,NA,NA,NA,NA,NA,NA,NA,NA,NA,NA,NA,NA,NA,NA,Pig
471,North,Iron Age,IA2,IA2,IA.Late,NA,Colognola ai Colli,NA,54,Pig,S,MTIV,Metatarsal IV,84.8,NA,NA,NA,NA,NA,NA,NA,16,NA,NA,NA,NA,NA,NA,NA,NA,NA,NA,NA,NA,NA,NA,NA,Pig
730,North,Bronze Age,BA.R,BM-R,BA.Late,NA,Isolone,NA,16,Pig,S,MTIV,Metatarsal IV,81.3,NA,NA,NA,NA,NA,NA,NA,14,NA,NA,NA,NA,NA,NA,NA,NA,NA,NA,NA,NA,NA,NA,NA,Pig
731,North,Bronze Age,BA.R,BM-R,BA.Late,NA,Isolone,NA,16,Pig,S,MTIV,Metatarsal IV,82.5,NA,NA,NA,NA,NA,NA,NA,14,NA,NA,NA,NA,NA,NA,NA,NA,NA,NA,NA,NA,NA,NA,NA,Pig
732,North,Bronze Age,BA.R,BM-R,BA.Late,NA,Isolone,NA,16,Pig,S,MTIV,Metatarsal IV,89.7,NA,NA,NA,NA,NA,NA,NA,15.8,NA,NA,NA,NA,NA,NA,NA,NA,NA,NA,NA,NA,NA,NA,NA,Pig
733,North,Bronze Age,BA.R,BM-R,BA.Late,NA,Isolone,NA,16,Pig,S,MTIV,Metatarsal IV,NA,NA,NA,NA,NA,NA,NA,NA,14.2,NA,NA,NA,NA,NA,NA,NA,NA,NA,NA,NA,NA,NA,NA,NA,Pig
1534,South,Iron Age,IA2,IA2,IA.Late,NA,Spina,Excavations 2007-2009,118,Pig,S,MTIV,Metatarsal IV,NA,NA,NA,14.4,NA,11,NA,NA,12.8,NA,NA,NA,NA,NA,NA,NA,NA,NA,NA,NA,NA,NA,NA,NA,Pig
1791,North,Iron Age,IA2,IA2,IA.Late,NA,Santorso,All phases,92,Pig,S,MTIV,Metatarsal IV,78.2,NA,NA,13.6,NA,NA,NA,NA,15.3,NA,NA,NA,NA,NA,NA,NA,NA,NA,NA,NA,NA,NA,NA,NA,Pig
2534,Appennine,Bronze Age,BA.M,BM-R,BA.Middle,NA,Solarolo,via Odriere Settore 1,123,Pig,S,MTIV,Metatarsal IV,97.8,NA,NA,15.6,NA,NA,NA,NA,NA,NA,NA,NA,NA,NA,NA,NA,NA,NA,NA,NA,NA,NA,NA,NA,Pig
2535,Appennine,Bronze Age,BA.M,BM-R,BA.Middle,NA,Solarolo,via Odriere Settore 1,123,Pig,S,MTIV,Metatarsal IV,88.6,NA,NA,13.7,NA,NA,NA,NA,15.1,NA,NA,NA,NA,NA,NA,NA,NA,NA,NA,NA,NA,NA,NA,NA,Pig
2536,Appennine,Bronze Age,BA.M,BM-R,BA.Middle,NA,Solarolo,via Odriere Settore 1,123,Pig,S,MTIV,Metatarsal IV,97.9,NA,NA,NA,NA,NA,NA,NA,16.8,NA,NA,NA,NA,NA,NA,NA,NA,NA,NA,NA,NA,NA,NA,NA,Pig
2537,Appennine,Bronze Age,BA.M,BM-R,BA.Middle,NA,Solarolo,via Odriere Settore 1,123,Pig,S,MTIV,Metatarsal IV,99.9,NA,NA,15.3,NA,NA,NA,NA,17,NA,NA,NA,NA,NA,NA,NA,NA,NA,NA,NA,NA,NA,NA,NA,Pig
2972,South,Iron Age,IA2,IA2,IA.Late,ExNISP,Monte Bibele,Just Ambiente/Casa 14,79,Pig,S,MTIV,Metatarsal IV,70.9,NA,NA,15.5,NA,NA,NA,NA,17,NA,NA,NA,NA,NA,NA,NA,NA,NA,NA,NA,NA,NA,NA,NA,Pig
3039,South,Iron Age,IA2,IA2,IA.Late,NA,Marzabotto,Casa 1,119,Pig,S,MTIV,Metatarsal IV,83.8,NA,NA,NA,NA,NA,NA,NA,16.5,NA,NA,NA,NA,NA,NA,NA,NA,NA,NA,NA,NA,NA,NA,NA,Pig
3040,South,Iron Age,IA2,IA2,IA.Late,NA,Marzabotto,Casa 1,119,Pig,S,MTIV,Metatarsal IV,86,NA,NA,NA,NA,NA,NA,NA,15.6,NA,NA,NA,NA,NA,NA,NA,NA,NA,NA,NA,NA,NA,NA,NA,Pig
3041,South,Iron Age,IA2,IA2,IA.Late,NA,Marzabotto,Casa 1,119,Pig,S,MTIV,Metatarsal IV,85,NA,NA,NA,NA,NA,NA,NA,16.5,NA,NA,NA,NA,NA,NA,NA,NA,NA,NA,NA,NA,NA,NA,NA,Pig
3450,North,Iron Age,IA2,IA2,IA.Late,NA,Colognola ai Colli,NA,54,Pig,S,MTIV,Metatarsal IV,NA,NA,NA,NA,NA,NA,NA,NA,16.6,NA,NA,NA,NA,NA,NA,NA,NA,NA,NA,NA,NA,NA,NA,NA,Pig
4158,South,Bronze Age,BA.M,BM-R,BA.Middle,NA,Poviglio,Villaggio piccolo - MBA,26,Pig,S,MTIV,Metatarsal IV,91,NA,NA,NA,NA,NA,NA,NA,17.7,NA,NA,NA,NA,NA,NA,NA,NA,NA,NA,NA,NA,NA,NA,NA,Pig
4501,North,Bronze Age,BA.R,BM-R,BA.Late,NA,Bovolone,Bertoloni et al. 2015,125,Pig,S,MTIV,Metatarsal IV,NA,NA,NA,16,NA,NA,NA,NA,NA,NA,NA,NA,NA,NA,NA,NA,NA,NA,NA,NA,NA,NA,NA,1,Pig
4502,North,Bronze Age,BA.R,BM-R,BA.Late,NA,Bovolone,Bertoloni et al. 2015,125,Pig,S,MTIV,Metatarsal IV,NA,NA,NA,12,NA,NA,NA,NA,NA,NA,NA,NA,NA,NA,NA,NA,NA,NA,NA,NA,NA,NA,NA,1,Pig
4503,North,Bronze Age,BA.R,BM-R,BA.Late,NA,Bovolone,Bertoloni et al. 2015,125,Pig,S,MTIV,Metatarsal IV,NA,NA,NA,13,NA,NA,NA,NA,NA,NA,NA,NA,NA,NA,NA,NA,NA,NA,NA,NA,NA,NA,NA,1,Pig
7899,North,Bronze Age,BA.M,BM-R,BA.Middle,NA,Nogarole Rocca,I Camponi,17,Pig,S,MTIV,Metatarsal IV,NA,NA,NA,NA,NA,NA,NA,NA,17.7,NA,NA,NA,NA,NA,NA,NA,NA,NA,NA,NA,NA,NA,NA,NA,Pig
8094,South,Iron Age,IA2,IA2,IA.Late,ExNISP,Forcello,Scarpa,1,Pig,S,MTIV,Metatarsal IV,67,NA,NA,15,NA,NA,NA,NA,NA,NA,NA,NA,NA,NA,NA,NA,NA,NA,NA,NA,NA,NA,NA,1,Pig
8095,South,Iron Age,IA2,IA2,IA.Late,ExNISP,Forcello,Scarpa,1,Pig,S,MTIV,Metatarsal IV,79,NA,NA,21,NA,NA,NA,NA,NA,NA,NA,NA,NA,NA,NA,NA,NA,NA,NA,NA,NA,NA,NA,1,Pig
8096,South,Iron Age,IA2,IA2,IA.Late,ExNISP,Forcello,Scarpa,1,Pig,S,MTIV,Metatarsal IV,80,NA,NA,22,NA,NA,NA,NA,NA,NA,NA,NA,NA,NA,NA,NA,NA,NA,NA,NA,NA,NA,NA,1,Pig
8097,South,Iron Age,IA2,IA2,IA.Late,ExNISP,Forcello,Scarpa,1,Pig,S,MTIV,Metatarsal IV,83,NA,NA,22,NA,NA,NA,NA,NA,NA,NA,NA,NA,NA,NA,NA,NA,NA,NA,NA,NA,NA,NA,1,Pig
8098,South,Iron Age,IA2,IA2,IA.Late,ExNISP,Forcello,Scarpa,1,Pig,S,MTIV,Metatarsal IV,84,NA,NA,24,NA,NA,NA,NA,NA,NA,NA,NA,NA,NA,NA,NA,NA,NA,NA,NA,NA,NA,NA,1,Pig
8099,South,Iron Age,IA2,IA2,IA.Late,ExNISP,Forcello,Scarpa,1,Pig,S,MTIV,Metatarsal IV,71,NA,NA,19,NA,NA,NA,NA,NA,NA,NA,NA,NA,NA,NA,NA,NA,NA,NA,NA,NA,NA,NA,1,Pig
8100,South,Iron Age,IA2,IA2,IA.Late,ExNISP,Forcello,Scarpa,1,Pig,S,MTIV,Metatarsal IV,78,NA,NA,21,NA,NA,NA,NA,NA,NA,NA,NA,NA,NA,NA,NA,NA,NA,NA,NA,NA,NA,NA,1,Pig
8101,South,Iron Age,IA2,IA2,IA.Late,ExNISP,Forcello,Scarpa,1,Pig,S,MTIV,Metatarsal IV,81,NA,NA,21,NA,NA,NA,NA,NA,NA,NA,NA,NA,NA,NA,NA,NA,NA,NA,NA,NA,NA,NA,1,Pig
8102,South,Iron Age,IA2,IA2,IA.Late,ExNISP,Forcello,Scarpa,1,Pig,S,MTIV,Metatarsal IV,81,NA,NA,22,NA,NA,NA,NA,NA,NA,NA,NA,NA,NA,NA,NA,NA,NA,NA,NA,NA,NA,NA,1,Pig
8103,South,Iron Age,IA2,IA2,IA.Late,ExNISP,Forcello,Scarpa,1,Pig,S,MTIV,Metatarsal IV,84,NA,NA,24,NA,NA,NA,NA,NA,NA,NA,NA,NA,NA,NA,NA,NA,NA,NA,NA,NA,NA,NA,1,Pig
8104,South,Iron Age,IA2,IA2,IA.Late,ExNISP,Forcello,Scarpa,1,Pig,S,MTIV,Metatarsal IV,74,NA,NA,20,NA,NA,NA,NA,NA,NA,NA,NA,NA,NA,NA,NA,NA,NA,NA,NA,NA,NA,NA,1,Pig
8105,South,Iron Age,IA2,IA2,IA.Late,ExNISP,Forcello,Scarpa,1,Pig,S,MTIV,Metatarsal IV,77,NA,NA,22,NA,NA,NA,NA,NA,NA,NA,NA,NA,NA,NA,NA,NA,NA,NA,NA,NA,NA,NA,1,Pig
8106,South,Iron Age,IA2,IA2,IA.Late,ExNISP,Forcello,Scarpa,1,Pig,S,MTIV,Metatarsal IV,82,NA,NA,21,NA,NA,NA,NA,NA,NA,NA,NA,NA,NA,NA,NA,NA,NA,NA,NA,NA,NA,NA,1,Pig
8107,South,Iron Age,IA2,IA2,IA.Late,ExNISP,Forcello,Scarpa,1,Pig,S,MTIV,Metatarsal IV,82,NA,NA,21,NA,NA,NA,NA,NA,NA,NA,NA,NA,NA,NA,NA,NA,NA,NA,NA,NA,NA,NA,1,Pig
8108,South,Iron Age,IA2,IA2,IA.Late,ExNISP,Forcello,Scarpa,1,Pig,S,MTIV,Metatarsal IV,88,NA,NA,25,NA,NA,NA,NA,NA,NA,NA,NA,NA,NA,NA,NA,NA,NA,NA,NA,NA,NA,NA,1,Pig
8656,Veneto,Bronze Age,BA.R,BM-R,BA.Late,NA,Campestrin,NA,149,Pig,S,MTIV,Metatarsal IV,NA,NA,NA,13,NA,12,NA,NA,NA,NA,NA,NA,NA,NA,NA,NA,NA,NA,NA,NA,NA,NA,NA,1,Pig
8657,Veneto,Bronze Age,BA.R,BM-R,BA.Late,NA,Campestrin,NA,149,Pig,S,MTIV,Metatarsal IV,NA,NA,NA,13,NA,12,NA,NA,NA,NA,NA,NA,NA,NA,NA,NA,NA,NA,NA,NA,NA,NA,NA,1,Pig
8658,Veneto,Bronze Age,BA.R,BM-R,BA.Late,NA,Campestrin,NA,149,Pig,S,MTIV,Metatarsal IV,86,NA,NA,NA,NA,12,NA,NA,16,NA,NA,NA,NA,NA,NA,NA,NA,NA,NA,NA,NA,NA,NA,1,Pig
8727,Veneto,Bronze Age,BA.R,BM-R,BA.Late,NA,Amolara,NA,150,Pig,S,MTIV,Metatarsal IV,NA,NA,NA,15,NA,NA,NA,NA,NA,NA,NA,NA,NA,NA,NA,NA,NA,NA,NA,NA,NA,NA,NA,1,Pig
9206,Veneto,Bronze Age,BA.R,BM-R,BA.Late,NA,Terranegra,Depellegrin & Tecchiati - BR,61,Pig,S,MTIV,Metatarsal IV,84.4,NA,NA,14.6,NA,NA,NA,NA,NA,NA,NA,NA,NA,NA,NA,NA,NA,NA,NA,NA,NA,NA,NA,NA,Pig
9208,Veneto,Iron Age,IA1-IA2,IA1,IA.Mid,NA,Terranegra,Depellegrin & Tecchiati - IA,156,Pig,S,MTIV,Metatarsal IV,85.3,NA,NA,14.1,NA,NA,NA,NA,NA,NA,NA,NA,NA,NA,NA,NA,NA,NA,NA,NA,NA,NA,NA,NA,Pig
9361,Friuli,Iron Age,IA0,IA1,IA.Early,NA,Gradisca,Iron Age I,169,Pig,S,MTIV,Metatarsal IV,86,NA,NA,NA,NA,NA,NA,NA,16.5,NA,NA,NA,NA,NA,NA,NA,NA,NA,NA,NA,NA,NA,NA,NA,Pig
9957,Veneto,Roman,Rom.M-L,Mid-Late,Roman.Mid-Late,NA,Oderzo,Pozzo romano - all strata (1st-4th c AD),214,Pig,S,MTIV,Metatarsal IV,78.2,NA,NA,14.4,NA,NA,NA,NA,14.6,NA,NA,NA,NA,NA,NA,NA,NA,NA,NA,NA,NA,NA,NA,NA,Pig
10734,Friuli,Roman,Rom.Early,Early,Roman.Early,NA,Trieste,Crosada - Phase 2,235,Pig,S,MTIV,Metatarsal IV,NA,NA,NA,14,NA,NA,NA,NA,NA,NA,NA,NA,NA,NA,NA,NA,NA,NA,NA,NA,NA,NA,NA,NA,Pig
10804,Friuli,Roman,Rom,Mid,Roman.Mid,Rit,Trieste,*Crosada - Phase 4c,178,Pig,S,MTIV,Metatarsal IV,NA,NA,NA,15.1,NA,NA,NA,NA,NA,NA,NA,NA,NA,NA,NA,NA,NA,NA,NA,NA,NA,NA,NA,NA,Pig
NA,Veneto,Iron Age,IA1,IA1,IA.Mid,NA,Padova,"Via S. Canziano, phases I-III",466,Pig,S,MTIV,Metatarsal IV,NA,NA,NA,12.5,NA,NA,NA,NA,NA,NA,NA,NA,NA,NA,NA,NA,NA,NA,NA,NA,NA,NA,NA,NA,Pig
10785,Friuli,Roman,Rom,Mid,Roman.Mid,Rit,Trieste,*Crosada - Phase 4c,178,Pig,S,P1,Phalanx I,41.5,NA,NA,21.6,NA,16.6,NA,NA,18.9,NA,NA,NA,NA,NA,NA,NA,NA,NA,NA,NA,NA,NA,NA,NA,Pig
10786,Friuli,Roman,Rom,Mid,Roman.Mid,Rit,Trieste,*Crosada - Phase 4c,178,Pig,S,P1,Phalanx I,42.7,NA,NA,20.9,NA,15.3,NA,NA,19.6,NA,NA,NA,NA,NA,NA,NA,NA,NA,NA,NA,NA,NA,NA,NA,Pig
10787,Friuli,Roman,Rom,Mid,Roman.Mid,Rit,Trieste,*Crosada - Phase 4c,178,Pig,S,P1,Phalanx I,39.6,NA,NA,16.5,NA,14,NA,NA,16.1,NA,NA,NA,NA,NA,NA,NA,NA,NA,NA,NA,NA,NA,NA,NA,Pig
10788,Friuli,Roman,Rom,Mid,Roman.Mid,Rit,Trieste,*Crosada - Phase 4c,178,Pig,S,P1,Phalanx I,38.2,NA,NA,16.1,NA,13.3,NA,NA,14.9,NA,NA,NA,NA,NA,NA,NA,NA,NA,NA,NA,NA,NA,NA,NA,Pig
11322,Friuli,Bronze Age,BA.R-F,BRF-IA0,BA.Late,NA,Udine,'Late Bronze Age',247,Pig,S,P1,Phalanx I,NA,NA,NA,16.4,NA,12.3,NA,NA,14.6,NA,NA,NA,NA,36,NA,NA,NA,NA,NA,NA,NA,NA,NA,NA,Pig
1431,South,Iron Age,IA1,IA1,IA.Mid,NA,Marzabotto,V 3,68,Pig,S,RA,Radius,NA,NA,NA,30.8,NA,NA,NA,NA,NA,NA,NA,NA,NA,NA,NA,NA,NA,NA,NA,NA,NA,NA,NA,NA,Pig
1432,South,Iron Age,IA1,IA1,IA.Mid,NA,Marzabotto,V 3,68,Pig,S,RA,Radius,NA,NA,NA,27.1,NA,NA,NA,NA,NA,NA,NA,NA,NA,NA,NA,NA,NA,NA,NA,NA,NA,NA,NA,NA,Pig
1433,South,Iron Age,IA1,IA1,IA.Mid,NA,Marzabotto,V 3,68,Pig,S,RA,Radius,NA,NA,NA,27,NA,NA,NA,NA,NA,NA,NA,NA,NA,NA,NA,NA,NA,NA,NA,NA,NA,NA,NA,NA,Pig
1434,South,Iron Age,IA1,IA1,IA.Mid,NA,Marzabotto,V 3,68,Pig,S,RA,Radius,NA,NA,NA,26.2,NA,NA,NA,NA,NA,NA,NA,NA,NA,NA,NA,NA,NA,NA,NA,NA,NA,NA,NA,NA,Pig
1435,South,Iron Age,IA1,IA1,IA.Mid,NA,Marzabotto,V 3,68,Pig,S,RA,Radius,NA,NA,NA,25.4,NA,NA,NA,NA,NA,NA,NA,NA,NA,NA,NA,NA,NA,NA,NA,NA,NA,NA,NA,NA,Pig
1439,South,Iron Age,IA1,IA1,IA.Mid,NA,Marzabotto,US 27/29,69,Pig,S,RA,Radius,NA,NA,NA,25.2,NA,NA,NA,NA,NA,NA,NA,NA,NA,NA,NA,NA,NA,NA,NA,NA,NA,NA,NA,NA,Pig
1440,South,Iron Age,IA1,IA1,IA.Mid,NA,Marzabotto,US 27/29,69,Pig,S,RA,Radius,NA,NA,NA,24.8,NA,NA,NA,NA,NA,NA,NA,NA,NA,NA,NA,NA,NA,NA,NA,NA,NA,NA,NA,NA,Pig
1471,South,Iron Age,IA2,IA2,IA.Late,NA,Marzabotto,US 8,78,Pig,S,RA,Radius,NA,NA,NA,28.9,NA,NA,NA,NA,NA,NA,NA,NA,NA,NA,NA,NA,NA,NA,NA,NA,NA,NA,NA,NA,Pig
1472,South,Iron Age,IA2,IA2,IA.Late,NA,Marzabotto,US 8,78,Pig,S,RA,Radius,NA,NA,NA,28.7,NA,NA,NA,NA,NA,NA,NA,NA,NA,NA,NA,NA,NA,NA,NA,NA,NA,NA,NA,NA,Pig
1473,South,Iron Age,IA2,IA2,IA.Late,NA,Marzabotto,US 8,78,Pig,S,RA,Radius,NA,NA,NA,27.2,NA,NA,NA,NA,NA,NA,NA,NA,NA,NA,NA,NA,NA,NA,NA,NA,NA,NA,NA,NA,Pig
1474,South,Iron Age,IA2,IA2,IA.Late,NA,Marzabotto,US 8,78,Pig,S,RA,Radius,NA,NA,NA,26.7,NA,NA,NA,NA,NA,NA,NA,NA,NA,NA,NA,NA,NA,NA,NA,NA,NA,NA,NA,NA,Pig
1475,South,Iron Age,IA2,IA2,IA.Late,NA,Marzabotto,US 8,78,Pig,S,RA,Radius,NA,NA,NA,26.4,NA,NA,NA,NA,NA,NA,NA,NA,NA,NA,NA,NA,NA,NA,NA,NA,NA,NA,NA,NA,Pig
1476,South,Iron Age,IA2,IA2,IA.Late,NA,Marzabotto,US 8,78,Pig,S,RA,Radius,NA,NA,NA,26.3,NA,NA,NA,NA,NA,NA,NA,NA,NA,NA,NA,NA,NA,NA,NA,NA,NA,NA,NA,NA,Pig
1503,South,Iron Age,IA2,IA2,IA.Late,NA,Casale di Rivalta,NA,71,Pig,S,RA,Radius,NA,NA,NA,28.3,NA,NA,NA,NA,27.9,NA,NA,NA,NA,NA,NA,NA,NA,NA,NA,NA,NA,NA,NA,NA,Pig
1525,South,Iron Age,IA2,IA2,IA.Late,NA,Case Vandelli,NA,74,Pig,S,RA,Radius,NA,NA,NA,28.1,NA,NA,NA,NA,NA,NA,NA,NA,NA,NA,NA,NA,NA,NA,NA,NA,NA,NA,NA,NA,Pig
1542,South,Iron Age,IA2,IA2,IA.Late,NA,Spina,Excavations 2007-2009,118,Pig,S,RA,Radius,NA,NA,NA,24.6,NA,19.5,NA,NA,NA,NA,NA,NA,NA,NA,NA,NA,NA,NA,NA,NA,NA,NA,NA,NA,Pig
1598,South,Bronze Age,BA.M,BM-R,BA.Middle,NA,Tabina di Margreta,Bronze Age,22,Pig,S,RA,Radius,NA,NA,NA,28,18,NA,NA,NA,NA,NA,NA,NA,NA,NA,NA,NA,NA,NA,NA,NA,NA,NA,NA,0.5,Pig
1599,South,Bronze Age,BA.M,BM-R,BA.Middle,NA,Tabina di Margreta,Bronze Age,22,Pig,S,RA,Radius,NA,NA,NA,26,18,NA,NA,NA,NA,NA,NA,NA,NA,NA,NA,NA,NA,NA,NA,NA,NA,NA,NA,0.5,Pig
1963,North,Iron Age,IA2,IA2,IA.Late,NA,Castelrotto,NA,53,Pig,S,RA,Radius,NA,NA,NA,23.5,NA,NA,NA,NA,NA,NA,NA,NA,NA,NA,NA,NA,NA,NA,NA,NA,NA,NA,NA,NA,Pig
1964,North,Iron Age,IA2,IA2,IA.Late,NA,Castelrotto,NA,53,Pig,S,RA,Radius,NA,NA,NA,26,NA,NA,NA,NA,NA,NA,NA,NA,NA,NA,NA,NA,NA,NA,NA,NA,NA,NA,NA,NA,Pig
1965,North,Iron Age,IA2,IA2,IA.Late,NA,Castelrotto,NA,53,Pig,S,RA,Radius,NA,NA,NA,26.6,NA,NA,NA,NA,NA,NA,NA,NA,NA,NA,NA,NA,NA,NA,NA,NA,NA,NA,NA,NA,Pig
1966,North,Iron Age,IA2,IA2,IA.Late,NA,Castelrotto,NA,53,Pig,S,RA,Radius,NA,NA,NA,27.6,NA,NA,NA,NA,NA,NA,NA,NA,NA,NA,NA,NA,NA,NA,NA,NA,NA,NA,NA,NA,Pig
1967,North,Iron Age,IA2,IA2,IA.Late,NA,Castelrotto,NA,53,Pig,S,RA,Radius,NA,NA,NA,27.8,NA,NA,NA,NA,NA,NA,NA,NA,NA,NA,NA,NA,NA,NA,NA,NA,NA,NA,NA,NA,Pig
1968,North,Iron Age,IA2,IA2,IA.Late,NA,Castelrotto,NA,53,Pig,S,RA,Radius,NA,NA,NA,28.8,NA,NA,NA,NA,NA,NA,NA,NA,NA,NA,NA,NA,NA,NA,NA,NA,NA,NA,NA,NA,Pig
1969,North,Iron Age,IA2,IA2,IA.Late,NA,Castelrotto,NA,53,Pig,S,RA,Radius,NA,NA,NA,32.2,NA,NA,NA,NA,NA,NA,NA,NA,NA,NA,NA,NA,NA,NA,NA,NA,NA,NA,NA,NA,Pig
1970,North,Iron Age,IA2,IA2,IA.Late,NA,Castelrotto,NA,53,Pig,S,RA,Radius,NA,NA,NA,26,NA,NA,NA,NA,NA,NA,NA,NA,NA,NA,NA,NA,NA,NA,NA,NA,NA,NA,NA,NA,Pig
1971,North,Iron Age,IA2,IA2,IA.Late,NA,Castelrotto,NA,53,Pig,S,RA,Radius,NA,NA,NA,32.4,NA,NA,NA,NA,NA,NA,NA,NA,NA,NA,NA,NA,NA,NA,NA,NA,NA,NA,NA,NA,Pig
2229,North,Bronze Age,BA.M,BM-R,BA.Middle,NA,Lavagnone,Sector A + E,126,Pig,S,RA,Radius,NA,NA,NA,27.5,19,16.7,11,NA,NA,NA,NA,NA,NA,NA,NA,NA,NA,NA,NA,NA,NA,NA,NA,NA,Pig
2230,North,Bronze Age,BA.M,BM-R,BA.Middle,NA,Lavagnone,Sector A + E,126,Pig,S,RA,Radius,NA,NA,NA,26.9,NA,NA,NA,NA,NA,NA,NA,NA,NA,NA,NA,NA,NA,NA,NA,NA,NA,NA,NA,NA,Pig
2231,North,Bronze Age,BA.M,BM-R,BA.Middle,NA,Lavagnone,Sector A + E,126,Pig,S,RA,Radius,NA,NA,NA,25.5,16.8,NA,NA,NA,NA,NA,NA,NA,NA,NA,NA,NA,NA,NA,NA,NA,NA,NA,NA,NA,Pig
2232,North,Bronze Age,BA.M,BM-R,BA.Middle,NA,Lavagnone,Sector A + E,126,Pig,S,RA,Radius,NA,NA,NA,24.4,15.3,NA,NA,NA,NA,NA,NA,NA,NA,NA,NA,NA,NA,NA,NA,NA,NA,NA,NA,NA,Pig
2233,North,Bronze Age,BA.M,BM-R,BA.Middle,NA,Lavagnone,Sector A + E,126,Pig,S,RA,Radius,NA,NA,NA,24.1,17,NA,NA,NA,NA,NA,NA,NA,NA,NA,NA,NA,NA,NA,NA,NA,NA,NA,NA,NA,Pig
2255,North,Bronze Age,BA.M,BM-R,BA.Middle,NA,Lavagnone,Sector A + E,126,Pig,S,RA,Radius,NA,NA,NA,30,20.9,NA,NA,NA,NA,NA,NA,NA,NA,NA,NA,NA,NA,NA,NA,NA,NA,NA,NA,NA,Pig
2400,South,Bronze Age,BA.M,BM-R,BA.Middle,NA,Baggiovara,Opera Pia Bianchi,121,Pig,S,RA,Radius,NA,NA,NA,28.5,18.9,15.8,11.9,NA,NA,NA,NA,NA,NA,NA,NA,NA,NA,NA,NA,NA,NA,NA,NA,NA,Pig
2401,South,Bronze Age,BA.M,BM-R,BA.Middle,NA,Baggiovara,Opera Pia Bianchi,121,Pig,S,RA,Radius,NA,NA,NA,27.6,18.6,NA,NA,NA,NA,NA,NA,NA,NA,NA,NA,NA,NA,NA,NA,NA,NA,NA,NA,NA,Pig
2402,South,Bronze Age,BA.M,BM-R,BA.Middle,NA,Baggiovara,Opera Pia Bianchi,121,Pig,S,RA,Radius,NA,NA,NA,27,18.5,NA,NA,NA,NA,NA,NA,NA,NA,NA,NA,NA,NA,NA,NA,NA,NA,NA,NA,NA,Pig
2403,South,Bronze Age,BA.M,BM-R,BA.Middle,NA,Baggiovara,Opera Pia Bianchi,121,Pig,S,RA,Radius,NA,NA,NA,NA,NA,NA,NA,NA,30.3,22.3,NA,NA,NA,NA,NA,NA,NA,NA,NA,NA,NA,NA,NA,NA,Pig
2420,South,Bronze Age,BA.M,BM-R,BA.Middle,NA,Baggiovara,Opera Pia Bianchi,121,Pig,S,RA,Radius,NA,NA,NA,30.5,19.3,NA,NA,NA,NA,NA,NA,NA,NA,NA,NA,NA,NA,NA,NA,NA,NA,NA,NA,NA,Pig
2421,South,Bronze Age,BA.M,BM-R,BA.Middle,NA,Baggiovara,Opera Pia Bianchi,121,Pig,S,RA,Radius,NA,NA,NA,28.7,18.9,NA,NA,NA,NA,NA,NA,NA,NA,NA,NA,NA,NA,NA,NA,NA,NA,NA,NA,NA,Pig
2455,South,Bronze Age,BA.M,BM-R,BA.Middle,NA,Gaggio,Struttura 1 + capanna alfa,122,Pig,S,RA,Radius,NA,NA,NA,NA,NA,14.4,NA,NA,NA,NA,NA,NA,NA,NA,NA,NA,NA,NA,NA,NA,NA,NA,NA,NA,Pig
2459,South,Bronze Age,BA.M,BM-R,BA.Middle,NA,Gaggio,Struttura 1 + capanna alfa,122,Pig,S,RA,Radius,NA,NA,NA,24.1,16.4,NA,NA,NA,NA,NA,NA,NA,NA,NA,NA,NA,NA,NA,NA,NA,NA,NA,NA,NA,Pig
2467,South,Bronze Age,BA.M,BM-R,BA.Middle,NA,Gaggio,Struttura 1 + capanna alfa,122,Pig,S,RA,Radius,NA,NA,NA,28.7,20.6,16.7,10.9,NA,NA,NA,NA,NA,NA,NA,NA,NA,NA,NA,NA,NA,NA,NA,NA,NA,Pig
2512,Appennine,Bronze Age,BA.M,BM-R,BA.Middle,NA,Solarolo,via Odriere Settore 1,123,Pig,S,RA,Radius,NA,NA,NA,30,NA,NA,NA,NA,NA,NA,NA,NA,NA,NA,NA,NA,NA,NA,NA,NA,NA,NA,NA,NA,Pig
2513,Appennine,Bronze Age,BA.M,BM-R,BA.Middle,NA,Solarolo,via Odriere Settore 1,123,Pig,S,RA,Radius,NA,NA,NA,29,NA,NA,NA,NA,NA,NA,NA,NA,NA,NA,NA,NA,NA,NA,NA,NA,NA,NA,NA,NA,Pig
2698,South,Bronze Age,BA.M,BM-R,BA.Middle,Rit,Noceto,*Vasca lignea,39,Pig,S,RA,Radius,NA,NA,NA,NA,NA,NA,NA,NA,37.6,37.9,NA,NA,NA,NA,NA,NA,NA,NA,NA,NA,NA,NA,NA,NA,Pig
2699,South,Bronze Age,BA.M,BM-R,BA.Middle,Rit,Noceto,*Vasca lignea,39,Pig,S,RA,Radius,NA,NA,NA,NA,NA,NA,NA,NA,37.1,40.4,NA,NA,NA,NA,NA,NA,NA,NA,NA,NA,NA,NA,NA,NA,Pig
2700,South,Bronze Age,BA.M,BM-R,BA.Middle,Rit,Noceto,*Vasca lignea,39,Pig,S,RA,Radius,NA,NA,NA,NA,NA,NA,NA,NA,36.8,39.2,NA,NA,NA,NA,NA,NA,NA,NA,NA,NA,NA,NA,NA,NA,Pig
2701,South,Bronze Age,BA.M,BM-R,BA.Middle,Rit,Noceto,*Vasca lignea,39,Pig,S,RA,Radius,NA,NA,NA,NA,NA,NA,NA,NA,35.8,37,NA,NA,NA,NA,NA,NA,NA,NA,NA,NA,NA,NA,NA,NA,Pig
2702,South,Bronze Age,BA.M,BM-R,BA.Middle,Rit,Noceto,*Vasca lignea,39,Pig,S,RA,Radius,NA,NA,NA,NA,NA,NA,NA,NA,35.4,38.5,NA,NA,NA,NA,NA,NA,NA,NA,NA,NA,NA,NA,NA,NA,Pig
2703,South,Bronze Age,BA.M,BM-R,BA.Middle,Rit,Noceto,*Vasca lignea,39,Pig,S,RA,Radius,151.4,NA,NA,28.3,18.7,17.3,10.7,NA,32.2,23.1,NA,NA,NA,NA,NA,NA,NA,NA,NA,NA,NA,NA,NA,NA,Pig
2955,South,Iron Age,IA2,IA2,IA.Late,NA,Mirandola,Barchessone Cappello,83,Pig,S,RA,Radius,NA,NA,NA,27.2,NA,NA,NA,NA,NA,NA,NA,NA,NA,NA,NA,NA,NA,NA,NA,NA,NA,NA,NA,NA,Pig
2968,South,Iron Age,IA2,IA2,IA.Late,ExNISP,Monte Bibele,Just Ambiente/Casa 14,79,Pig,S,RA,Radius,NA,NA,NA,NA,NA,NA,NA,NA,36,NA,NA,NA,NA,NA,NA,NA,NA,NA,NA,NA,NA,NA,NA,NA,Pig
3021,South,Iron Age,IA2,IA2,IA.Late,NA,Marzabotto,Casa 1,119,Pig,S,RA,Radius,140.5,NA,NA,27.4,NA,18.3,NA,NA,27.1,NA,NA,NA,NA,NA,NA,NA,NA,NA,NA,NA,NA,NA,NA,NA,Pig
3022,South,Iron Age,IA2,IA2,IA.Late,NA,Marzabotto,Casa 1,119,Pig,S,RA,Radius,128.6,NA,NA,27.2,NA,18,NA,NA,30.3,NA,NA,NA,NA,NA,NA,NA,NA,NA,NA,NA,NA,NA,NA,NA,Pig
3023,South,Iron Age,IA2,IA2,IA.Late,NA,Marzabotto,Casa 1,119,Pig,S,RA,Radius,120.2,NA,NA,26.1,NA,18,NA,NA,27.8,NA,NA,NA,NA,NA,NA,NA,NA,NA,NA,NA,NA,NA,NA,NA,Pig
3081,South,Iron Age,IA2,IA2,IA.Late,NA,Spina,Excavations 2007-2009,118,Pig,S,RA,Radius,NA,NA,NA,24,NA,15,NA,NA,NA,NA,NA,NA,NA,NA,NA,NA,NA,NA,NA,NA,NA,NA,NA,NA,Pig
3192,Veneto,Bronze Age,BA.R-F,BRF-IA0,BA.Late,NA,Fondo Paviani,Riedel 1979 - Recent/Final,21,Pig,S,RA,Radius,NA,NA,NA,26.7,NA,NA,NA,NA,NA,NA,NA,NA,NA,NA,NA,NA,NA,NA,NA,NA,NA,NA,NA,NA,Pig
3296,North,Bronze Age,BA.R,BM-R,BA.Late,NA,Isolone,NA,16,Pig,S,RA,Radius,145,NA,NA,NA,NA,16,NA,NA,28.8,NA,NA,NA,NA,NA,NA,NA,NA,NA,NA,NA,NA,NA,NA,NA,Pig
3440,North,Iron Age,IA2,IA2,IA.Late,NA,Colognola ai Colli,NA,54,Pig,S,RA,Radius,NA,NA,NA,NA,NA,NA,NA,NA,21.6,NA,NA,NA,NA,NA,NA,NA,NA,NA,NA,NA,NA,NA,NA,NA,Pig
3441,North,Iron Age,IA2,IA2,IA.Late,NA,Colognola ai Colli,NA,54,Pig,S,RA,Radius,NA,NA,NA,NA,NA,NA,NA,NA,25.6,NA,NA,NA,NA,NA,NA,NA,NA,NA,NA,NA,NA,NA,NA,NA,Pig
3442,North,Iron Age,IA2,IA2,IA.Late,NA,Colognola ai Colli,NA,54,Pig,S,RA,Radius,NA,NA,NA,NA,NA,NA,NA,NA,27.5,NA,NA,NA,NA,NA,NA,NA,NA,NA,NA,NA,NA,NA,NA,NA,Pig
3443,North,Iron Age,IA2,IA2,IA.Late,NA,Colognola ai Colli,NA,54,Pig,S,RA,Radius,NA,NA,NA,NA,NA,NA,NA,NA,27.7,NA,NA,NA,NA,NA,NA,NA,NA,NA,NA,NA,NA,NA,NA,NA,Pig
3444,North,Iron Age,IA2,IA2,IA.Late,NA,Colognola ai Colli,NA,54,Pig,S,RA,Radius,NA,NA,NA,NA,NA,NA,NA,NA,28.4,NA,NA,NA,NA,NA,NA,NA,NA,NA,NA,NA,NA,NA,NA,NA,Pig
3445,North,Iron Age,IA2,IA2,IA.Late,NA,Colognola ai Colli,NA,54,Pig,S,RA,Radius,NA,NA,NA,NA,NA,NA,NA,NA,28.8,NA,NA,NA,NA,NA,NA,NA,NA,NA,NA,NA,NA,NA,NA,NA,Pig
3540,Friuli,Iron Age,IA0,BRF-IA0,IA.Early,NA,Pozzuolo,Braida Roggia - Iron Age,142,Pig,S,RA,Radius,NA,NA,NA,28.2,NA,NA,NA,NA,NA,NA,NA,NA,NA,NA,NA,NA,NA,NA,NA,NA,NA,NA,NA,NA,Pig
3679,Friuli,Iron Age,IA0-IA1,BRF-IA0,IA.Early,NA,Pozzuolo,Excavations 1980-83 Final Bronze-Iron Age,55,Pig,S,RA,Radius,NA,NA,NA,NA,NA,NA,NA,NA,35,NA,NA,NA,NA,NA,NA,NA,NA,NA,NA,NA,NA,NA,NA,NA,Pig
3913,North,Bronze Age,BA.M-R,BM-R,BA.Middle-Late,NA,Peschiera,NA,14,Pig,S,RA,Radius,NA,NA,NA,23.4,NA,NA,NA,NA,NA,NA,NA,NA,NA,NA,NA,NA,NA,NA,NA,NA,NA,NA,NA,NA,Pig
4134,South,Bronze Age,BA.M,BM-R,BA.Middle,NA,Poviglio,Villaggio piccolo - MBA,26,Pig,S,RA,Radius,NA,NA,NA,25.7,NA,NA,NA,NA,NA,NA,NA,NA,NA,NA,NA,NA,NA,NA,NA,NA,NA,NA,NA,NA,Pig
4135,South,Bronze Age,BA.M,BM-R,BA.Middle,NA,Poviglio,Villaggio piccolo - MBA,26,Pig,S,RA,Radius,NA,NA,NA,26.3,NA,NA,NA,NA,NA,NA,NA,NA,NA,NA,NA,NA,NA,NA,NA,NA,NA,NA,NA,NA,Pig
4136,South,Bronze Age,BA.M,BM-R,BA.Middle,NA,Poviglio,Villaggio piccolo - MBA,26,Pig,S,RA,Radius,NA,NA,NA,26.3,NA,NA,NA,NA,NA,NA,NA,NA,NA,NA,NA,NA,NA,NA,NA,NA,NA,NA,NA,NA,Pig
4137,South,Bronze Age,BA.M,BM-R,BA.Middle,NA,Poviglio,Villaggio piccolo - MBA,26,Pig,S,RA,Radius,NA,NA,NA,26.6,NA,NA,NA,NA,NA,NA,NA,NA,NA,NA,NA,NA,NA,NA,NA,NA,NA,NA,NA,NA,Pig
4138,South,Bronze Age,BA.M,BM-R,BA.Middle,NA,Poviglio,Villaggio piccolo - MBA,26,Pig,S,RA,Radius,NA,NA,NA,NA,NA,NA,NA,NA,34.7,NA,NA,NA,NA,NA,NA,NA,NA,NA,NA,NA,NA,NA,NA,NA,Pig
4139,South,Bronze Age,BA.M,BM-R,BA.Middle,NA,Poviglio,Villaggio piccolo - MBA,26,Pig,S,RA,Radius,NA,NA,NA,NA,NA,NA,NA,NA,35,NA,NA,NA,NA,NA,NA,NA,NA,NA,NA,NA,NA,NA,NA,NA,Pig
4206,Veneto,Bronze Age,BA.M,BM-R,BA.Middle,NA,Vallette,NA,145,Pig,S,RA,Radius,NA,NA,NA,NA,NA,16,NA,NA,NA,NA,NA,NA,NA,NA,NA,NA,NA,NA,NA,NA,NA,NA,NA,1,Pig
4207,Veneto,Bronze Age,BA.M,BM-R,BA.Middle,NA,Vallette,NA,145,Pig,S,RA,Radius,NA,NA,NA,NA,NA,20,NA,NA,NA,NA,NA,NA,NA,NA,NA,NA,NA,NA,NA,NA,NA,NA,NA,1,Pig
4303,Veneto,Bronze Age,BA.M,BM-R,BA.Middle,NA,Tombola,NA,146,Pig,S,RA,Radius,NA,NA,NA,29,NA,26,NA,NA,NA,NA,NA,NA,NA,NA,NA,NA,NA,NA,NA,NA,NA,NA,NA,1,Pig
4304,Veneto,Bronze Age,BA.M,BM-R,BA.Middle,NA,Tombola,NA,146,Pig,S,RA,Radius,NA,NA,NA,29,NA,29,NA,NA,NA,NA,NA,NA,NA,NA,NA,NA,NA,NA,NA,NA,NA,NA,NA,1,Pig
4305,Veneto,Bronze Age,BA.M,BM-R,BA.Middle,NA,Tombola,NA,146,Pig,S,RA,Radius,NA,NA,NA,26,NA,NA,NA,NA,NA,NA,NA,NA,NA,NA,NA,NA,NA,NA,NA,NA,NA,NA,NA,1,Pig
4306,Veneto,Bronze Age,BA.M,BM-R,BA.Middle,NA,Tombola,NA,146,Pig,S,RA,Radius,NA,NA,NA,NA,NA,18,NA,NA,NA,NA,NA,NA,NA,NA,NA,NA,NA,NA,NA,NA,NA,NA,NA,1,Pig
4307,Veneto,Bronze Age,BA.M,BM-R,BA.Middle,NA,Tombola,NA,146,Pig,S,RA,Radius,NA,NA,NA,NA,NA,14,NA,NA,NA,NA,NA,NA,NA,NA,NA,NA,NA,NA,NA,NA,NA,NA,NA,1,Pig
4308,Veneto,Bronze Age,BA.M,BM-R,BA.Middle,NA,Tombola,NA,146,Pig,S,RA,Radius,NA,NA,NA,NA,NA,18,NA,NA,NA,NA,NA,NA,NA,NA,NA,NA,NA,NA,NA,NA,NA,NA,NA,1,Pig
4309,Veneto,Bronze Age,BA.M,BM-R,BA.Middle,NA,Tombola,NA,146,Pig,S,RA,Radius,NA,NA,NA,24,NA,14,NA,NA,NA,NA,NA,NA,NA,NA,NA,NA,NA,NA,NA,NA,NA,NA,NA,1,Pig
4310,Veneto,Bronze Age,BA.M,BM-R,BA.Middle,NA,Tombola,NA,146,Pig,S,RA,Radius,NA,NA,NA,21,NA,18,NA,NA,NA,NA,NA,NA,NA,NA,NA,NA,NA,NA,NA,NA,Small but appears in publication like this,NA,NA,1,Pig
4311,Veneto,Bronze Age,BA.M,BM-R,BA.Middle,NA,Tombola,NA,146,Pig,S,RA,Radius,NA,NA,NA,NA,NA,NA,NA,NA,27,NA,NA,NA,NA,NA,NA,NA,NA,NA,NA,NA,NA,NA,NA,1,Pig
4312,Veneto,Bronze Age,BA.M,BM-R,BA.Middle,NA,Tombola,NA,146,Pig,S,RA,Radius,NA,NA,NA,29,NA,26,NA,NA,NA,NA,NA,NA,NA,NA,NA,NA,NA,NA,NA,NA,NA,NA,NA,1,Pig
4468,North,Bronze Age,BA.R,BM-R,BA.Late,NA,Bovolone,Bertoloni et al. 2015,125,Pig,S,RA,Radius,NA,NA,NA,28.6,NA,19.5,NA,NA,NA,NA,NA,NA,NA,NA,NA,NA,NA,NA,NA,NA,NA,NA,NA,1,Pig
4469,North,Bronze Age,BA.R,BM-R,BA.Late,NA,Bovolone,Bertoloni et al. 2015,125,Pig,S,RA,Radius,NA,NA,NA,29,NA,19.8,NA,NA,NA,NA,NA,NA,NA,NA,NA,NA,NA,NA,NA,NA,NA,NA,NA,1,Pig
4470,North,Bronze Age,BA.R,BM-R,BA.Late,NA,Bovolone,Bertoloni et al. 2015,125,Pig,S,RA,Radius,NA,NA,NA,26,NA,16,NA,NA,NA,NA,NA,NA,NA,NA,NA,NA,NA,NA,NA,NA,NA,NA,NA,1,Pig
4471,North,Bronze Age,BA.R,BM-R,BA.Late,NA,Bovolone,Bertoloni et al. 2015,125,Pig,S,RA,Radius,NA,NA,NA,27.4,NA,NA,NA,NA,NA,NA,NA,NA,NA,NA,NA,NA,NA,NA,NA,NA,NA,NA,NA,1,Pig
4593,North,Bronze Age,BA.M,BM-R,BA.Middle,NA,Muraiola,NA,13,Pig,S,RA,Radius,NA,NA,NA,NA,NA,NA,NA,NA,31.5,NA,NA,NA,NA,NA,NA,NA,NA,NA,NA,NA,NA,NA,NA,NA,Pig
4594,North,Bronze Age,BA.M,BM-R,BA.Middle,NA,Muraiola,NA,13,Pig,S,RA,Radius,NA,NA,NA,NA,NA,NA,NA,NA,34,NA,NA,NA,NA,NA,NA,NA,NA,NA,NA,NA,NA,NA,NA,NA,Pig
4694,South,Iron Age,IA2,IA2,IA.Late,ExNISP,Forcello,Trentacoste PhD,84,Pig,S,RA,Radius,NA,NA,NA,NA,NA,17,NA,NA,NA,NA,NA,NA,NA,NA,NA,NA,NA,NA,NA,NA,NA,NA,NA,NA,Pig
4815,South,Iron Age,IA2,IA2,IA.Late,ExNISP,Forcello,Trentacoste PhD,84,Pig,S,RA,Radius,NA,NA,NA,NA,NA,17.1,NA,NA,NA,NA,NA,NA,NA,NA,NA,NA,NA,NA,NA,NA,NA,NA,NA,NA,Pig
5816,South,Iron Age,IA2,IA2,IA.Late,ExNISP,Forcello,Trentacoste PhD,84,Pig,S,RA,Radius,142,NA,NA,NA,NA,18.3,NA,NA,NA,NA,NA,NA,NA,NA,NA,NA,NA,NA,NA,NA,NA,NA,NA,NA,Pig
6059,South,Iron Age,IA2,IA2,IA.Late,ExNISP,Forcello,Trentacoste PhD,84,Pig,S,RA,Radius,NA,NA,NA,NA,NA,16.3,NA,NA,NA,NA,NA,NA,NA,NA,NA,NA,NA,NA,NA,NA,NA,NA,NA,NA,Pig
6063,South,Iron Age,IA2,IA2,IA.Late,ExNISP,Forcello,Trentacoste PhD,84,Pig,S,RA,Radius,NA,NA,NA,NA,NA,16.6,NA,NA,NA,NA,NA,NA,NA,NA,NA,NA,NA,NA,NA,NA,NA,NA,NA,NA,Pig
7885,North,Bronze Age,BA.M,BM-R,BA.Middle,NA,Nogarole Rocca,I Camponi,17,Pig,S,RA,Radius,NA,NA,NA,26.3,NA,NA,NA,NA,NA,NA,NA,NA,NA,NA,NA,NA,NA,NA,NA,NA,NA,NA,NA,NA,Pig
7886,North,Bronze Age,BA.M,BM-R,BA.Middle,NA,Nogarole Rocca,I Camponi,17,Pig,S,RA,Radius,NA,NA,NA,27,NA,NA,NA,NA,NA,NA,NA,NA,NA,NA,NA,NA,NA,NA,NA,NA,NA,NA,NA,NA,Pig
7887,North,Bronze Age,BA.M,BM-R,BA.Middle,NA,Nogarole Rocca,I Camponi,17,Pig,S,RA,Radius,NA,NA,NA,29,NA,NA,NA,NA,NA,NA,NA,NA,NA,NA,NA,NA,NA,NA,NA,NA,NA,NA,NA,NA,Pig
7942,South,Iron Age,IA2,IA2,IA.Late,ExNISP,Forcello,Scarpa,1,Pig,S,RA,Radius,NA,NA,NA,18,NA,NA,NA,NA,NA,NA,NA,NA,NA,NA,NA,NA,NA,NA,NA,NA,Small but appears in publication like this,NA,NA,1,Pig
7943,South,Iron Age,IA2,IA2,IA.Late,ExNISP,Forcello,Scarpa,1,Pig,S,RA,Radius,NA,NA,NA,19,NA,NA,NA,NA,NA,NA,NA,NA,NA,NA,NA,NA,NA,NA,NA,NA,Small but appears in publication like this,NA,NA,1,Pig
7944,South,Iron Age,IA2,IA2,IA.Late,ExNISP,Forcello,Scarpa,1,Pig,S,RA,Radius,NA,NA,NA,20,NA,NA,NA,NA,NA,NA,NA,NA,NA,NA,NA,NA,NA,NA,NA,NA,Small but appears in publication like this,NA,NA,1,Pig
7945,South,Iron Age,IA2,IA2,IA.Late,ExNISP,Forcello,Scarpa,1,Pig,S,RA,Radius,NA,NA,NA,20,NA,NA,NA,NA,NA,NA,NA,NA,NA,NA,NA,NA,NA,NA,NA,NA,Small but appears in publication like this,NA,NA,1,Pig
7946,South,Iron Age,IA2,IA2,IA.Late,ExNISP,Forcello,Scarpa,1,Pig,S,RA,Radius,NA,NA,NA,20,NA,NA,NA,NA,NA,NA,NA,NA,NA,NA,NA,NA,NA,NA,NA,NA,Small but appears in publication like this,NA,NA,1,Pig
7947,South,Iron Age,IA2,IA2,IA.Late,ExNISP,Forcello,Scarpa,1,Pig,S,RA,Radius,NA,NA,NA,20,NA,NA,NA,NA,NA,NA,NA,NA,NA,NA,NA,NA,NA,NA,NA,NA,Small but appears in publication like this,NA,NA,1,Pig
7948,South,Iron Age,IA2,IA2,IA.Late,ExNISP,Forcello,Scarpa,1,Pig,S,RA,Radius,NA,NA,NA,20,NA,NA,NA,NA,NA,NA,NA,NA,NA,NA,NA,NA,NA,NA,NA,NA,Small but appears in publication like this,NA,NA,1,Pig
7949,South,Iron Age,IA2,IA2,IA.Late,ExNISP,Forcello,Scarpa,1,Pig,S,RA,Radius,NA,NA,NA,27,NA,NA,NA,NA,NA,NA,NA,NA,NA,NA,NA,NA,NA,NA,NA,NA,NA,NA,NA,1,Pig
7950,South,Iron Age,IA2,IA2,IA.Late,ExNISP,Forcello,Scarpa,1,Pig,S,RA,Radius,NA,NA,NA,27,NA,NA,NA,NA,NA,NA,NA,NA,NA,NA,NA,NA,NA,NA,NA,NA,NA,NA,NA,1,Pig
7951,South,Iron Age,IA2,IA2,IA.Late,ExNISP,Forcello,Scarpa,1,Pig,S,RA,Radius,NA,NA,NA,27,NA,NA,NA,NA,NA,NA,NA,NA,NA,NA,NA,NA,NA,NA,NA,NA,NA,NA,NA,1,Pig
7952,South,Iron Age,IA2,IA2,IA.Late,ExNISP,Forcello,Scarpa,1,Pig,S,RA,Radius,NA,NA,NA,27,NA,NA,NA,NA,NA,NA,NA,NA,NA,NA,NA,NA,NA,NA,NA,NA,NA,NA,NA,1,Pig
7953,South,Iron Age,IA2,IA2,IA.Late,ExNISP,Forcello,Scarpa,1,Pig,S,RA,Radius,NA,NA,NA,27,NA,NA,NA,NA,NA,NA,NA,NA,NA,NA,NA,NA,NA,NA,NA,NA,NA,NA,NA,1,Pig
7954,South,Iron Age,IA2,IA2,IA.Late,ExNISP,Forcello,Scarpa,1,Pig,S,RA,Radius,NA,NA,NA,27,NA,NA,NA,NA,NA,NA,NA,NA,NA,NA,NA,NA,NA,NA,NA,NA,NA,NA,NA,1,Pig
7955,South,Iron Age,IA2,IA2,IA.Late,ExNISP,Forcello,Scarpa,1,Pig,S,RA,Radius,NA,NA,NA,27,NA,NA,NA,NA,NA,NA,NA,NA,NA,NA,NA,NA,NA,NA,NA,NA,NA,NA,NA,1,Pig
7956,South,Iron Age,IA2,IA2,IA.Late,ExNISP,Forcello,Scarpa,1,Pig,S,RA,Radius,NA,NA,NA,27,NA,NA,NA,NA,NA,NA,NA,NA,NA,NA,NA,NA,NA,NA,NA,NA,NA,NA,NA,1,Pig
7957,South,Iron Age,IA2,IA2,IA.Late,ExNISP,Forcello,Scarpa,1,Pig,S,RA,Radius,NA,NA,NA,27,NA,NA,NA,NA,NA,NA,NA,NA,NA,NA,NA,NA,NA,NA,NA,NA,NA,NA,NA,1,Pig
7958,South,Iron Age,IA2,IA2,IA.Late,ExNISP,Forcello,Scarpa,1,Pig,S,RA,Radius,NA,NA,NA,28,NA,NA,NA,NA,NA,NA,NA,NA,NA,NA,NA,NA,NA,NA,NA,NA,NA,NA,NA,1,Pig
7959,South,Iron Age,IA2,IA2,IA.Late,ExNISP,Forcello,Scarpa,1,Pig,S,RA,Radius,NA,NA,NA,28,NA,NA,NA,NA,NA,NA,NA,NA,NA,NA,NA,NA,NA,NA,NA,NA,NA,NA,NA,1,Pig
7960,South,Iron Age,IA2,IA2,IA.Late,ExNISP,Forcello,Scarpa,1,Pig,S,RA,Radius,NA,NA,NA,28,NA,NA,NA,NA,NA,NA,NA,NA,NA,NA,NA,NA,NA,NA,NA,NA,NA,NA,NA,1,Pig
7961,South,Iron Age,IA2,IA2,IA.Late,ExNISP,Forcello,Scarpa,1,Pig,S,RA,Radius,NA,NA,NA,28,NA,NA,NA,NA,NA,NA,NA,NA,NA,NA,NA,NA,NA,NA,NA,NA,NA,NA,NA,1,Pig
7962,South,Iron Age,IA2,IA2,IA.Late,ExNISP,Forcello,Scarpa,1,Pig,S,RA,Radius,NA,NA,NA,28,NA,NA,NA,NA,NA,NA,NA,NA,NA,NA,NA,NA,NA,NA,NA,NA,NA,NA,NA,1,Pig
7963,South,Iron Age,IA2,IA2,IA.Late,ExNISP,Forcello,Scarpa,1,Pig,S,RA,Radius,NA,NA,NA,28,NA,NA,NA,NA,NA,NA,NA,NA,NA,NA,NA,NA,NA,NA,NA,NA,NA,NA,NA,1,Pig
7964,South,Iron Age,IA2,IA2,IA.Late,ExNISP,Forcello,Scarpa,1,Pig,S,RA,Radius,NA,NA,NA,28,NA,NA,NA,NA,NA,NA,NA,NA,NA,NA,NA,NA,NA,NA,NA,NA,NA,NA,NA,1,Pig
7965,South,Iron Age,IA2,IA2,IA.Late,ExNISP,Forcello,Scarpa,1,Pig,S,RA,Radius,NA,NA,NA,29,NA,NA,NA,NA,NA,NA,NA,NA,NA,NA,NA,NA,NA,NA,NA,NA,NA,NA,NA,1,Pig
7966,South,Iron Age,IA2,IA2,IA.Late,ExNISP,Forcello,Scarpa,1,Pig,S,RA,Radius,NA,NA,NA,29,NA,NA,NA,NA,NA,NA,NA,NA,NA,NA,NA,NA,NA,NA,NA,NA,NA,NA,NA,1,Pig
7967,South,Iron Age,IA2,IA2,IA.Late,ExNISP,Forcello,Scarpa,1,Pig,S,RA,Radius,NA,NA,NA,30,NA,NA,NA,NA,NA,NA,NA,NA,NA,NA,NA,NA,NA,NA,NA,NA,NA,NA,NA,1,Pig
7968,South,Iron Age,IA2,IA2,IA.Late,ExNISP,Forcello,Scarpa,1,Pig,S,RA,Radius,NA,NA,NA,30,NA,NA,NA,NA,NA,NA,NA,NA,NA,NA,NA,NA,NA,NA,NA,NA,NA,NA,NA,1,Pig
8646,Veneto,Bronze Age,BA.R,BM-R,BA.Late,NA,Campestrin,NA,149,Pig,S,RA,Radius,NA,NA,NA,25,NA,18,NA,NA,NA,NA,NA,NA,NA,NA,NA,NA,NA,NA,NA,NA,NA,NA,NA,1,Pig
8716,Veneto,Bronze Age,BA.R,BM-R,BA.Late,NA,Amolara,NA,150,Pig,S,RA,Radius,NA,NA,NA,28,NA,NA,NA,NA,NA,NA,NA,NA,NA,NA,NA,NA,NA,NA,NA,NA,NA,NA,NA,1,Pig
9169,Veneto,Bronze Age,BA.R,BM-R,BA.Late,NA,Terranegra,Depellegrin & Tecchiati - BR,61,Pig,S,RA,Radius,NA,NA,NA,25,NA,16.9,NA,NA,NA,NA,NA,NA,NA,NA,NA,NA,NA,NA,NA,NA,NA,NA,NA,NA,Pig
9170,Veneto,Bronze Age,BA.R,BM-R,BA.Late,NA,Terranegra,Depellegrin & Tecchiati - BR,61,Pig,S,RA,Radius,NA,NA,NA,26.2,NA,17.9,NA,NA,NA,NA,NA,NA,NA,NA,NA,NA,NA,NA,NA,NA,NA,NA,NA,NA,Pig
9171,Veneto,Bronze Age,BA.R,BM-R,BA.Late,NA,Terranegra,Depellegrin & Tecchiati - BR,61,Pig,S,RA,Radius,NA,NA,NA,27.1,NA,18.7,NA,NA,NA,NA,NA,NA,NA,NA,NA,NA,NA,NA,NA,NA,NA,NA,NA,NA,Pig
9172,Veneto,Bronze Age,BA.R,BM-R,BA.Late,NA,Terranegra,Depellegrin & Tecchiati - BR,61,Pig,S,RA,Radius,NA,NA,NA,28,NA,18.3,NA,NA,NA,NA,NA,NA,NA,NA,NA,NA,NA,NA,NA,NA,NA,NA,NA,NA,Pig
9173,Veneto,Bronze Age,BA.R,BM-R,BA.Late,NA,Terranegra,Depellegrin & Tecchiati - BR,61,Pig,S,RA,Radius,NA,NA,NA,26.3,NA,17.6,NA,NA,NA,NA,NA,NA,NA,NA,NA,NA,NA,NA,NA,NA,NA,NA,NA,NA,Pig
9174,Veneto,Iron Age,IA1-IA2,IA1,IA.Mid,NA,Terranegra,Depellegrin & Tecchiati - IA,156,Pig,S,RA,Radius,NA,NA,NA,26.5,NA,NA,NA,NA,NA,NA,NA,NA,NA,NA,NA,NA,NA,NA,NA,NA,NA,NA,NA,NA,Pig
9175,Veneto,Iron Age,IA1-IA2,IA1,IA.Mid,NA,Terranegra,Depellegrin & Tecchiati - IA,156,Pig,S,RA,Radius,NA,NA,NA,31.7,NA,NA,NA,NA,NA,NA,NA,NA,NA,NA,NA,NA,NA,NA,NA,NA,NA,NA,NA,NA,Pig
9176,Veneto,Iron Age,IA1-IA2,IA1,IA.Mid,NA,Terranegra,Depellegrin & Tecchiati - IA,156,Pig,S,RA,Radius,NA,NA,NA,31.1,NA,NA,NA,NA,NA,NA,NA,NA,NA,NA,NA,NA,NA,NA,NA,NA,NA,NA,NA,NA,Pig
9177,Veneto,Iron Age,IA1-IA2,IA1,IA.Mid,NA,Terranegra,Depellegrin & Tecchiati - IA,156,Pig,S,RA,Radius,NA,NA,NA,30.3,NA,NA,NA,NA,NA,NA,NA,NA,NA,NA,NA,NA,NA,NA,NA,NA,NA,NA,NA,NA,Pig
9178,Veneto,Iron Age,IA1-IA2,IA1,IA.Mid,NA,Terranegra,Depellegrin & Tecchiati - IA,156,Pig,S,RA,Radius,NA,NA,NA,30.7,NA,18.7,NA,NA,NA,NA,NA,NA,NA,NA,NA,NA,NA,NA,NA,NA,NA,NA,NA,NA,Pig
9179,Veneto,Iron Age,IA1-IA2,IA1,IA.Mid,NA,Terranegra,Depellegrin & Tecchiati - IA,156,Pig,S,RA,Radius,NA,NA,NA,29.7,NA,18.1,NA,NA,NA,NA,NA,NA,NA,NA,NA,NA,NA,NA,NA,NA,NA,NA,NA,NA,Pig
9295,Friuli,Bronze Age-Iron Age,BA.F-IA0,BRF-IA0,BA.L-EIA,NA,Gradisca,Final Bronze Age - Early Iron Age,168,Pig,S,RA,Radius,NA,NA,NA,24.4,NA,NA,NA,NA,NA,NA,NA,NA,NA,NA,NA,NA,NA,NA,NA,NA,NA,NA,NA,NA,Pig
9353,Friuli,Iron Age,IA0,IA1,IA.Early,NA,Gradisca,Iron Age I,169,Pig,S,RA,Radius,NA,NA,NA,25.8,NA,NA,NA,NA,NA,NA,NA,NA,NA,NA,NA,NA,NA,NA,NA,NA,NA,NA,NA,NA,Pig
9354,Friuli,Iron Age,IA0,IA1,IA.Early,NA,Gradisca,Iron Age I,169,Pig,S,RA,Radius,NA,NA,NA,28.5,NA,NA,NA,NA,NA,NA,NA,NA,NA,NA,NA,NA,NA,NA,NA,NA,NA,NA,NA,NA,Pig
9409,Friuli,Iron Age,IA2,IA2,IA.Late,NA,Gradisca,Iron Age II,170,Pig,S,RA,Radius,NA,NA,NA,29,NA,NA,NA,NA,NA,NA,NA,NA,NA,NA,NA,NA,NA,NA,NA,NA,NA,NA,NA,NA,Pig
9410,Friuli,Iron Age,IA2,IA2,IA.Late,NA,Gradisca,Iron Age II,170,Pig,S,RA,Radius,NA,NA,NA,29,NA,NA,NA,NA,NA,NA,NA,NA,NA,NA,NA,NA,NA,NA,NA,NA,NA,NA,NA,NA,Pig
9432,Friuli,Iron Age,IA0-IA1,BRF-IA0,IA.Early,NA,Pozzuolo,Excavations 1980-83 Final Bronze-Iron Age,55,Pig,S,RA,Radius,NA,NA,NA,29.3,NA,NA,NA,NA,NA,NA,NA,NA,NA,NA,NA,NA,NA,NA,NA,Petrucci,NA,NA,NA,NA,Pig
9835,Friuli,Roman,Rom,Early,Roman.Early,Rit,Montereale Valcellina,*US 581/583/606 - Reppublican pits,200,Pig,S,RA,Radius,NA,NA,NA,26.2,NA,NA,NA,NA,NA,NA,NA,NA,NA,NA,NA,NA,NA,NA,NA,NA,NA,NA,NA,NA,Pig
9942,Veneto,Roman,Rom.M-L,Mid-Late,Roman.Mid-Late,NA,Oderzo,Pozzo romano - all strata (1st-4th c AD),214,Pig,S,RA,Radius,NA,NA,NA,28.5,NA,NA,NA,NA,NA,NA,NA,NA,NA,NA,NA,NA,NA,NA,NA,NA,NA,NA,NA,NA,Pig
9943,Veneto,Roman,Rom.M-L,Mid-Late,Roman.Mid-Late,NA,Oderzo,Pozzo romano - all strata (1st-4th c AD),214,Pig,S,RA,Radius,NA,NA,NA,NA,NA,NA,NA,NA,35,NA,NA,NA,NA,NA,NA,NA,NA,NA,NA,NA,NA,NA,NA,NA,Pig
9944,Veneto,Roman,Rom.M-L,Mid-Late,Roman.Mid-Late,NA,Oderzo,Pozzo romano - all strata (1st-4th c AD),214,Pig,S,RA,Radius,138,NA,NA,28,32.4,NA,NA,NA,NA,NA,NA,NA,NA,NA,NA,NA,NA,NA,NA,NA,NA,NA,NA,NA,Pig
9945,Veneto,Roman,Rom.M-L,Mid-Late,Roman.Mid-Late,NA,Oderzo,Pozzo romano - all strata (1st-4th c AD),214,Pig,S,RA,Radius,NA,NA,NA,25,NA,NA,NA,NA,NA,NA,NA,NA,NA,NA,NA,NA,NA,NA,NA,NA,NA,NA,NA,NA,Pig
10176,Veneto,Roman,Rom.M-L,Mid-Late,Roman.Mid-Late,NA,Altino,Riedel 1985,56,Pig,S,RA,Radius,NA,NA,NA,24.3,26.2,NA,NA,NA,NA,NA,NA,NA,NA,NA,NA,NA,NA,NA,NA,NA,NA,NA,NA,NA,Pig
10288,Friuli,Roman,Rom.Late,Late,Roman.Late,NA,Aquileia,area a est del foro - Riedel 1994,175,Pig,S,RA,Radius,NA,NA,NA,30,NA,NA,NA,NA,NA,NA,NA,NA,NA,NA,NA,NA,NA,NA,NA,NA,NA,NA,NA,NA,Pig
10757,Friuli,Roman,Rom.Mid,Mid,Roman.Mid,NA,Trieste,Crosada - Phase 3,236,Pig,S,RA,Radius,NA,NA,NA,28.2,NA,NA,NA,NA,NA,NA,NA,NA,NA,NA,NA,NA,NA,NA,NA,NA,NA,NA,NA,NA,Pig
10781,Friuli,Roman,Rom,Mid,Roman.Mid,Rit,Trieste,*Crosada - Phase 4c,178,Pig,S,RA,Radius,NA,NA,NA,28.3,18.7,NA,NA,NA,NA,NA,NA,NA,NA,NA,NA,NA,NA,NA,NA,NA,NA,NA,NA,NA,Pig
11253,Friuli,Roman,Rom.Late,Late,Roman.Late,NA,Udine,Late Roman,246,Pig,S,RA,Radius,NA,NA,NA,28,NA,NA,NA,NA,NA,NA,NA,NA,NA,NA,NA,NA,NA,NA,NA,NA,NA,NA,NA,NA,Pig
11254,Friuli,Roman,Rom.Late,Late,Roman.Late,NA,Udine,Late Roman,246,Pig,S,RA,Radius,NA,NA,NA,28.9,NA,NA,NA,NA,NA,NA,NA,NA,NA,NA,NA,NA,NA,NA,NA,NA,NA,NA,NA,NA,Pig
11255,Friuli,Roman,Rom.Late,Late,Roman.Late,NA,Udine,Late Roman,246,Pig,S,RA,Radius,NA,NA,NA,30,NA,NA,NA,NA,NA,NA,NA,NA,NA,NA,NA,NA,NA,NA,NA,NA,NA,NA,NA,NA,Pig
11319,Friuli,Bronze Age,BA.R-F,BRF-IA0,BA.Late,NA,Udine,'Late Bronze Age',247,Pig,S,RA,Radius,NA,NA,NA,29.4,NA,NA,NA,NA,NA,NA,NA,NA,NA,NA,NA,NA,NA,NA,NA,NA,NA,NA,NA,NA,Pig
11320,Friuli,Bronze Age,BA.R-F,BRF-IA0,BA.Late,NA,Udine,'Late Bronze Age',247,Pig,S,RA,Radius,NA,NA,NA,30.6,NA,NA,NA,NA,NA,NA,NA,NA,NA,NA,NA,NA,NA,NA,NA,NA,NA,NA,NA,NA,Pig
11345,Friuli,Bronze Age,BA.R,BRF-IA0,BA.Late,NA,Rividischia,Cjamps dai Cjastilirs,248,Pig,S,RA,Radius,NA,NA,NA,26.4,NA,18.1,NA,NA,NA,NA,NA,NA,NA,NA,NA,NA,NA,NA,NA,NA,NA,NA,NA,NA,Pig
11625,Veneto,Roman,Rom.Late,Late,Roman.Late,NA,Torcello,Late Antique II-VII / II-VI 5th-7th c. AD,257,Pig,S,RA,Radius,NA,NA,NA,27.1,NA,NA,NA,NA,NA,NA,NA,NA,NA,NA,NA,NA,NA,NA,NA,NA,NA,NA,NA,NA,Pig
11638,Veneto,Roman,Rom.Late,Late,Roman.Late,NA,Torcello,Late Antique II-VII / II-VI 5th-7th c. AD,257,Pig,S,RA,Radius,NA,NA,NA,34.9,NA,NA,NA,NA,NA,NA,NA,NA,NA,NA,NA,NA,NA,NA,NA,NA,NA,NA,NA,NA,Pig
12437,South,Roman,Rom.Early,Early,Roman.Early,NA,Calvatone,Wilkens - Bio data from academia,253,Pig,S,RA,Radius,NA,NA,NA,26.9,NA,NA,NA,NA,NA,NA,NA,NA,NA,NA,NA,NA,NA,NA,NA,NA,NA,NA,NA,NA,Pig
12438,South,Roman,Rom.Early,Early,Roman.Early,NA,Calvatone,Wilkens - Bio data from academia,253,Pig,S,RA,Radius,NA,NA,NA,29.1,19.9,NA,NA,NA,NA,NA,NA,NA,NA,NA,NA,NA,NA,NA,NA,NA,NA,NA,NA,NA,Pig
12439,South,Roman,Rom.Early,Early,Roman.Early,NA,Calvatone,Wilkens - Bio data from academia,253,Pig,S,RA,Radius,NA,NA,NA,26.6,18,NA,NA,NA,NA,NA,NA,NA,NA,NA,NA,NA,NA,NA,NA,NA,NA,NA,NA,NA,Pig
NA,South,Bronze Age,BA.R,BM-R,BA.Late,NA,Monterenzio Vecchio,NA,446,Pig,S,RA,Radius,NA,NA,NA,NA,NA,NA,NA,NA,31,NA,NA,NA,NA,NA,NA,NA,NA,27.4,NA,NA,NA,NA,NA,NA,Pig
NA,South,Bronze Age,BA.R,BM-R,BA.Late,NA,Monterenzio Vecchio,NA,446,Pig,S,RA,Radius,NA,NA,NA,34.4,NA,NA,NA,NA,NA,NA,NA,NA,NA,NA,NA,NA,NA,NA,NA,NA,NA,NA,NA,NA,Pig
NA,Appennine,Bronze Age,BA.M-R,BM-R,BA.Middle-Late,NA,Case Missiroli,NA,453,Pig,S,RA,Radius,NA,NA,NA,25,NA,NA,NA,NA,NA,NA,NA,NA,NA,NA,NA,NA,NA,NA,NA,NA,NA,NA,NA,NA,Pig
124,Veneto,Bronze Age,BA.R-F,BRF-IA0,BA.Late,NA,Fondo Paviani,Riedel 1979 - Recent/Final,21,Pig,S,TI,Tibia,NA,NA,NA,NA,NA,NA,NA,NA,26,NA,NA,NA,NA,NA,NA,NA,NA,NA,NA,NA,NA,NA,NA,NA,Pig
379,South,Iron Age,IA1,IA1,IA.Mid,NA,Marzabotto,US 27/29,69,Pig,S,TI,Tibia,NA,NA,NA,NA,NA,NA,NA,NA,29.9,NA,NA,NA,NA,NA,NA,NA,NA,NA,NA,NA,NA,NA,NA,NA,Pig
380,South,Iron Age,IA1,IA1,IA.Mid,NA,Marzabotto,US 27/29,69,Pig,S,TI,Tibia,NA,NA,NA,NA,NA,NA,NA,NA,28.6,NA,NA,NA,NA,NA,NA,NA,NA,NA,NA,NA,NA,NA,NA,NA,Pig
381,South,Iron Age,IA1,IA1,IA.Mid,NA,Marzabotto,US 27/29,69,Pig,S,TI,Tibia,NA,NA,NA,NA,NA,NA,NA,NA,28.3,NA,NA,NA,NA,NA,NA,NA,NA,NA,NA,NA,NA,NA,NA,NA,Pig
382,South,Iron Age,IA2,IA2,IA.Late,NA,Casale di Rivalta,NA,71,Pig,S,TI,Tibia,NA,NA,NA,NA,NA,NA,NA,NA,26.1,NA,NA,NA,NA,NA,NA,NA,NA,NA,NA,NA,NA,NA,NA,NA,Pig
383,South,Iron Age,IA2,IA2,IA.Late,NA,Marzabotto,US 8,78,Pig,S,TI,Tibia,NA,NA,NA,NA,NA,NA,NA,NA,26.2,NA,NA,NA,NA,NA,NA,NA,NA,NA,NA,NA,NA,NA,NA,NA,Pig
384,South,Iron Age,IA2,IA2,IA.Late,NA,Marzabotto,US 8,78,Pig,S,TI,Tibia,NA,NA,NA,NA,NA,NA,NA,NA,24.8,NA,NA,NA,NA,NA,NA,NA,NA,NA,NA,NA,NA,NA,NA,NA,Pig
455,North,Iron Age,IA2,IA2,IA.Late,NA,Colognola ai Colli,NA,54,Pig,S,TI,Tibia,NA,NA,NA,NA,NA,NA,NA,NA,26.5,NA,NA,NA,NA,NA,NA,NA,NA,NA,NA,NA,NA,NA,NA,NA,Pig
456,North,Iron Age,IA2,IA2,IA.Late,NA,Colognola ai Colli,NA,54,Pig,S,TI,Tibia,NA,NA,NA,NA,NA,NA,NA,NA,27.5,NA,NA,NA,NA,NA,NA,NA,NA,NA,NA,NA,NA,NA,NA,NA,Pig
457,North,Iron Age,IA2,IA2,IA.Late,NA,Colognola ai Colli,NA,54,Pig,S,TI,Tibia,NA,NA,NA,NA,NA,NA,NA,NA,27.8,NA,NA,NA,NA,NA,NA,NA,NA,NA,NA,NA,NA,NA,NA,NA,Pig
458,North,Iron Age,IA2,IA2,IA.Late,NA,Colognola ai Colli,NA,54,Pig,S,TI,Tibia,NA,NA,NA,NA,NA,NA,NA,NA,28,NA,NA,NA,NA,NA,NA,NA,NA,NA,NA,NA,NA,NA,NA,NA,Pig
1074,North,Iron Age,IA2,IA2,IA.Late,NA,Castelrotto,NA,53,Pig,S,TI,Tibia,NA,NA,NA,NA,NA,NA,NA,NA,28.7,NA,NA,NA,NA,NA,NA,NA,NA,NA,NA,NA,NA,NA,NA,NA,Pig
1075,North,Iron Age,IA2,IA2,IA.Late,NA,Castelrotto,NA,53,Pig,S,TI,Tibia,NA,NA,NA,NA,NA,NA,NA,NA,29.9,NA,NA,NA,NA,NA,NA,NA,NA,NA,NA,NA,NA,NA,NA,NA,Pig
1076,North,Iron Age,IA2,IA2,IA.Late,NA,Castelrotto,NA,53,Pig,S,TI,Tibia,NA,NA,NA,NA,NA,NA,NA,NA,25.4,NA,NA,NA,NA,NA,NA,NA,NA,NA,NA,NA,NA,NA,NA,NA,Pig
1077,North,Iron Age,IA2,IA2,IA.Late,NA,Castelrotto,NA,53,Pig,S,TI,Tibia,NA,NA,NA,NA,NA,NA,NA,NA,26.5,NA,NA,NA,NA,NA,NA,NA,NA,NA,NA,NA,NA,NA,NA,NA,Pig
1078,North,Iron Age,IA2,IA2,IA.Late,NA,Castelrotto,NA,53,Pig,S,TI,Tibia,NA,NA,NA,NA,NA,NA,NA,NA,27,NA,NA,NA,NA,NA,NA,NA,NA,NA,NA,NA,NA,NA,NA,NA,Pig
1079,North,Iron Age,IA2,IA2,IA.Late,NA,Castelrotto,NA,53,Pig,S,TI,Tibia,NA,NA,NA,NA,NA,NA,NA,NA,27.2,NA,NA,NA,NA,NA,NA,NA,NA,NA,NA,NA,NA,NA,NA,NA,Pig
1080,North,Iron Age,IA2,IA2,IA.Late,NA,Castelrotto,NA,53,Pig,S,TI,Tibia,NA,NA,NA,NA,NA,NA,NA,NA,27.8,NA,NA,NA,NA,NA,NA,NA,NA,NA,NA,NA,NA,NA,NA,NA,Pig
1081,North,Iron Age,IA2,IA2,IA.Late,NA,Castelrotto,NA,53,Pig,S,TI,Tibia,NA,NA,NA,NA,NA,NA,NA,NA,29.8,NA,NA,NA,NA,NA,NA,NA,NA,NA,NA,NA,NA,NA,NA,NA,Pig
1452,South,Iron Age,IA1,IA1,IA.Mid,NA,San Claudio,NA,64,Pig,S,TI,Tibia,NA,NA,NA,31.3,NA,NA,NA,NA,NA,NA,NA,NA,NA,NA,NA,NA,NA,NA,NA,NA,NA,NA,NA,NA,Pig
1531,South,Iron Age,IA2,IA2,IA.Late,NA,Spina,Excavations 2007-2009,118,Pig,S,TI,Tibia,NA,NA,NA,NA,NA,NA,NA,NA,26.3,NA,NA,NA,NA,NA,NA,NA,NA,NA,NA,NA,NA,NA,NA,NA,Pig
1532,South,Iron Age,IA2,IA2,IA.Late,NA,Spina,Excavations 2007-2009,118,Pig,S,TI,Tibia,NA,NA,NA,NA,NA,NA,NA,NA,26.7,NA,NA,NA,NA,NA,NA,NA,NA,NA,NA,NA,NA,NA,NA,NA,Pig
1546,South,Iron Age,IA2,IA2,IA.Late,NA,Spina,Excavations 2007-2009,118,Pig,S,TI,Tibia,NA,NA,NA,NA,NA,19.4,NA,NA,27.6,NA,NA,NA,NA,NA,NA,NA,NA,NA,NA,NA,NA,NA,NA,NA,Pig
1600,South,Bronze Age,BA.M,BM-R,BA.Middle,NA,Tabina di Margreta,Bronze Age,22,Pig,S,TI,Tibia,NA,NA,NA,NA,NA,NA,NA,NA,28,23,NA,NA,NA,NA,NA,NA,NA,NA,NA,NA,NA,NA,NA,0.5,Pig
1601,South,Bronze Age,BA.M,BM-R,BA.Middle,NA,Tabina di Margreta,Bronze Age,22,Pig,S,TI,Tibia,NA,NA,NA,NA,NA,NA,NA,NA,25,24,NA,NA,NA,NA,NA,NA,NA,NA,NA,NA,NA,NA,NA,0.5,Pig
1784,North,Iron Age,IA2,IA2,IA.Late,NA,Santorso,All phases,92,Pig,S,TI,Tibia,NA,NA,NA,NA,NA,NA,NA,NA,26.7,23.1,NA,NA,NA,NA,NA,NA,NA,NA,NA,NA,NA,NA,NA,NA,Pig
1785,North,Iron Age,IA2,IA2,IA.Late,NA,Santorso,All phases,92,Pig,S,TI,Tibia,NA,NA,NA,NA,NA,NA,NA,NA,27.1,25.3,NA,NA,NA,NA,NA,NA,NA,NA,NA,NA,NA,NA,NA,NA,Pig
2235,North,Bronze Age,BA.M,BM-R,BA.Middle,NA,Lavagnone,Sector A + E,126,Pig,S,TI,Tibia,NA,NA,NA,43.7,43.8,NA,NA,NA,NA,NA,NA,NA,NA,NA,NA,NA,NA,NA,NA,NA,NA,NA,NA,NA,Pig
2236,North,Bronze Age,BA.M,BM-R,BA.Middle,NA,Lavagnone,Sector A + E,126,Pig,S,TI,Tibia,NA,NA,NA,NA,NA,NA,NA,NA,29,25,NA,NA,NA,NA,NA,NA,NA,NA,NA,NA,NA,NA,NA,NA,Pig
2237,North,Bronze Age,BA.M,BM-R,BA.Middle,NA,Lavagnone,Sector A + E,126,Pig,S,TI,Tibia,NA,NA,NA,NA,NA,17.4,12.3,NA,28.3,24.8,NA,NA,NA,NA,NA,NA,NA,NA,NA,NA,NA,NA,NA,NA,Pig
2238,North,Bronze Age,BA.M,BM-R,BA.Middle,NA,Lavagnone,Sector A + E,126,Pig,S,TI,Tibia,NA,NA,NA,NA,NA,NA,NA,NA,28.3,23.5,NA,NA,NA,NA,NA,NA,NA,NA,NA,NA,NA,NA,NA,NA,Pig
2239,North,Bronze Age,BA.M,BM-R,BA.Middle,NA,Lavagnone,Sector A + E,126,Pig,S,TI,Tibia,NA,NA,NA,NA,NA,NA,NA,NA,28,24,NA,NA,NA,NA,NA,NA,NA,NA,NA,NA,NA,NA,NA,NA,Pig
2240,North,Bronze Age,BA.M,BM-R,BA.Middle,NA,Lavagnone,Sector A + E,126,Pig,S,TI,Tibia,NA,NA,NA,NA,NA,NA,NA,NA,27.7,NA,NA,NA,NA,NA,NA,NA,NA,NA,NA,NA,NA,NA,NA,NA,Pig
2241,North,Bronze Age,BA.M,BM-R,BA.Middle,NA,Lavagnone,Sector A + E,126,Pig,S,TI,Tibia,NA,NA,NA,NA,NA,NA,NA,NA,27,23.6,NA,NA,NA,NA,NA,NA,NA,NA,NA,NA,NA,NA,NA,NA,Pig
2267,North,Bronze Age,BA.M,BM-R,BA.Middle,NA,Lavagnone,Sector A + E,126,Pig,S,TI,Tibia,NA,NA,NA,NA,NA,NA,NA,NA,27.1,26.2,NA,NA,NA,NA,NA,NA,NA,NA,NA,NA,NA,NA,NA,NA,Pig
2404,South,Bronze Age,BA.M,BM-R,BA.Middle,NA,Baggiovara,Opera Pia Bianchi,121,Pig,S,TI,Tibia,NA,NA,NA,NA,NA,NA,NA,NA,26.6,24.9,NA,NA,NA,NA,NA,NA,NA,NA,NA,NA,NA,NA,NA,NA,Pig
2411,South,Bronze Age,BA.M,BM-R,BA.Middle,NA,Baggiovara,Opera Pia Bianchi,121,Pig,S,TI,Tibia,215,NA,NA,50.4,46,19.5,15.4,NA,29.9,26.5,NA,NA,NA,NA,NA,NA,NA,NA,NA,NA,NA,NA,NA,NA,Pig
2412,South,Bronze Age,BA.M,BM-R,BA.Middle,NA,Baggiovara,Opera Pia Bianchi,121,Pig,S,TI,Tibia,NA,NA,NA,NA,NA,NA,NA,NA,26.6,23.3,NA,NA,NA,NA,NA,NA,NA,NA,NA,NA,NA,NA,NA,NA,Pig
2425,South,Bronze Age,BA.M,BM-R,BA.Middle,NA,Baggiovara,Opera Pia Bianchi,121,Pig,S,TI,Tibia,NA,NA,NA,NA,NA,NA,NA,NA,27.3,NA,NA,NA,NA,NA,NA,NA,NA,NA,NA,NA,NA,NA,NA,NA,Pig
2426,South,Bronze Age,BA.M,BM-R,BA.Middle,NA,Baggiovara,Opera Pia Bianchi,121,Pig,S,TI,Tibia,NA,NA,NA,NA,NA,NA,NA,NA,25.7,20.9,NA,NA,NA,NA,NA,NA,NA,NA,NA,NA,NA,NA,NA,NA,Pig
2526,Appennine,Bronze Age,BA.M,BM-R,BA.Middle,NA,Solarolo,via Odriere Settore 1,123,Pig,S,TI,Tibia,NA,NA,NA,NA,NA,NA,NA,NA,28.1,24.8,NA,NA,NA,NA,NA,NA,NA,NA,NA,NA,NA,NA,NA,NA,Pig
2527,Appennine,Bronze Age,BA.M,BM-R,BA.Middle,NA,Solarolo,via Odriere Settore 1,123,Pig,S,TI,Tibia,NA,NA,NA,NA,NA,NA,NA,NA,22.7,25,NA,NA,NA,NA,NA,NA,NA,NA,NA,NA,NA,NA,NA,NA,Pig
2528,Appennine,Bronze Age,BA.M,BM-R,BA.Middle,NA,Solarolo,via Odriere Settore 1,123,Pig,S,TI,Tibia,NA,NA,NA,39.5,NA,NA,NA,NA,NA,NA,NA,NA,NA,NA,NA,NA,NA,NA,NA,NA,NA,NA,NA,NA,Pig
2708,South,Bronze Age,BA.M,BM-R,BA.Middle,Rit,Noceto,*Vasca lignea,39,Pig,S,TI,Tibia,210,NA,NA,49.3,53,20,14.4,NA,29.4,26.9,NA,NA,NA,NA,NA,NA,NA,NA,NA,NA,NA,NA,NA,NA,Pig
2709,South,Bronze Age,BA.M,BM-R,BA.Middle,Rit,Noceto,*Vasca lignea,39,Pig,S,TI,Tibia,NA,NA,NA,41.8,NA,NA,NA,NA,NA,NA,NA,NA,NA,NA,NA,NA,NA,NA,NA,NA,NA,NA,NA,NA,Pig
2710,South,Bronze Age,BA.M,BM-R,BA.Middle,Rit,Noceto,*Vasca lignea,39,Pig,S,TI,Tibia,NA,NA,NA,NA,NA,NA,NA,NA,29.1,25.3,NA,NA,NA,NA,NA,NA,NA,NA,NA,NA,NA,NA,NA,NA,Pig
2711,South,Bronze Age,BA.M,BM-R,BA.Middle,Rit,Noceto,*Vasca lignea,39,Pig,S,TI,Tibia,NA,NA,NA,NA,NA,19.7,14.4,NA,28.7,26.2,NA,NA,NA,NA,NA,NA,NA,NA,NA,NA,NA,NA,NA,NA,Pig
2712,South,Bronze Age,BA.M,BM-R,BA.Middle,Rit,Noceto,*Vasca lignea,39,Pig,S,TI,Tibia,NA,NA,NA,NA,NA,NA,NA,NA,27.5,23.9,NA,NA,NA,NA,NA,NA,NA,NA,NA,NA,NA,NA,NA,NA,Pig
2713,South,Bronze Age,BA.M,BM-R,BA.Middle,Rit,Noceto,*Vasca lignea,39,Pig,S,TI,Tibia,NA,NA,NA,NA,NA,NA,NA,NA,27.5,21,NA,NA,NA,NA,NA,NA,NA,NA,NA,NA,NA,NA,NA,NA,Pig
2714,South,Bronze Age,BA.M,BM-R,BA.Middle,Rit,Noceto,*Vasca lignea,39,Pig,S,TI,Tibia,NA,NA,NA,NA,NA,NA,NA,NA,26.4,24.2,NA,NA,NA,NA,NA,NA,NA,NA,NA,NA,NA,NA,NA,NA,Pig
2828,Appennine,Iron Age,IA1,IA1,IA.Mid,NA,Verucchio,Scavo 1963,80,Pig,S,TI,Tibia,NA,NA,NA,NA,NA,19,13.8,NA,28.5,25.7,NA,NA,NA,NA,NA,NA,NA,NA,NA,NA,NA,NA,NA,NA,Pig
2829,Appennine,Iron Age,IA1,IA1,IA.Mid,NA,Verucchio,Scavo 1963,80,Pig,S,TI,Tibia,NA,NA,NA,NA,NA,17.6,14,NA,NA,NA,NA,NA,NA,NA,NA,NA,NA,NA,NA,NA,NA,NA,NA,NA,Pig
2830,Appennine,Iron Age,IA1,IA1,IA.Mid,NA,Verucchio,Scavo 1963,80,Pig,S,TI,Tibia,NA,NA,NA,NA,NA,NA,13.8,NA,30.5,26.6,NA,NA,NA,NA,NA,NA,NA,NA,NA,NA,NA,NA,NA,NA,Pig
2831,Appennine,Iron Age,IA1,IA1,IA.Mid,NA,Verucchio,Scavo 1963,80,Pig,S,TI,Tibia,NA,NA,NA,NA,NA,NA,12.1,NA,28.9,23.5,NA,NA,NA,NA,NA,NA,NA,NA,NA,NA,NA,NA,NA,NA,Pig
2832,Appennine,Iron Age,IA1,IA1,IA.Mid,NA,Verucchio,Scavo 1963,80,Pig,S,TI,Tibia,NA,NA,NA,NA,NA,15.6,12.1,NA,NA,NA,NA,NA,NA,NA,NA,NA,NA,NA,NA,NA,NA,NA,NA,NA,Pig
2833,Appennine,Iron Age,IA1,IA1,IA.Mid,NA,Verucchio,Scavo 1963,80,Pig,S,TI,Tibia,NA,NA,NA,NA,NA,NA,13.5,NA,28.9,23.5,NA,NA,NA,NA,NA,NA,NA,NA,NA,NA,NA,NA,NA,NA,Pig
2834,Appennine,Iron Age,IA1,IA1,IA.Mid,NA,Verucchio,Scavo 1963,80,Pig,S,TI,Tibia,NA,NA,NA,NA,NA,17.4,12,NA,28.8,24.2,NA,NA,NA,NA,NA,NA,NA,NA,NA,NA,NA,NA,NA,NA,Pig
2835,Appennine,Iron Age,IA1,IA1,IA.Mid,NA,Verucchio,Scavo 1963,80,Pig,S,TI,Tibia,NA,NA,NA,NA,NA,NA,13,NA,28.8,26.2,NA,NA,NA,NA,NA,NA,NA,NA,NA,NA,NA,NA,NA,NA,Pig
2836,Appennine,Iron Age,IA1,IA1,IA.Mid,NA,Verucchio,Scavo 1963,80,Pig,S,TI,Tibia,NA,NA,NA,NA,NA,NA,13,NA,29.7,25.5,NA,NA,NA,NA,NA,NA,NA,NA,NA,NA,NA,NA,NA,NA,Pig
2837,Appennine,Iron Age,IA1,IA1,IA.Mid,NA,Verucchio,Scavo 1963,80,Pig,S,TI,Tibia,NA,NA,NA,NA,NA,NA,1.5,NA,29.7,NA,NA,NA,NA,NA,NA,NA,NA,NA,NA,NA,NA,NA,NA,NA,Pig
2969,South,Iron Age,IA2,IA2,IA.Late,ExNISP,Monte Bibele,Just Ambiente/Casa 14,79,Pig,S,TI,Tibia,NA,NA,NA,NA,NA,NA,NA,NA,27,NA,NA,NA,NA,NA,NA,NA,NA,NA,NA,NA,NA,NA,NA,NA,Pig
2970,South,Iron Age,IA2,IA2,IA.Late,ExNISP,Monte Bibele,Just Ambiente/Casa 14,79,Pig,S,TI,Tibia,NA,NA,NA,NA,NA,NA,NA,NA,25.2,NA,NA,NA,NA,NA,NA,NA,NA,NA,NA,NA,NA,NA,NA,NA,Pig
3010,Friuli,Iron Age,IA2,IA2,IA.Late,NA,Gradiscutta,Centes,104,Pig,S,TI,Tibia,NA,NA,NA,NA,NA,NA,NA,NA,27.7,NA,NA,NA,NA,NA,NA,NA,NA,NA,NA,NA,NA,NA,NA,NA,Pig
3082,South,Iron Age,IA2,IA2,IA.Late,NA,Spina,Excavations 2007-2009,118,Pig,S,TI,Tibia,NA,NA,NA,NA,NA,NA,NA,NA,26.4,NA,NA,NA,NA,NA,NA,NA,NA,NA,NA,NA,NA,NA,NA,NA,Pig
3094,South,Iron Age,IA2,IA2,IA.Late,NA,Spina,Excavations 2007-2009,118,Pig,S,TI,Tibia,NA,NA,NA,NA,NA,NA,NA,NA,26,NA,NA,NA,NA,NA,NA,NA,NA,NA,NA,NA,NA,NA,NA,NA,Pig
3095,South,Iron Age,IA2,IA2,IA.Late,NA,Spina,Excavations 2007-2009,118,Pig,S,TI,Tibia,NA,NA,NA,NA,NA,17.3,NA,NA,26.5,NA,NA,NA,NA,NA,NA,NA,NA,NA,NA,NA,NA,NA,NA,NA,Pig
3096,South,Iron Age,IA2,IA2,IA.Late,NA,Spina,Excavations 2007-2009,118,Pig,S,TI,Tibia,NA,NA,NA,NA,NA,18,27.5,NA,NA,NA,NA,NA,NA,NA,NA,NA,NA,NA,NA,NA,NA,NA,NA,NA,Pig
3319,South,Bronze Age,BA.M-R,BM-R,BA.Middle-Late,NA,Pilastri Bondeno,Sondaggi 1989,27,Pig,S,TI,Tibia,NA,NA,NA,NA,NA,NA,NA,NA,29.1,27.4,NA,NA,NA,NA,NA,NA,NA,NA,NA,NA,NA,NA,NA,NA,Pig
3320,South,Bronze Age,BA.M-R,BM-R,BA.Middle-Late,NA,Pilastri Bondeno,Sondaggi 1989,27,Pig,S,TI,Tibia,NA,NA,NA,NA,NA,18.5,NA,NA,28.3,25.7,NA,NA,NA,NA,NA,NA,NA,NA,NA,NA,NA,NA,NA,NA,Pig
3513,Appennine,Bronze Age,BA.M-R,BM-R,BA.Middle-Late,ExNISP,San Giuliano di Toscanella,NA,34,Pig,S,TI,Tibia,188,NA,NA,NA,NA,16.5,12,NA,26.5,23,NA,NA,NA,NA,NA,NA,NA,NA,NA,NA,NA,NA,NA,NA,Pig
3915,North,Bronze Age,BA.M-R,BM-R,BA.Middle-Late,NA,Peschiera,NA,14,Pig,S,TI,Tibia,NA,NA,NA,NA,NA,NA,NA,NA,23.7,NA,NA,NA,NA,NA,NA,NA,NA,NA,NA,NA,NA,NA,NA,NA,Pig
3916,North,Bronze Age,BA.M-R,BM-R,BA.Middle-Late,NA,Peschiera,NA,14,Pig,S,TI,Tibia,NA,NA,NA,NA,NA,NA,NA,NA,26.4,NA,NA,NA,NA,NA,NA,NA,NA,NA,NA,NA,NA,NA,NA,NA,Pig
3917,North,Bronze Age,BA.M-R,BM-R,BA.Middle-Late,NA,Peschiera,NA,14,Pig,S,TI,Tibia,NA,NA,NA,NA,NA,NA,NA,NA,26.7,NA,NA,NA,NA,NA,NA,NA,NA,NA,NA,NA,NA,NA,NA,NA,Pig
3918,North,Bronze Age,BA.M-R,BM-R,BA.Middle-Late,NA,Peschiera,NA,14,Pig,S,TI,Tibia,NA,NA,NA,NA,NA,NA,NA,NA,28.4,NA,NA,NA,NA,NA,NA,NA,NA,NA,NA,NA,NA,NA,NA,NA,Pig
3919,North,Bronze Age,BA.M-R,BM-R,BA.Middle-Late,NA,Peschiera,NA,14,Pig,S,TI,Tibia,NA,NA,NA,NA,NA,NA,NA,NA,28.4,NA,NA,NA,NA,NA,NA,NA,NA,NA,NA,NA,NA,NA,NA,NA,Pig
3920,North,Bronze Age,BA.M-R,BM-R,BA.Middle-Late,NA,Peschiera,NA,14,Pig,S,TI,Tibia,NA,NA,NA,NA,NA,NA,NA,NA,32,NA,NA,NA,NA,NA,NA,NA,NA,NA,NA,NA,NA,NA,NA,NA,Pig
4142,South,Bronze Age,BA.M,BM-R,BA.Middle,NA,Poviglio,Villaggio piccolo - MBA,26,Pig,S,TI,Tibia,NA,NA,NA,44.8,NA,NA,NA,NA,NA,NA,NA,NA,NA,NA,NA,NA,NA,NA,NA,NA,NA,NA,NA,NA,Pig
4143,South,Bronze Age,BA.M,BM-R,BA.Middle,NA,Poviglio,Villaggio piccolo - MBA,26,Pig,S,TI,Tibia,NA,NA,NA,NA,NA,NA,NA,NA,29.5,NA,NA,NA,NA,NA,NA,NA,NA,NA,NA,NA,NA,NA,NA,NA,Pig
4144,South,Bronze Age,BA.M,BM-R,BA.Middle,NA,Poviglio,Villaggio piccolo - MBA,26,Pig,S,TI,Tibia,NA,NA,NA,NA,NA,NA,NA,NA,29,NA,NA,NA,NA,NA,NA,NA,NA,NA,NA,NA,NA,NA,NA,NA,Pig
4145,South,Bronze Age,BA.M,BM-R,BA.Middle,NA,Poviglio,Villaggio piccolo - MBA,26,Pig,S,TI,Tibia,NA,NA,NA,NA,NA,NA,NA,NA,28.5,NA,NA,NA,NA,NA,NA,NA,NA,NA,NA,NA,NA,NA,NA,NA,Pig
4146,South,Bronze Age,BA.M,BM-R,BA.Middle,NA,Poviglio,Villaggio piccolo - MBA,26,Pig,S,TI,Tibia,NA,NA,NA,NA,NA,NA,NA,NA,28,NA,NA,NA,NA,NA,NA,NA,NA,NA,NA,NA,NA,NA,NA,NA,Pig
4147,South,Bronze Age,BA.M,BM-R,BA.Middle,NA,Poviglio,Villaggio piccolo - MBA,26,Pig,S,TI,Tibia,NA,NA,NA,NA,NA,NA,NA,NA,31,NA,NA,NA,NA,NA,NA,NA,NA,NA,NA,NA,NA,NA,NA,NA,Pig
4148,South,Bronze Age,BA.M,BM-R,BA.Middle,NA,Poviglio,Villaggio piccolo - MBA,26,Pig,S,TI,Tibia,NA,NA,NA,NA,NA,NA,NA,NA,27,NA,NA,NA,NA,NA,NA,NA,NA,NA,NA,NA,NA,NA,NA,NA,Pig
4149,South,Bronze Age,BA.M,BM-R,BA.Middle,NA,Poviglio,Villaggio piccolo - MBA,26,Pig,S,TI,Tibia,NA,NA,NA,NA,NA,NA,NA,NA,29.7,NA,NA,NA,NA,NA,NA,NA,NA,NA,NA,NA,NA,NA,NA,NA,Pig
4208,Veneto,Bronze Age,BA.M,BM-R,BA.Middle,NA,Vallette,NA,145,Pig,S,TI,Tibia,NA,NA,NA,NA,NA,15,NA,NA,25,NA,NA,NA,NA,NA,NA,NA,NA,NA,NA,NA,NA,NA,NA,1,Pig
4209,Veneto,Bronze Age,BA.M,BM-R,BA.Middle,NA,Vallette,NA,145,Pig,S,TI,Tibia,NA,NA,NA,NA,NA,18,NA,NA,NA,NA,NA,NA,NA,NA,NA,NA,NA,NA,NA,NA,NA,NA,NA,1,Pig
4324,Veneto,Bronze Age,BA.M,BM-R,BA.Middle,NA,Tombola,NA,146,Pig,S,TI,Tibia,NA,NA,NA,NA,NA,12,NA,NA,27,NA,NA,NA,NA,NA,NA,NA,NA,NA,NA,NA,NA,NA,NA,1,Pig
4325,Veneto,Bronze Age,BA.M,BM-R,BA.Middle,NA,Tombola,NA,146,Pig,S,TI,Tibia,NA,NA,NA,NA,NA,20,NA,NA,28,NA,NA,NA,NA,NA,NA,NA,NA,NA,NA,NA,NA,NA,NA,1,Pig
4326,Veneto,Bronze Age,BA.M,BM-R,BA.Middle,NA,Tombola,NA,146,Pig,S,TI,Tibia,NA,NA,NA,NA,NA,18,NA,NA,NA,NA,NA,NA,NA,NA,NA,NA,NA,NA,NA,NA,NA,NA,NA,1,Pig
4327,Veneto,Bronze Age,BA.M,BM-R,BA.Middle,NA,Tombola,NA,146,Pig,S,TI,Tibia,NA,NA,NA,NA,NA,19,NA,NA,NA,NA,NA,NA,NA,NA,NA,NA,NA,NA,NA,NA,NA,NA,NA,1,Pig
4328,Veneto,Bronze Age,BA.M,BM-R,BA.Middle,NA,Tombola,NA,146,Pig,S,TI,Tibia,NA,NA,NA,NA,NA,18,NA,NA,28,NA,NA,NA,NA,NA,NA,NA,NA,NA,NA,NA,NA,NA,NA,1,Pig
4329,Veneto,Bronze Age,BA.M,BM-R,BA.Middle,NA,Tombola,NA,146,Pig,S,TI,Tibia,NA,NA,NA,NA,NA,19,NA,NA,NA,NA,NA,NA,NA,NA,NA,NA,NA,NA,NA,NA,NA,NA,NA,1,Pig
4330,Veneto,Bronze Age,BA.M,BM-R,BA.Middle,NA,Tombola,NA,146,Pig,S,TI,Tibia,NA,NA,NA,NA,NA,NA,NA,NA,27,NA,NA,NA,NA,NA,NA,NA,NA,NA,NA,NA,NA,NA,NA,1,Pig
4331,Veneto,Bronze Age,BA.M,BM-R,BA.Middle,NA,Tombola,NA,146,Pig,S,TI,Tibia,NA,NA,NA,NA,NA,19,NA,NA,NA,NA,NA,NA,NA,NA,NA,NA,NA,NA,NA,NA,NA,NA,NA,1,Pig
4332,Veneto,Bronze Age,BA.M,BM-R,BA.Middle,NA,Tombola,NA,146,Pig,S,TI,Tibia,NA,NA,NA,NA,NA,16,NA,NA,NA,NA,NA,NA,NA,NA,NA,NA,NA,NA,NA,NA,NA,NA,NA,1,Pig
4333,Veneto,Bronze Age,BA.M,BM-R,BA.Middle,NA,Tombola,NA,146,Pig,S,TI,Tibia,NA,NA,NA,NA,NA,19,NA,NA,NA,NA,NA,NA,NA,NA,NA,NA,NA,NA,NA,NA,NA,NA,NA,1,Pig
4334,Veneto,Bronze Age,BA.M,BM-R,BA.Middle,NA,Tombola,NA,146,Pig,S,TI,Tibia,NA,NA,NA,NA,NA,12,NA,NA,NA,NA,NA,NA,NA,NA,NA,NA,NA,NA,NA,NA,NA,NA,NA,1,Pig
4489,North,Bronze Age,BA.R,BM-R,BA.Late,NA,Bovolone,Bertoloni et al. 2015,125,Pig,S,TI,Tibia,NA,NA,NA,NA,NA,NA,NA,NA,27,NA,NA,NA,NA,NA,NA,NA,NA,NA,NA,NA,NA,NA,NA,1,Pig
4490,North,Bronze Age,BA.R,BM-R,BA.Late,NA,Bovolone,Bertoloni et al. 2015,125,Pig,S,TI,Tibia,NA,NA,NA,NA,NA,18,NA,NA,NA,NA,NA,NA,NA,NA,NA,NA,NA,NA,NA,NA,NA,NA,NA,1,Pig
4491,North,Bronze Age,BA.R,BM-R,BA.Late,NA,Bovolone,Bertoloni et al. 2015,125,Pig,S,TI,Tibia,NA,NA,NA,NA,NA,NA,NA,NA,26.5,NA,NA,NA,NA,NA,NA,NA,NA,NA,NA,NA,NA,NA,NA,1,Pig
4492,North,Bronze Age,BA.R,BM-R,BA.Late,NA,Bovolone,Bertoloni et al. 2015,125,Pig,S,TI,Tibia,NA,NA,NA,NA,NA,NA,NA,NA,27,NA,NA,NA,NA,NA,NA,NA,NA,NA,NA,NA,NA,NA,NA,1,Pig
4493,North,Bronze Age,BA.R,BM-R,BA.Late,NA,Bovolone,Bertoloni et al. 2015,125,Pig,S,TI,Tibia,NA,NA,NA,NA,NA,NA,NA,NA,27,NA,NA,NA,NA,NA,NA,NA,NA,NA,NA,NA,NA,NA,NA,1,Pig
4494,North,Bronze Age,BA.R,BM-R,BA.Late,NA,Bovolone,Bertoloni et al. 2015,125,Pig,S,TI,Tibia,NA,NA,NA,NA,NA,18,NA,NA,NA,NA,NA,NA,NA,NA,NA,NA,NA,NA,NA,NA,NA,NA,NA,1,Pig
4495,North,Bronze Age,BA.R,BM-R,BA.Late,NA,Bovolone,Bertoloni et al. 2015,125,Pig,S,TI,Tibia,NA,NA,NA,NA,NA,19,NA,NA,NA,NA,NA,NA,NA,NA,NA,NA,NA,NA,NA,NA,NA,NA,NA,1,Pig
4496,North,Bronze Age,BA.R,BM-R,BA.Late,NA,Bovolone,Bertoloni et al. 2015,125,Pig,S,TI,Tibia,NA,NA,NA,NA,NA,NA,NA,NA,28,NA,NA,NA,NA,NA,NA,NA,NA,NA,NA,NA,NA,NA,NA,1,Pig
4497,North,Bronze Age,BA.R,BM-R,BA.Late,NA,Bovolone,Bertoloni et al. 2015,125,Pig,S,TI,Tibia,175,NA,NA,NA,NA,21,NA,NA,27,NA,NA,NA,NA,NA,NA,NA,NA,NA,NA,NA,NA,NA,NA,1,Pig
4599,North,Bronze Age,BA.M,BM-R,BA.Middle,NA,Muraiola,NA,13,Pig,S,TI,Tibia,NA,NA,NA,42.3,NA,NA,NA,NA,NA,NA,NA,NA,NA,NA,NA,NA,NA,NA,NA,NA,NA,NA,NA,NA,Pig
4638,South,Iron Age,IA2,IA2,IA.Late,ExNISP,Forcello,Trentacoste PhD,84,Pig,S,TI,Tibia,NA,NA,NA,NA,NA,NA,NA,NA,26.5,22.8,NA,NA,NA,NA,NA,NA,NA,NA,NA,NA,NA,NA,NA,NA,Pig
4639,South,Iron Age,IA2,IA2,IA.Late,ExNISP,Forcello,Trentacoste PhD,84,Pig,S,TI,Tibia,NA,NA,NA,NA,NA,NA,NA,NA,27.7,NA,NA,NA,NA,NA,NA,NA,NA,NA,NA,NA,NA,NA,NA,NA,Pig
4662,South,Iron Age,IA2,IA2,IA.Late,ExNISP,Forcello,Trentacoste PhD,84,Pig,S,TI,Tibia,NA,NA,NA,NA,NA,NA,NA,NA,30.2,27.3,NA,NA,NA,NA,NA,NA,NA,NA,NA,NA,NA,NA,NA,NA,Pig
4689,South,Iron Age,IA2,IA2,IA.Late,ExNISP,Forcello,Trentacoste PhD,84,Pig,S,TI,Tibia,NA,NA,NA,NA,NA,NA,NA,NA,27.8,22.6,NA,NA,NA,NA,NA,NA,NA,NA,NA,NA,NA,NA,NA,NA,Pig
4690,South,Iron Age,IA2,IA2,IA.Late,ExNISP,Forcello,Trentacoste PhD,84,Pig,S,TI,Tibia,NA,NA,NA,NA,NA,NA,NA,NA,29.1,25.7,NA,NA,NA,NA,NA,NA,NA,NA,NA,NA,NA,NA,NA,NA,Pig
4706,South,Iron Age,IA2,IA2,IA.Late,ExNISP,Forcello,Trentacoste PhD,84,Pig,S,TI,Tibia,NA,NA,NA,NA,NA,NA,NA,NA,26.4,22.4,NA,NA,NA,NA,NA,NA,NA,NA,NA,NA,NA,NA,NA,NA,Pig
4710,South,Iron Age,IA2,IA2,IA.Late,ExNISP,Forcello,Trentacoste PhD,84,Pig,S,TI,Tibia,NA,NA,NA,NA,NA,NA,NA,NA,26.5,22.5,NA,NA,NA,NA,NA,NA,NA,NA,NA,NA,NA,NA,NA,NA,Pig
4730,South,Iron Age,IA2,IA2,IA.Late,ExNISP,Forcello,Trentacoste PhD,84,Pig,S,TI,Tibia,NA,NA,NA,NA,NA,NA,NA,NA,29.3,25.4,NA,NA,NA,NA,NA,NA,NA,NA,NA,NA,NA,NA,NA,NA,Pig
4731,South,Iron Age,IA2,IA2,IA.Late,ExNISP,Forcello,Trentacoste PhD,84,Pig,S,TI,Tibia,NA,NA,NA,NA,NA,19,NA,NA,NA,NA,NA,NA,NA,NA,NA,NA,NA,NA,NA,NA,NA,NA,NA,NA,Pig
4753,South,Iron Age,IA2,IA2,IA.Late,ExNISP,Forcello,Trentacoste PhD,84,Pig,S,TI,Tibia,NA,NA,NA,NA,NA,NA,NA,NA,25.1,28.9,NA,NA,NA,NA,NA,NA,NA,NA,NA,NA,NA,NA,NA,NA,Pig
4762,South,Iron Age,IA2,IA2,IA.Late,ExNISP,Forcello,Trentacoste PhD,84,Pig,S,TI,Tibia,NA,NA,NA,NA,NA,NA,NA,NA,26.3,NA,NA,NA,NA,NA,NA,NA,NA,NA,NA,NA,NA,NA,NA,NA,Pig
4773,South,Iron Age,IA2,IA2,IA.Late,ExNISP,Forcello,Trentacoste PhD,84,Pig,S,TI,Tibia,NA,NA,NA,NA,NA,NA,NA,NA,38.8,32.1,NA,NA,NA,NA,NA,NA,NA,NA,NA,Large,NA,NA,NA,NA,Pig
4778,South,Iron Age,IA2,IA2,IA.Late,ExNISP,Forcello,Trentacoste PhD,84,Pig,S,TI,Tibia,NA,NA,NA,NA,NA,NA,NA,NA,30.3,NA,NA,NA,NA,NA,NA,NA,NA,NA,NA,NA,NA,NA,NA,NA,Pig
4786,South,Iron Age,IA2,IA2,IA.Late,ExNISP,Forcello,Trentacoste PhD,84,Pig,S,TI,Tibia,NA,NA,NA,NA,NA,NA,NA,NA,27.1,22.1,NA,NA,NA,NA,NA,NA,NA,NA,NA,NA,NA,NA,NA,NA,Pig
4838,South,Iron Age,IA2,IA2,IA.Late,ExNISP,Forcello,Trentacoste PhD,84,Pig,S,TI,Tibia,NA,NA,NA,NA,NA,NA,NA,NA,29.6,27.2,NA,NA,NA,NA,NA,NA,NA,NA,NA,NA,NA,NA,NA,NA,Pig
4842,South,Iron Age,IA2,IA2,IA.Late,ExNISP,Forcello,Trentacoste PhD,84,Pig,S,TI,Tibia,NA,NA,NA,NA,NA,20.4,NA,NA,30.9,26.5,NA,NA,NA,NA,NA,NA,NA,NA,NA,NA,NA,NA,NA,NA,Pig
4843,South,Iron Age,IA2,IA2,IA.Late,ExNISP,Forcello,Trentacoste PhD,84,Pig,S,TI,Tibia,NA,NA,NA,NA,NA,NA,NA,NA,27.7,24,NA,NA,NA,NA,NA,NA,NA,NA,NA,NA,NA,NA,NA,NA,Pig
4869,South,Iron Age,IA2,IA2,IA.Late,ExNISP,Forcello,Trentacoste PhD,84,Pig,S,TI,Tibia,NA,NA,NA,NA,NA,NA,NA,NA,28.2,25.6,NA,NA,NA,NA,NA,NA,NA,NA,NA,NA,NA,NA,NA,NA,Pig
4882,South,Iron Age,IA2,IA2,IA.Late,ExNISP,Forcello,Trentacoste PhD,84,Pig,S,TI,Tibia,NA,NA,NA,NA,NA,NA,NA,NA,25.6,23.2,NA,NA,NA,NA,NA,NA,NA,NA,NA,NA,NA,NA,NA,NA,Pig
4888,South,Iron Age,IA2,IA2,IA.Late,ExNISP,Forcello,Trentacoste PhD,84,Pig,S,TI,Tibia,NA,NA,NA,NA,NA,NA,NA,NA,29,25.8,NA,NA,NA,NA,NA,NA,NA,NA,NA,NA,NA,NA,NA,NA,Pig
4905,South,Iron Age,IA2,IA2,IA.Late,ExNISP,Forcello,Trentacoste PhD,84,Pig,S,TI,Tibia,NA,NA,NA,NA,NA,NA,NA,NA,27.6,24.4,NA,NA,NA,NA,NA,NA,NA,NA,NA,NA,NA,NA,NA,NA,Pig
4919,South,Iron Age,IA2,IA2,IA.Late,ExNISP,Forcello,Trentacoste PhD,84,Pig,S,TI,Tibia,NA,NA,NA,NA,NA,NA,NA,NA,24.9,23.2,NA,NA,NA,NA,NA,NA,NA,NA,NA,NA,NA,NA,NA,NA,Pig
4924,South,Iron Age,IA2,IA2,IA.Late,ExNISP,Forcello,Trentacoste PhD,84,Pig,S,TI,Tibia,NA,NA,NA,NA,NA,NA,NA,NA,29,25.8,NA,NA,NA,NA,NA,NA,NA,NA,NA,NA,NA,NA,NA,NA,Pig
4925,South,Iron Age,IA2,IA2,IA.Late,ExNISP,Forcello,Trentacoste PhD,84,Pig,S,TI,Tibia,NA,NA,NA,NA,NA,NA,NA,NA,28.6,25.7,NA,NA,NA,NA,NA,NA,NA,NA,NA,NA,NA,NA,NA,NA,Pig
4997,South,Iron Age,IA2,IA2,IA.Late,ExNISP,Forcello,Trentacoste PhD,84,Pig,S,TI,Tibia,NA,NA,NA,NA,NA,NA,NA,NA,31.6,28.8,NA,NA,NA,NA,NA,NA,NA,NA,NA,NA,NA,NA,NA,NA,Pig
5015,South,Iron Age,IA2,IA2,IA.Late,ExNISP,Forcello,Trentacoste PhD,84,Pig,S,TI,Tibia,NA,NA,NA,NA,NA,NA,NA,NA,27.4,NA,NA,NA,NA,NA,NA,NA,NA,NA,NA,NA,NA,NA,NA,NA,Pig
5021,South,Iron Age,IA2,IA2,IA.Late,ExNISP,Forcello,Trentacoste PhD,84,Pig,S,TI,Tibia,NA,NA,NA,NA,NA,NA,NA,NA,27.1,22.7,NA,NA,NA,NA,NA,NA,NA,NA,NA,NA,NA,NA,NA,NA,Pig
5030,South,Iron Age,IA2,IA2,IA.Late,ExNISP,Forcello,Trentacoste PhD,84,Pig,S,TI,Tibia,NA,NA,NA,NA,NA,NA,NA,NA,28.8,24.8,NA,NA,NA,NA,NA,NA,NA,NA,NA,NA,NA,NA,NA,NA,Pig
5036,South,Iron Age,IA2,IA2,IA.Late,ExNISP,Forcello,Trentacoste PhD,84,Pig,S,TI,Tibia,NA,NA,NA,NA,NA,NA,NA,NA,27.8,23.3,NA,NA,NA,NA,NA,NA,NA,NA,NA,NA,NA,NA,NA,NA,Pig
5037,South,Iron Age,IA2,IA2,IA.Late,ExNISP,Forcello,Trentacoste PhD,84,Pig,S,TI,Tibia,NA,NA,NA,NA,NA,NA,NA,NA,27.7,23.5,NA,NA,NA,NA,NA,NA,NA,NA,NA,NA,NA,NA,NA,NA,Pig
5051,South,Iron Age,IA2,IA2,IA.Late,ExNISP,Forcello,Trentacoste PhD,84,Pig,S,TI,Tibia,NA,NA,NA,NA,NA,18.6,NA,NA,28.7,25,NA,NA,NA,NA,NA,NA,NA,NA,NA,NA,NA,NA,NA,NA,Pig
5052,South,Iron Age,IA2,IA2,IA.Late,ExNISP,Forcello,Trentacoste PhD,84,Pig,S,TI,Tibia,NA,NA,NA,NA,NA,NA,NA,NA,27.5,23.1,NA,NA,NA,NA,NA,NA,NA,NA,NA,NA,NA,NA,NA,NA,Pig
5053,South,Iron Age,IA2,IA2,IA.Late,ExNISP,Forcello,Trentacoste PhD,84,Pig,S,TI,Tibia,NA,NA,NA,NA,NA,NA,NA,NA,28.3,23.5,NA,NA,NA,NA,NA,NA,NA,NA,NA,NA,NA,NA,NA,NA,Pig
5057,South,Iron Age,IA2,IA2,IA.Late,ExNISP,Forcello,Trentacoste PhD,84,Pig,S,TI,Tibia,NA,NA,NA,NA,NA,NA,NA,NA,30,25.7,NA,NA,NA,NA,NA,NA,NA,NA,NA,NA,NA,NA,NA,NA,Pig
5068,South,Iron Age,IA2,IA2,IA.Late,ExNISP,Forcello,Trentacoste PhD,84,Pig,S,TI,Tibia,NA,NA,NA,NA,NA,NA,NA,NA,28.1,26.2,NA,NA,NA,NA,NA,NA,NA,NA,NA,NA,NA,NA,NA,NA,Pig
5072,South,Iron Age,IA2,IA2,IA.Late,ExNISP,Forcello,Trentacoste PhD,84,Pig,S,TI,Tibia,NA,NA,NA,NA,NA,NA,NA,NA,28.7,23.2,NA,NA,NA,NA,NA,NA,NA,NA,NA,NA,NA,NA,NA,NA,Pig
5073,South,Iron Age,IA2,IA2,IA.Late,ExNISP,Forcello,Trentacoste PhD,84,Pig,S,TI,Tibia,NA,NA,NA,NA,NA,NA,NA,NA,28.8,23.8,NA,NA,NA,NA,NA,NA,NA,NA,NA,NA,NA,NA,NA,NA,Pig
5084,South,Iron Age,IA2,IA2,IA.Late,ExNISP,Forcello,Trentacoste PhD,84,Pig,S,TI,Tibia,NA,NA,NA,NA,NA,NA,NA,NA,30.5,27.2,NA,NA,NA,NA,NA,NA,NA,NA,NA,NA,NA,NA,NA,NA,Pig
5085,South,Iron Age,IA2,IA2,IA.Late,ExNISP,Forcello,Trentacoste PhD,84,Pig,S,TI,Tibia,NA,NA,NA,NA,NA,NA,NA,NA,29.9,27.2,NA,NA,NA,NA,NA,NA,NA,NA,NA,NA,NA,NA,NA,NA,Pig
5093,South,Iron Age,IA2,IA2,IA.Late,ExNISP,Forcello,Trentacoste PhD,84,Pig,S,TI,Tibia,NA,NA,NA,NA,NA,NA,NA,NA,28.4,26.7,NA,NA,NA,NA,NA,NA,NA,NA,NA,NA,NA,NA,NA,NA,Pig
5094,South,Iron Age,IA2,IA2,IA.Late,ExNISP,Forcello,Trentacoste PhD,84,Pig,S,TI,Tibia,NA,NA,NA,NA,NA,NA,NA,NA,28.6,23.1,NA,NA,NA,NA,NA,NA,NA,NA,NA,NA,NA,NA,NA,NA,Pig
5105,South,Iron Age,IA2,IA2,IA.Late,ExNISP,Forcello,Trentacoste PhD,84,Pig,S,TI,Tibia,NA,NA,NA,NA,NA,NA,NA,NA,27.1,24.9,NA,NA,NA,NA,NA,NA,NA,NA,NA,NA,NA,NA,NA,NA,Pig
5125,South,Iron Age,IA2,IA2,IA.Late,ExNISP,Forcello,Trentacoste PhD,84,Pig,S,TI,Tibia,NA,NA,NA,NA,NA,NA,NA,NA,28.3,23.1,NA,NA,NA,NA,NA,NA,NA,NA,NA,NA,NA,NA,NA,NA,Pig
5144,South,Iron Age,IA2,IA2,IA.Late,ExNISP,Forcello,Trentacoste PhD,84,Pig,S,TI,Tibia,NA,NA,NA,NA,NA,NA,NA,NA,28.3,23.8,NA,NA,NA,NA,NA,NA,NA,NA,NA,NA,NA,NA,NA,NA,Pig
5150,South,Iron Age,IA2,IA2,IA.Late,ExNISP,Forcello,Trentacoste PhD,84,Pig,S,TI,Tibia,NA,NA,NA,NA,NA,NA,NA,NA,25.6,23,NA,NA,NA,NA,NA,NA,NA,NA,NA,NA,NA,NA,NA,NA,Pig
5154,South,Iron Age,IA2,IA2,IA.Late,ExNISP,Forcello,Trentacoste PhD,84,Pig,S,TI,Tibia,NA,NA,NA,NA,NA,NA,NA,NA,29.1,25.1,NA,NA,NA,NA,NA,NA,NA,NA,NA,NA,NA,NA,NA,NA,Pig
5158,South,Iron Age,IA2,IA2,IA.Late,ExNISP,Forcello,Trentacoste PhD,84,Pig,S,TI,Tibia,NA,NA,NA,NA,NA,NA,NA,NA,30.2,26.5,NA,NA,NA,NA,NA,NA,NA,NA,NA,NA,NA,NA,NA,NA,Pig
5175,South,Iron Age,IA2,IA2,IA.Late,ExNISP,Forcello,Trentacoste PhD,84,Pig,S,TI,Tibia,NA,NA,NA,NA,NA,NA,NA,NA,27.1,22.4,NA,NA,NA,NA,NA,NA,NA,NA,NA,NA,NA,NA,NA,NA,Pig
5185,South,Iron Age,IA2,IA2,IA.Late,ExNISP,Forcello,Trentacoste PhD,84,Pig,S,TI,Tibia,NA,NA,NA,NA,NA,16.7,NA,NA,24.9,22.2,NA,NA,NA,NA,NA,NA,NA,NA,NA,NA,NA,NA,NA,NA,Pig
5195,South,Iron Age,IA2,IA2,IA.Late,ExNISP,Forcello,Trentacoste PhD,84,Pig,S,TI,Tibia,NA,NA,NA,NA,NA,NA,NA,NA,27.4,23.9,NA,NA,NA,NA,NA,NA,NA,NA,NA,NA,NA,NA,NA,NA,Pig
5208,South,Iron Age,IA2,IA2,IA.Late,ExNISP,Forcello,Trentacoste PhD,84,Pig,S,TI,Tibia,NA,NA,NA,NA,NA,NA,NA,NA,28.4,24.4,NA,NA,NA,NA,NA,NA,NA,NA,NA,NA,NA,NA,NA,NA,Pig
5214,South,Iron Age,IA2,IA2,IA.Late,ExNISP,Forcello,Trentacoste PhD,84,Pig,S,TI,Tibia,NA,NA,NA,NA,NA,NA,NA,NA,28.9,25.1,NA,NA,NA,NA,NA,NA,NA,NA,NA,NA,NA,NA,NA,NA,Pig
5215,South,Iron Age,IA2,IA2,IA.Late,ExNISP,Forcello,Trentacoste PhD,84,Pig,S,TI,Tibia,NA,NA,NA,NA,NA,NA,NA,NA,24.7,21.6,NA,NA,NA,NA,NA,NA,NA,NA,NA,NA,NA,NA,NA,NA,Pig
5220,South,Iron Age,IA2,IA2,IA.Late,ExNISP,Forcello,Trentacoste PhD,84,Pig,S,TI,Tibia,NA,NA,NA,NA,NA,NA,NA,NA,25.4,22,NA,NA,NA,NA,NA,NA,NA,NA,NA,NA,NA,NA,NA,NA,Pig
5224,South,Iron Age,IA2,IA2,IA.Late,ExNISP,Forcello,Trentacoste PhD,84,Pig,S,TI,Tibia,NA,NA,NA,NA,NA,NA,NA,NA,27.8,25.4,NA,NA,NA,NA,NA,NA,NA,NA,NA,NA,NA,NA,NA,NA,Pig
5225,South,Iron Age,IA2,IA2,IA.Late,ExNISP,Forcello,Trentacoste PhD,84,Pig,S,TI,Tibia,NA,NA,NA,NA,NA,NA,NA,NA,27.2,27.3,NA,NA,NA,NA,NA,NA,NA,NA,NA,NA,NA,NA,NA,NA,Pig
5246,South,Iron Age,IA2,IA2,IA.Late,ExNISP,Forcello,Trentacoste PhD,84,Pig,S,TI,Tibia,NA,NA,NA,NA,NA,NA,NA,NA,29,25.2,NA,NA,NA,NA,NA,NA,NA,NA,NA,NA,NA,NA,NA,NA,Pig
5262,South,Iron Age,IA2,IA2,IA.Late,ExNISP,Forcello,Trentacoste PhD,84,Pig,S,TI,Tibia,NA,NA,NA,NA,NA,NA,NA,NA,28.5,24.8,NA,NA,NA,NA,NA,NA,NA,NA,NA,NA,NA,NA,NA,NA,Pig
5268,South,Iron Age,IA2,IA2,IA.Late,ExNISP,Forcello,Trentacoste PhD,84,Pig,S,TI,Tibia,NA,NA,NA,NA,NA,NA,NA,NA,26.1,22.2,NA,NA,NA,NA,NA,NA,NA,NA,NA,NA,NA,NA,NA,NA,Pig
5279,South,Iron Age,IA2,IA2,IA.Late,ExNISP,Forcello,Trentacoste PhD,84,Pig,S,TI,Tibia,NA,NA,NA,NA,NA,NA,NA,NA,27.3,24.1,NA,NA,NA,NA,NA,NA,NA,NA,NA,NA,NA,NA,NA,NA,Pig
5284,South,Iron Age,IA2,IA2,IA.Late,ExNISP,Forcello,Trentacoste PhD,84,Pig,S,TI,Tibia,NA,NA,NA,NA,NA,NA,NA,NA,28.8,24.8,NA,NA,NA,NA,NA,NA,NA,NA,NA,NA,NA,NA,NA,NA,Pig
5334,South,Iron Age,IA2,IA2,IA.Late,ExNISP,Forcello,Trentacoste PhD,84,Pig,S,TI,Tibia,NA,NA,NA,NA,NA,NA,NA,NA,26,22.9,NA,NA,NA,NA,NA,NA,NA,NA,NA,NA,NA,NA,NA,NA,Pig
5336,South,Iron Age,IA2,IA2,IA.Late,ExNISP,Forcello,Trentacoste PhD,84,Pig,S,TI,Tibia,NA,NA,NA,NA,NA,NA,NA,NA,26.6,22.8,NA,NA,NA,NA,NA,NA,NA,NA,NA,NA,NA,NA,NA,NA,Pig
5409,South,Iron Age,IA2,IA2,IA.Late,ExNISP,Forcello,Trentacoste PhD,84,Pig,S,TI,Tibia,NA,NA,NA,NA,NA,NA,NA,NA,29.6,27,NA,NA,NA,NA,NA,NA,NA,NA,NA,NA,NA,NA,NA,NA,Pig
5411,South,Iron Age,IA2,IA2,IA.Late,ExNISP,Forcello,Trentacoste PhD,84,Pig,S,TI,Tibia,NA,NA,NA,NA,NA,NA,NA,NA,26.6,NA,NA,NA,NA,NA,NA,NA,NA,NA,NA,NA,NA,NA,NA,NA,Pig
5414,South,Iron Age,IA2,IA2,IA.Late,ExNISP,Forcello,Trentacoste PhD,84,Pig,S,TI,Tibia,NA,NA,NA,NA,NA,NA,NA,NA,29.4,25.9,NA,NA,NA,NA,NA,NA,NA,NA,NA,NA,NA,NA,NA,NA,Pig
5419,South,Iron Age,IA2,IA2,IA.Late,ExNISP,Forcello,Trentacoste PhD,84,Pig,S,TI,Tibia,NA,NA,NA,NA,NA,NA,NA,NA,29.8,25.8,NA,NA,NA,NA,NA,NA,NA,NA,NA,NA,NA,NA,NA,NA,Pig
5427,South,Iron Age,IA2,IA2,IA.Late,ExNISP,Forcello,Trentacoste PhD,84,Pig,S,TI,Tibia,NA,NA,NA,NA,NA,NA,NA,NA,27.1,23.9,NA,NA,NA,NA,NA,NA,NA,NA,NA,NA,NA,NA,NA,NA,Pig
5439,South,Iron Age,IA2,IA2,IA.Late,ExNISP,Forcello,Trentacoste PhD,84,Pig,S,TI,Tibia,NA,NA,NA,NA,NA,NA,NA,NA,26.1,23,NA,NA,NA,NA,NA,NA,NA,NA,NA,NA,NA,NA,NA,NA,Pig
5442,South,Iron Age,IA2,IA2,IA.Late,ExNISP,Forcello,Trentacoste PhD,84,Pig,S,TI,Tibia,NA,NA,NA,NA,NA,NA,NA,NA,25.2,21.9,NA,NA,NA,NA,NA,NA,NA,NA,NA,NA,NA,NA,NA,NA,Pig
5448,South,Iron Age,IA2,IA2,IA.Late,ExNISP,Forcello,Trentacoste PhD,84,Pig,S,TI,Tibia,NA,NA,NA,NA,NA,NA,NA,NA,28.1,23.7,NA,NA,NA,NA,NA,NA,NA,NA,NA,NA,NA,NA,NA,NA,Pig
5451,South,Iron Age,IA2,IA2,IA.Late,ExNISP,Forcello,Trentacoste PhD,84,Pig,S,TI,Tibia,NA,NA,NA,NA,NA,NA,NA,NA,27.7,24.4,NA,NA,NA,NA,NA,NA,NA,NA,NA,NA,NA,NA,NA,NA,Pig
5467,South,Iron Age,IA2,IA2,IA.Late,ExNISP,Forcello,Trentacoste PhD,84,Pig,S,TI,Tibia,NA,NA,NA,NA,NA,NA,NA,NA,26.4,22.4,NA,NA,NA,NA,NA,NA,NA,NA,NA,NA,NA,NA,NA,NA,Pig
5477,South,Iron Age,IA2,IA2,IA.Late,ExNISP,Forcello,Trentacoste PhD,84,Pig,S,TI,Tibia,NA,NA,NA,NA,NA,NA,NA,NA,27.7,23.4,NA,NA,NA,NA,NA,NA,NA,NA,NA,NA,NA,NA,NA,NA,Pig
5479,South,Iron Age,IA2,IA2,IA.Late,ExNISP,Forcello,Trentacoste PhD,84,Pig,S,TI,Tibia,NA,NA,NA,NA,NA,NA,NA,NA,27.8,NA,NA,NA,NA,NA,NA,NA,NA,NA,NA,NA,NA,NA,NA,NA,Pig
5481,South,Iron Age,IA2,IA2,IA.Late,ExNISP,Forcello,Trentacoste PhD,84,Pig,S,TI,Tibia,NA,NA,NA,NA,NA,NA,NA,NA,31.1,25.3,NA,NA,NA,NA,NA,NA,NA,NA,NA,NA,NA,NA,NA,NA,Pig
5486,South,Iron Age,IA2,IA2,IA.Late,ExNISP,Forcello,Trentacoste PhD,84,Pig,S,TI,Tibia,NA,NA,NA,NA,NA,NA,NA,NA,26,24.6,NA,NA,NA,NA,NA,NA,NA,NA,NA,NA,NA,NA,NA,NA,Pig
5496,South,Iron Age,IA2,IA2,IA.Late,ExNISP,Forcello,Trentacoste PhD,84,Pig,S,TI,Tibia,NA,NA,NA,NA,NA,NA,NA,NA,28.9,24.7,NA,NA,NA,NA,NA,NA,NA,NA,NA,NA,NA,NA,NA,NA,Pig
5507,South,Iron Age,IA2,IA2,IA.Late,ExNISP,Forcello,Trentacoste PhD,84,Pig,S,TI,Tibia,NA,NA,NA,NA,NA,NA,NA,NA,28.3,23.3,NA,NA,NA,NA,NA,NA,NA,NA,NA,NA,NA,NA,NA,NA,Pig
5508,South,Iron Age,IA2,IA2,IA.Late,ExNISP,Forcello,Trentacoste PhD,84,Pig,S,TI,Tibia,NA,NA,NA,NA,NA,NA,NA,NA,26.6,23.1,NA,NA,NA,NA,NA,NA,NA,NA,NA,NA,NA,NA,NA,NA,Pig
5532,South,Iron Age,IA2,IA2,IA.Late,ExNISP,Forcello,Trentacoste PhD,84,Pig,S,TI,Tibia,NA,NA,NA,NA,NA,NA,NA,NA,29.4,25.1,NA,NA,NA,NA,NA,NA,NA,NA,NA,NA,NA,NA,NA,NA,Pig
5533,South,Iron Age,IA2,IA2,IA.Late,ExNISP,Forcello,Trentacoste PhD,84,Pig,S,TI,Tibia,NA,NA,NA,NA,NA,NA,NA,NA,26.6,22.8,NA,NA,NA,NA,NA,NA,NA,NA,NA,NA,NA,NA,NA,NA,Pig
5541,South,Iron Age,IA2,IA2,IA.Late,ExNISP,Forcello,Trentacoste PhD,84,Pig,S,TI,Tibia,NA,NA,NA,NA,NA,NA,NA,NA,28.1,24.2,NA,NA,NA,NA,NA,NA,NA,NA,NA,NA,NA,NA,NA,NA,Pig
5546,South,Iron Age,IA2,IA2,IA.Late,ExNISP,Forcello,Trentacoste PhD,84,Pig,S,TI,Tibia,NA,NA,NA,NA,NA,NA,NA,NA,36.7,31.5,NA,NA,NA,NA,NA,NA,NA,NA,NA,Large,NA,NA,NA,NA,Pig
5551,South,Iron Age,IA2,IA2,IA.Late,ExNISP,Forcello,Trentacoste PhD,84,Pig,S,TI,Tibia,NA,NA,NA,NA,NA,NA,NA,NA,26.2,22.3,NA,NA,NA,NA,NA,NA,NA,NA,NA,NA,NA,NA,NA,NA,Pig
5555,South,Iron Age,IA2,IA2,IA.Late,ExNISP,Forcello,Trentacoste PhD,84,Pig,S,TI,Tibia,NA,NA,NA,NA,NA,NA,NA,NA,29,25.3,NA,NA,NA,NA,NA,NA,NA,NA,NA,NA,NA,NA,NA,NA,Pig
5561,South,Iron Age,IA2,IA2,IA.Late,ExNISP,Forcello,Trentacoste PhD,84,Pig,S,TI,Tibia,NA,NA,NA,NA,NA,NA,NA,NA,26.6,24.2,NA,NA,NA,NA,NA,NA,NA,NA,NA,NA,NA,NA,NA,NA,Pig
5573,South,Iron Age,IA2,IA2,IA.Late,ExNISP,Forcello,Trentacoste PhD,84,Pig,S,TI,Tibia,NA,NA,NA,NA,NA,NA,NA,NA,28.2,23.6,NA,NA,NA,NA,NA,NA,NA,NA,NA,NA,NA,NA,NA,NA,Pig
5577,South,Iron Age,IA2,IA2,IA.Late,ExNISP,Forcello,Trentacoste PhD,84,Pig,S,TI,Tibia,NA,NA,NA,NA,NA,NA,NA,NA,28.5,26.1,NA,NA,NA,NA,NA,NA,NA,NA,NA,NA,NA,NA,NA,NA,Pig
5578,South,Iron Age,IA2,IA2,IA.Late,ExNISP,Forcello,Trentacoste PhD,84,Pig,S,TI,Tibia,NA,NA,NA,NA,NA,NA,NA,NA,29.2,25,NA,NA,NA,NA,NA,NA,NA,NA,NA,NA,NA,NA,NA,NA,Pig
5580,South,Iron Age,IA2,IA2,IA.Late,ExNISP,Forcello,Trentacoste PhD,84,Pig,S,TI,Tibia,NA,NA,NA,NA,NA,NA,NA,NA,27.6,23.8,NA,NA,NA,NA,NA,NA,NA,NA,NA,NA,NA,NA,NA,NA,Pig
5587,South,Iron Age,IA2,IA2,IA.Late,ExNISP,Forcello,Trentacoste PhD,84,Pig,S,TI,Tibia,NA,NA,NA,NA,NA,NA,NA,NA,25.5,22.4,NA,NA,NA,NA,NA,NA,NA,NA,NA,NA,NA,NA,NA,NA,Pig
5618,South,Iron Age,IA2,IA2,IA.Late,ExNISP,Forcello,Trentacoste PhD,84,Pig,S,TI,Tibia,NA,NA,NA,NA,NA,NA,NA,NA,27.5,23,NA,NA,NA,NA,NA,NA,NA,NA,NA,NA,NA,NA,NA,NA,Pig
5625,South,Iron Age,IA2,IA2,IA.Late,ExNISP,Forcello,Trentacoste PhD,84,Pig,S,TI,Tibia,NA,NA,NA,NA,NA,NA,NA,NA,28.9,24.9,NA,NA,NA,NA,NA,NA,NA,NA,NA,NA,NA,NA,NA,NA,Pig
5631,South,Iron Age,IA2,IA2,IA.Late,ExNISP,Forcello,Trentacoste PhD,84,Pig,S,TI,Tibia,NA,NA,NA,NA,NA,NA,NA,NA,28.8,25.5,NA,NA,NA,NA,NA,NA,NA,NA,NA,NA,NA,NA,NA,NA,Pig
5634,South,Iron Age,IA2,IA2,IA.Late,ExNISP,Forcello,Trentacoste PhD,84,Pig,S,TI,Tibia,NA,NA,NA,NA,NA,NA,NA,NA,27.6,24,NA,NA,NA,NA,NA,NA,NA,NA,NA,NA,NA,NA,NA,NA,Pig
5663,South,Iron Age,IA2,IA2,IA.Late,ExNISP,Forcello,Trentacoste PhD,84,Pig,S,TI,Tibia,NA,NA,NA,NA,NA,NA,NA,NA,28.9,24.9,NA,NA,NA,NA,NA,NA,NA,NA,NA,NA,NA,NA,NA,NA,Pig
5686,South,Iron Age,IA2,IA2,IA.Late,ExNISP,Forcello,Trentacoste PhD,84,Pig,S,TI,Tibia,NA,NA,NA,NA,NA,NA,NA,NA,29.4,26.4,NA,NA,NA,NA,NA,NA,NA,NA,NA,NA,NA,NA,NA,NA,Pig
5688,South,Iron Age,IA2,IA2,IA.Late,ExNISP,Forcello,Trentacoste PhD,84,Pig,S,TI,Tibia,NA,NA,NA,NA,NA,NA,NA,NA,30.5,26.6,NA,NA,NA,NA,NA,NA,NA,NA,NA,NA,NA,NA,NA,NA,Pig
5697,South,Iron Age,IA2,IA2,IA.Late,ExNISP,Forcello,Trentacoste PhD,84,Pig,S,TI,Tibia,NA,NA,NA,NA,NA,NA,NA,NA,30,25.8,NA,NA,NA,NA,NA,NA,NA,NA,NA,NA,NA,NA,NA,NA,Pig
5700,South,Iron Age,IA2,IA2,IA.Late,ExNISP,Forcello,Trentacoste PhD,84,Pig,S,TI,Tibia,NA,NA,NA,NA,NA,NA,NA,NA,28.8,23.8,NA,NA,NA,NA,NA,NA,NA,NA,NA,NA,NA,NA,NA,NA,Pig
5712,South,Iron Age,IA2,IA2,IA.Late,ExNISP,Forcello,Trentacoste PhD,84,Pig,S,TI,Tibia,NA,NA,NA,NA,NA,NA,NA,NA,26.9,23.1,NA,NA,NA,NA,NA,NA,NA,NA,NA,NA,NA,NA,NA,NA,Pig
5719,South,Iron Age,IA2,IA2,IA.Late,ExNISP,Forcello,Trentacoste PhD,84,Pig,S,TI,Tibia,NA,NA,NA,NA,NA,NA,NA,NA,37.7,31.7,NA,NA,NA,NA,NA,NA,NA,NA,NA,NA,NA,NA,NA,NA,Pig
5732,South,Iron Age,IA2,IA2,IA.Late,ExNISP,Forcello,Trentacoste PhD,84,Pig,S,TI,Tibia,NA,NA,NA,NA,NA,NA,NA,NA,27.5,23.4,NA,NA,NA,NA,NA,NA,NA,NA,NA,NA,NA,NA,NA,NA,Pig
5743,South,Iron Age,IA2,IA2,IA.Late,ExNISP,Forcello,Trentacoste PhD,84,Pig,S,TI,Tibia,NA,NA,NA,NA,NA,NA,NA,NA,28.3,24,NA,NA,NA,NA,NA,NA,NA,NA,NA,NA,NA,NA,NA,NA,Pig
5744,South,Iron Age,IA2,IA2,IA.Late,ExNISP,Forcello,Trentacoste PhD,84,Pig,S,TI,Tibia,NA,NA,NA,NA,NA,NA,NA,NA,28.5,25.4,NA,NA,NA,NA,NA,NA,NA,NA,NA,NA,NA,NA,NA,NA,Pig
5758,South,Iron Age,IA2,IA2,IA.Late,ExNISP,Forcello,Trentacoste PhD,84,Pig,S,TI,Tibia,NA,NA,NA,NA,NA,NA,NA,NA,26.7,23.3,NA,NA,NA,NA,NA,NA,NA,NA,NA,NA,NA,NA,NA,NA,Pig
5759,South,Iron Age,IA2,IA2,IA.Late,ExNISP,Forcello,Trentacoste PhD,84,Pig,S,TI,Tibia,NA,NA,NA,NA,NA,NA,NA,NA,29.3,25.6,NA,NA,NA,NA,NA,NA,NA,NA,NA,NA,NA,NA,NA,NA,Pig
5760,South,Iron Age,IA2,IA2,IA.Late,ExNISP,Forcello,Trentacoste PhD,84,Pig,S,TI,Tibia,NA,NA,NA,NA,NA,NA,NA,NA,26.9,23.8,NA,NA,NA,NA,NA,NA,NA,NA,NA,NA,NA,NA,NA,NA,Pig
5768,South,Iron Age,IA2,IA2,IA.Late,ExNISP,Forcello,Trentacoste PhD,84,Pig,S,TI,Tibia,NA,NA,NA,NA,NA,NA,NA,NA,28.5,25.6,NA,NA,NA,NA,NA,NA,NA,NA,NA,NA,NA,NA,NA,NA,Pig
5774,South,Iron Age,IA2,IA2,IA.Late,ExNISP,Forcello,Trentacoste PhD,84,Pig,S,TI,Tibia,NA,NA,NA,NA,NA,NA,NA,NA,29.3,25.5,NA,NA,NA,NA,NA,NA,NA,NA,NA,NA,NA,NA,NA,NA,Pig
5787,South,Iron Age,IA2,IA2,IA.Late,ExNISP,Forcello,Trentacoste PhD,84,Pig,S,TI,Tibia,NA,NA,NA,NA,NA,NA,NA,NA,29.3,26.6,NA,NA,NA,NA,NA,NA,NA,NA,NA,NA,NA,NA,NA,NA,Pig
5788,South,Iron Age,IA2,IA2,IA.Late,ExNISP,Forcello,Trentacoste PhD,84,Pig,S,TI,Tibia,NA,NA,NA,NA,NA,NA,NA,NA,26.6,22.8,NA,NA,NA,NA,NA,NA,NA,NA,NA,NA,NA,NA,NA,NA,Pig
5792,South,Iron Age,IA2,IA2,IA.Late,ExNISP,Forcello,Trentacoste PhD,84,Pig,S,TI,Tibia,NA,NA,NA,NA,NA,NA,NA,NA,28.8,25.2,NA,NA,NA,NA,NA,NA,NA,NA,NA,NA,NA,NA,NA,NA,Pig
5793,South,Iron Age,IA2,IA2,IA.Late,ExNISP,Forcello,Trentacoste PhD,84,Pig,S,TI,Tibia,NA,NA,NA,NA,NA,NA,NA,NA,27.7,24.1,NA,NA,NA,NA,NA,NA,NA,NA,NA,NA,NA,NA,NA,NA,Pig
5801,South,Iron Age,IA2,IA2,IA.Late,ExNISP,Forcello,Trentacoste PhD,84,Pig,S,TI,Tibia,NA,NA,NA,NA,NA,NA,NA,NA,28.1,23.4,NA,NA,NA,NA,NA,NA,NA,NA,NA,NA,NA,NA,NA,NA,Pig
5803,South,Iron Age,IA2,IA2,IA.Late,ExNISP,Forcello,Trentacoste PhD,84,Pig,S,TI,Tibia,NA,NA,NA,NA,NA,NA,NA,NA,28.8,25.7,NA,NA,NA,NA,NA,NA,NA,NA,NA,NA,NA,NA,NA,NA,Pig
5842,South,Iron Age,IA2,IA2,IA.Late,ExNISP,Forcello,Trentacoste PhD,84,Pig,S,TI,Tibia,NA,NA,NA,NA,NA,NA,NA,NA,26.9,24.9,NA,NA,NA,NA,NA,NA,NA,NA,NA,NA,NA,NA,NA,NA,Pig
5855,South,Iron Age,IA2,IA2,IA.Late,ExNISP,Forcello,Trentacoste PhD,84,Pig,S,TI,Tibia,NA,NA,NA,NA,NA,NA,NA,NA,28.2,24.5,NA,NA,NA,NA,NA,NA,NA,NA,NA,NA,NA,NA,NA,NA,Pig
5899,South,Iron Age,IA2,IA2,IA.Late,ExNISP,Forcello,Trentacoste PhD,84,Pig,S,TI,Tibia,NA,NA,NA,NA,NA,NA,NA,NA,26,23.3,NA,NA,NA,NA,NA,NA,NA,NA,NA,NA,NA,NA,NA,NA,Pig
5921,South,Iron Age,IA2,IA2,IA.Late,ExNISP,Forcello,Trentacoste PhD,84,Pig,S,TI,Tibia,NA,NA,NA,NA,NA,NA,NA,NA,37.4,33.2,NA,NA,NA,NA,NA,NA,NA,NA,NA,Large,NA,NA,NA,NA,Pig
5922,South,Iron Age,IA2,IA2,IA.Late,ExNISP,Forcello,Trentacoste PhD,84,Pig,S,TI,Tibia,NA,NA,NA,NA,NA,NA,NA,NA,28.3,23.7,NA,NA,NA,NA,NA,NA,NA,NA,NA,NA,NA,NA,NA,NA,Pig
5928,South,Iron Age,IA2,IA2,IA.Late,ExNISP,Forcello,Trentacoste PhD,84,Pig,S,TI,Tibia,NA,NA,NA,NA,NA,NA,NA,NA,28,23.1,NA,NA,NA,NA,NA,NA,NA,NA,NA,NA,NA,NA,NA,NA,Pig
5954,South,Iron Age,IA2,IA2,IA.Late,ExNISP,Forcello,Trentacoste PhD,84,Pig,S,TI,Tibia,NA,NA,NA,NA,NA,NA,NA,NA,28.1,21.3,NA,NA,NA,NA,NA,NA,NA,NA,NA,NA,NA,NA,NA,NA,Pig
5968,South,Iron Age,IA2,IA2,IA.Late,ExNISP,Forcello,Trentacoste PhD,84,Pig,S,TI,Tibia,NA,NA,NA,NA,NA,18.8,NA,NA,30.8,25.8,NA,NA,NA,NA,NA,NA,NA,NA,NA,NA,NA,NA,NA,NA,Pig
5979,South,Iron Age,IA2,IA2,IA.Late,ExNISP,Forcello,Trentacoste PhD,84,Pig,S,TI,Tibia,NA,NA,NA,NA,NA,NA,NA,NA,27.2,22.7,NA,NA,NA,NA,NA,NA,NA,NA,NA,NA,NA,NA,NA,NA,Pig
5980,South,Iron Age,IA2,IA2,IA.Late,ExNISP,Forcello,Trentacoste PhD,84,Pig,S,TI,Tibia,NA,NA,NA,NA,NA,NA,NA,NA,28,25.4,NA,NA,NA,NA,NA,NA,NA,NA,NA,NA,NA,NA,NA,NA,Pig
5988,South,Iron Age,IA2,IA2,IA.Late,ExNISP,Forcello,Trentacoste PhD,84,Pig,S,TI,Tibia,NA,NA,NA,NA,NA,NA,NA,NA,25.6,22.2,NA,NA,NA,NA,NA,NA,NA,NA,NA,NA,NA,NA,NA,NA,Pig
5992,South,Iron Age,IA2,IA2,IA.Late,ExNISP,Forcello,Trentacoste PhD,84,Pig,S,TI,Tibia,NA,NA,NA,NA,NA,NA,NA,NA,28.6,24.9,NA,NA,NA,NA,NA,NA,NA,NA,NA,NA,NA,NA,NA,NA,Pig
6005,South,Iron Age,IA2,IA2,IA.Late,ExNISP,Forcello,Trentacoste PhD,84,Pig,S,TI,Tibia,NA,NA,NA,NA,NA,NA,NA,NA,26.6,22.1,NA,NA,NA,NA,NA,NA,NA,NA,NA,NA,NA,NA,NA,NA,Pig
6006,South,Iron Age,IA2,IA2,IA.Late,ExNISP,Forcello,Trentacoste PhD,84,Pig,S,TI,Tibia,NA,NA,NA,NA,NA,NA,NA,NA,28.5,26.8,NA,NA,NA,NA,NA,NA,NA,NA,NA,NA,NA,NA,NA,NA,Pig
6007,South,Iron Age,IA2,IA2,IA.Late,ExNISP,Forcello,Trentacoste PhD,84,Pig,S,TI,Tibia,NA,NA,NA,NA,NA,NA,NA,NA,26.9,23.5,NA,NA,NA,NA,NA,NA,NA,NA,NA,NA,NA,NA,NA,NA,Pig
6014,South,Iron Age,IA2,IA2,IA.Late,ExNISP,Forcello,Trentacoste PhD,84,Pig,S,TI,Tibia,NA,NA,NA,NA,NA,NA,NA,NA,28.8,25.1,NA,NA,NA,NA,NA,NA,NA,NA,NA,NA,NA,NA,NA,NA,Pig
6015,South,Iron Age,IA2,IA2,IA.Late,ExNISP,Forcello,Trentacoste PhD,84,Pig,S,TI,Tibia,NA,NA,NA,NA,NA,NA,NA,NA,28.4,23.4,NA,NA,NA,NA,NA,NA,NA,NA,NA,NA,NA,NA,NA,NA,Pig
6016,South,Iron Age,IA2,IA2,IA.Late,ExNISP,Forcello,Trentacoste PhD,84,Pig,S,TI,Tibia,NA,NA,NA,NA,NA,NA,NA,NA,29.3,24.1,NA,NA,NA,NA,NA,NA,NA,NA,NA,NA,NA,NA,NA,NA,Pig
6034,South,Iron Age,IA2,IA2,IA.Late,ExNISP,Forcello,Trentacoste PhD,84,Pig,S,TI,Tibia,NA,NA,NA,NA,NA,NA,NA,NA,29.1,24.1,NA,NA,NA,NA,NA,NA,NA,NA,NA,NA,NA,NA,NA,NA,Pig
6042,South,Iron Age,IA2,IA2,IA.Late,ExNISP,Forcello,Trentacoste PhD,84,Pig,S,TI,Tibia,NA,NA,NA,NA,NA,NA,NA,NA,28.2,24.9,NA,NA,NA,NA,NA,NA,NA,NA,NA,NA,NA,NA,NA,NA,Pig
6054,South,Iron Age,IA2,IA2,IA.Late,ExNISP,Forcello,Trentacoste PhD,84,Pig,S,TI,Tibia,NA,NA,NA,NA,NA,NA,NA,NA,29.1,24.6,NA,NA,NA,NA,NA,NA,NA,NA,NA,NA,NA,NA,NA,NA,Pig
6055,South,Iron Age,IA2,IA2,IA.Late,ExNISP,Forcello,Trentacoste PhD,84,Pig,S,TI,Tibia,NA,NA,NA,NA,NA,NA,NA,NA,30.7,26.6,NA,NA,NA,NA,NA,NA,NA,NA,NA,NA,NA,NA,NA,NA,Pig
6062,South,Iron Age,IA2,IA2,IA.Late,ExNISP,Forcello,Trentacoste PhD,84,Pig,S,TI,Tibia,NA,NA,NA,NA,NA,NA,NA,NA,29.3,24.6,NA,NA,NA,NA,NA,NA,NA,NA,NA,NA,NA,NA,NA,NA,Pig
6064,South,Iron Age,IA2,IA2,IA.Late,ExNISP,Forcello,Trentacoste PhD,84,Pig,S,TI,Tibia,NA,NA,NA,NA,NA,NA,NA,NA,27.6,20,NA,NA,NA,NA,NA,NA,NA,NA,NA,NA,NA,NA,NA,NA,Pig
6066,South,Iron Age,IA2,IA2,IA.Late,ExNISP,Forcello,Trentacoste PhD,84,Pig,S,TI,Tibia,NA,NA,NA,NA,NA,NA,NA,NA,26.5,NA,NA,NA,NA,NA,NA,NA,NA,NA,NA,NA,NA,NA,NA,NA,Pig
6068,South,Iron Age,IA2,IA2,IA.Late,ExNISP,Forcello,Trentacoste PhD,84,Pig,S,TI,Tibia,NA,NA,NA,NA,NA,NA,NA,NA,29,23.9,NA,NA,NA,NA,NA,NA,NA,NA,NA,NA,NA,NA,NA,NA,Pig
6075,South,Iron Age,IA2,IA2,IA.Late,ExNISP,Forcello,Trentacoste PhD,84,Pig,S,TI,Tibia,NA,NA,NA,NA,NA,NA,NA,NA,27.5,23.4,NA,NA,NA,NA,NA,NA,NA,NA,NA,NA,NA,NA,NA,NA,Pig
6085,South,Iron Age,IA2,IA2,IA.Late,ExNISP,Forcello,Trentacoste PhD,84,Pig,S,TI,Tibia,NA,NA,NA,NA,NA,NA,NA,NA,27.5,22.9,NA,NA,NA,NA,NA,NA,NA,NA,NA,NA,NA,NA,NA,NA,Pig
6106,South,Iron Age,IA2,IA2,IA.Late,ExNISP,Forcello,Trentacoste PhD,84,Pig,S,TI,Tibia,NA,NA,NA,NA,NA,NA,NA,NA,28,25.1,NA,NA,NA,NA,NA,NA,NA,NA,NA,NA,NA,NA,NA,NA,Pig
6115,South,Iron Age,IA2,IA2,IA.Late,ExNISP,Forcello,Trentacoste PhD,84,Pig,S,TI,Tibia,NA,NA,NA,NA,NA,NA,NA,NA,24.6,22,NA,NA,NA,NA,NA,NA,NA,NA,NA,NA,NA,NA,NA,NA,Pig
6116,South,Iron Age,IA2,IA2,IA.Late,ExNISP,Forcello,Trentacoste PhD,84,Pig,S,TI,Tibia,NA,NA,NA,NA,NA,NA,NA,NA,28.2,24.4,NA,NA,NA,NA,NA,NA,NA,NA,NA,NA,NA,NA,NA,NA,Pig
6120,South,Iron Age,IA2,IA2,IA.Late,ExNISP,Forcello,Trentacoste PhD,84,Pig,S,TI,Tibia,NA,NA,NA,NA,NA,NA,NA,NA,25.5,23.3,NA,NA,NA,NA,NA,NA,NA,NA,NA,NA,NA,NA,NA,NA,Pig
6147,South,Iron Age,IA2,IA2,IA.Late,ExNISP,Forcello,Trentacoste PhD,84,Pig,S,TI,Tibia,NA,NA,NA,NA,NA,NA,NA,NA,29.6,23.7,NA,NA,NA,NA,NA,NA,NA,NA,NA,NA,NA,NA,NA,NA,Pig
6149,South,Iron Age,IA2,IA2,IA.Late,ExNISP,Forcello,Trentacoste PhD,84,Pig,S,TI,Tibia,NA,NA,NA,NA,NA,NA,NA,NA,30,23.4,NA,NA,NA,NA,NA,NA,NA,NA,NA,NA,NA,NA,NA,NA,Pig
7895,North,Bronze Age,BA.M,BM-R,BA.Middle,NA,Nogarole Rocca,I Camponi,17,Pig,S,TI,Tibia,NA,NA,NA,NA,NA,NA,NA,NA,27.7,NA,NA,NA,NA,NA,NA,NA,NA,NA,NA,NA,NA,NA,NA,NA,Pig
7896,North,Bronze Age,BA.M,BM-R,BA.Middle,NA,Nogarole Rocca,I Camponi,17,Pig,S,TI,Tibia,NA,NA,NA,NA,NA,NA,NA,NA,28.6,NA,NA,NA,NA,NA,NA,NA,NA,NA,NA,NA,NA,NA,NA,NA,Pig
7980,South,Iron Age,IA2,IA2,IA.Late,ExNISP,Forcello,Scarpa,1,Pig,S,TI,Tibia,NA,NA,NA,NA,NA,NA,NA,NA,24,NA,NA,NA,NA,NA,NA,NA,NA,NA,NA,NA,NA,NA,NA,1,Pig
7981,South,Iron Age,IA2,IA2,IA.Late,ExNISP,Forcello,Scarpa,1,Pig,S,TI,Tibia,NA,NA,NA,NA,NA,NA,NA,NA,27,NA,NA,NA,NA,NA,NA,NA,NA,NA,NA,NA,NA,NA,NA,1,Pig
7982,South,Iron Age,IA2,IA2,IA.Late,ExNISP,Forcello,Scarpa,1,Pig,S,TI,Tibia,NA,NA,NA,NA,NA,NA,NA,NA,30,NA,NA,NA,NA,NA,NA,NA,NA,NA,NA,NA,NA,NA,NA,1,Pig
7983,South,Iron Age,IA2,IA2,IA.Late,ExNISP,Forcello,Scarpa,1,Pig,S,TI,Tibia,NA,NA,NA,NA,NA,NA,NA,NA,24,NA,NA,NA,NA,NA,NA,NA,NA,NA,NA,NA,NA,NA,NA,1,Pig
7984,South,Iron Age,IA2,IA2,IA.Late,ExNISP,Forcello,Scarpa,1,Pig,S,TI,Tibia,NA,NA,NA,NA,NA,NA,NA,NA,27,NA,NA,NA,NA,NA,NA,NA,NA,NA,NA,NA,NA,NA,NA,1,Pig
7985,South,Iron Age,IA2,IA2,IA.Late,ExNISP,Forcello,Scarpa,1,Pig,S,TI,Tibia,NA,NA,NA,NA,NA,NA,NA,NA,30,NA,NA,NA,NA,NA,NA,NA,NA,NA,NA,NA,NA,NA,NA,1,Pig
7986,South,Iron Age,IA2,IA2,IA.Late,ExNISP,Forcello,Scarpa,1,Pig,S,TI,Tibia,NA,NA,NA,NA,NA,NA,NA,NA,24,NA,NA,NA,NA,NA,NA,NA,NA,NA,NA,NA,NA,NA,NA,1,Pig
7987,South,Iron Age,IA2,IA2,IA.Late,ExNISP,Forcello,Scarpa,1,Pig,S,TI,Tibia,NA,NA,NA,NA,NA,NA,NA,NA,28,NA,NA,NA,NA,NA,NA,NA,NA,NA,NA,NA,NA,NA,NA,1,Pig
7988,South,Iron Age,IA2,IA2,IA.Late,ExNISP,Forcello,Scarpa,1,Pig,S,TI,Tibia,NA,NA,NA,NA,NA,NA,NA,NA,24,NA,NA,NA,NA,NA,NA,NA,NA,NA,NA,NA,NA,NA,NA,1,Pig
7989,South,Iron Age,IA2,IA2,IA.Late,ExNISP,Forcello,Scarpa,1,Pig,S,TI,Tibia,NA,NA,NA,NA,NA,NA,NA,NA,28,NA,NA,NA,NA,NA,NA,NA,NA,NA,NA,NA,NA,NA,NA,1,Pig
7990,South,Iron Age,IA2,IA2,IA.Late,ExNISP,Forcello,Scarpa,1,Pig,S,TI,Tibia,NA,NA,NA,NA,NA,NA,NA,NA,24,NA,NA,NA,NA,NA,NA,NA,NA,NA,NA,NA,NA,NA,NA,1,Pig
7991,South,Iron Age,IA2,IA2,IA.Late,ExNISP,Forcello,Scarpa,1,Pig,S,TI,Tibia,NA,NA,NA,NA,NA,NA,NA,NA,28,NA,NA,NA,NA,NA,NA,NA,NA,NA,NA,NA,NA,NA,NA,1,Pig
7992,South,Iron Age,IA2,IA2,IA.Late,ExNISP,Forcello,Scarpa,1,Pig,S,TI,Tibia,NA,NA,NA,NA,NA,NA,NA,NA,25,NA,NA,NA,NA,NA,NA,NA,NA,NA,NA,NA,NA,NA,NA,1,Pig
7993,South,Iron Age,IA2,IA2,IA.Late,ExNISP,Forcello,Scarpa,1,Pig,S,TI,Tibia,NA,NA,NA,NA,NA,NA,NA,NA,25,NA,NA,NA,NA,NA,NA,NA,NA,NA,NA,NA,NA,NA,NA,1,Pig
7994,South,Iron Age,IA2,IA2,IA.Late,ExNISP,Forcello,Scarpa,1,Pig,S,TI,Tibia,NA,NA,NA,NA,NA,NA,NA,NA,25,NA,NA,NA,NA,NA,NA,NA,NA,NA,NA,NA,NA,NA,NA,1,Pig
7995,South,Iron Age,IA2,IA2,IA.Late,ExNISP,Forcello,Scarpa,1,Pig,S,TI,Tibia,NA,NA,NA,NA,NA,NA,NA,NA,28,NA,NA,NA,NA,NA,NA,NA,NA,NA,NA,NA,NA,NA,NA,1,Pig
7996,South,Iron Age,IA2,IA2,IA.Late,ExNISP,Forcello,Scarpa,1,Pig,S,TI,Tibia,NA,NA,NA,NA,NA,NA,NA,NA,28,NA,NA,NA,NA,NA,NA,NA,NA,NA,NA,NA,NA,NA,NA,1,Pig
7997,South,Iron Age,IA2,IA2,IA.Late,ExNISP,Forcello,Scarpa,1,Pig,S,TI,Tibia,NA,NA,NA,NA,NA,NA,NA,NA,28,NA,NA,NA,NA,NA,NA,NA,NA,NA,NA,NA,NA,NA,NA,1,Pig
7998,South,Iron Age,IA2,IA2,IA.Late,ExNISP,Forcello,Scarpa,1,Pig,S,TI,Tibia,NA,NA,NA,NA,NA,NA,NA,NA,26,NA,NA,NA,NA,NA,NA,NA,NA,NA,NA,NA,NA,NA,NA,1,Pig
7999,South,Iron Age,IA2,IA2,IA.Late,ExNISP,Forcello,Scarpa,1,Pig,S,TI,Tibia,NA,NA,NA,NA,NA,NA,NA,NA,26,NA,NA,NA,NA,NA,NA,NA,NA,NA,NA,NA,NA,NA,NA,1,Pig
8000,South,Iron Age,IA2,IA2,IA.Late,ExNISP,Forcello,Scarpa,1,Pig,S,TI,Tibia,NA,NA,NA,NA,NA,NA,NA,NA,26,NA,NA,NA,NA,NA,NA,NA,NA,NA,NA,NA,NA,NA,NA,1,Pig
8001,South,Iron Age,IA2,IA2,IA.Late,ExNISP,Forcello,Scarpa,1,Pig,S,TI,Tibia,NA,NA,NA,NA,NA,NA,NA,NA,26,NA,NA,NA,NA,NA,NA,NA,NA,NA,NA,NA,NA,NA,NA,1,Pig
8002,South,Iron Age,IA2,IA2,IA.Late,ExNISP,Forcello,Scarpa,1,Pig,S,TI,Tibia,NA,NA,NA,NA,NA,NA,NA,NA,28,NA,NA,NA,NA,NA,NA,NA,NA,NA,NA,NA,NA,NA,NA,1,Pig
8003,South,Iron Age,IA2,IA2,IA.Late,ExNISP,Forcello,Scarpa,1,Pig,S,TI,Tibia,NA,NA,NA,NA,NA,NA,NA,NA,28,NA,NA,NA,NA,NA,NA,NA,NA,NA,NA,NA,NA,NA,NA,1,Pig
8004,South,Iron Age,IA2,IA2,IA.Late,ExNISP,Forcello,Scarpa,1,Pig,S,TI,Tibia,NA,NA,NA,NA,NA,NA,NA,NA,28,NA,NA,NA,NA,NA,NA,NA,NA,NA,NA,NA,NA,NA,NA,1,Pig
8005,South,Iron Age,IA2,IA2,IA.Late,ExNISP,Forcello,Scarpa,1,Pig,S,TI,Tibia,NA,NA,NA,NA,NA,NA,NA,NA,29,NA,NA,NA,NA,NA,NA,NA,NA,NA,NA,NA,NA,NA,NA,1,Pig
8006,South,Iron Age,IA2,IA2,IA.Late,ExNISP,Forcello,Scarpa,1,Pig,S,TI,Tibia,NA,NA,NA,NA,NA,NA,NA,NA,27,NA,NA,NA,NA,NA,NA,NA,NA,NA,NA,NA,NA,NA,NA,1,Pig
8007,South,Iron Age,IA2,IA2,IA.Late,ExNISP,Forcello,Scarpa,1,Pig,S,TI,Tibia,NA,NA,NA,NA,NA,NA,NA,NA,27,NA,NA,NA,NA,NA,NA,NA,NA,NA,NA,NA,NA,NA,NA,1,Pig
8008,South,Iron Age,IA2,IA2,IA.Late,ExNISP,Forcello,Scarpa,1,Pig,S,TI,Tibia,NA,NA,NA,NA,NA,NA,NA,NA,27,NA,NA,NA,NA,NA,NA,NA,NA,NA,NA,NA,NA,NA,NA,1,Pig
8009,South,Iron Age,IA2,IA2,IA.Late,ExNISP,Forcello,Scarpa,1,Pig,S,TI,Tibia,NA,NA,NA,NA,NA,NA,NA,NA,29,NA,NA,NA,NA,NA,NA,NA,NA,NA,NA,NA,NA,NA,NA,1,Pig
8010,South,Iron Age,IA2,IA2,IA.Late,ExNISP,Forcello,Scarpa,1,Pig,S,TI,Tibia,NA,NA,NA,NA,NA,NA,NA,NA,29,NA,NA,NA,NA,NA,NA,NA,NA,NA,NA,NA,NA,NA,NA,1,Pig
8011,South,Iron Age,IA2,IA2,IA.Late,ExNISP,Forcello,Scarpa,1,Pig,S,TI,Tibia,NA,NA,NA,NA,NA,NA,NA,NA,29,NA,NA,NA,NA,NA,NA,NA,NA,NA,NA,NA,NA,NA,NA,1,Pig
8507,Veneto,Bronze Age,BA.R,BM-R,BA.Late,NA,Larda I,NA,147,Pig,S,TI,Tibia,NA,NA,NA,NA,NA,NA,NA,NA,24.1,21.1,NA,NA,NA,NA,NA,NA,NA,NA,NA,NA,NA,NA,NA,1,Pig
8508,Veneto,Bronze Age,BA.R,BM-R,BA.Late,NA,Larda I,NA,147,Pig,S,TI,Tibia,NA,NA,NA,43.9,NA,NA,NA,NA,NA,NA,NA,NA,NA,NA,NA,NA,NA,NA,NA,NA,NA,NA,NA,1,Pig
8509,Veneto,Bronze Age,BA.R,BM-R,BA.Late,NA,Larda I,NA,147,Pig,S,TI,Tibia,NA,NA,NA,NA,NA,NA,NA,NA,27.8,28.9,NA,NA,NA,NA,NA,NA,NA,NA,NA,NA,NA,NA,NA,1,Pig
8563,Veneto,Bronze Age,BA.R,BM-R,BA.Late,NA,Larda II,NA,148,Pig,S,TI,Tibia,NA,NA,NA,NA,NA,21,NA,NA,NA,NA,NA,NA,NA,NA,NA,NA,NA,NA,NA,NA,NA,NA,NA,1,Pig
8564,Veneto,Bronze Age,BA.R,BM-R,BA.Late,NA,Larda II,NA,148,Pig,S,TI,Tibia,NA,NA,NA,NA,NA,19.2,NA,NA,NA,NA,NA,NA,NA,NA,NA,NA,NA,NA,NA,NA,NA,NA,NA,1,Pig
8565,Veneto,Bronze Age,BA.R,BM-R,BA.Late,NA,Larda II,NA,148,Pig,S,TI,Tibia,NA,NA,NA,NA,NA,19,NA,NA,NA,NA,NA,NA,NA,NA,NA,NA,NA,NA,NA,NA,NA,NA,NA,1,Pig
8651,Veneto,Bronze Age,BA.R,BM-R,BA.Late,NA,Campestrin,NA,149,Pig,S,TI,Tibia,NA,NA,NA,NA,NA,18,NA,NA,28,NA,NA,NA,NA,NA,NA,NA,NA,NA,NA,NA,NA,NA,NA,1,Pig
8652,Veneto,Bronze Age,BA.R,BM-R,BA.Late,NA,Campestrin,NA,149,Pig,S,TI,Tibia,NA,NA,NA,NA,NA,18,NA,NA,NA,NA,NA,NA,NA,NA,NA,NA,NA,NA,NA,NA,NA,NA,NA,1,Pig
8653,Veneto,Bronze Age,BA.R,BM-R,BA.Late,NA,Campestrin,NA,149,Pig,S,TI,Tibia,NA,NA,NA,NA,NA,20,NA,NA,NA,NA,NA,NA,NA,NA,NA,NA,NA,NA,NA,NA,NA,NA,NA,1,Pig
8720,Veneto,Bronze Age,BA.R,BM-R,BA.Late,NA,Amolara,NA,150,Pig,S,TI,Tibia,NA,NA,NA,NA,NA,16,NA,NA,NA,NA,NA,NA,NA,NA,NA,NA,NA,NA,NA,NA,NA,NA,NA,1,Pig
8721,Veneto,Bronze Age,BA.R,BM-R,BA.Late,NA,Amolara,NA,150,Pig,S,TI,Tibia,NA,NA,NA,NA,NA,16,NA,NA,27,NA,NA,NA,NA,NA,NA,NA,NA,NA,NA,NA,NA,NA,NA,1,Pig
8722,Veneto,Bronze Age,BA.R,BM-R,BA.Late,NA,Amolara,NA,150,Pig,S,TI,Tibia,NA,NA,NA,NA,NA,17,NA,NA,NA,NA,NA,NA,NA,NA,NA,NA,NA,NA,NA,NA,NA,NA,NA,1,Pig
9196,Veneto,Bronze Age,BA.R,BM-R,BA.Late,NA,Terranegra,Depellegrin & Tecchiati - BR,61,Pig,S,TI,Tibia,NA,NA,NA,NA,NA,NA,NA,NA,27.8,NA,NA,NA,NA,NA,NA,NA,NA,NA,NA,NA,NA,NA,NA,NA,Pig
9356,Friuli,Iron Age,IA0,IA1,IA.Early,NA,Gradisca,Iron Age I,169,Pig,S,TI,Tibia,NA,NA,NA,NA,NA,NA,NA,NA,27.2,NA,NA,NA,NA,NA,NA,NA,NA,NA,NA,NA,NA,NA,NA,NA,Pig
9357,Friuli,Iron Age,IA0,IA1,IA.Early,NA,Gradisca,Iron Age I,169,Pig,S,TI,Tibia,NA,NA,NA,NA,NA,NA,NA,NA,27.8,NA,NA,NA,NA,NA,NA,NA,NA,NA,NA,NA,NA,NA,NA,NA,Pig
9358,Friuli,Iron Age,IA0,IA1,IA.Early,NA,Gradisca,Iron Age I,169,Pig,S,TI,Tibia,NA,NA,NA,NA,NA,NA,NA,NA,28.2,24.1,NA,NA,NA,NA,NA,NA,NA,NA,NA,NA,NA,NA,NA,NA,Pig
9359,Friuli,Iron Age,IA0,IA1,IA.Early,NA,Gradisca,Iron Age I,169,Pig,S,TI,Tibia,NA,NA,NA,NA,NA,NA,NA,NA,29.9,NA,NA,NA,NA,NA,NA,NA,NA,NA,NA,NA,NA,NA,NA,NA,Pig
9412,Friuli,Iron Age,IA2,IA2,IA.Late,NA,Gradisca,Iron Age II,170,Pig,S,TI,Tibia,NA,NA,NA,NA,NA,NA,NA,NA,30.4,NA,NA,NA,NA,NA,NA,NA,NA,NA,NA,NA,NA,NA,NA,NA,Pig
9461,Friuli,Iron Age,IA0,BRF-IA0,IA.Early,NA,Pozzuolo,Braida Roggia - Iron Age,142,Pig,S,TI,Tibia,NA,NA,NA,NA,NA,NA,NA,NA,30,NA,NA,NA,NA,NA,NA,NA,NA,NA,NA,NA,NA,NA,NA,NA,Pig
9551,Friuli,Roman,Rom,Early,Roman.Early,Rit,Montereale Valcellina,*US 581/583/606 - Reppublican pits,200,Pig,S,TI,Tibia,NA,NA,NA,NA,NA,NA,NA,NA,27.5,NA,NA,NA,NA,NA,NA,NA,NA,NA,NA,NA,NA,NA,NA,NA,Pig
9841,Friuli,Roman,Rom,Early,Roman.Early,Rit,Montereale Valcellina,*US 581/583/606 - Reppublican pits,200,Pig,S,TI,Tibia,NA,NA,NA,44.9,NA,NA,NA,NA,NA,NA,NA,NA,NA,NA,NA,NA,NA,NA,NA,NA,NA,NA,NA,NA,Pig
9864,Veneto,Roman,Rom.Mid,Mid,Roman.Mid,NA,Ca Tron,sito M,189,Pig,S,TI,Tibia,NA,NA,NA,NA,NA,NA,NA,NA,26,NA,NA,NA,NA,NA,NA,NA,NA,NA,NA,NA,NA,NA,NA,NA,Pig
9948,Veneto,Roman,Rom.M-L,Mid-Late,Roman.Mid-Late,NA,Oderzo,Pozzo romano - all strata (1st-4th c AD),214,Pig,S,TI,Tibia,NA,NA,NA,NA,NA,NA,NA,NA,26.7,NA,NA,NA,NA,NA,NA,NA,NA,NA,NA,NA,NA,NA,NA,NA,Pig
9949,Veneto,Roman,Rom.M-L,Mid-Late,Roman.Mid-Late,NA,Oderzo,Pozzo romano - all strata (1st-4th c AD),214,Pig,S,TI,Tibia,NA,NA,NA,NA,NA,NA,NA,NA,26.7,23.9,NA,NA,NA,NA,NA,NA,NA,NA,NA,NA,NA,NA,NA,NA,Pig
10183,Veneto,Roman,Rom.M-L,Mid-Late,Roman.Mid-Late,NA,Altino,Riedel 1985,56,Pig,S,TI,Tibia,NA,NA,NA,NA,NA,NA,NA,NA,26.9,NA,NA,NA,NA,NA,NA,NA,NA,NA,NA,NA,NA,NA,NA,NA,Pig
10184,Veneto,Roman,Rom.M-L,Mid-Late,Roman.Mid-Late,NA,Altino,Riedel 1985,56,Pig,S,TI,Tibia,NA,NA,NA,NA,NA,NA,NA,NA,28.5,NA,NA,NA,NA,NA,NA,NA,NA,NA,NA,NA,NA,NA,NA,NA,Pig
10295,Friuli,Roman,Rom.Late,Late,Roman.Late,NA,Aquileia,area a est del foro - Riedel 1994,175,Pig,S,TI,Tibia,NA,NA,NA,NA,NA,NA,NA,NA,28.7,NA,NA,NA,NA,NA,NA,NA,NA,NA,NA,NA,NA,NA,NA,NA,Pig
10296,Friuli,Roman,Rom.Late,Late,Roman.Late,NA,Aquileia,area a est del foro - Riedel 1994,175,Pig,S,TI,Tibia,NA,NA,NA,NA,NA,NA,NA,NA,28.1,NA,NA,NA,NA,NA,NA,NA,NA,NA,NA,NA,NA,NA,NA,NA,Pig
10314,Friuli,Roman,Rom.Late,Late,Roman.Late,NA,Aquileia,area a est del foro - Riedel 1994,175,Pig,S,TI,Tibia,NA,NA,NA,NA,NA,NA,NA,NA,31.7,NA,NA,NA,NA,NA,NA,NA,NA,NA,NA,NA,NA,NA,NA,NA,Pig
10315,Friuli,Roman,Rom.Late,Late,Roman.Late,NA,Aquileia,area a est del foro - Riedel 1994,175,Pig,S,TI,Tibia,NA,NA,NA,NA,NA,NA,NA,NA,28.5,NA,NA,NA,NA,NA,NA,NA,NA,NA,NA,NA,NA,NA,NA,NA,Pig
10316,Friuli,Roman,Rom.Late,Late,Roman.Late,NA,Aquileia,area a est del foro - Riedel 1994,175,Pig,S,TI,Tibia,NA,NA,NA,NA,NA,NA,NA,NA,29.2,NA,NA,NA,NA,NA,NA,NA,NA,NA,NA,NA,NA,NA,NA,NA,Pig
10317,Friuli,Roman,Rom.Late,Late,Roman.Late,NA,Aquileia,area a est del foro - Riedel 1994,175,Pig,S,TI,Tibia,NA,NA,NA,NA,NA,NA,NA,NA,31,NA,NA,NA,NA,NA,NA,NA,NA,NA,NA,NA,NA,NA,NA,NA,Pig
10318,Friuli,Roman,Rom.Late,Late,Roman.Late,NA,Aquileia,area a est del foro - Riedel 1994,175,Pig,S,TI,Tibia,NA,NA,NA,NA,NA,NA,NA,NA,29,NA,NA,NA,NA,NA,NA,NA,NA,NA,NA,NA,NA,NA,NA,NA,Pig
10319,Friuli,Roman,Rom.Late,Late,Roman.Late,NA,Aquileia,area a est del foro - Riedel 1994,175,Pig,S,TI,Tibia,NA,NA,NA,NA,NA,NA,NA,NA,24.8,NA,NA,NA,NA,NA,NA,NA,NA,NA,NA,NA,NA,NA,NA,NA,Pig
10749,Friuli,Roman,Rom.Mid,Mid,Roman.Mid,NA,Trieste,Crosada - Phase 3,236,Pig,S,TI,Tibia,NA,NA,NA,NA,NA,NA,NA,NA,26.9,20.5,NA,NA,NA,NA,NA,NA,NA,NA,NA,NA,NA,NA,NA,NA,Pig
10760,Friuli,Roman,Rom.Mid,Mid,Roman.Mid,NA,Trieste,Crosada - Phase 3,236,Pig,S,TI,Tibia,NA,NA,NA,NA,NA,NA,NA,NA,39.1,33.5,NA,NA,NA,NA,NA,NA,NA,NA,NA,NA,Large but appears in publication like this,NA,NA,NA,Pig
10783,Friuli,Roman,Rom,Mid,Roman.Mid,Rit,Trieste,*Crosada - Phase 4c,178,Pig,S,TI,Tibia,NA,NA,NA,NA,NA,NA,NA,NA,34.2,29.9,NA,NA,NA,NA,NA,NA,NA,NA,NA,NA,NA,NA,NA,NA,Pig
11258,Friuli,Roman,Rom.Late,Late,Roman.Late,NA,Udine,Late Roman,246,Pig,S,TI,Tibia,NA,NA,NA,NA,NA,NA,NA,NA,28,NA,NA,NA,NA,NA,NA,NA,NA,NA,NA,NA,NA,NA,NA,NA,Pig
11259,Friuli,Roman,Rom.Late,Late,Roman.Late,NA,Udine,Late Roman,246,Pig,S,TI,Tibia,NA,NA,NA,NA,NA,NA,NA,NA,28.9,NA,NA,NA,NA,NA,NA,NA,NA,NA,NA,NA,NA,NA,NA,NA,Pig
11260,Friuli,Roman,Rom.Late,Late,Roman.Late,NA,Udine,Late Roman,246,Pig,S,TI,Tibia,NA,NA,NA,NA,NA,NA,NA,NA,30,NA,NA,NA,NA,NA,NA,NA,NA,NA,NA,NA,NA,NA,NA,NA,Pig
11650,Veneto,Roman,Rom.Late,Late,Roman.Late,NA,Torcello,Late Antique II-VII / II-VI 5th-7th c. AD,257,Pig,S,TI,Tibia,NA,NA,NA,NA,NA,NA,NA,NA,30.7,NA,NA,NA,NA,NA,NA,NA,NA,NA,NA,NA,NA,NA,NA,NA,Pig
12442,South,Roman,Rom.Early,Early,Roman.Early,NA,Calvatone,Wilkens - Bio data from academia,253,Pig,S,TI,Tibia,NA,NA,NA,NA,NA,NA,NA,NA,31.9,28,NA,NA,NA,NA,NA,NA,NA,NA,NA,NA,NA,NA,NA,NA,Pig
12443,South,Roman,Rom.Early,Early,Roman.Early,NA,Calvatone,Wilkens - Bio data from academia,253,Pig,S,TI,Tibia,NA,NA,NA,NA,NA,NA,NA,NA,27.1,NA,NA,NA,NA,NA,NA,NA,NA,NA,NA,NA,NA,NA,NA,NA,Pig
NA,South,Bronze Age,BA.R,BM-R,BA.Late,NA,Crocetta,NA,443,Pig,S,TI,Tibia,NA,NA,NA,NA,NA,NA,NA,NA,40,NA,NA,NA,NA,NA,NA,NA,NA,NA,NA,NA,NA,NA,NA,NA,Pig
NA,South,Bronze Age,BA.R,BM-R,BA.Late,NA,Crocetta,NA,443,Pig,S,TI,Tibia,NA,NA,NA,NA,NA,NA,NA,NA,38,NA,NA,NA,NA,NA,NA,NA,NA,NA,NA,NA,NA,NA,NA,NA,Pig
NA,South,Bronze Age,BA.R,BM-R,BA.Late,NA,Coccanile,Ca Spadolino,451,Pig,S,TI,Tibia,NA,NA,NA,NA,NA,NA,NA,NA,27.4,22.1,NA,NA,NA,NA,NA,NA,NA,NA,NA,NA,NA,NA,NA,NA,Pig
NA,South,Bronze Age,BA.M-R,BM-R,BA.Middle-Late,NA,Montirone,NA,442,Pig,S,TI,Tibia,NA,NA,NA,NA,NA,NA,NA,NA,27.4,23.8,NA,NA,NA,NA,NA,NA,NA,NA,NA,NA,NA,NA,NA,NA,Pig
167,Veneto,Bronze Age,BA.R-F,BRF-IA0,BA.Late,NA,Fondo Paviani,Riedel 1979 - Recent/Final,21,Sheep,OVA,AS,Astragalus,NA,28,NA,NA,NA,NA,NA,16,18.4,NA,NA,NA,NA,NA,NA,NA,NA,NA,NA,NA,NA,NA,NA,NA,Sheep/goat
168,Veneto,Bronze Age,BA.R-F,BRF-IA0,BA.Late,NA,Fondo Paviani,Riedel 1979 - Recent/Final,21,Sheep,OVA,AS,Astragalus,NA,28.2,NA,NA,NA,NA,NA,16,18.2,NA,NA,NA,NA,NA,NA,NA,NA,NA,NA,NA,NA,NA,NA,NA,Sheep/goat
322,South,Iron Age,IA2,IA2,IA.Late,NA,Casale di Rivalta,NA,71,Sheep,OVA,AS,Astragalus,NA,31.3,29.4,NA,NA,NA,NA,16.7,19.4,NA,NA,NA,NA,NA,NA,NA,NA,NA,NA,NA,NA,NA,NA,NA,Sheep/goat
323,South,Iron Age,IA2,IA2,IA.Late,NA,Casale di Rivalta,NA,71,Sheep,OVA,AS,Astragalus,NA,27.1,25.6,NA,NA,NA,NA,15.2,18.5,NA,NA,NA,NA,NA,NA,NA,NA,NA,NA,NA,NA,NA,NA,NA,Sheep/goat
430,North,Iron Age,IA2,IA2,IA.Late,NA,Colognola ai Colli,NA,54,Sheep,OVA,AS,Astragalus,NA,26.6,25.4,NA,NA,NA,NA,14.8,18,NA,NA,NA,NA,NA,NA,NA,NA,NA,NA,NA,NA,NA,NA,NA,Sheep/goat
431,North,Iron Age,IA2,IA2,IA.Late,NA,Colognola ai Colli,NA,54,Sheep,OVA,AS,Astragalus,NA,27.2,NA,NA,NA,NA,NA,15,17.7,NA,NA,NA,NA,NA,NA,NA,NA,NA,NA,NA,NA,NA,NA,NA,Sheep/goat
432,North,Iron Age,IA2,IA2,IA.Late,NA,Colognola ai Colli,NA,54,Sheep,OVA,AS,Astragalus,NA,27.3,25.1,NA,NA,NA,NA,15.2,17.3,NA,NA,NA,NA,NA,NA,NA,NA,NA,NA,NA,NA,NA,NA,NA,Sheep/goat
433,North,Iron Age,IA2,IA2,IA.Late,NA,Colognola ai Colli,NA,54,Sheep,OVA,AS,Astragalus,NA,27.5,25.4,NA,NA,NA,NA,15.7,18.2,NA,NA,NA,NA,NA,NA,NA,NA,NA,NA,NA,NA,NA,NA,NA,Sheep/goat
435,North,Iron Age,IA2,IA2,IA.Late,NA,Colognola ai Colli,NA,54,Sheep,OVA,AS,Astragalus,NA,27.8,26,NA,NA,NA,NA,15.5,18,NA,NA,NA,NA,NA,NA,NA,NA,NA,NA,NA,NA,NA,NA,NA,Sheep/goat
436,North,Iron Age,IA2,IA2,IA.Late,NA,Colognola ai Colli,NA,54,Sheep,OVA,AS,Astragalus,NA,NA,27.2,NA,NA,NA,NA,16.1,18.2,NA,NA,NA,NA,NA,NA,NA,NA,NA,NA,NA,NA,NA,NA,NA,Sheep/goat
437,North,Iron Age,IA2,IA2,IA.Late,NA,Colognola ai Colli,NA,54,Sheep,OVA,AS,Astragalus,NA,28,26.5,NA,NA,NA,NA,16,18.5,NA,NA,NA,NA,NA,NA,NA,NA,NA,NA,NA,NA,NA,NA,NA,Sheep/goat
438,North,Iron Age,IA2,IA2,IA.Late,NA,Colognola ai Colli,NA,54,Sheep,OVA,AS,Astragalus,NA,28.3,26,NA,NA,NA,NA,16.3,18,NA,NA,NA,NA,NA,NA,NA,NA,NA,NA,NA,NA,NA,NA,NA,Sheep/goat
439,North,Iron Age,IA2,IA2,IA.Late,NA,Colognola ai Colli,NA,54,Sheep,OVA,AS,Astragalus,NA,29.2,27.8,NA,NA,NA,NA,16.9,20,NA,NA,NA,NA,NA,NA,NA,NA,NA,NA,NA,NA,NA,NA,NA,Sheep/goat
441,North,Iron Age,IA2,IA2,IA.Late,NA,Colognola ai Colli,NA,54,Sheep,OVA,AS,Astragalus,NA,29.7,28,NA,NA,NA,NA,17.1,19.5,NA,NA,NA,NA,NA,NA,NA,NA,NA,NA,NA,NA,NA,NA,NA,Sheep/goat
442,North,Iron Age,IA2,IA2,IA.Late,NA,Colognola ai Colli,NA,54,Sheep,OVA,AS,Astragalus,NA,NA,27.7,NA,NA,NA,NA,15.7,17.6,NA,NA,NA,NA,NA,NA,NA,NA,NA,NA,NA,NA,NA,NA,NA,Sheep/goat
1027,North,Iron Age,IA2,IA2,IA.Late,NA,Castelrotto,NA,53,Sheep,OVA,AS,Astragalus,NA,27.6,26.5,NA,NA,NA,NA,15.2,18.8,NA,NA,NA,NA,NA,NA,NA,NA,NA,NA,NA,NA,NA,NA,NA,Sheep/goat
1028,North,Iron Age,IA2,IA2,IA.Late,NA,Castelrotto,NA,53,Sheep,OVA,AS,Astragalus,NA,27.8,27,NA,NA,NA,NA,16,18,NA,NA,NA,NA,NA,NA,NA,NA,NA,NA,NA,NA,NA,NA,NA,Sheep/goat
1029,North,Iron Age,IA2,IA2,IA.Late,NA,Castelrotto,NA,53,Sheep,OVA,AS,Astragalus,NA,NA,26.4,NA,NA,NA,NA,15.7,18.5,NA,NA,NA,NA,NA,NA,NA,NA,NA,NA,NA,NA,NA,NA,NA,Sheep/goat
1030,North,Iron Age,IA2,IA2,IA.Late,NA,Castelrotto,NA,53,Sheep,OVA,AS,Astragalus,NA,NA,NA,NA,NA,NA,NA,15.6,19,NA,NA,NA,NA,NA,NA,NA,NA,NA,NA,NA,NA,NA,NA,NA,Sheep/goat
1031,North,Iron Age,IA2,IA2,IA.Late,NA,Castelrotto,NA,53,Sheep,OVA,AS,Astragalus,NA,28.9,27.8,NA,NA,NA,NA,16.2,18,NA,NA,NA,NA,NA,NA,NA,NA,NA,NA,NA,NA,NA,NA,NA,Sheep/goat
1032,North,Iron Age,IA2,IA2,IA.Late,NA,Castelrotto,NA,53,Sheep,OVA,AS,Astragalus,NA,29,NA,NA,NA,NA,NA,16.5,NA,NA,NA,NA,NA,NA,NA,NA,NA,NA,NA,NA,NA,NA,NA,NA,Sheep/goat
1033,North,Iron Age,IA2,IA2,IA.Late,NA,Castelrotto,NA,53,Sheep,OVA,AS,Astragalus,NA,29,27.3,NA,NA,NA,NA,16.5,19.2,NA,NA,NA,NA,NA,NA,NA,NA,NA,NA,NA,NA,NA,NA,NA,Sheep/goat
1034,North,Iron Age,IA2,IA2,IA.Late,NA,Castelrotto,NA,53,Sheep,OVA,AS,Astragalus,NA,29.2,27.4,NA,NA,NA,NA,15.5,18.8,NA,NA,NA,NA,NA,NA,NA,NA,NA,NA,NA,NA,NA,NA,NA,Sheep/goat
1035,North,Iron Age,IA2,IA2,IA.Late,NA,Castelrotto,NA,53,Sheep,OVA,AS,Astragalus,NA,29.8,25,NA,NA,NA,NA,15.5,16.8,NA,NA,NA,NA,NA,NA,NA,NA,NA,NA,NA,NA,NA,NA,NA,Sheep/goat
1037,North,Iron Age,IA2,IA2,IA.Late,NA,Castelrotto,NA,53,Sheep,OVA,AS,Astragalus,NA,31,28.4,NA,NA,NA,NA,17.2,20,NA,NA,NA,NA,NA,NA,NA,NA,NA,NA,NA,NA,NA,NA,NA,Sheep/goat
1038,North,Iron Age,IA2,IA2,IA.Late,NA,Castelrotto,NA,53,Sheep,OVA,AS,Astragalus,NA,26.8,25,NA,NA,NA,NA,25.5,16.8,NA,NA,NA,NA,NA,NA,NA,NA,NA,NA,NA,NA,NA,NA,NA,Sheep/goat
1039,North,Iron Age,IA2,IA2,IA.Late,NA,Castelrotto,NA,53,Sheep,OVA,AS,Astragalus,NA,26.8,25.6,NA,NA,NA,NA,15.3,18.4,NA,NA,NA,NA,NA,NA,NA,NA,NA,NA,NA,NA,NA,NA,NA,Sheep/goat
1040,North,Iron Age,IA2,IA2,IA.Late,NA,Castelrotto,NA,53,Sheep,OVA,AS,Astragalus,NA,27.6,26.3,NA,NA,NA,NA,15.7,18.8,NA,NA,NA,NA,NA,NA,NA,NA,NA,NA,NA,NA,NA,NA,NA,Sheep/goat
1041,North,Iron Age,IA2,IA2,IA.Late,NA,Castelrotto,NA,53,Sheep,OVA,AS,Astragalus,NA,30,28,NA,NA,NA,NA,16.5,19,NA,NA,NA,NA,NA,NA,NA,NA,NA,NA,NA,NA,NA,NA,NA,Sheep/goat
1042,North,Iron Age,IA2,IA2,IA.Late,NA,Castelrotto,NA,53,Sheep,OVA,AS,Astragalus,NA,30.9,28.9,NA,NA,NA,NA,17.1,21.3,NA,NA,NA,NA,NA,NA,NA,NA,NA,NA,NA,NA,NA,NA,NA,Sheep/goat
1043,North,Iron Age,IA2,IA2,IA.Late,NA,Castelrotto,NA,53,Sheep,OVA,AS,Astragalus,NA,31.2,29.1,NA,NA,NA,NA,17,19.8,NA,NA,NA,NA,NA,NA,NA,NA,NA,NA,NA,NA,NA,NA,NA,Sheep/goat
1044,North,Iron Age,IA2,IA2,IA.Late,NA,Castelrotto,NA,53,Sheep,OVA,AS,Astragalus,NA,31.3,29.8,NA,NA,NA,NA,17.1,20.6,NA,NA,NA,NA,NA,NA,NA,NA,NA,NA,NA,NA,NA,NA,NA,Sheep/goat
1045,North,Iron Age,IA2,IA2,IA.Late,NA,Castelrotto,NA,53,Sheep,OVA,AS,Astragalus,NA,31.7,29,NA,NA,NA,NA,18,20.5,NA,NA,NA,NA,NA,NA,NA,NA,NA,NA,NA,NA,NA,NA,NA,Sheep/goat
1046,North,Iron Age,IA2,IA2,IA.Late,NA,Castelrotto,NA,53,Sheep,OVA,AS,Astragalus,NA,31.7,30.4,NA,NA,NA,NA,18.2,20.4,NA,NA,NA,NA,NA,NA,NA,NA,NA,NA,NA,NA,NA,NA,NA,Sheep/goat
1047,North,Iron Age,IA2,IA2,IA.Late,NA,Castelrotto,NA,53,Sheep,OVA,AS,Astragalus,NA,32.3,31.4,NA,NA,NA,NA,18,21.7,NA,NA,NA,NA,NA,NA,NA,NA,NA,NA,NA,NA,NA,NA,NA,Sheep/goat
1048,North,Iron Age,IA2,IA2,IA.Late,NA,Castelrotto,NA,53,Sheep,OVA,AS,Astragalus,NA,32.4,30.5,NA,NA,NA,NA,16.5,21,NA,NA,NA,NA,NA,NA,NA,NA,NA,NA,NA,NA,NA,NA,NA,Sheep/goat
1746,North,Iron Age,IA2,IA2,IA.Late,NA,Santorso,All phases,92,Sheep,OVA,AS,Astragalus,NA,29.2,26.9,NA,NA,NA,NA,16.4,18.3,NA,NA,NA,NA,NA,NA,NA,NA,NA,NA,NA,NA,NA,NA,NA,Sheep/goat
1747,North,Iron Age,IA2,IA2,IA.Late,NA,Santorso,All phases,92,Sheep,OVA,AS,Astragalus,NA,32.5,30.2,NA,NA,NA,NA,18.3,20,NA,NA,NA,NA,NA,NA,NA,NA,NA,NA,NA,NA,NA,NA,NA,Sheep/goat
1748,North,Iron Age,IA2,IA2,IA.Late,NA,Santorso,All phases,92,Sheep,OVA,AS,Astragalus,NA,29.7,27.4,NA,NA,NA,NA,16.8,19.1,NA,NA,NA,NA,NA,NA,NA,NA,NA,NA,NA,NA,NA,NA,NA,Sheep/goat
1749,North,Iron Age,IA2,IA2,IA.Late,NA,Santorso,All phases,92,Sheep,OVA,AS,Astragalus,NA,30.4,28.2,NA,NA,NA,NA,17.3,20.7,NA,NA,NA,NA,NA,NA,NA,NA,NA,NA,NA,NA,NA,NA,NA,Sheep/goat
1750,North,Iron Age,IA2,IA2,IA.Late,NA,Santorso,All phases,92,Sheep,OVA,AS,Astragalus,NA,28.4,26.1,NA,NA,NA,NA,15.2,18.5,NA,NA,NA,NA,NA,NA,NA,NA,NA,NA,NA,NA,NA,NA,NA,Sheep/goat
1751,North,Iron Age,IA2,IA2,IA.Late,NA,Santorso,All phases,92,Sheep,OVA,AS,Astragalus,NA,29.6,27.8,NA,NA,NA,NA,16.3,19.3,NA,NA,NA,NA,NA,NA,NA,NA,NA,NA,NA,NA,NA,NA,NA,Sheep/goat
1752,North,Iron Age,IA2,IA2,IA.Late,NA,Santorso,All phases,92,Sheep,OVA,AS,Astragalus,NA,30.3,27.8,NA,NA,NA,NA,16.3,20.6,NA,NA,NA,NA,NA,NA,NA,NA,NA,NA,NA,NA,NA,NA,NA,Sheep/goat
1753,North,Iron Age,IA2,IA2,IA.Late,NA,Santorso,All phases,92,Sheep,OVA,AS,Astragalus,NA,27.8,27.6,NA,NA,NA,NA,15.8,NA,NA,NA,NA,NA,NA,NA,NA,NA,NA,NA,NA,NA,NA,NA,NA,Sheep/goat
1754,North,Iron Age,IA2,IA2,IA.Late,NA,Santorso,All phases,92,Sheep,OVA,AS,Astragalus,NA,29.8,28.2,NA,NA,NA,NA,16.7,19.7,NA,NA,NA,NA,NA,NA,NA,NA,NA,NA,NA,NA,NA,NA,NA,Sheep/goat
1755,North,Iron Age,IA2,IA2,IA.Late,NA,Santorso,All phases,92,Sheep,OVA,AS,Astragalus,NA,28.7,26.9,NA,NA,NA,NA,16.4,18.9,NA,NA,NA,NA,NA,NA,NA,NA,NA,NA,NA,NA,NA,NA,NA,Sheep/goat
1890,North,Iron Age,IA2,IA2,IA.Late,NA,Castelrotto,NA,53,Sheep,OVA,AS,Astragalus,NA,28,26,NA,NA,NA,NA,15.7,18.4,NA,NA,NA,NA,NA,NA,NA,NA,NA,NA,NA,NA,NA,NA,NA,Sheep/goat
1891,North,Iron Age,IA2,IA2,IA.Late,NA,Castelrotto,NA,53,Sheep,OVA,AS,Astragalus,NA,27.8,26.3,NA,NA,NA,NA,15.6,17.7,NA,NA,NA,NA,NA,NA,NA,NA,NA,NA,NA,NA,NA,NA,NA,Sheep/goat
1892,North,Iron Age,IA2,IA2,IA.Late,NA,Castelrotto,NA,53,Sheep,OVA,AS,Astragalus,NA,28,26.4,NA,NA,NA,NA,16,18.3,NA,NA,NA,NA,NA,NA,NA,NA,NA,NA,NA,NA,NA,NA,NA,Sheep/goat
1894,North,Iron Age,IA2,IA2,IA.Late,NA,Castelrotto,NA,53,Sheep,OVA,AS,Astragalus,NA,29.2,28.4,NA,NA,NA,NA,16.4,19,NA,NA,NA,NA,NA,NA,NA,NA,NA,NA,NA,NA,NA,NA,NA,Sheep/goat
1895,North,Iron Age,IA2,IA2,IA.Late,NA,Castelrotto,NA,53,Sheep,OVA,AS,Astragalus,NA,29.4,29.3,NA,NA,NA,NA,17,20.6,NA,NA,NA,NA,NA,NA,NA,NA,NA,NA,NA,NA,NA,NA,NA,Sheep/goat
2089,North,Bronze Age,BA.M,BM-R,BA.Middle,NA,Lavagnone,Sector A + E,126,Sheep,OVA,AS,Astragalus,NA,28.8,26,NA,NA,NA,NA,15.3,19.4,NA,NA,NA,NA,NA,NA,NA,NA,NA,NA,NA,NA,NA,NA,NA,Sheep/goat
2090,North,Bronze Age,BA.M,BM-R,BA.Middle,NA,Lavagnone,Sector A + E,126,Sheep,OVA,AS,Astragalus,NA,28.5,26.8,NA,NA,NA,NA,15.4,18.9,NA,NA,NA,NA,NA,NA,NA,NA,NA,NA,NA,NA,NA,NA,NA,Sheep/goat
2091,North,Bronze Age,BA.M,BM-R,BA.Middle,NA,Lavagnone,Sector A + E,126,Sheep,OVA,AS,Astragalus,NA,27.8,26.3,NA,NA,NA,NA,14.9,16.8,NA,NA,NA,NA,NA,NA,NA,NA,NA,NA,NA,NA,NA,NA,NA,Sheep/goat
2092,North,Bronze Age,BA.M,BM-R,BA.Middle,NA,Lavagnone,Sector A + E,126,Sheep,OVA,AS,Astragalus,NA,26.5,24.9,NA,NA,NA,NA,14.1,16.7,NA,NA,NA,NA,NA,NA,NA,NA,NA,NA,NA,NA,NA,NA,NA,Sheep/goat
2093,North,Bronze Age,BA.M,BM-R,BA.Middle,NA,Lavagnone,Sector A + E,126,Sheep,OVA,AS,Astragalus,NA,26.1,24.7,NA,NA,NA,NA,15.2,17.2,NA,NA,NA,NA,NA,NA,NA,NA,NA,NA,NA,NA,NA,NA,NA,Sheep/goat
2094,North,Bronze Age,BA.M,BM-R,BA.Middle,NA,Lavagnone,Sector A + E,126,Sheep,OVA,AS,Astragalus,NA,26,24.6,NA,NA,NA,NA,15,16.6,NA,NA,NA,NA,NA,NA,NA,NA,NA,NA,NA,NA,NA,NA,NA,Sheep/goat
2095,North,Bronze Age,BA.M,BM-R,BA.Middle,NA,Lavagnone,Sector A + E,126,Sheep,OVA,AS,Astragalus,NA,25.8,25,NA,NA,NA,NA,14.4,16.1,NA,NA,NA,NA,NA,NA,NA,NA,NA,NA,NA,NA,NA,NA,NA,Sheep/goat
2096,North,Bronze Age,BA.M,BM-R,BA.Middle,NA,Lavagnone,Sector A + E,126,Sheep,OVA,AS,Astragalus,NA,25,23.6,NA,NA,NA,NA,13.7,15.7,NA,NA,NA,NA,NA,NA,NA,NA,NA,NA,NA,NA,NA,NA,NA,Sheep/goat
2097,North,Bronze Age,BA.M,BM-R,BA.Middle,NA,Lavagnone,Sector A + E,126,Sheep,OVA,AS,Astragalus,NA,23.8,22.9,NA,NA,NA,NA,13.5,15.2,NA,NA,NA,NA,NA,NA,NA,NA,NA,NA,NA,NA,NA,NA,NA,Sheep/goat
2098,North,Bronze Age,BA.M,BM-R,BA.Middle,NA,Lavagnone,Sector A + E,126,Sheep,OVA,AS,Astragalus,NA,23.6,22,NA,NA,NA,NA,13.2,15.7,NA,NA,NA,NA,NA,NA,NA,NA,NA,NA,NA,NA,NA,NA,NA,Sheep/goat
2110,North,Bronze Age,BA.M,BM-R,BA.Middle,NA,Lavagnone,Sector A + E,126,Sheep,OVA,AS,Astragalus,NA,27.8,26.1,NA,NA,NA,NA,15.7,18.7,NA,NA,NA,NA,NA,NA,NA,NA,NA,NA,NA,NA,NA,NA,NA,Sheep/goat
2583,Appennine,Bronze Age,BA.M,BM-R,BA.Middle,NA,Solarolo,via Odriere Settore 1,123,Sheep,OVA,AS,Astragalus,NA,24.1,23.2,NA,NA,NA,NA,13.2,NA,NA,NA,NA,NA,NA,NA,NA,NA,NA,NA,NA,NA,NA,NA,NA,Sheep/goat
2584,Appennine,Bronze Age,BA.M,BM-R,BA.Middle,NA,Solarolo,via Odriere Settore 1,123,Sheep,OVA,AS,Astragalus,NA,28,26.4,NA,NA,NA,NA,16.1,NA,NA,NA,NA,NA,NA,NA,NA,NA,NA,NA,NA,NA,NA,NA,NA,Sheep/goat
2585,Appennine,Bronze Age,BA.M,BM-R,BA.Middle,NA,Solarolo,via Odriere Settore 1,123,Sheep,OVA,AS,Astragalus,NA,22.7,22.2,NA,NA,NA,NA,13,15.4,NA,NA,NA,NA,NA,NA,NA,NA,NA,NA,NA,NA,NA,NA,NA,Sheep/goat
2586,Appennine,Bronze Age,BA.M,BM-R,BA.Middle,NA,Solarolo,via Odriere Settore 1,123,Sheep,OVA,AS,Astragalus,NA,27.4,26.2,NA,NA,NA,NA,15.5,NA,NA,NA,NA,NA,NA,NA,NA,NA,NA,NA,NA,NA,NA,NA,NA,Sheep/goat
2587,Appennine,Bronze Age,BA.M,BM-R,BA.Middle,NA,Solarolo,via Odriere Settore 1,123,Sheep,OVA,AS,Astragalus,NA,23.9,22.7,NA,NA,NA,NA,13.6,16.7,NA,NA,NA,NA,NA,NA,NA,NA,NA,NA,NA,NA,NA,NA,NA,Sheep/goat
3016,Friuli,Iron Age,IA2,IA2,IA.Late,NA,Gradiscutta,Centes,104,Sheep,OVA,AS,Astragalus,NA,29.8,28.5,NA,NA,NA,NA,15.4,NA,NA,NA,NA,NA,NA,NA,NA,NA,NA,NA,NA,NA,NA,NA,NA,Sheep/goat
3654,Friuli,Iron Age,IA0-IA1,BRF-IA0,IA.Early,NA,Pozzuolo,Excavations 1980-83 Final Bronze-Iron Age,55,Sheep,OVA,AS,Astragalus,NA,28.3,NA,NA,NA,NA,NA,15.4,18,NA,NA,NA,NA,NA,NA,NA,NA,NA,NA,NA,NA,NA,NA,NA,Sheep/goat
3655,Friuli,Iron Age,IA0-IA1,BRF-IA0,IA.Early,NA,Pozzuolo,Excavations 1980-83 Final Bronze-Iron Age,55,Sheep,OVA,AS,Astragalus,NA,29,28.5,NA,NA,NA,NA,16.3,18.5,NA,NA,NA,NA,NA,NA,NA,NA,NA,NA,NA,NA,NA,NA,NA,Sheep/goat
3657,Friuli,Iron Age,IA0-IA1,BRF-IA0,IA.Early,NA,Pozzuolo,Excavations 1980-83 Final Bronze-Iron Age,55,Sheep,OVA,AS,Astragalus,NA,30,27.7,NA,NA,NA,NA,17.8,19.2,NA,NA,NA,NA,NA,NA,NA,NA,NA,NA,NA,NA,NA,NA,NA,Sheep/goat
3658,Friuli,Iron Age,IA0-IA1,BRF-IA0,IA.Early,NA,Pozzuolo,Excavations 1980-83 Final Bronze-Iron Age,55,Sheep,OVA,AS,Astragalus,NA,30,29.4,NA,NA,NA,NA,17.5,19.3,NA,NA,NA,NA,NA,NA,NA,NA,NA,NA,NA,NA,NA,NA,NA,Sheep/goat
3659,Friuli,Iron Age,IA0-IA1,BRF-IA0,IA.Early,NA,Pozzuolo,Excavations 1980-83 Final Bronze-Iron Age,55,Sheep,OVA,AS,Astragalus,NA,31,29,NA,NA,NA,NA,NA,19.3,NA,NA,NA,NA,NA,NA,NA,NA,NA,NA,NA,NA,NA,NA,NA,Sheep/goat
3660,Friuli,Iron Age,IA0-IA1,BRF-IA0,IA.Early,NA,Pozzuolo,Excavations 1980-83 Final Bronze-Iron Age,55,Sheep,OVA,AS,Astragalus,NA,31.3,NA,NA,NA,NA,NA,17.4,20.4,NA,NA,NA,NA,NA,NA,NA,NA,NA,NA,NA,NA,NA,NA,NA,Sheep/goat
3661,Friuli,Iron Age,IA0-IA1,BRF-IA0,IA.Early,NA,Pozzuolo,Excavations 1980-83 Final Bronze-Iron Age,55,Sheep,OVA,AS,Astragalus,NA,32.1,30,NA,NA,NA,NA,18.3,20.9,NA,NA,NA,NA,NA,NA,NA,NA,NA,NA,NA,NA,NA,NA,NA,Sheep/goat
3662,Friuli,Iron Age,IA0-IA1,BRF-IA0,IA.Early,NA,Pozzuolo,Excavations 1980-83 Final Bronze-Iron Age,55,Sheep,OVA,AS,Astragalus,NA,34.2,32.1,NA,NA,NA,NA,20.5,21.4,NA,NA,NA,NA,NA,NA,NA,NA,NA,NA,NA,NA,NA,NA,NA,Sheep/goat
3663,Friuli,Iron Age,IA0-IA1,BRF-IA0,IA.Early,NA,Pozzuolo,Excavations 1980-83 Final Bronze-Iron Age,55,Sheep,OVA,AS,Astragalus,NA,35.5,32.4,NA,NA,NA,NA,20,23.5,NA,NA,NA,NA,NA,NA,NA,NA,NA,NA,NA,NA,NA,NA,NA,Sheep/goat
3724,Friuli,Roman,Rom.Early,Early,Roman.Early,NA,Pozzuolo,Excavations 1980-83 Roman,160,Sheep,OVA,AS,Astragalus,NA,28.7,NA,NA,NA,NA,NA,16.3,NA,NA,NA,NA,NA,NA,NA,NA,NA,NA,NA,NA,NA,NA,NA,NA,Sheep/goat
3725,Friuli,Roman,Rom.Early,Early,Roman.Early,NA,Pozzuolo,Excavations 1980-83 Roman,160,Sheep,OVA,AS,Astragalus,NA,28.8,NA,NA,NA,NA,NA,16.5,18.4,NA,NA,NA,NA,NA,NA,NA,NA,NA,NA,NA,NA,NA,NA,NA,Sheep/goat
4074,South,Bronze Age,BA.M,BM-R,BA.Middle,NA,Poviglio,Villaggio piccolo - MBA,26,Sheep,OVA,AS,Astragalus,NA,24.6,23.5,NA,NA,NA,NA,14,15,NA,NA,NA,NA,NA,NA,NA,NA,NA,NA,NA,NA,NA,NA,NA,Sheep/goat
4075,South,Bronze Age,BA.M,BM-R,BA.Middle,NA,Poviglio,Villaggio piccolo - MBA,26,Sheep,OVA,AS,Astragalus,NA,26.3,25.3,NA,NA,NA,NA,14.6,16.6,NA,NA,NA,NA,NA,NA,NA,NA,NA,NA,NA,NA,NA,NA,NA,Sheep/goat
4076,South,Bronze Age,BA.M,BM-R,BA.Middle,NA,Poviglio,Villaggio piccolo - MBA,26,Sheep,OVA,AS,Astragalus,NA,25.4,23.6,NA,NA,NA,NA,14,17,NA,NA,NA,NA,NA,NA,NA,NA,NA,NA,NA,NA,NA,NA,NA,Sheep/goat
4077,South,Bronze Age,BA.M,BM-R,BA.Middle,NA,Poviglio,Villaggio piccolo - MBA,26,Sheep,OVA,AS,Astragalus,NA,24.3,22.8,NA,NA,NA,NA,13.5,15.5,NA,NA,NA,NA,NA,NA,NA,NA,NA,NA,NA,NA,NA,NA,NA,Sheep/goat
4078,South,Bronze Age,BA.M,BM-R,BA.Middle,NA,Poviglio,Villaggio piccolo - MBA,26,Sheep,OVA,AS,Astragalus,NA,25.1,23.2,NA,NA,NA,NA,13.7,16,NA,NA,NA,NA,NA,NA,NA,NA,NA,NA,NA,NA,NA,NA,NA,Sheep/goat
4079,South,Bronze Age,BA.M,BM-R,BA.Middle,NA,Poviglio,Villaggio piccolo - MBA,26,Sheep,OVA,AS,Astragalus,NA,22.6,21.4,NA,NA,NA,NA,13.6,15.3,NA,NA,NA,NA,NA,NA,NA,NA,NA,NA,NA,NA,NA,NA,NA,Sheep/goat
4080,South,Bronze Age,BA.M,BM-R,BA.Middle,NA,Poviglio,Villaggio piccolo - MBA,26,Sheep,OVA,AS,Astragalus,NA,25.1,24,NA,NA,NA,NA,14.1,16.2,NA,NA,NA,NA,NA,NA,NA,NA,NA,NA,NA,NA,NA,NA,NA,Sheep/goat
4081,South,Bronze Age,BA.M,BM-R,BA.Middle,NA,Poviglio,Villaggio piccolo - MBA,26,Sheep,OVA,AS,Astragalus,NA,27.1,25.4,NA,NA,NA,NA,15.2,18,NA,NA,NA,NA,NA,NA,NA,NA,NA,NA,NA,NA,NA,NA,NA,Sheep/goat
4082,South,Bronze Age,BA.M,BM-R,BA.Middle,NA,Poviglio,Villaggio piccolo - MBA,26,Sheep,OVA,AS,Astragalus,NA,22.7,21.7,NA,NA,NA,NA,12.7,15.5,NA,NA,NA,NA,NA,NA,NA,NA,NA,NA,NA,NA,NA,NA,NA,Sheep/goat
4083,South,Bronze Age,BA.M,BM-R,BA.Middle,NA,Poviglio,Villaggio piccolo - MBA,26,Sheep,OVA,AS,Astragalus,NA,26.5,24.7,NA,NA,NA,NA,14.8,17,NA,NA,NA,NA,NA,NA,NA,NA,NA,NA,NA,NA,NA,NA,NA,Sheep/goat
4241,Veneto,Bronze Age,BA.M,BM-R,BA.Middle,NA,Vallette,NA,145,Sheep,OVA,AS,Astragalus,NA,26.6,26,NA,NA,NA,NA,14,17,NA,NA,NA,NA,NA,NA,NA,NA,NA,NA,NA,NA,NA,NA,1,Sheep/goat
4242,Veneto,Bronze Age,BA.M,BM-R,BA.Middle,NA,Vallette,NA,145,Sheep,OVA,AS,Astragalus,NA,27,25.1,NA,NA,NA,NA,15,17,NA,NA,NA,NA,NA,NA,NA,NA,NA,NA,NA,NA,NA,NA,1,Sheep/goat
4435,Veneto,Bronze Age,BA.M,BM-R,BA.Middle,NA,Tombola,NA,146,Sheep,OVA,AS,Astragalus,NA,NA,23,NA,NA,NA,NA,14,17,NA,NA,NA,NA,NA,NA,NA,NA,NA,NA,NA,NA,NA,NA,1,Sheep/goat
4671,South,Iron Age,IA2,IA2,IA.Late,ExNISP,Forcello,Trentacoste PhD,84,Sheep,OVA,AS,Astragalus,NA,26.2,25.8,NA,NA,NA,NA,NA,NA,NA,NA,NA,NA,NA,NA,NA,NA,NA,NA,NA,NA,NA,NA,NA,Sheep/goat
4696,South,Iron Age,IA2,IA2,IA.Late,ExNISP,Forcello,Trentacoste PhD,84,Sheep,OVA,AS,Astragalus,NA,28.9,27.4,NA,NA,NA,NA,15.9,18.2,NA,NA,NA,NA,NA,NA,NA,NA,NA,NA,NA,NA,NA,NA,NA,Sheep/goat
4805,South,Iron Age,IA2,IA2,IA.Late,ExNISP,Forcello,Trentacoste PhD,84,Sheep,OVA,AS,Astragalus,NA,27.3,26.1,NA,NA,NA,NA,14.7,17.9,NA,NA,NA,NA,NA,NA,NA,NA,NA,NA,NA,NA,NA,NA,NA,Sheep/goat
4863,South,Iron Age,IA2,IA2,IA.Late,ExNISP,Forcello,Trentacoste PhD,84,Sheep,OVA,AS,Astragalus,NA,26.6,25.7,NA,NA,NA,NA,15,17.8,NA,NA,NA,NA,NA,NA,NA,NA,NA,NA,NA,NA,NA,NA,NA,Sheep/goat
4908,South,Iron Age,IA2,IA2,IA.Late,ExNISP,Forcello,Trentacoste PhD,84,Sheep,OVA,AS,Astragalus,NA,28.3,26.2,NA,NA,NA,NA,NA,18.9,NA,NA,NA,NA,NA,NA,NA,NA,NA,NA,NA,NA,NA,NA,NA,Sheep/goat
4954,South,Iron Age,IA2,IA2,IA.Late,ExNISP,Forcello,Trentacoste PhD,84,Sheep,OVA,AS,Astragalus,NA,30.4,28,NA,NA,NA,NA,16.5,19.4,NA,NA,NA,NA,NA,NA,NA,NA,NA,NA,NA,NA,NA,NA,NA,Sheep/goat
4965,South,Iron Age,IA2,IA2,IA.Late,ExNISP,Forcello,Trentacoste PhD,84,Sheep,OVA,AS,Astragalus,NA,NA,NA,NA,NA,NA,NA,NA,18.2,NA,NA,NA,NA,NA,NA,NA,NA,NA,NA,NA,NA,NA,NA,NA,Sheep/goat
4995,South,Iron Age,IA2,IA2,IA.Late,ExNISP,Forcello,Trentacoste PhD,84,Sheep,OVA,AS,Astragalus,NA,27.7,25.9,NA,NA,NA,NA,15.3,17.4,NA,NA,NA,NA,NA,NA,NA,NA,NA,NA,NA,NA,NA,NA,NA,Sheep/goat
5211,South,Iron Age,IA2,IA2,IA.Late,ExNISP,Forcello,Trentacoste PhD,84,Sheep,OVA,AS,Astragalus,NA,28.9,26.7,NA,NA,NA,NA,15.7,19.4,NA,NA,NA,NA,NA,NA,NA,NA,NA,NA,NA,NA,NA,NA,NA,Sheep/goat
5256,South,Iron Age,IA2,IA2,IA.Late,ExNISP,Forcello,Trentacoste PhD,84,Sheep,OVA,AS,Astragalus,NA,25.7,24,NA,NA,NA,NA,14.6,17.1,NA,NA,NA,NA,NA,NA,NA,NA,NA,NA,NA,NA,NA,NA,NA,Sheep/goat
5261,South,Iron Age,IA2,IA2,IA.Late,ExNISP,Forcello,Trentacoste PhD,84,Sheep,OVA,AS,Astragalus,NA,31,29.3,NA,NA,NA,NA,17.6,20,NA,NA,NA,NA,NA,NA,NA,NA,NA,NA,NA,NA,NA,NA,NA,Sheep/goat
5382,South,Iron Age,IA2,IA2,IA.Late,ExNISP,Forcello,Trentacoste PhD,84,Sheep,OVA,AS,Astragalus,NA,29.1,27.7,NA,NA,NA,NA,16.6,19.8,NA,NA,NA,NA,NA,NA,NA,NA,NA,NA,NA,NA,NA,NA,NA,Sheep/goat
5430,South,Iron Age,IA2,IA2,IA.Late,ExNISP,Forcello,Trentacoste PhD,84,Sheep,OVA,AS,Astragalus,NA,30.9,29.5,NA,NA,NA,NA,17.2,20.3,NA,NA,NA,NA,NA,NA,NA,NA,NA,NA,NA,NA,NA,NA,NA,Sheep/goat
5431,South,Iron Age,IA2,IA2,IA.Late,ExNISP,Forcello,Trentacoste PhD,84,Sheep,OVA,AS,Astragalus,NA,28.7,26.3,NA,NA,NA,NA,15.3,19.4,NA,NA,NA,NA,NA,NA,NA,NA,NA,NA,NA,NA,NA,NA,NA,Sheep/goat
5504,South,Iron Age,IA2,IA2,IA.Late,ExNISP,Forcello,Trentacoste PhD,84,Sheep,OVA,AS,Astragalus,NA,25.1,23.8,NA,NA,NA,NA,14.3,17.9,NA,NA,NA,NA,NA,NA,NA,NA,NA,NA,NA,NA,NA,NA,NA,Sheep/goat
5552,South,Iron Age,IA2,IA2,IA.Late,ExNISP,Forcello,Trentacoste PhD,84,Sheep,OVA,AS,Astragalus,NA,26.5,25.8,NA,NA,NA,NA,14.8,18.5,NA,NA,NA,NA,NA,NA,NA,NA,NA,NA,NA,NA,NA,NA,NA,Sheep/goat
5583,South,Iron Age,IA2,IA2,IA.Late,ExNISP,Forcello,Trentacoste PhD,84,Sheep,OVA,AS,Astragalus,NA,30.3,27.7,NA,NA,NA,NA,16.5,19.4,NA,NA,NA,NA,NA,NA,NA,NA,NA,NA,NA,NA,NA,NA,NA,Sheep/goat
5847,South,Iron Age,IA2,IA2,IA.Late,ExNISP,Forcello,Trentacoste PhD,84,Sheep,OVA,AS,Astragalus,NA,31,29.7,NA,NA,NA,NA,NA,17,NA,NA,NA,NA,NA,NA,NA,NA,NA,NA,NA,NA,NA,NA,NA,Sheep/goat
5912,South,Iron Age,IA2,IA2,IA.Late,ExNISP,Forcello,Trentacoste PhD,84,Sheep,OVA,AS,Astragalus,NA,NA,26.8,NA,NA,NA,NA,NA,18.5,NA,NA,NA,NA,NA,NA,NA,NA,NA,NA,NA,NA,NA,NA,NA,Sheep/goat
5985,South,Iron Age,IA2,IA2,IA.Late,ExNISP,Forcello,Trentacoste PhD,84,Sheep,OVA,AS,Astragalus,NA,28.8,27.8,NA,NA,NA,NA,15.6,18.9,NA,NA,NA,NA,NA,NA,NA,NA,NA,NA,NA,NA,NA,NA,NA,Sheep/goat
6101,South,Iron Age,IA2,IA2,IA.Late,ExNISP,Forcello,Trentacoste PhD,84,Sheep,OVA,AS,Astragalus,NA,26.3,24.6,NA,NA,NA,NA,NA,18,NA,NA,NA,NA,NA,NA,NA,NA,NA,NA,NA,NA,NA,NA,NA,Sheep/goat
6130,South,Iron Age,IA2,IA2,IA.Late,ExNISP,Forcello,Trentacoste PhD,84,Sheep,OVA,AS,Astragalus,NA,28.5,NA,NA,NA,NA,NA,17,18.9,NA,NA,NA,NA,NA,NA,NA,NA,NA,NA,NA,NA,NA,NA,NA,Sheep/goat
8478,North,Bronze Age,BA.R,BM-R,BA.Late,NA,Bovolone,Bertoloni et al. 2015,125,Sheep,OVA,AS,Astragalus,NA,26,25,NA,NA,NA,NA,15,NA,NA,NA,NA,NA,NA,NA,NA,NA,NA,NA,NA,NA,NA,NA,1,Sheep/goat
8914,Veneto,Bronze Age,BA.R,BM-R,BA.Late,NA,Terranegra,Depellegrin & Tecchiati - BR,61,Sheep,OVA,AS,Astragalus,NA,30.7,27.8,NA,NA,NA,NA,16.6,17.8,NA,NA,NA,NA,NA,NA,NA,NA,NA,NA,NA,NA,NA,NA,*,Sheep/goat
8915,Veneto,Iron Age,IA1-IA2,IA1,IA.Mid,NA,Terranegra,Depellegrin & Tecchiati - IA,156,Sheep,OVA,AS,Astragalus,NA,27.8,27.2,NA,NA,NA,NA,16.1,18.1,NA,NA,NA,NA,NA,NA,NA,NA,NA,NA,NA,NA,NA,NA,NA,Sheep/goat
8916,Veneto,Iron Age,IA1-IA2,IA1,IA.Mid,NA,Terranegra,Depellegrin & Tecchiati - IA,156,Sheep,OVA,AS,Astragalus,NA,28.8,27.7,NA,NA,NA,NA,17,18,NA,NA,NA,NA,NA,NA,NA,NA,NA,NA,NA,NA,NA,NA,*,Sheep/goat
8917,Veneto,Iron Age,IA1-IA2,IA1,IA.Mid,NA,Terranegra,Depellegrin & Tecchiati - IA,156,Sheep,OVA,AS,Astragalus,NA,29.8,28.6,NA,NA,NA,NA,17,19.5,NA,NA,NA,NA,NA,NA,NA,NA,NA,NA,NA,NA,NA,NA,NA,Sheep/goat
8918,Veneto,Iron Age,IA1-IA2,IA1,IA.Mid,NA,Terranegra,Depellegrin & Tecchiati - IA,156,Sheep,OVA,AS,Astragalus,NA,29.2,27.8,NA,NA,NA,NA,15.6,17.8,NA,NA,NA,NA,NA,NA,NA,NA,NA,NA,NA,NA,NA,NA,NA,Sheep/goat
8919,Veneto,Iron Age,IA1-IA2,IA1,IA.Mid,NA,Terranegra,Depellegrin & Tecchiati - IA,156,Sheep,OVA,AS,Astragalus,NA,30.7,29.7,NA,NA,NA,NA,17.1,20,NA,NA,NA,NA,NA,NA,NA,NA,NA,NA,NA,NA,NA,NA,*,Sheep/goat
9292,Friuli,Bronze Age-Iron Age,BA.F-IA0,BRF-IA0,BA.L-EIA,NA,Gradisca,Final Bronze Age - Early Iron Age,168,Sheep,OVA,AS,Astragalus,NA,29.2,26.7,NA,NA,NA,NA,NA,18.4,NA,NA,NA,NA,NA,NA,NA,NA,NA,NA,NA,NA,NA,NA,NA,Sheep/goat
9332,Friuli,Iron Age,IA0,IA1,IA.Early,NA,Gradisca,Iron Age I,169,Sheep,OVA,AS,Astragalus,NA,31.7,30.7,NA,NA,NA,NA,17.6,20.8,NA,NA,NA,NA,NA,NA,NA,NA,NA,NA,NA,NA,NA,NA,NA,Sheep/goat
9542,Friuli,Roman,Rom,Early,Roman.Early,Rit,Montereale Valcellina,*US 581/583/606 - Reppublican pits,200,Sheep,OVA,AS,Astragalus,NA,32.5,30.7,NA,NA,NA,NA,18.5,21.6,NA,NA,NA,NA,NA,NA,NA,NA,NA,NA,NA,NA,NA,NA,NA,Sheep/goat
9543,Friuli,Roman,Rom,Early,Roman.Early,Rit,Montereale Valcellina,*US 581/583/606 - Reppublican pits,200,Sheep,OVA,AS,Astragalus,NA,29.5,27,NA,NA,NA,NA,16.1,18.5,NA,NA,NA,NA,NA,NA,NA,NA,NA,NA,NA,NA,NA,NA,NA,Sheep/goat
9545,Friuli,Roman,Rom,Early,Roman.Early,Rit,Montereale Valcellina,*US 581/583/606 - Reppublican pits,200,Sheep,OVA,AS,Astragalus,NA,30.5,29.3,NA,NA,NA,NA,16.6,NA,NA,NA,NA,NA,NA,NA,NA,NA,NA,NA,NA,NA,NA,NA,NA,Sheep/goat
9546,Friuli,Roman,Rom,Early,Roman.Early,Rit,Montereale Valcellina,*US 581/583/606 - Reppublican pits,200,Sheep,OVA,AS,Astragalus,NA,27.6,25.5,NA,NA,NA,NA,15,NA,NA,NA,NA,NA,NA,NA,NA,NA,NA,NA,NA,NA,NA,NA,NA,Sheep/goat
9670,South,Roman,Rom.Early,Early,Roman.Early,NA,Modena,Cassa di Risparmio,132,Sheep,OVA,AS,Astragalus,NA,30.5,28,NA,NA,NA,NA,17,19,NA,NA,NA,NA,NA,NA,NA,NA,NA,NA,NA,NA,NA,NA,0.5,Sheep/goat
9671,South,Roman,Rom.Early,Early,Roman.Early,NA,Modena,Cassa di Risparmio,132,Sheep,OVA,AS,Astragalus,NA,30,28.5,NA,NA,NA,NA,16.5,20,NA,NA,NA,NA,NA,NA,NA,NA,NA,NA,NA,NA,NA,NA,0.5,Sheep/goat
9672,South,Roman,Rom.Early,Early,Roman.Early,NA,Modena,Cassa di Risparmio,132,Sheep,OVA,AS,Astragalus,NA,30,28.5,NA,NA,NA,NA,16,19,NA,NA,NA,NA,NA,NA,NA,NA,NA,NA,NA,NA,NA,NA,0.5,Sheep/goat
9673,South,Roman,Rom.Early,Early,Roman.Early,NA,Modena,Cassa di Risparmio,132,Sheep,OVA,AS,Astragalus,NA,29,27,NA,NA,NA,NA,16.5,19,NA,NA,NA,NA,NA,NA,NA,NA,NA,NA,NA,NA,NA,NA,0.5,Sheep/goat
9674,South,Roman,Rom.Early,Early,Roman.Early,NA,Modena,Cassa di Risparmio,132,Sheep,OVA,AS,Astragalus,NA,28,26.5,NA,NA,NA,NA,15.5,18.5,NA,NA,NA,NA,NA,NA,NA,NA,NA,NA,NA,NA,NA,NA,0.5,Sheep/goat
9675,South,Roman,Rom.Early,Early,Roman.Early,NA,Modena,Cassa di Risparmio,132,Sheep,OVA,AS,Astragalus,NA,28,26,NA,NA,NA,NA,16,17,NA,NA,NA,NA,NA,NA,NA,NA,NA,NA,NA,NA,NA,NA,0.5,Sheep/goat
9787,Friuli,Roman,Rom,Early,Roman.Early,Rit,Montereale Valcellina,*US 581/583/606 - Reppublican pits,200,Sheep,OVA,AS,Astragalus,NA,32.9,30,NA,NA,NA,NA,18,20.6,NA,NA,NA,NA,NA,NA,NA,NA,NA,NA,NA,NA,NA,NA,NA,Sheep/goat
9788,Friuli,Roman,Rom,Early,Roman.Early,Rit,Montereale Valcellina,*US 581/583/606 - Reppublican pits,200,Sheep,OVA,AS,Astragalus,NA,29.2,27,NA,NA,NA,NA,18.6,19.4,NA,NA,NA,NA,NA,NA,NA,NA,NA,NA,NA,NA,NA,NA,NA,Sheep/goat
9789,Friuli,Roman,Rom,Early,Roman.Early,Rit,Montereale Valcellina,*US 581/583/606 - Reppublican pits,200,Sheep,OVA,AS,Astragalus,NA,32.9,30.5,NA,NA,NA,NA,18.6,21.6,NA,NA,NA,NA,NA,NA,NA,NA,NA,NA,NA,NA,NA,NA,NA,Sheep/goat
9790,Friuli,Roman,Rom,Early,Roman.Early,Rit,Montereale Valcellina,*US 581/583/606 - Reppublican pits,200,Sheep,OVA,AS,Astragalus,NA,30,27.1,NA,NA,NA,NA,16.4,18.5,NA,NA,NA,NA,NA,NA,NA,NA,NA,NA,NA,NA,NA,NA,NA,Sheep/goat
9818,Friuli,Roman,Rom,Early,Roman.Early,Rit,Montereale Valcellina,*US 581/583/606 - Reppublican pits,200,Sheep,OVA,AS,Astragalus,NA,28,26.4,NA,NA,NA,NA,16,NA,NA,NA,NA,NA,NA,NA,NA,NA,NA,NA,NA,NA,NA,NA,NA,Sheep/goat
9819,Friuli,Roman,Rom,Early,Roman.Early,Rit,Montereale Valcellina,*US 581/583/606 - Reppublican pits,200,Sheep,OVA,AS,Astragalus,NA,27.9,25.3,NA,NA,NA,NA,16.1,NA,NA,NA,NA,NA,NA,NA,NA,NA,NA,NA,NA,NA,NA,NA,NA,Sheep/goat
9997,Veneto,Roman,Rom.M-L,Mid-Late,Roman.Mid-Late,NA,Oderzo,Pozzo romano - all strata (1st-4th c AD),214,Sheep,OVA,AS,Astragalus,NA,30.3,29.1,NA,NA,NA,NA,16.8,20.2,NA,NA,NA,NA,NA,NA,NA,NA,NA,NA,NA,NA,NA,NA,NA,Sheep/goat
9998,Veneto,Roman,Rom.M-L,Mid-Late,Roman.Mid-Late,NA,Oderzo,Pozzo romano - all strata (1st-4th c AD),214,Sheep,OVA,AS,Astragalus,NA,29.6,27.9,NA,NA,NA,NA,16.1,19,NA,NA,NA,NA,NA,NA,NA,NA,NA,NA,NA,NA,NA,NA,NA,Sheep/goat
9999,Veneto,Roman,Rom.M-L,Mid-Late,Roman.Mid-Late,NA,Oderzo,Pozzo romano - all strata (1st-4th c AD),214,Sheep,OVA,AS,Astragalus,NA,31.1,28.2,NA,NA,NA,NA,17,19.8,NA,NA,NA,NA,NA,NA,NA,NA,NA,NA,NA,NA,NA,NA,NA,Sheep/goat
10000,Veneto,Roman,Rom.M-L,Mid-Late,Roman.Mid-Late,NA,Oderzo,Pozzo romano - all strata (1st-4th c AD),214,Sheep,OVA,AS,Astragalus,NA,29.8,28,NA,NA,NA,NA,17,19.3,NA,NA,NA,NA,NA,NA,NA,NA,NA,NA,NA,NA,NA,NA,NA,Sheep/goat
10001,Veneto,Roman,Rom.M-L,Mid-Late,Roman.Mid-Late,NA,Oderzo,Pozzo romano - all strata (1st-4th c AD),214,Sheep,OVA,AS,Astragalus,NA,33.1,30.7,NA,NA,NA,NA,18.1,21.8,NA,NA,NA,NA,NA,NA,NA,NA,NA,NA,NA,NA,NA,NA,NA,Sheep/goat
10716,Friuli,Roman,Rom.Early,Early,Roman.Early,NA,Trieste,Crosada - Phase 2,235,Sheep,OVA,AS,Astragalus,NA,31,29,NA,NA,NA,NA,NA,19.8,NA,NA,NA,NA,NA,NA,NA,NA,NA,NA,NA,NA,NA,NA,NA,Sheep/goat
11211,Friuli,Roman,Rom.Late,Late,Roman.Late,NA,Udine,Late Roman,246,Sheep,OVA,AS,Astragalus,NA,28,25.8,NA,NA,NA,NA,15,19,NA,NA,NA,NA,NA,NA,NA,NA,NA,NA,NA,NA,NA,NA,NA,Sheep/goat
11212,Friuli,Roman,Rom.Late,Late,Roman.Late,NA,Udine,Late Roman,246,Sheep,OVA,AS,Astragalus,NA,31.2,29.2,NA,NA,NA,NA,18.4,20.2,NA,NA,NA,NA,NA,NA,NA,NA,NA,NA,NA,NA,NA,NA,NA,Sheep/goat
11213,Friuli,Roman,Rom.Late,Late,Roman.Late,NA,Udine,Late Roman,246,Sheep,OVA,AS,Astragalus,NA,31.2,30.7,NA,NA,NA,NA,17.5,20.3,NA,NA,NA,NA,NA,NA,NA,NA,NA,NA,NA,NA,NA,NA,NA,Sheep/goat
12369,South,Roman,Rom.Early,Early,Roman.Early,NA,Calvatone,Wilkens - Bio data from academia,253,Sheep,OVA,AS,Astragalus,NA,29.9,28.5,NA,NA,NA,NA,16,19,NA,NA,NA,NA,NA,NA,NA,NA,NA,NA,16.9,NA,NA,NA,NA,Sheep/goat
12370,South,Roman,Rom.Early,Early,Roman.Early,NA,Calvatone,Wilkens - Bio data from academia,253,Sheep,OVA,AS,Astragalus,NA,31.6,29,NA,NA,NA,NA,18,20,NA,NA,NA,NA,NA,NA,NA,NA,NA,NA,20,NA,NA,NA,NA,Sheep/goat
NA,South,Bronze Age,BA.R,BM-R,BA.Late,NA,Monterenzio Vecchio,NA,446,Sheep,OVA,AS,Astragalus,NA,30.3,28.6,NA,NA,NA,NA,17.1,20,NA,NA,NA,NA,NA,NA,NA,NA,NA,NA,NA,NA,NA,NA,NA,Sheep/goat
NA,South,Bronze Age,BA.R,BM-R,BA.Late,NA,Monterenzio Vecchio,NA,446,Sheep,OVA,AS,Astragalus,NA,26.1,24.4,NA,NA,NA,NA,14.1,17,NA,NA,NA,NA,NA,NA,NA,NA,NA,NA,NA,NA,NA,NA,NA,Sheep/goat
170,Veneto,Bronze Age,BA.R-F,BRF-IA0,BA.Late,NA,Fondo Paviani,Riedel 1979 - Recent/Final,21,Sheep,OVA,CA,Calcaneum,55.4,NA,NA,NA,NA,NA,NA,NA,NA,NA,NA,NA,NA,NA,NA,NA,NA,NA,NA,NA,NA,NA,NA,NA,Sheep/goat
171,North,Bronze Age,BA.R-F,BRF-IA0,BA.Late,NA,Cavalzara,Riedel 1979,20,Sheep,OVA,CA,Calcaneum,59.6,NA,NA,NA,NA,NA,NA,NA,NA,NA,NA,NA,NA,NA,NA,NA,NA,NA,NA,NA,NA,NA,NA,NA,Sheep/goat
446,North,Iron Age,IA2,IA2,IA.Late,NA,Colognola ai Colli,NA,54,Sheep,OVA,CA,Calcaneum,52,NA,NA,NA,NA,NA,NA,NA,NA,NA,NA,NA,NA,NA,NA,NA,NA,NA,NA,NA,NA,NA,NA,NA,Sheep/goat
678,North,Bronze Age,BA.R,BM-R,BA.Late,NA,Isolone,NA,16,Sheep,OVA,CA,Calcaneum,51.7,NA,NA,NA,NA,NA,NA,NA,NA,NA,NA,NA,NA,NA,NA,NA,NA,NA,NA,NA,NA,NA,NA,NA,Sheep/goat
681,North,Bronze Age,BA.R,BM-R,BA.Late,NA,Isolone,NA,16,Sheep,OVA,CA,Calcaneum,53,NA,NA,NA,NA,NA,NA,NA,NA,NA,NA,NA,NA,NA,NA,NA,NA,NA,NA,NA,NA,NA,NA,NA,Sheep/goat
1022,North,Iron Age,IA2,IA2,IA.Late,NA,Castelrotto,NA,53,Sheep,OVA,CA,Calcaneum,51.6,NA,NA,NA,NA,NA,NA,NA,NA,NA,NA,NA,NA,NA,NA,NA,NA,NA,NA,NA,NA,NA,NA,NA,Sheep/goat
1023,North,Iron Age,IA2,IA2,IA.Late,NA,Castelrotto,NA,53,Sheep,OVA,CA,Calcaneum,55.4,NA,NA,NA,NA,NA,NA,NA,NA,NA,NA,NA,NA,NA,NA,NA,NA,NA,NA,NA,NA,NA,NA,NA,Sheep/goat
1024,North,Iron Age,IA2,IA2,IA.Late,NA,Castelrotto,NA,53,Sheep,OVA,CA,Calcaneum,55.7,NA,NA,NA,NA,NA,NA,NA,NA,NA,NA,NA,NA,NA,NA,NA,NA,NA,NA,NA,NA,NA,NA,NA,Sheep/goat
1025,North,Iron Age,IA2,IA2,IA.Late,NA,Castelrotto,NA,53,Sheep,OVA,CA,Calcaneum,57.7,NA,NA,NA,NA,NA,NA,NA,NA,NA,NA,NA,NA,NA,NA,NA,NA,NA,NA,NA,NA,NA,NA,NA,Sheep/goat
1026,North,Iron Age,IA2,IA2,IA.Late,NA,Castelrotto,NA,53,Sheep,OVA,CA,Calcaneum,59,NA,NA,NA,NA,NA,NA,NA,NA,18,NA,NA,NA,NA,NA,NA,NA,NA,NA,NA,NA,NA,NA,NA,Sheep/goat
1572,South,Bronze Age,BA.M,BM-R,BA.Middle,NA,Tabina di Margreta,Bronze Age,22,Sheep,OVA,CA,Calcaneum,46,NA,NA,NA,NA,NA,NA,NA,NA,NA,NA,NA,NA,NA,NA,NA,17,NA,NA,NA,NA,NA,NA,0.5,Sheep/goat
2099,North,Bronze Age,BA.M,BM-R,BA.Middle,NA,Lavagnone,Sector A + E,126,Sheep,OVA,CA,Calcaneum,57.3,NA,NA,NA,NA,NA,NA,NA,NA,NA,NA,NA,NA,NA,NA,NA,NA,NA,NA,NA,NA,NA,NA,NA,Sheep/goat
2100,North,Bronze Age,BA.M,BM-R,BA.Middle,NA,Lavagnone,Sector A + E,126,Sheep,OVA,CA,Calcaneum,57,NA,NA,NA,NA,NA,NA,NA,NA,NA,NA,NA,NA,NA,NA,NA,19.5,NA,NA,NA,NA,NA,NA,NA,Sheep/goat
2101,North,Bronze Age,BA.M,BM-R,BA.Middle,NA,Lavagnone,Sector A + E,126,Sheep,OVA,CA,Calcaneum,52.9,NA,NA,NA,NA,NA,NA,NA,NA,NA,NA,NA,NA,NA,NA,NA,20.7,NA,NA,NA,NA,NA,NA,NA,Sheep/goat
2102,North,Bronze Age,BA.M,BM-R,BA.Middle,NA,Lavagnone,Sector A + E,126,Sheep,OVA,CA,Calcaneum,49.4,NA,NA,NA,NA,NA,NA,NA,NA,NA,NA,NA,NA,NA,NA,NA,18,NA,NA,NA,NA,NA,NA,NA,Sheep/goat
2103,North,Bronze Age,BA.M,BM-R,BA.Middle,NA,Lavagnone,Sector A + E,126,Sheep,OVA,CA,Calcaneum,49.1,NA,NA,NA,NA,NA,NA,NA,NA,NA,NA,NA,NA,NA,NA,NA,16.8,NA,NA,NA,NA,NA,NA,NA,Sheep/goat
2104,North,Bronze Age,BA.M,BM-R,BA.Middle,NA,Lavagnone,Sector A + E,126,Sheep,OVA,CA,Calcaneum,47.3,NA,NA,NA,NA,NA,NA,NA,NA,NA,NA,NA,NA,NA,NA,NA,16.4,NA,NA,NA,NA,NA,NA,NA,Sheep/goat
2105,North,Bronze Age,BA.M,BM-R,BA.Middle,NA,Lavagnone,Sector A + E,126,Sheep,OVA,CA,Calcaneum,45.9,NA,NA,NA,NA,NA,NA,NA,NA,NA,NA,NA,NA,NA,NA,NA,15.8,NA,NA,NA,NA,NA,NA,NA,Sheep/goat
2106,North,Bronze Age,BA.M,BM-R,BA.Middle,NA,Lavagnone,Sector A + E,126,Sheep,OVA,CA,Calcaneum,45.7,NA,NA,NA,NA,NA,NA,NA,NA,NA,NA,NA,NA,NA,NA,NA,NA,NA,NA,NA,NA,NA,NA,NA,Sheep/goat
2107,North,Bronze Age,BA.M,BM-R,BA.Middle,NA,Lavagnone,Sector A + E,126,Sheep,OVA,CA,Calcaneum,45.6,NA,NA,NA,NA,NA,NA,NA,NA,NA,NA,NA,NA,NA,NA,NA,16.7,NA,NA,NA,NA,NA,NA,NA,Sheep/goat
2579,Appennine,Bronze Age,BA.M,BM-R,BA.Middle,NA,Solarolo,via Odriere Settore 1,123,Sheep,OVA,CA,Calcaneum,52.7,NA,NA,NA,NA,NA,NA,NA,NA,NA,NA,NA,NA,NA,NA,NA,19.5,NA,NA,NA,NA,NA,NA,NA,Sheep/goat
2580,Appennine,Bronze Age,BA.M,BM-R,BA.Middle,NA,Solarolo,via Odriere Settore 1,123,Sheep,OVA,CA,Calcaneum,54,NA,NA,NA,NA,NA,NA,NA,NA,NA,NA,NA,NA,NA,NA,NA,NA,NA,NA,NA,NA,NA,NA,NA,Sheep/goat
2581,Appennine,Bronze Age,BA.M,BM-R,BA.Middle,NA,Solarolo,via Odriere Settore 1,123,Sheep,OVA,CA,Calcaneum,48.5,NA,NA,NA,NA,NA,NA,NA,NA,NA,NA,NA,NA,NA,NA,NA,19.7,NA,NA,NA,NA,NA,NA,NA,Sheep/goat
2582,Appennine,Bronze Age,BA.M,BM-R,BA.Middle,NA,Solarolo,via Odriere Settore 1,123,Sheep,OVA,CA,Calcaneum,47.2,NA,NA,NA,NA,NA,NA,NA,NA,NA,NA,NA,NA,NA,NA,NA,NA,NA,NA,NA,NA,NA,NA,NA,Sheep/goat
4073,South,Bronze Age,BA.M,BM-R,BA.Middle,NA,Poviglio,Villaggio piccolo - MBA,26,Sheep,OVA,CA,Calcaneum,46,NA,NA,NA,NA,NA,NA,NA,NA,NA,NA,NA,NA,NA,NA,NA,NA,NA,NA,NA,NA,NA,NA,NA,Sheep/goat
4436,Veneto,Bronze Age,BA.M,BM-R,BA.Middle,NA,Tombola,NA,146,Sheep,OVA,CA,Calcaneum,52,NA,NA,NA,NA,NA,NA,NA,NA,NA,NA,NA,NA,NA,NA,NA,NA,NA,NA,NA,NA,NA,NA,1,Sheep/goat
4775,South,Iron Age,IA2,IA2,IA.Late,ExNISP,Forcello,Trentacoste PhD,84,Sheep,OVA,CA,Calcaneum,53.8,NA,NA,NA,NA,NA,NA,NA,NA,22,NA,NA,NA,NA,NA,NA,NA,NA,NA,NA,NA,NA,NA,NA,Sheep/goat
4816,South,Iron Age,IA2,IA2,IA.Late,ExNISP,Forcello,Trentacoste PhD,84,Sheep,OVA,CA,Calcaneum,51,NA,NA,NA,NA,NA,NA,NA,NA,21.2,NA,NA,NA,NA,NA,NA,NA,NA,NA,NA,NA,NA,NA,NA,Sheep/goat
4896,South,Iron Age,IA2,IA2,IA.Late,ExNISP,Forcello,Trentacoste PhD,84,Sheep,OVA,CA,Calcaneum,53,NA,NA,NA,NA,NA,NA,NA,NA,21.5,NA,NA,NA,NA,NA,NA,NA,NA,NA,NA,NA,NA,NA,NA,Sheep/goat
4923,South,Iron Age,IA2,IA2,IA.Late,ExNISP,Forcello,Trentacoste PhD,84,Sheep,OVA,CA,Calcaneum,54.6,NA,NA,NA,NA,NA,NA,NA,NA,21.6,NA,NA,NA,NA,NA,NA,NA,NA,NA,NA,NA,NA,NA,NA,Sheep/goat
4940,South,Iron Age,IA2,IA2,IA.Late,ExNISP,Forcello,Trentacoste PhD,84,Sheep,OVA,CA,Calcaneum,51.9,NA,NA,NA,NA,NA,NA,NA,NA,20.4,NA,NA,NA,NA,NA,NA,NA,NA,NA,NA,NA,NA,NA,NA,Sheep/goat
4971,South,Iron Age,IA2,IA2,IA.Late,ExNISP,Forcello,Trentacoste PhD,84,Sheep,OVA,CA,Calcaneum,58,NA,NA,NA,NA,NA,NA,NA,NA,NA,NA,NA,NA,NA,NA,NA,NA,NA,NA,NA,NA,NA,NA,NA,Sheep/goat
5035,South,Iron Age,IA2,IA2,IA.Late,ExNISP,Forcello,Trentacoste PhD,84,Sheep,OVA,CA,Calcaneum,54.7,NA,NA,NA,NA,NA,NA,NA,NA,21.9,NA,NA,NA,NA,NA,NA,NA,NA,NA,NA,NA,NA,NA,NA,Sheep/goat
5128,South,Iron Age,IA2,IA2,IA.Late,ExNISP,Forcello,Trentacoste PhD,84,Sheep,OVA,CA,Calcaneum,55.9,NA,NA,NA,NA,NA,NA,NA,NA,23.1,NA,NA,NA,NA,NA,NA,NA,NA,NA,NA,NA,NA,NA,NA,Sheep/goat
5426,South,Iron Age,IA2,IA2,IA.Late,ExNISP,Forcello,Trentacoste PhD,84,Sheep,OVA,CA,Calcaneum,54.3,NA,NA,NA,NA,NA,NA,NA,NA,21.4,NA,NA,NA,NA,NA,NA,NA,NA,NA,NA,NA,NA,NA,NA,Sheep/goat
5512,South,Iron Age,IA2,IA2,IA.Late,ExNISP,Forcello,Trentacoste PhD,84,Sheep,OVA,CA,Calcaneum,51.8,NA,NA,NA,NA,NA,NA,NA,NA,20.7,NA,NA,NA,NA,NA,NA,NA,NA,NA,NA,NA,NA,NA,NA,Sheep/goat
5542,South,Iron Age,IA2,IA2,IA.Late,ExNISP,Forcello,Trentacoste PhD,84,Sheep,OVA,CA,Calcaneum,54.4,NA,NA,NA,NA,NA,NA,NA,NA,21.6,NA,NA,NA,NA,NA,NA,NA,NA,NA,NA,NA,NA,NA,NA,Sheep/goat
5548,South,Iron Age,IA2,IA2,IA.Late,ExNISP,Forcello,Trentacoste PhD,84,Sheep,OVA,CA,Calcaneum,55.2,NA,NA,NA,NA,NA,NA,NA,NA,21.8,NA,NA,NA,NA,NA,NA,NA,NA,NA,NA,NA,NA,NA,NA,Sheep/goat
5662,South,Iron Age,IA2,IA2,IA.Late,ExNISP,Forcello,Trentacoste PhD,84,Sheep,OVA,CA,Calcaneum,54.9,NA,NA,NA,NA,NA,NA,NA,NA,21.8,NA,NA,NA,NA,NA,NA,NA,NA,NA,NA,NA,NA,NA,NA,Sheep/goat
5862,South,Iron Age,IA2,IA2,IA.Late,ExNISP,Forcello,Trentacoste PhD,84,Sheep,OVA,CA,Calcaneum,56.3,NA,NA,NA,NA,NA,NA,NA,NA,22.6,NA,NA,NA,NA,NA,NA,NA,NA,NA,NA,NA,NA,NA,NA,Sheep/goat
5875,South,Iron Age,IA2,IA2,IA.Late,ExNISP,Forcello,Trentacoste PhD,84,Sheep,OVA,CA,Calcaneum,56.4,NA,NA,NA,NA,NA,NA,NA,NA,22.3,NA,NA,NA,NA,NA,NA,NA,NA,NA,NA,NA,NA,NA,NA,Sheep/goat
5894,South,Iron Age,IA2,IA2,IA.Late,ExNISP,Forcello,Trentacoste PhD,84,Sheep,OVA,CA,Calcaneum,56.6,NA,NA,NA,NA,NA,NA,NA,NA,NA,NA,NA,NA,NA,NA,NA,NA,NA,NA,NA,NA,NA,NA,NA,Sheep/goat
8614,Veneto,Bronze Age,BA.R,BM-R,BA.Late,NA,Larda II,NA,148,Sheep,OVA,CA,Calcaneum,46,NA,NA,NA,NA,NA,NA,NA,NA,NA,NA,NA,NA,NA,NA,NA,NA,NA,NA,NA,NA,NA,NA,1,Sheep/goat
8759,Veneto,Bronze Age,BA.R,BM-R,BA.Late,NA,Amolara,NA,150,Sheep,OVA,CA,Calcaneum,61,NA,NA,NA,NA,NA,NA,NA,NA,NA,NA,NA,NA,NA,NA,NA,NA,NA,NA,NA,NA,NA,NA,1,Sheep/goat
8921,Veneto,Bronze Age,BA.R,BM-R,BA.Late,NA,Terranegra,Depellegrin & Tecchiati - BR,61,Sheep,OVA,CA,Calcaneum,61.7,NA,NA,NA,NA,NA,NA,NA,NA,NA,NA,NA,NA,NA,NA,NA,21.1,NA,NA,NA,NA,NA,NA,NA,Sheep/goat
8922,Veneto,Iron Age,IA1-IA2,IA1,IA.Mid,NA,Terranegra,Depellegrin & Tecchiati - IA,156,Sheep,OVA,CA,Calcaneum,57.4,NA,NA,NA,NA,NA,NA,NA,NA,NA,NA,NA,NA,NA,NA,NA,19.6,NA,NA,NA,NA,NA,NA,NA,Sheep/goat
8923,Veneto,Iron Age,IA1-IA2,IA1,IA.Mid,NA,Terranegra,Depellegrin & Tecchiati - IA,156,Sheep,OVA,CA,Calcaneum,56.4,NA,NA,NA,NA,NA,NA,NA,NA,NA,NA,NA,NA,NA,NA,NA,18.8,NA,NA,NA,NA,NA,NA,NA,Sheep/goat
8924,Veneto,Iron Age,IA1-IA2,IA1,IA.Mid,NA,Terranegra,Depellegrin & Tecchiati - IA,156,Sheep,OVA,CA,Calcaneum,58.7,NA,NA,NA,NA,NA,NA,NA,NA,NA,NA,NA,NA,NA,NA,NA,17.8,NA,NA,NA,NA,NA,NA,NA,Sheep/goat
9791,Friuli,Roman,Rom,Early,Roman.Early,Rit,Montereale Valcellina,*US 581/583/606 - Reppublican pits,200,Sheep,OVA,CA,Calcaneum,63,NA,NA,NA,NA,NA,NA,NA,NA,NA,NA,NA,NA,NA,NA,NA,NA,NA,NA,NA,NA,NA,NA,NA,Sheep/goat
9792,Friuli,Roman,Rom,Early,Roman.Early,Rit,Montereale Valcellina,*US 581/583/606 - Reppublican pits,200,Sheep,OVA,CA,Calcaneum,62.8,NA,NA,NA,NA,NA,NA,NA,NA,NA,NA,NA,NA,NA,NA,NA,NA,NA,NA,NA,NA,NA,NA,NA,Sheep/goat
9793,Friuli,Roman,Rom,Early,Roman.Early,Rit,Montereale Valcellina,*US 581/583/606 - Reppublican pits,200,Sheep,OVA,CA,Calcaneum,56.8,NA,NA,NA,NA,NA,NA,NA,NA,NA,NA,NA,NA,NA,NA,NA,NA,NA,NA,NA,NA,NA,NA,NA,Sheep/goat
9820,Friuli,Roman,Rom,Early,Roman.Early,Rit,Montereale Valcellina,*US 581/583/606 - Reppublican pits,200,Sheep,OVA,CA,Calcaneum,59.8,NA,NA,NA,NA,NA,NA,NA,NA,NA,NA,NA,NA,NA,NA,NA,21,NA,NA,NA,NA,NA,NA,NA,Sheep/goat
9821,Friuli,Roman,Rom,Early,Roman.Early,Rit,Montereale Valcellina,*US 581/583/606 - Reppublican pits,200,Sheep,OVA,CA,Calcaneum,55.3,NA,NA,NA,NA,NA,NA,NA,NA,NA,NA,NA,NA,NA,NA,NA,NA,NA,NA,NA,NA,NA,NA,NA,Sheep/goat
10002,Veneto,Roman,Rom.M-L,Mid-Late,Roman.Mid-Late,NA,Oderzo,Pozzo romano - all strata (1st-4th c AD),214,Sheep,OVA,CA,Calcaneum,61.6,NA,NA,NA,NA,NA,NA,NA,NA,NA,NA,NA,NA,NA,NA,NA,23,NA,NA,NA,NA,NA,NA,NA,Sheep/goat
10004,Veneto,Roman,Rom.M-L,Mid-Late,Roman.Mid-Late,NA,Oderzo,Pozzo romano - all strata (1st-4th c AD),214,Sheep,OVA,CA,Calcaneum,63.1,NA,NA,NA,NA,NA,NA,NA,NA,NA,NA,NA,NA,NA,NA,NA,20.4,NA,NA,NA,NA,NA,NA,NA,Sheep/goat
10005,Veneto,Roman,Rom.M-L,Mid-Late,Roman.Mid-Late,NA,Oderzo,Pozzo romano - all strata (1st-4th c AD),214,Sheep,OVA,CA,Calcaneum,57.7,NA,NA,NA,NA,NA,NA,NA,NA,NA,NA,NA,NA,NA,NA,NA,20,NA,NA,NA,NA,NA,NA,NA,Sheep/goat
10006,Veneto,Roman,Rom.M-L,Mid-Late,Roman.Mid-Late,NA,Oderzo,Pozzo romano - all strata (1st-4th c AD),214,Sheep,OVA,CA,Calcaneum,69.4,NA,NA,NA,NA,NA,NA,NA,NA,NA,NA,NA,NA,NA,NA,NA,23.1,NA,NA,NA,NA,NA,NA,NA,Sheep/goat
10007,Veneto,Roman,Rom.M-L,Mid-Late,Roman.Mid-Late,NA,Oderzo,Pozzo romano - all strata (1st-4th c AD),214,Sheep,OVA,CA,Calcaneum,60.7,NA,NA,NA,NA,NA,NA,NA,NA,NA,NA,NA,NA,NA,NA,NA,21.1,NA,NA,NA,NA,NA,NA,NA,Sheep/goat
10150,Veneto,Roman,Rom.M-L,Mid-Late,Roman.Mid-Late,NA,Altino,Riedel 1985,56,Sheep,OVA,CA,Calcaneum,51.8,NA,NA,NA,NA,NA,NA,NA,NA,NA,NA,NA,NA,NA,NA,NA,NA,NA,NA,NA,NA,NA,NA,NA,Sheep/goat
10151,Veneto,Roman,Rom.M-L,Mid-Late,Roman.Mid-Late,NA,Altino,Riedel 1985,56,Sheep,OVA,CA,Calcaneum,78,NA,NA,NA,NA,NA,NA,NA,NA,NA,NA,NA,NA,NA,NA,NA,NA,NA,NA,NA,Very large but appears in publication like this,NA,NA,NA,Sheep/goat
10725,Friuli,Roman,Rom.Early,Early,Roman.Early,NA,Trieste,Crosada - Phase 2,235,Sheep,OVA,CA,Calcaneum,55.3,NA,NA,NA,NA,NA,NA,NA,NA,NA,NA,NA,NA,NA,NA,NA,NA,NA,NA,NA,NA,NA,NA,NA,Sheep/goat
11215,Friuli,Roman,Rom.Late,Late,Roman.Late,NA,Udine,Late Roman,246,Sheep,OVA,CA,Calcaneum,54.3,NA,NA,NA,NA,NA,NA,NA,NA,NA,NA,NA,NA,NA,NA,NA,NA,NA,NA,NA,NA,NA,NA,NA,Sheep/goat
12368,South,Roman,Rom.Early,Early,Roman.Early,NA,Calvatone,Wilkens - Bio data from academia,253,Sheep,OVA,CA,Calcaneum,66.1,NA,NA,NA,NA,NA,NA,NA,NA,NA,NA,NA,NA,NA,NA,NA,NA,NA,NA,NA,NA,NA,NA,NA,Sheep/goat
NA,Appennine,Bronze Age,BA.M-R,BM-R,BA.Middle-Late,NA,Case Missiroli,NA,453,Sheep,OVA,CA,Calcaneum,57.3,NA,NA,NA,NA,NA,NA,NA,NA,NA,NA,NA,NA,NA,NA,NA,21.2,NA,NA,NA,NA,NA,NA,NA,Sheep/goat
2080,North,Bronze Age,BA.M,BM-R,BA.Middle,NA,Lavagnone,Sector A + E,126,Sheep,OVA,FE,Femur,NA,NA,NA,NA,NA,NA,NA,NA,37.3,NA,NA,NA,NA,NA,NA,18.7,NA,NA,NA,NA,NA,NA,NA,NA,Sheep/goat
2114,North,Bronze Age,BA.M,BM-R,BA.Middle,NA,Lavagnone,Sector A + E,126,Sheep,OVA,FE,Femur,NA,NA,NA,37.7,NA,NA,NA,NA,NA,38.6,NA,NA,NA,NA,NA,18.6,NA,NA,NA,NA,NA,NA,NA,NA,Sheep/goat
2564,Appennine,Bronze Age,BA.M,BM-R,BA.Middle,NA,Solarolo,via Odriere Settore 1,123,Sheep,OVA,FE,Femur,NA,NA,NA,41,NA,NA,NA,NA,NA,NA,NA,NA,NA,NA,NA,NA,NA,NA,NA,NA,NA,NA,NA,NA,Sheep/goat
2673,South,Bronze Age,BA.M,BM-R,BA.Middle,Rit,Noceto,*Vasca lignea,39,Sheep,OVA,FE,Femur,161,NA,NA,NA,NA,14.3,15.1,NA,33.5,36.7,NA,NA,NA,NA,NA,17.6,NA,NA,NA,NA,NA,NA,NA,NA,Sheep/goat
4243,Veneto,Bronze Age,BA.M,BM-R,BA.Middle,NA,Vallette,NA,145,Sheep,OVA,FE,Femur,157,NA,NA,NA,NA,13,NA,NA,35,NA,NA,NA,NA,NA,NA,17,NA,NA,NA,NA,NA,NA,NA,1,Sheep/goat
4574,North,Bronze Age,BA.M,BM-R,BA.Middle,NA,Muraiola,NA,13,Sheep,OVA,FE,Femur,158.7,NA,NA,NA,NA,NA,NA,NA,35,NA,NA,NA,NA,NA,NA,NA,NA,NA,NA,NA,NA,NA,NA,NA,Sheep/goat
8612,Veneto,Bronze Age,BA.R,BM-R,BA.Late,NA,Larda II,NA,148,Sheep,OVA,FE,Femur,NA,NA,NA,NA,NA,NA,NA,NA,31,NA,NA,NA,NA,NA,NA,NA,NA,NA,NA,NA,NA,NA,NA,1,Sheep/goat
9333,Friuli,Iron Age,IA0,IA1,IA.Early,NA,Gradisca,Iron Age I,169,Sheep,OVA,FE,Femur,NA,NA,NA,44.6,NA,NA,NA,NA,NA,NA,NA,NA,NA,NA,NA,21.1,NA,NA,NA,NA,NA,NA,NA,NA,Sheep/goat
9770,Friuli,Roman,Rom,Early,Roman.Early,Rit,Montereale Valcellina,*US 581/583/606 - Reppublican pits,200,Sheep,OVA,FE,Femur,NA,NA,NA,51.4,NA,NA,NA,NA,NA,NA,NA,NA,NA,NA,NA,NA,NA,NA,NA,NA,NA,NA,NA,NA,Sheep/goat
9771,Friuli,Roman,Rom,Early,Roman.Early,Rit,Montereale Valcellina,*US 581/583/606 - Reppublican pits,200,Sheep,OVA,FE,Femur,NA,NA,NA,NA,NA,NA,NA,NA,37.7,44.9,NA,NA,NA,NA,NA,NA,NA,NA,NA,NA,NA,NA,NA,NA,Sheep/goat
9772,Friuli,Roman,Rom,Early,Roman.Early,Rit,Montereale Valcellina,*US 581/583/606 - Reppublican pits,200,Sheep,OVA,FE,Femur,NA,NA,NA,NA,NA,NA,NA,NA,41,48.7,NA,NA,NA,NA,NA,NA,NA,NA,NA,NA,NA,NA,NA,NA,Sheep/goat
9806,Friuli,Roman,Rom,Early,Roman.Early,Rit,Montereale Valcellina,*US 581/583/606 - Reppublican pits,200,Sheep,OVA,FE,Femur,NA,NA,NA,47.6,NA,NA,NA,NA,NA,NA,NA,NA,NA,NA,NA,21,NA,NA,NA,NA,NA,NA,NA,NA,Sheep/goat
9807,Friuli,Roman,Rom,Early,Roman.Early,Rit,Montereale Valcellina,*US 581/583/606 - Reppublican pits,200,Sheep,OVA,FE,Femur,NA,NA,NA,NA,NA,NA,NA,NA,38.2,NA,NA,NA,NA,NA,NA,NA,NA,NA,NA,NA,NA,NA,NA,NA,Sheep/goat
9808,Friuli,Roman,Rom,Early,Roman.Early,Rit,Montereale Valcellina,*US 581/583/606 - Reppublican pits,200,Sheep,OVA,FE,Femur,NA,NA,NA,NA,NA,NA,NA,NA,38.1,NA,NA,NA,NA,NA,NA,NA,NA,NA,NA,NA,NA,NA,NA,NA,Sheep/goat
10776,Friuli,Roman,Rom,Mid,Roman.Mid,Rit,Trieste,*Crosada - Phase 4c,178,Sheep,OVA,FE,Femur,NA,NA,NA,44.4,NA,NA,NA,NA,NA,NA,NA,NA,NA,NA,NA,NA,NA,NA,NA,NA,NA,NA,NA,*,Sheep/goat
11197,Friuli,Roman,Rom.Late,Late,Roman.Late,NA,Udine,Late Roman,246,Sheep,OVA,FE,Femur,NA,NA,NA,41.8,NA,NA,NA,NA,NA,NA,NA,NA,NA,NA,NA,NA,NA,NA,NA,NA,NA,NA,NA,NA,Sheep/goat
11198,Friuli,Roman,Rom.Late,Late,Roman.Late,NA,Udine,Late Roman,246,Sheep,OVA,FE,Femur,NA,NA,NA,45,NA,NA,NA,NA,NA,NA,NA,NA,NA,NA,NA,NA,NA,NA,NA,NA,NA,NA,NA,NA,Sheep/goat
11199,Friuli,Roman,Rom.Late,Late,Roman.Late,NA,Udine,Late Roman,246,Sheep,OVA,FE,Femur,NA,NA,NA,45,NA,NA,NA,NA,NA,NA,NA,NA,NA,NA,NA,NA,NA,NA,NA,NA,NA,NA,NA,NA,Sheep/goat
11200,Friuli,Roman,Rom.Late,Late,Roman.Late,NA,Udine,Late Roman,246,Sheep,OVA,FE,Femur,NA,NA,NA,45.1,NA,NA,NA,NA,NA,NA,NA,NA,NA,NA,NA,NA,NA,NA,NA,NA,NA,NA,NA,NA,Sheep/goat
11201,Friuli,Roman,Rom.Late,Late,Roman.Late,NA,Udine,Late Roman,246,Sheep,OVA,FE,Femur,NA,NA,NA,NA,NA,NA,NA,NA,41.6,NA,NA,NA,NA,NA,NA,NA,NA,NA,NA,NA,NA,NA,NA,NA,Sheep/goat
11314,Friuli,Bronze Age,BA.R-F,BRF-IA0,BA.Late,NA,Udine,'Late Bronze Age',247,Sheep,OVA,FE,Femur,NA,NA,NA,43.8,NA,NA,NA,NA,NA,NA,NA,NA,NA,NA,NA,NA,NA,NA,NA,NA,NA,NA,NA,NA,Sheep/goat
11465,Veneto,Roman,Rom.Late,Late,Roman.Late,NA,Torcello,Late Antique II-VII / II-VI 5th-7th c. AD,257,Sheep,OVA,FE,Femur,NA,NA,NA,NA,NA,NA,NA,NA,38.6,NA,NA,NA,NA,NA,NA,NA,NA,NA,NA,NA,NA,NA,NA,NA,Sheep/goat
12360,South,Roman,Rom.Early,Early,Roman.Early,NA,Calvatone,Wilkens - Bio data from academia,253,Sheep,OVA,FE,Femur,199,NA,NA,NA,NA,20,NA,NA,44,NA,NA,NA,NA,NA,NA,24.2,NA,NA,NA,NA,NA,NA,NA,NA,Sheep/goat
150,Veneto,Bronze Age,BA.R-F,BRF-IA0,BA.Late,NA,Fondo Paviani,Riedel 1979 - Recent/Final,21,Sheep,OVA,HU,Humerus,NA,NA,NA,NA,NA,NA,NA,NA,26.9,NA,NA,NA,NA,NA,NA,NA,NA,NA,NA,NA,NA,NA,NA,NA,Sheep/goat
151,North,Bronze Age,BA.R-F,BRF-IA0,BA.Late,NA,Cavalzara,Riedel 1979,20,Sheep,OVA,HU,Humerus,NA,NA,NA,NA,NA,NA,NA,NA,27.6,NA,NA,NA,NA,NA,NA,NA,NA,NA,NA,NA,NA,NA,NA,NA,Sheep/goat
152,North,Bronze Age,BA.R-F,BRF-IA0,BA.Late,NA,Cavalzara,Riedel 1979,20,Sheep,OVA,HU,Humerus,NA,NA,NA,NA,NA,NA,NA,NA,28.2,NA,NA,NA,NA,NA,NA,NA,NA,NA,NA,NA,NA,NA,NA,NA,Sheep/goat
153,North,Bronze Age,BA.R-F,BRF-IA0,BA.Late,NA,Cavalzara,Riedel 1979,20,Sheep,OVA,HU,Humerus,NA,NA,NA,NA,NA,NA,NA,NA,29.2,NA,NA,NA,NA,NA,NA,NA,NA,NA,NA,NA,NA,NA,NA,NA,Sheep/goat
272,South,Iron Age,IA1,IA1,IA.Mid,NA,San Claudio,NA,64,Sheep,OVA,HU,Humerus,NA,NA,NA,NA,NA,NA,NA,NA,29.3,NA,NA,NA,NA,NA,NA,NA,NA,NA,NA,NA,NA,NA,NA,NA,Sheep/goat
289,South,Iron Age,IA2,IA2,IA.Late,NA,Casale di Rivalta,NA,71,Sheep,OVA,HU,Humerus,NA,NA,NA,NA,NA,13.1,NA,NA,28.1,NA,NA,NA,NA,NA,NA,NA,NA,NA,NA,NA,NA,NA,NA,NA,Sheep/goat
419,North,Iron Age,IA2,IA2,IA.Late,NA,Colognola ai Colli,NA,54,Sheep,OVA,HU,Humerus,NA,NA,NA,NA,NA,NA,NA,NA,29,NA,NA,NA,NA,NA,NA,NA,NA,NA,NA,NA,NA,NA,NA,NA,Sheep/goat
991,North,Iron Age,IA2,IA2,IA.Late,NA,Castelrotto,NA,53,Sheep,OVA,HU,Humerus,NA,NA,NA,NA,NA,NA,NA,NA,31,NA,NA,NA,NA,NA,NA,NA,NA,NA,NA,NA,NA,NA,NA,NA,Sheep/goat
992,North,Iron Age,IA2,IA2,IA.Late,NA,Castelrotto,NA,53,Sheep,OVA,HU,Humerus,NA,NA,NA,NA,NA,NA,NA,NA,32.2,NA,NA,NA,NA,NA,NA,NA,NA,NA,NA,NA,NA,NA,NA,NA,Sheep/goat
993,North,Iron Age,IA2,IA2,IA.Late,NA,Castelrotto,NA,53,Sheep,OVA,HU,Humerus,NA,NA,NA,NA,NA,NA,NA,NA,26.2,NA,NA,NA,NA,NA,NA,NA,NA,NA,NA,NA,NA,NA,NA,NA,Sheep/goat
994,North,Iron Age,IA2,IA2,IA.Late,NA,Castelrotto,NA,53,Sheep,OVA,HU,Humerus,NA,NA,NA,NA,NA,NA,NA,NA,26.4,NA,NA,NA,NA,NA,NA,NA,NA,NA,NA,NA,NA,NA,NA,NA,Sheep/goat
995,North,Iron Age,IA2,IA2,IA.Late,NA,Castelrotto,NA,53,Sheep,OVA,HU,Humerus,NA,NA,NA,NA,NA,NA,NA,NA,31,NA,NA,NA,NA,NA,NA,NA,NA,NA,NA,NA,NA,NA,NA,NA,Sheep/goat
996,North,Iron Age,IA2,IA2,IA.Late,NA,Castelrotto,NA,53,Sheep,OVA,HU,Humerus,NA,NA,NA,NA,NA,NA,NA,NA,32.4,NA,NA,NA,NA,NA,NA,NA,NA,NA,NA,NA,NA,NA,NA,NA,Sheep/goat
997,North,Iron Age,IA2,IA2,IA.Late,NA,Castelrotto,NA,53,Sheep,OVA,HU,Humerus,NA,NA,NA,NA,NA,NA,NA,NA,32.6,NA,NA,NA,NA,NA,NA,NA,NA,NA,NA,NA,NA,NA,NA,NA,Sheep/goat
998,North,Iron Age,IA2,IA2,IA.Late,NA,Castelrotto,NA,53,Sheep,OVA,HU,Humerus,NA,NA,NA,NA,NA,NA,NA,NA,34.1,NA,NA,NA,NA,NA,NA,NA,NA,NA,NA,NA,NA,NA,NA,NA,Sheep/goat
1565,South,Bronze Age,BA.M,BM-R,BA.Middle,NA,Tabina di Margreta,Bronze Age,22,Sheep,OVA,HU,Humerus,NA,NA,NA,NA,NA,NA,NA,NA,29,24,28,NA,NA,NA,NA,NA,NA,NA,NA,NA,NA,NA,NA,0.5,Sheep/goat
1566,South,Bronze Age,BA.M,BM-R,BA.Middle,NA,Tabina di Margreta,Bronze Age,22,Sheep,OVA,HU,Humerus,NA,NA,NA,NA,NA,NA,NA,NA,26,22,25,NA,NA,NA,NA,NA,NA,NA,NA,NA,NA,NA,NA,0.5,Sheep/goat
1567,South,Bronze Age,BA.M,BM-R,BA.Middle,NA,Tabina di Margreta,Bronze Age,22,Sheep,OVA,HU,Humerus,NA,NA,NA,NA,NA,NA,NA,NA,25,20,24,NA,NA,NA,NA,NA,NA,NA,NA,NA,NA,NA,NA,0.5,Sheep/goat
2061,North,Bronze Age,BA.M,BM-R,BA.Middle,NA,Lavagnone,Sector A + E,126,Sheep,OVA,HU,Humerus,NA,NA,NA,NA,NA,NA,NA,NA,28.7,24.4,26.9,NA,NA,NA,NA,NA,NA,NA,NA,NA,HT very small. Possible missidentification or HTC measurement. Removed value of 13.9,NA,NA,NA,Sheep/goat
2062,North,Bronze Age,BA.M,BM-R,BA.Middle,NA,Lavagnone,Sector A + E,126,Sheep,OVA,HU,Humerus,NA,NA,NA,NA,NA,NA,NA,NA,28.7,22.9,27.2,NA,NA,NA,NA,NA,NA,NA,NA,NA,HT very small. Possible missidentification or HTC measurement. Removed value of 12.2,NA,NA,NA,Sheep/goat
2063,North,Bronze Age,BA.M,BM-R,BA.Middle,NA,Lavagnone,Sector A + E,126,Sheep,OVA,HU,Humerus,NA,NA,NA,NA,NA,NA,NA,NA,27.5,24,25.3,NA,NA,NA,NA,NA,NA,NA,NA,NA,HT very small. Possible missidentification or HTC measurement. Removed value of 13,NA,NA,NA,Sheep/goat
2064,North,Bronze Age,BA.M,BM-R,BA.Middle,NA,Lavagnone,Sector A + E,126,Sheep,OVA,HU,Humerus,NA,NA,NA,NA,NA,NA,NA,NA,27.3,23.2,25.4,NA,NA,NA,NA,NA,NA,NA,NA,NA,NA,NA,NA,NA,Sheep/goat
2065,North,Bronze Age,BA.M,BM-R,BA.Middle,NA,Lavagnone,Sector A + E,126,Sheep,OVA,HU,Humerus,NA,NA,NA,NA,NA,NA,NA,NA,26.9,21.8,25.7,NA,NA,NA,NA,NA,NA,NA,NA,NA,HT very small. Possible missidentification or HTC measurement. Removed value of 12.8,NA,NA,NA,Sheep/goat
2066,North,Bronze Age,BA.M,BM-R,BA.Middle,NA,Lavagnone,Sector A + E,126,Sheep,OVA,HU,Humerus,NA,NA,NA,NA,NA,NA,NA,NA,26.3,NA,24.9,NA,NA,NA,NA,NA,NA,NA,NA,NA,HT very small. Possible missidentification or HTC measurement. Removed value of 12.5,NA,NA,NA,Sheep/goat
2067,North,Bronze Age,BA.M,BM-R,BA.Middle,NA,Lavagnone,Sector A + E,126,Sheep,OVA,HU,Humerus,NA,NA,NA,NA,NA,NA,NA,NA,24.1,20.5,22.7,NA,NA,NA,NA,NA,NA,NA,NA,NA,HT very small. Possible missidentification or HTC measurement. Removed value of 11.7,NA,NA,NA,Sheep/goat
2109,North,Bronze Age,BA.M,BM-R,BA.Middle,NA,Lavagnone,Sector A + E,126,Sheep,OVA,HU,Humerus,NA,NA,NA,NA,NA,NA,NA,NA,26.6,22,25.3,NA,NA,NA,NA,NA,NA,NA,NA,NA,NA,NA,NA,NA,Sheep/goat
2542,Appennine,Bronze Age,BA.M,BM-R,BA.Middle,NA,Solarolo,via Odriere Settore 1,123,Sheep,OVA,HU,Humerus,NA,NA,NA,NA,NA,NA,NA,NA,NA,NA,26.3,NA,NA,NA,NA,NA,NA,NA,NA,NA,NA,NA,NA,NA,Sheep/goat
2543,Appennine,Bronze Age,BA.M,BM-R,BA.Middle,NA,Solarolo,via Odriere Settore 1,123,Sheep,OVA,HU,Humerus,NA,NA,NA,NA,NA,NA,NA,NA,NA,NA,26,NA,NA,NA,NA,NA,NA,NA,NA,NA,NA,NA,NA,NA,Sheep/goat
2544,Appennine,Bronze Age,BA.M,BM-R,BA.Middle,NA,Solarolo,via Odriere Settore 1,123,Sheep,OVA,HU,Humerus,NA,NA,NA,NA,NA,NA,NA,NA,NA,NA,28.9,NA,NA,NA,NA,NA,NA,NA,NA,NA,NA,NA,NA,NA,Sheep/goat
2545,Appennine,Bronze Age,BA.M,BM-R,BA.Middle,NA,Solarolo,via Odriere Settore 1,123,Sheep,OVA,HU,Humerus,NA,NA,NA,NA,NA,NA,NA,NA,NA,NA,27,NA,NA,NA,NA,NA,NA,NA,NA,NA,NA,NA,NA,NA,Sheep/goat
2546,Appennine,Bronze Age,BA.M,BM-R,BA.Middle,NA,Solarolo,via Odriere Settore 1,123,Sheep,OVA,HU,Humerus,NA,NA,NA,NA,NA,NA,NA,NA,NA,NA,25.8,NA,NA,NA,NA,NA,NA,NA,NA,NA,NA,NA,NA,NA,Sheep/goat
2547,Appennine,Bronze Age,BA.M,BM-R,BA.Middle,NA,Solarolo,via Odriere Settore 1,123,Sheep,OVA,HU,Humerus,NA,NA,NA,NA,NA,NA,NA,NA,NA,NA,25.9,NA,NA,NA,NA,NA,NA,NA,NA,NA,NA,NA,NA,NA,Sheep/goat
2548,Appennine,Bronze Age,BA.M,BM-R,BA.Middle,NA,Solarolo,via Odriere Settore 1,123,Sheep,OVA,HU,Humerus,NA,NA,NA,NA,NA,NA,NA,NA,26.3,NA,NA,NA,NA,NA,NA,NA,NA,NA,NA,NA,NA,NA,NA,NA,Sheep/goat
2786,Appennine,Iron Age,IA1,IA1,IA.Mid,NA,Verucchio,Scavo 1963,80,Sheep,OVA,HU,Humerus,NA,NA,NA,35.5,NA,NA,NA,NA,NA,NA,NA,NA,NA,NA,NA,NA,NA,NA,NA,NA,NA,NA,NA,NA,Sheep/goat
2787,Appennine,Iron Age,IA1,IA1,IA.Mid,NA,Verucchio,Scavo 1963,80,Sheep,OVA,HU,Humerus,NA,NA,NA,NA,NA,NA,NA,NA,30.3,NA,29,NA,NA,NA,NA,NA,NA,NA,NA,NA,NA,NA,NA,NA,Sheep/goat
3257,North,Bronze Age,BA.R,BM-R,BA.Late,NA,Isolone,NA,16,Sheep,OVA,HU,Humerus,127,NA,NA,NA,NA,12.5,NA,NA,26,NA,24.6,NA,NA,NA,NA,NA,NA,NA,NA,NA,NA,NA,NA,NA,Sheep/goat
3258,North,Bronze Age,BA.R,BM-R,BA.Late,NA,Isolone,NA,16,Sheep,OVA,HU,Humerus,137,NA,NA,NA,NA,14.7,NA,NA,31,NA,28,NA,NA,NA,NA,NA,NA,NA,NA,NA,NA,NA,NA,NA,Sheep/goat
3501,Appennine,Bronze Age,BA.M-R,BM-R,BA.Middle-Late,ExNISP,San Giuliano di Toscanella,NA,34,Sheep,OVA,HU,Humerus,138.5,NA,NA,37.5,43.7,15,13.3,NA,29.5,25.3,28,NA,NA,NA,NA,NA,NA,NA,NA,NA,NA,NA,NA,NA,Sheep/goat
3629,Friuli,Iron Age,IA0-IA1,BRF-IA0,IA.Early,NA,Pozzuolo,Excavations 1980-83 Final Bronze-Iron Age,55,Sheep,OVA,HU,Humerus,NA,NA,NA,NA,NA,NA,NA,NA,30.2,NA,NA,NA,NA,NA,NA,NA,NA,NA,NA,NA,NA,NA,NA,NA,Sheep/goat
3630,Friuli,Iron Age,IA0-IA1,BRF-IA0,IA.Early,NA,Pozzuolo,Excavations 1980-83 Final Bronze-Iron Age,55,Sheep,OVA,HU,Humerus,NA,NA,NA,NA,NA,NA,NA,NA,30.4,NA,NA,NA,NA,NA,NA,NA,NA,NA,NA,NA,NA,NA,NA,NA,Sheep/goat
3631,Friuli,Iron Age,IA0-IA1,BRF-IA0,IA.Early,NA,Pozzuolo,Excavations 1980-83 Final Bronze-Iron Age,55,Sheep,OVA,HU,Humerus,NA,NA,NA,NA,NA,NA,NA,NA,32,NA,NA,NA,NA,NA,NA,NA,NA,NA,NA,NA,NA,NA,NA,NA,Sheep/goat
3632,Friuli,Iron Age,IA0-IA1,BRF-IA0,IA.Early,NA,Pozzuolo,Excavations 1980-83 Final Bronze-Iron Age,55,Sheep,OVA,HU,Humerus,NA,NA,NA,NA,NA,NA,NA,NA,34.7,NA,NA,NA,NA,NA,NA,NA,NA,NA,NA,NA,NA,NA,NA,NA,Sheep/goat
4032,South,Bronze Age,BA.M,BM-R,BA.Middle,NA,Poviglio,Villaggio piccolo - MBA,26,Sheep,OVA,HU,Humerus,NA,NA,NA,NA,NA,NA,NA,NA,29.3,NA,NA,NA,NA,NA,NA,NA,NA,NA,NA,NA,NA,NA,NA,NA,Sheep/goat
4233,Veneto,Bronze Age,BA.M,BM-R,BA.Middle,NA,Vallette,NA,145,Sheep,OVA,HU,Humerus,NA,NA,NA,NA,NA,NA,NA,NA,25,NA,NA,NA,NA,NA,NA,NA,NA,NA,NA,NA,NA,NA,NA,1,Sheep/goat
4408,Veneto,Bronze Age,BA.M,BM-R,BA.Middle,NA,Tombola,NA,146,Sheep,OVA,HU,Humerus,NA,NA,NA,NA,NA,12,NA,NA,NA,NA,NA,NA,NA,NA,NA,NA,NA,NA,NA,NA,NA,NA,NA,1,Sheep/goat
4409,Veneto,Bronze Age,BA.M,BM-R,BA.Middle,NA,Tombola,NA,146,Sheep,OVA,HU,Humerus,NA,NA,NA,NA,NA,14,NA,NA,NA,NA,21,NA,NA,NA,NA,NA,NA,NA,NA,NA,BT very small but appears in publication like this. Possible missidentified goat,NA,NA,1,Sheep/goat
4410,Veneto,Bronze Age,BA.M,BM-R,BA.Middle,NA,Tombola,NA,146,Sheep,OVA,HU,Humerus,NA,NA,NA,NA,NA,14,NA,NA,29,NA,27,NA,NA,NA,NA,NA,NA,NA,NA,NA,NA,NA,NA,1,Sheep/goat
4411,Veneto,Bronze Age,BA.M,BM-R,BA.Middle,NA,Tombola,NA,146,Sheep,OVA,HU,Humerus,NA,NA,NA,NA,NA,14,NA,NA,29,NA,NA,NA,NA,NA,NA,NA,NA,NA,NA,NA,NA,NA,NA,1,Sheep/goat
4412,Veneto,Bronze Age,BA.M,BM-R,BA.Middle,NA,Tombola,NA,146,Sheep,OVA,HU,Humerus,NA,NA,NA,NA,NA,13,NA,NA,NA,NA,NA,NA,NA,NA,NA,NA,NA,NA,NA,NA,NA,NA,NA,1,Sheep/goat
4413,Veneto,Bronze Age,BA.M,BM-R,BA.Middle,NA,Tombola,NA,146,Sheep,OVA,HU,Humerus,NA,NA,NA,NA,NA,12,NA,NA,NA,NA,NA,NA,NA,NA,NA,NA,NA,NA,NA,NA,NA,NA,NA,1,Sheep/goat
4414,Veneto,Bronze Age,BA.M,BM-R,BA.Middle,NA,Tombola,NA,146,Sheep,OVA,HU,Humerus,NA,NA,NA,NA,NA,13,NA,NA,25,NA,25,NA,NA,NA,NA,NA,NA,NA,NA,NA,NA,NA,NA,1,Sheep/goat
4415,Veneto,Bronze Age,BA.M,BM-R,BA.Middle,NA,Tombola,NA,146,Sheep,OVA,HU,Humerus,NA,NA,NA,NA,NA,14,NA,NA,25,NA,NA,NA,NA,NA,NA,NA,NA,NA,NA,NA,NA,NA,NA,1,Sheep/goat
4573,North,Bronze Age,BA.M,BM-R,BA.Middle,NA,Muraiola,NA,13,Sheep,OVA,HU,Humerus,122.3,NA,NA,NA,NA,NA,NA,NA,26.8,NA,NA,NA,NA,NA,NA,NA,NA,NA,NA,NA,NA,NA,NA,NA,Sheep/goat
4683,South,Iron Age,IA2,IA2,IA.Late,ExNISP,Forcello,Trentacoste PhD,84,Sheep,OVA,HU,Humerus,NA,NA,NA,NA,NA,NA,NA,NA,NA,NA,30.3,NA,16.4,NA,NA,NA,NA,NA,NA,NA,NA,NA,NA,NA,Sheep/goat
4759,South,Iron Age,IA2,IA2,IA.Late,ExNISP,Forcello,Trentacoste PhD,84,Sheep,OVA,HU,Humerus,NA,NA,NA,NA,NA,NA,NA,NA,NA,NA,NA,NA,15.2,NA,NA,NA,NA,NA,NA,NA,NA,NA,NA,NA,Sheep/goat
4772,South,Iron Age,IA2,IA2,IA.Late,ExNISP,Forcello,Trentacoste PhD,84,Sheep,OVA,HU,Humerus,NA,NA,NA,NA,NA,NA,NA,NA,NA,NA,25.8,NA,NA,NA,NA,NA,NA,NA,NA,NA,NA,NA,NA,NA,Sheep/goat
4806,South,Iron Age,IA2,IA2,IA.Late,ExNISP,Forcello,Trentacoste PhD,84,Sheep,OVA,HU,Humerus,NA,NA,NA,NA,NA,NA,NA,NA,NA,NA,NA,NA,15.1,NA,NA,NA,NA,NA,NA,NA,NA,NA,NA,NA,Sheep/goat
4853,South,Iron Age,IA2,IA2,IA.Late,ExNISP,Forcello,Trentacoste PhD,84,Sheep,OVA,HU,Humerus,NA,NA,NA,NA,NA,NA,NA,NA,NA,NA,28.7,NA,16.1,NA,NA,NA,NA,NA,NA,NA,NA,NA,NA,NA,Sheep/goat
4858,South,Iron Age,IA2,IA2,IA.Late,ExNISP,Forcello,Trentacoste PhD,84,Sheep,OVA,HU,Humerus,NA,NA,NA,NA,NA,NA,NA,NA,NA,NA,28.6,NA,15.5,NA,NA,NA,NA,NA,NA,NA,NA,NA,NA,NA,Sheep/goat
4914,South,Iron Age,IA2,IA2,IA.Late,ExNISP,Forcello,Trentacoste PhD,84,Sheep,OVA,HU,Humerus,NA,NA,NA,NA,NA,NA,NA,NA,NA,NA,26.3,NA,14.2,NA,NA,NA,NA,NA,NA,NA,NA,NA,NA,NA,Sheep/goat
4918,South,Iron Age,IA2,IA2,IA.Late,ExNISP,Forcello,Trentacoste PhD,84,Sheep,OVA,HU,Humerus,NA,NA,NA,NA,NA,NA,NA,NA,NA,NA,NA,NA,14.5,NA,NA,NA,NA,NA,NA,NA,NA,NA,NA,NA,Sheep/goat
4928,South,Iron Age,IA2,IA2,IA.Late,ExNISP,Forcello,Trentacoste PhD,84,Sheep,OVA,HU,Humerus,NA,NA,NA,NA,NA,NA,NA,NA,NA,NA,23.8,NA,12.4,NA,NA,NA,NA,NA,NA,NA,NA,NA,NA,NA,Sheep/goat
4948,South,Iron Age,IA2,IA2,IA.Late,ExNISP,Forcello,Trentacoste PhD,84,Sheep,OVA,HU,Humerus,NA,NA,NA,NA,NA,NA,NA,NA,NA,NA,NA,NA,13.8,NA,NA,NA,NA,NA,NA,NA,NA,NA,NA,NA,Sheep/goat
4958,South,Iron Age,IA2,IA2,IA.Late,ExNISP,Forcello,Trentacoste PhD,84,Sheep,OVA,HU,Humerus,NA,NA,NA,NA,NA,NA,NA,NA,NA,NA,NA,NA,14.3,NA,NA,NA,NA,NA,NA,NA,NA,NA,NA,NA,Sheep/goat
5022,South,Iron Age,IA2,IA2,IA.Late,ExNISP,Forcello,Trentacoste PhD,84,Sheep,OVA,HU,Humerus,NA,NA,NA,NA,NA,NA,NA,NA,NA,NA,27.2,NA,14.4,NA,NA,NA,NA,NA,NA,NA,NA,NA,NA,NA,Sheep/goat
5046,South,Iron Age,IA2,IA2,IA.Late,ExNISP,Forcello,Trentacoste PhD,84,Sheep,OVA,HU,Humerus,NA,NA,NA,NA,NA,NA,NA,NA,NA,NA,25,NA,13,NA,NA,NA,NA,NA,NA,NA,NA,NA,NA,NA,Sheep/goat
5141,South,Iron Age,IA2,IA2,IA.Late,ExNISP,Forcello,Trentacoste PhD,84,Sheep,OVA,HU,Humerus,NA,NA,NA,NA,NA,NA,NA,NA,NA,NA,NA,NA,15.1,NA,NA,NA,NA,NA,NA,NA,NA,NA,NA,NA,Sheep/goat
5231,South,Iron Age,IA2,IA2,IA.Late,ExNISP,Forcello,Trentacoste PhD,84,Sheep,OVA,HU,Humerus,NA,NA,NA,NA,NA,NA,NA,NA,NA,NA,25,NA,14.9,NA,NA,NA,NA,NA,NA,NA,NA,NA,NA,NA,Sheep/goat
5235,South,Iron Age,IA2,IA2,IA.Late,ExNISP,Forcello,Trentacoste PhD,84,Sheep,OVA,HU,Humerus,NA,NA,NA,NA,NA,NA,NA,NA,NA,NA,28.6,NA,15.4,NA,NA,NA,NA,NA,NA,NA,NA,NA,NA,NA,Sheep/goat
5241,South,Iron Age,IA2,IA2,IA.Late,ExNISP,Forcello,Trentacoste PhD,84,Sheep,OVA,HU,Humerus,NA,NA,NA,NA,NA,NA,NA,NA,NA,NA,NA,NA,13.9,NA,NA,NA,NA,NA,NA,NA,NA,NA,NA,NA,Sheep/goat
5306,South,Iron Age,IA2,IA2,IA.Late,ExNISP,Forcello,Trentacoste PhD,84,Sheep,OVA,HU,Humerus,NA,NA,NA,NA,NA,NA,NA,NA,NA,NA,NA,NA,14.9,NA,NA,NA,NA,NA,NA,NA,NA,NA,NA,NA,Sheep/goat
5369,South,Iron Age,IA2,IA2,IA.Late,ExNISP,Forcello,Trentacoste PhD,84,Sheep,OVA,HU,Humerus,NA,NA,NA,NA,NA,NA,NA,NA,NA,NA,26.1,NA,14.1,NA,NA,NA,NA,NA,NA,NA,NA,NA,NA,NA,Sheep/goat
5390,South,Iron Age,IA2,IA2,IA.Late,ExNISP,Forcello,Trentacoste PhD,84,Sheep,OVA,HU,Humerus,NA,NA,NA,NA,NA,NA,NA,NA,NA,NA,26.5,NA,14.7,NA,NA,NA,NA,NA,NA,NA,NA,NA,NA,NA,Sheep/goat
5392,South,Iron Age,IA2,IA2,IA.Late,ExNISP,Forcello,Trentacoste PhD,84,Sheep,OVA,HU,Humerus,NA,NA,NA,NA,NA,NA,NA,NA,NA,NA,25,NA,13.1,NA,NA,NA,NA,NA,NA,NA,NA,NA,NA,NA,Sheep/goat
5424,South,Iron Age,IA2,IA2,IA.Late,ExNISP,Forcello,Trentacoste PhD,84,Sheep,OVA,HU,Humerus,NA,NA,NA,NA,NA,NA,NA,NA,NA,NA,29.7,NA,14.7,NA,NA,NA,NA,NA,NA,NA,NA,NA,NA,NA,Sheep/goat
5449,South,Iron Age,IA2,IA2,IA.Late,ExNISP,Forcello,Trentacoste PhD,84,Sheep,OVA,HU,Humerus,NA,NA,NA,NA,NA,NA,NA,NA,NA,NA,NA,NA,14.1,NA,NA,NA,NA,NA,NA,NA,NA,NA,NA,NA,Sheep/goat
5609,South,Iron Age,IA2,IA2,IA.Late,ExNISP,Forcello,Trentacoste PhD,84,Sheep,OVA,HU,Humerus,NA,NA,NA,NA,NA,NA,NA,NA,NA,NA,NA,NA,15.4,NA,NA,NA,NA,NA,NA,NA,NA,NA,NA,NA,Sheep/goat
5638,South,Iron Age,IA2,IA2,IA.Late,ExNISP,Forcello,Trentacoste PhD,84,Sheep,OVA,HU,Humerus,NA,NA,NA,NA,NA,NA,NA,NA,NA,NA,26.5,NA,14.6,NA,NA,NA,NA,NA,NA,NA,NA,NA,NA,NA,Sheep/goat
5639,South,Iron Age,IA2,IA2,IA.Late,ExNISP,Forcello,Trentacoste PhD,84,Sheep,OVA,HU,Humerus,NA,NA,NA,NA,NA,NA,NA,NA,NA,NA,NA,NA,15.5,NA,NA,NA,NA,NA,NA,NA,NA,NA,NA,NA,Sheep/goat
5773,South,Iron Age,IA2,IA2,IA.Late,ExNISP,Forcello,Trentacoste PhD,84,Sheep,OVA,HU,Humerus,NA,NA,NA,NA,NA,NA,NA,NA,NA,NA,NA,NA,13.5,NA,NA,NA,NA,NA,NA,NA,NA,NA,NA,NA,Sheep/goat
5966,South,Iron Age,IA2,IA2,IA.Late,ExNISP,Forcello,Trentacoste PhD,84,Sheep,OVA,HU,Humerus,NA,NA,NA,NA,NA,NA,NA,NA,NA,NA,NA,NA,15.4,NA,NA,NA,NA,NA,NA,NA,NA,NA,NA,NA,Sheep/goat
6048,South,Iron Age,IA2,IA2,IA.Late,ExNISP,Forcello,Trentacoste PhD,84,Sheep,OVA,HU,Humerus,NA,NA,NA,NA,NA,NA,NA,NA,NA,NA,26.4,NA,13.7,NA,NA,NA,NA,NA,NA,NA,NA,NA,NA,NA,Sheep/goat
6067,South,Iron Age,IA2,IA2,IA.Late,ExNISP,Forcello,Trentacoste PhD,84,Sheep,OVA,HU,Humerus,NA,NA,NA,NA,NA,NA,NA,NA,NA,NA,27.3,NA,14.6,NA,NA,NA,NA,NA,NA,NA,NA,NA,NA,NA,Sheep/goat
6074,South,Iron Age,IA2,IA2,IA.Late,ExNISP,Forcello,Trentacoste PhD,84,Sheep,OVA,HU,Humerus,NA,NA,NA,NA,NA,NA,NA,NA,NA,NA,NA,NA,14.5,NA,NA,NA,NA,NA,NA,NA,NA,NA,NA,NA,Sheep/goat
6093,South,Iron Age,IA2,IA2,IA.Late,ExNISP,Forcello,Trentacoste PhD,84,Sheep,OVA,HU,Humerus,NA,NA,NA,NA,NA,NA,NA,NA,NA,NA,NA,NA,14.4,NA,NA,NA,NA,NA,NA,NA,NA,NA,NA,NA,Sheep/goat
6109,South,Iron Age,IA2,IA2,IA.Late,ExNISP,Forcello,Trentacoste PhD,84,Sheep,OVA,HU,Humerus,NA,NA,NA,NA,NA,NA,NA,NA,NA,NA,NA,NA,14.1,NA,NA,NA,NA,NA,NA,NA,NA,NA,NA,NA,Sheep/goat
6144,South,Iron Age,IA2,IA2,IA.Late,ExNISP,Forcello,Trentacoste PhD,84,Sheep,OVA,HU,Humerus,NA,NA,NA,NA,NA,NA,NA,NA,NA,NA,28.4,NA,15.3,NA,NA,NA,NA,NA,NA,NA,NA,NA,NA,NA,Sheep/goat
7906,North,Bronze Age,BA.M,BM-R,BA.Middle,NA,Nogarole Rocca,I Camponi,17,Sheep,OVA,HU,Humerus,NA,NA,NA,NA,NA,NA,NA,NA,28.7,NA,NA,NA,NA,NA,NA,NA,NA,NA,NA,NA,NA,NA,NA,NA,Sheep/goat
8458,North,Bronze Age,BA.R,BM-R,BA.Late,NA,Bovolone,Bertoloni et al. 2015,125,Sheep,OVA,HU,Humerus,NA,NA,NA,29.4,NA,NA,NA,NA,NA,NA,28.1,NA,NA,NA,NA,NA,NA,NA,NA,NA,NA,NA,NA,1,Sheep/goat
8459,North,Bronze Age,BA.R,BM-R,BA.Late,NA,Bovolone,Bertoloni et al. 2015,125,Sheep,OVA,HU,Humerus,NA,NA,NA,NA,NA,NA,NA,NA,NA,NA,32,NA,NA,NA,NA,NA,NA,NA,NA,NA,NA,NA,NA,1,Sheep/goat
8460,North,Bronze Age,BA.R,BM-R,BA.Late,NA,Bovolone,Bertoloni et al. 2015,125,Sheep,OVA,HU,Humerus,NA,NA,NA,NA,NA,NA,NA,NA,26,NA,NA,NA,NA,NA,NA,NA,NA,NA,NA,NA,NA,NA,NA,1,Sheep/goat
8461,North,Bronze Age,BA.R,BM-R,BA.Late,NA,Bovolone,Bertoloni et al. 2015,125,Sheep,OVA,HU,Humerus,NA,NA,NA,NA,NA,NA,NA,NA,26.8,NA,NA,NA,NA,NA,NA,NA,NA,NA,NA,NA,NA,NA,NA,1,Sheep/goat
8462,North,Bronze Age,BA.R,BM-R,BA.Late,NA,Bovolone,Bertoloni et al. 2015,125,Sheep,OVA,HU,Humerus,NA,NA,NA,NA,NA,NA,NA,NA,28,NA,NA,NA,NA,NA,NA,NA,NA,NA,NA,NA,NA,NA,NA,1,Sheep/goat
8463,North,Bronze Age,BA.R,BM-R,BA.Late,NA,Bovolone,Bertoloni et al. 2015,125,Sheep,OVA,HU,Humerus,NA,NA,NA,NA,NA,NA,NA,NA,27,NA,NA,NA,NA,NA,NA,NA,NA,NA,NA,NA,NA,NA,NA,1,Sheep/goat
8607,Veneto,Bronze Age,BA.R,BM-R,BA.Late,NA,Larda II,NA,148,Sheep,OVA,HU,Humerus,NA,NA,NA,NA,NA,14,NA,NA,31,NA,28.5,NA,NA,NA,NA,NA,NA,NA,NA,NA,NA,NA,NA,1,Sheep/goat
8608,Veneto,Bronze Age,BA.R,BM-R,BA.Late,NA,Larda II,NA,148,Sheep,OVA,HU,Humerus,NA,NA,NA,NA,NA,13,NA,NA,28,NA,NA,NA,NA,NA,NA,NA,NA,NA,NA,NA,NA,NA,NA,1,Sheep/goat
8609,Veneto,Bronze Age,BA.R,BM-R,BA.Late,NA,Larda II,NA,148,Sheep,OVA,HU,Humerus,NA,NA,NA,NA,NA,10.8,NA,NA,24.4,NA,NA,NA,NA,NA,NA,NA,NA,NA,NA,NA,NA,NA,NA,1,Sheep/goat
8685,Veneto,Bronze Age,BA.R,BM-R,BA.Late,NA,Campestrin,NA,149,Sheep,OVA,HU,Humerus,NA,NA,NA,NA,NA,NA,NA,NA,29,NA,NA,NA,NA,NA,NA,NA,NA,NA,NA,NA,NA,NA,NA,1,Sheep/goat
8757,Veneto,Bronze Age,BA.R,BM-R,BA.Late,NA,Amolara,NA,150,Sheep,OVA,HU,Humerus,NA,NA,NA,NA,NA,NA,NA,NA,29,NA,29,NA,NA,NA,NA,NA,NA,NA,NA,NA,NA,NA,NA,1,Sheep/goat
8843,Veneto,Bronze Age,BA.R,BM-R,BA.Late,NA,Terranegra,Depellegrin & Tecchiati - BR,61,Sheep,OVA,HU,Humerus,NA,NA,NA,NA,NA,14.9,NA,NA,31.8,NA,30.5,NA,NA,NA,NA,NA,NA,NA,NA,NA,NA,NA,NA,NA,Sheep/goat
8844,Veneto,Bronze Age,BA.R,BM-R,BA.Late,NA,Terranegra,Depellegrin & Tecchiati - BR,61,Sheep,OVA,HU,Humerus,NA,NA,NA,NA,NA,NA,NA,NA,33.6,NA,31.5,NA,NA,NA,NA,NA,NA,NA,NA,NA,NA,NA,NA,NA,Sheep/goat
8845,Veneto,Bronze Age,BA.R,BM-R,BA.Late,NA,Terranegra,Depellegrin & Tecchiati - BR,61,Sheep,OVA,HU,Humerus,NA,NA,NA,NA,NA,15.7,NA,NA,29.9,NA,29,NA,NA,NA,NA,NA,NA,NA,NA,NA,NA,NA,NA,NA,Sheep/goat
8846,Veneto,Bronze Age,BA.R,BM-R,BA.Late,NA,Terranegra,Depellegrin & Tecchiati - BR,61,Sheep,OVA,HU,Humerus,136,NA,NA,33.7,NA,16.5,NA,NA,31.2,NA,29.9,NA,NA,NA,NA,NA,NA,NA,NA,NA,NA,NA,NA,*,Sheep/goat
8847,Veneto,Bronze Age,BA.R,BM-R,BA.Late,NA,Terranegra,Depellegrin & Tecchiati - BR,61,Sheep,OVA,HU,Humerus,NA,NA,NA,NA,NA,NA,NA,NA,30.4,NA,29.2,NA,NA,NA,NA,NA,NA,NA,NA,NA,NA,NA,NA,NA,Sheep/goat
8848,Veneto,Bronze Age,BA.R,BM-R,BA.Late,NA,Terranegra,Depellegrin & Tecchiati - BR,61,Sheep,OVA,HU,Humerus,NA,NA,NA,NA,NA,16.1,NA,NA,32.5,NA,30.7,NA,NA,NA,NA,NA,NA,NA,NA,NA,NA,NA,NA,NA,Sheep/goat
8849,Veneto,Bronze Age,BA.R,BM-R,BA.Late,NA,Terranegra,Depellegrin & Tecchiati - BR,61,Sheep,OVA,HU,Humerus,NA,NA,NA,NA,NA,NA,NA,NA,28.9,NA,27.4,NA,NA,NA,NA,NA,NA,NA,NA,NA,NA,NA,NA,NA,Sheep/goat
8850,Veneto,Iron Age,IA1-IA2,IA1,IA.Mid,NA,Terranegra,Depellegrin & Tecchiati - IA,156,Sheep,OVA,HU,Humerus,NA,NA,NA,NA,NA,NA,NA,NA,30.4,NA,29.2,NA,NA,NA,NA,NA,NA,NA,NA,NA,NA,NA,NA,NA,Sheep/goat
8851,Veneto,Iron Age,IA1-IA2,IA1,IA.Mid,NA,Terranegra,Depellegrin & Tecchiati - IA,156,Sheep,OVA,HU,Humerus,NA,NA,NA,NA,NA,NA,NA,NA,28.1,NA,26,NA,NA,NA,NA,NA,NA,NA,NA,NA,NA,NA,NA,NA,Sheep/goat
8852,Veneto,Iron Age,IA1-IA2,IA1,IA.Mid,NA,Terranegra,Depellegrin & Tecchiati - IA,156,Sheep,OVA,HU,Humerus,NA,NA,NA,NA,NA,15.5,NA,NA,30.1,NA,29.4,NA,NA,NA,NA,NA,NA,NA,NA,NA,NA,NA,NA,NA,Sheep/goat
8853,Veneto,Iron Age,IA1-IA2,IA1,IA.Mid,NA,Terranegra,Depellegrin & Tecchiati - IA,156,Sheep,OVA,HU,Humerus,NA,NA,NA,NA,NA,NA,NA,NA,29.9,NA,27.1,NA,NA,NA,NA,NA,NA,NA,NA,NA,NA,NA,NA,NA,Sheep/goat
8854,Veneto,Iron Age,IA1-IA2,IA1,IA.Mid,NA,Terranegra,Depellegrin & Tecchiati - IA,156,Sheep,OVA,HU,Humerus,NA,NA,NA,NA,NA,NA,NA,NA,29.5,NA,28.3,NA,NA,NA,NA,NA,NA,NA,NA,NA,NA,NA,NA,NA,Sheep/goat
8855,Veneto,Iron Age,IA1-IA2,IA1,IA.Mid,NA,Terranegra,Depellegrin & Tecchiati - IA,156,Sheep,OVA,HU,Humerus,NA,NA,NA,35.8,NA,NA,NA,NA,NA,NA,NA,NA,NA,NA,NA,NA,NA,NA,NA,NA,NA,NA,NA,NA,Sheep/goat
8856,Veneto,Iron Age,IA1-IA2,IA1,IA.Mid,NA,Terranegra,Depellegrin & Tecchiati - IA,156,Sheep,OVA,HU,Humerus,NA,NA,NA,NA,NA,NA,NA,NA,32.2,NA,31.1,NA,NA,NA,NA,NA,NA,NA,NA,NA,NA,NA,NA,NA,Sheep/goat
8857,Veneto,Iron Age,IA1-IA2,IA1,IA.Mid,NA,Terranegra,Depellegrin & Tecchiati - IA,156,Sheep,OVA,HU,Humerus,NA,NA,NA,NA,NA,NA,NA,NA,31.7,NA,29.7,NA,NA,NA,NA,NA,NA,NA,NA,NA,NA,NA,NA,NA,Sheep/goat
8858,Veneto,Iron Age,IA1-IA2,IA1,IA.Mid,NA,Terranegra,Depellegrin & Tecchiati - IA,156,Sheep,OVA,HU,Humerus,NA,NA,NA,NA,NA,NA,NA,NA,31.7,NA,30,NA,NA,NA,NA,NA,NA,NA,NA,NA,NA,NA,NA,NA,Sheep/goat
8859,Veneto,Iron Age,IA1-IA2,IA1,IA.Mid,NA,Terranegra,Depellegrin & Tecchiati - IA,156,Sheep,OVA,HU,Humerus,NA,NA,NA,NA,NA,NA,NA,NA,27.5,NA,26.7,NA,NA,NA,NA,NA,NA,NA,NA,NA,NA,NA,NA,NA,Sheep/goat
8860,Veneto,Iron Age,IA1-IA2,IA1,IA.Mid,NA,Terranegra,Depellegrin & Tecchiati - IA,156,Sheep,OVA,HU,Humerus,NA,NA,NA,NA,NA,NA,NA,NA,34.7,NA,33.9,NA,NA,NA,NA,NA,NA,NA,NA,NA,NA,NA,NA,NA,Sheep/goat
9329,Friuli,Iron Age,IA0,IA1,IA.Early,NA,Gradisca,Iron Age I,169,Sheep,OVA,HU,Humerus,NA,NA,NA,NA,NA,NA,NA,NA,30.5,NA,NA,NA,NA,NA,NA,NA,NA,NA,NA,NA,NA,NA,NA,NA,Sheep/goat
9431,Friuli,Iron Age,IA0-IA1,BRF-IA0,IA.Early,NA,Pozzuolo,Excavations 1980-83 Final Bronze-Iron Age,55,Sheep,OVA,HU,Humerus,NA,NA,NA,NA,NA,NA,NA,NA,30.9,NA,NA,NA,NA,NA,NA,NA,NA,NA,NA,Petrucci,NA,NA,NA,NA,Sheep/goat
9618,South,Roman,Rom.Early,Early,Roman.Early,NA,Modena,Cassa di Risparmio,132,Sheep,OVA,HU,Humerus,NA,NA,NA,NA,NA,NA,NA,NA,36.5,29.5,32.5,NA,NA,NA,NA,NA,NA,NA,NA,NA,NA,NA,NA,0.5,Sheep/goat
9620,South,Roman,Rom.Early,Early,Roman.Early,NA,Modena,Cassa di Risparmio,132,Sheep,OVA,HU,Humerus,NA,NA,NA,NA,NA,NA,NA,NA,32,27.5,31,NA,NA,NA,NA,NA,NA,NA,NA,NA,NA,NA,NA,0.5,Sheep/goat
9621,South,Roman,Rom.Early,Early,Roman.Early,NA,Modena,Cassa di Risparmio,132,Sheep,OVA,HU,Humerus,NA,NA,NA,NA,NA,NA,NA,NA,31,26.5,30,NA,NA,NA,NA,NA,NA,NA,NA,NA,NA,NA,NA,0.5,Sheep/goat
9622,South,Roman,Rom.Early,Early,Roman.Early,NA,Modena,Cassa di Risparmio,132,Sheep,OVA,HU,Humerus,NA,NA,NA,NA,NA,NA,NA,NA,31,26,29,NA,NA,NA,NA,NA,NA,NA,NA,NA,NA,NA,NA,0.5,Sheep/goat
9623,South,Roman,Rom.Early,Early,Roman.Early,NA,Modena,Cassa di Risparmio,132,Sheep,OVA,HU,Humerus,NA,NA,NA,NA,NA,NA,NA,NA,29.5,24,28,NA,NA,NA,NA,NA,NA,NA,NA,NA,NA,NA,NA,0.5,Sheep/goat
9625,South,Roman,Rom.Early,Early,Roman.Early,NA,Modena,Cassa di Risparmio,132,Sheep,OVA,HU,Humerus,NA,NA,NA,NA,NA,NA,NA,NA,26,20,25,NA,NA,NA,NA,NA,NA,NA,NA,NA,NA,NA,NA,0.5,Sheep/goat
9627,South,Roman,Rom.Early,Early,Roman.Early,NA,Modena,Cassa di Risparmio,132,Sheep,OVA,HU,Humerus,NA,NA,NA,NA,NA,NA,NA,NA,NA,23,36,NA,NA,NA,NA,NA,NA,NA,NA,NA,NA,NA,NA,0.5,Sheep/goat
9757,Friuli,Roman,Rom,Early,Roman.Early,Rit,Montereale Valcellina,*US 581/583/606 - Reppublican pits,200,Sheep,OVA,HU,Humerus,180.1,NA,NA,44.9,NA,18.8,NA,NA,33.4,NA,NA,NA,NA,NA,NA,NA,NA,NA,NA,NA,Large but appears in publication like this,NA,NA,NA,Sheep/goat
9758,Friuli,Roman,Rom,Early,Roman.Early,Rit,Montereale Valcellina,*US 581/583/606 - Reppublican pits,200,Sheep,OVA,HU,Humerus,NA,NA,NA,NA,NA,NA,NA,NA,30,NA,NA,NA,NA,NA,NA,NA,NA,NA,NA,NA,NA,NA,NA,NA,Sheep/goat
9759,Friuli,Roman,Rom,Early,Roman.Early,Rit,Montereale Valcellina,*US 581/583/606 - Reppublican pits,200,Sheep,OVA,HU,Humerus,NA,NA,NA,NA,NA,NA,NA,NA,33.5,NA,NA,NA,NA,NA,NA,NA,NA,NA,NA,NA,NA,NA,NA,NA,Sheep/goat
9760,Friuli,Roman,Rom,Early,Roman.Early,Rit,Montereale Valcellina,*US 581/583/606 - Reppublican pits,200,Sheep,OVA,HU,Humerus,NA,NA,NA,42.8,NA,NA,NA,NA,NA,NA,NA,NA,NA,NA,NA,NA,NA,NA,NA,NA,NA,NA,NA,NA,Sheep/goat
9761,Friuli,Roman,Rom,Early,Roman.Early,Rit,Montereale Valcellina,*US 581/583/606 - Reppublican pits,200,Sheep,OVA,HU,Humerus,NA,NA,NA,42,NA,NA,NA,NA,NA,NA,NA,NA,NA,NA,NA,NA,NA,NA,NA,NA,NA,NA,NA,NA,Sheep/goat
9797,Friuli,Roman,Rom,Early,Roman.Early,Rit,Montereale Valcellina,*US 581/583/606 - Reppublican pits,200,Sheep,OVA,HU,Humerus,NA,NA,NA,NA,NA,NA,NA,NA,32.5,NA,NA,NA,NA,NA,NA,NA,NA,NA,NA,NA,NA,NA,NA,NA,Sheep/goat
9798,Friuli,Roman,Rom,Early,Roman.Early,Rit,Montereale Valcellina,*US 581/583/606 - Reppublican pits,200,Sheep,OVA,HU,Humerus,NA,NA,NA,NA,NA,NA,NA,NA,31.1,NA,NA,NA,NA,NA,NA,NA,NA,NA,NA,NA,NA,NA,NA,NA,Sheep/goat
9799,Friuli,Roman,Rom,Early,Roman.Early,Rit,Montereale Valcellina,*US 581/583/606 - Reppublican pits,200,Sheep,OVA,HU,Humerus,NA,NA,NA,NA,NA,NA,NA,NA,30,NA,NA,NA,NA,NA,NA,NA,NA,NA,NA,NA,NA,NA,NA,NA,Sheep/goat
9877,Friuli,Roman,Rom.Late,Late,Roman.Late,NA,Aquileia,area a est del foro - Riedel 1994,175,Sheep,OVA,HU,Humerus,NA,NA,NA,NA,NA,NA,NA,NA,32,NA,NA,NA,NA,NA,NA,NA,NA,NA,NA,NA,NA,NA,NA,NA,Sheep/goat
9878,Friuli,Roman,Rom.Late,Late,Roman.Late,NA,Aquileia,area a est del foro - Riedel 1994,175,Sheep,OVA,HU,Humerus,NA,NA,NA,NA,NA,NA,NA,NA,34,NA,NA,NA,NA,NA,NA,NA,NA,NA,NA,NA,NA,NA,NA,NA,Sheep/goat
9879,Friuli,Roman,Rom.Late,Late,Roman.Late,NA,Aquileia,area a est del foro - Riedel 1994,175,Sheep,OVA,HU,Humerus,NA,NA,NA,NA,NA,NA,NA,NA,36,NA,NA,NA,NA,NA,NA,NA,NA,NA,NA,NA,NA,NA,NA,NA,Sheep/goat
10130,Veneto,Roman,Rom.M-L,Mid-Late,Roman.Mid-Late,NA,Altino,Riedel 1985,56,Sheep,OVA,HU,Humerus,NA,NA,NA,NA,NA,NA,NA,NA,38.7,NA,NA,NA,NA,NA,NA,NA,NA,NA,NA,NA,NA,NA,NA,NA,Sheep/goat
10390,Friuli,Roman,Rom.M-L,Mid-Late,Roman.Mid-Late,NA,Vidulis,NA,184,Sheep,OVA,HU,Humerus,NA,NA,NA,NA,NA,NA,NA,NA,34,NA,NA,NA,NA,NA,NA,NA,NA,NA,NA,NA,NA,NA,NA,NA,Sheep/goat
10774,Friuli,Roman,Rom,Mid,Roman.Mid,Rit,Trieste,*Crosada - Phase 4c,178,Sheep,OVA,HU,Humerus,NA,NA,NA,NA,NA,NA,NA,NA,28.6,NA,NA,NA,NA,NA,NA,NA,NA,NA,NA,NA,NA,NA,NA,NA,Sheep/goat
11164,Friuli,Roman,Rom.Late,Late,Roman.Late,NA,Udine,Late Roman,246,Sheep,OVA,HU,Humerus,NA,NA,NA,NA,NA,NA,NA,NA,29.8,NA,NA,NA,NA,NA,NA,NA,NA,NA,NA,NA,NA,NA,NA,NA,Sheep/goat
11165,Friuli,Roman,Rom.Late,Late,Roman.Late,NA,Udine,Late Roman,246,Sheep,OVA,HU,Humerus,NA,NA,NA,NA,NA,NA,NA,NA,30.2,NA,NA,NA,NA,NA,NA,NA,NA,NA,NA,NA,NA,NA,NA,NA,Sheep/goat
11166,Friuli,Roman,Rom.Late,Late,Roman.Late,NA,Udine,Late Roman,246,Sheep,OVA,HU,Humerus,NA,NA,NA,NA,NA,NA,NA,NA,30.3,NA,NA,NA,NA,NA,NA,NA,NA,NA,NA,NA,NA,NA,NA,NA,Sheep/goat
11167,Friuli,Roman,Rom.Late,Late,Roman.Late,NA,Udine,Late Roman,246,Sheep,OVA,HU,Humerus,NA,NA,NA,NA,NA,NA,NA,NA,30.6,NA,NA,NA,NA,NA,NA,NA,NA,NA,NA,NA,NA,NA,NA,NA,Sheep/goat
11168,Friuli,Roman,Rom.Late,Late,Roman.Late,NA,Udine,Late Roman,246,Sheep,OVA,HU,Humerus,NA,NA,NA,NA,NA,NA,NA,NA,30.7,NA,NA,NA,NA,NA,NA,NA,NA,NA,NA,NA,NA,NA,NA,NA,Sheep/goat
11169,Friuli,Roman,Rom.Late,Late,Roman.Late,NA,Udine,Late Roman,246,Sheep,OVA,HU,Humerus,NA,NA,NA,NA,NA,NA,NA,NA,31,NA,NA,NA,NA,NA,NA,NA,NA,NA,NA,NA,NA,NA,NA,NA,Sheep/goat
11170,Friuli,Roman,Rom.Late,Late,Roman.Late,NA,Udine,Late Roman,246,Sheep,OVA,HU,Humerus,NA,NA,NA,NA,NA,NA,NA,NA,31.4,NA,NA,NA,NA,NA,NA,NA,NA,NA,NA,NA,NA,NA,NA,NA,Sheep/goat
11171,Friuli,Roman,Rom.Late,Late,Roman.Late,NA,Udine,Late Roman,246,Sheep,OVA,HU,Humerus,NA,NA,NA,NA,NA,NA,NA,NA,31.5,NA,NA,NA,NA,NA,NA,NA,NA,NA,NA,NA,NA,NA,NA,NA,Sheep/goat
11172,Friuli,Roman,Rom.Late,Late,Roman.Late,NA,Udine,Late Roman,246,Sheep,OVA,HU,Humerus,NA,NA,NA,NA,NA,NA,NA,NA,32.8,NA,NA,NA,NA,NA,NA,NA,NA,NA,NA,NA,NA,NA,NA,NA,Sheep/goat
11173,Friuli,Roman,Rom.Late,Late,Roman.Late,NA,Udine,Late Roman,246,Sheep,OVA,HU,Humerus,NA,NA,NA,NA,NA,NA,NA,NA,33.7,NA,NA,NA,NA,NA,NA,NA,NA,NA,NA,NA,NA,NA,NA,NA,Sheep/goat
11174,Friuli,Roman,Rom.Late,Late,Roman.Late,NA,Udine,Late Roman,246,Sheep,OVA,HU,Humerus,146.2,NA,NA,NA,43.6,NA,NA,NA,30.6,NA,NA,NA,NA,NA,NA,NA,NA,NA,NA,NA,NA,NA,NA,NA,Sheep/goat
11175,Friuli,Roman,Rom.Late,Late,Roman.Late,NA,Udine,Late Roman,246,Sheep,OVA,HU,Humerus,NA,NA,NA,NA,45,NA,NA,NA,32,NA,NA,NA,NA,NA,NA,NA,NA,NA,NA,NA,NA,NA,NA,NA,Sheep/goat
11308,Friuli,Bronze Age,BA.R-F,BRF-IA0,BA.Late,NA,Udine,'Late Bronze Age',247,Sheep,OVA,HU,Humerus,NA,NA,NA,NA,NA,NA,NA,NA,29.3,NA,NA,NA,NA,NA,NA,NA,NA,NA,NA,NA,NA,NA,NA,NA,Sheep/goat
11431,Veneto,Roman,Rom.Late,Late,Roman.Late,NA,Torcello,Late Antique II-VII / II-VI 5th-7th c. AD,257,Sheep,OVA,HU,Humerus,NA,NA,NA,NA,NA,NA,NA,NA,30,NA,NA,NA,NA,NA,NA,NA,NA,NA,NA,NA,NA,NA,NA,NA,Sheep/goat
12348,South,Roman,Rom.Early,Early,Roman.Early,NA,Calvatone,Wilkens - Bio data from academia,253,Sheep,OVA,HU,Humerus,NA,NA,NA,NA,NA,NA,NA,NA,30.8,NA,29,NA,NA,NA,NA,NA,NA,NA,NA,NA,NA,NA,NA,NA,Sheep/goat
NA,Appennine,Bronze Age,BA.M-R,BM-R,BA.Middle-Late,NA,Case Missiroli,NA,453,Sheep,OVA,HU,Humerus,NA,NA,NA,27.6,NA,NA,NA,NA,NA,NA,27.7,NA,NA,NA,NA,NA,NA,NA,NA,NA,NA,NA,NA,NA,Sheep/goat
NA,Appennine,Bronze Age,BA.M-R,BM-R,BA.Middle-Late,NA,Case Missiroli,NA,453,Sheep,OVA,HU,Humerus,NA,NA,NA,32.2,NA,NA,NA,NA,NA,NA,30.3,NA,NA,NA,NA,NA,NA,NA,NA,NA,NA,NA,NA,NA,Sheep/goat
155,North,Bronze Age,BA.R-F,BRF-IA0,BA.Late,NA,Cavalzara,Riedel 1979,20,Sheep,OVA,MC1,Metacarpal,NA,NA,NA,NA,NA,NA,NA,NA,24.8,NA,NA,NA,NA,NA,NA,NA,NA,NA,NA,NA,NA,NA,NA,NA,Sheep/goat
305,South,Iron Age,IA2,IA2,IA.Late,NA,Casale di Rivalta,NA,71,Sheep,OVA,MC1,Metacarpal,124.4,NA,NA,20.1,15.5,13.1,NA,NA,22.8,15.2,NA,NA,NA,NA,NA,NA,NA,NA,NA,NA,NA,NA,NA,NA,Sheep/goat
428,North,Iron Age,IA2,IA2,IA.Late,NA,Colognola ai Colli,NA,54,Sheep,OVA,MC1,Metacarpal,NA,NA,NA,NA,NA,NA,NA,NA,25.5,NA,NA,NA,NA,NA,NA,NA,NA,NA,NA,NA,NA,NA,NA,NA,Sheep/goat
429,North,Iron Age,IA2,IA2,IA.Late,NA,Colognola ai Colli,NA,54,Sheep,OVA,MC1,Metacarpal,143.3,NA,NA,NA,NA,13.5,NA,NA,26.5,NA,NA,NA,NA,143.3,NA,NA,NA,NA,NA,NA,NA,NA,NA,NA,Sheep/goat
642,North,Bronze Age,BA.R,BM-R,BA.Late,NA,Isolone,NA,16,Sheep,OVA,MC1,Metacarpal,105.4,NA,NA,18,NA,10.6,NA,NA,20.8,NA,NA,NA,NA,NA,NA,NA,NA,NA,NA,NA,NA,NA,NA,NA,Sheep/goat
643,North,Bronze Age,BA.R,BM-R,BA.Late,NA,Isolone,NA,16,Sheep,OVA,MC1,Metacarpal,106.5,NA,NA,20.7,NA,11.6,NA,NA,21.1,NA,NA,NA,NA,NA,NA,NA,NA,NA,NA,NA,NA,NA,NA,NA,Sheep/goat
644,North,Bronze Age,BA.R,BM-R,BA.Late,NA,Isolone,NA,16,Sheep,OVA,MC1,Metacarpal,109.5,NA,NA,21.8,NA,11,NA,NA,21,NA,NA,NA,NA,NA,NA,NA,NA,NA,NA,NA,NA,NA,NA,NA,Sheep/goat
645,North,Bronze Age,BA.R,BM-R,BA.Late,NA,Isolone,NA,16,Sheep,OVA,MC1,Metacarpal,110.5,NA,NA,17.7,NA,10.8,NA,NA,19.6,NA,NA,NA,NA,NA,NA,NA,NA,NA,NA,NA,NA,NA,NA,NA,Sheep/goat
646,North,Bronze Age,BA.R,BM-R,BA.Late,NA,Isolone,NA,16,Sheep,OVA,MC1,Metacarpal,111,NA,NA,20,NA,10.4,NA,NA,22.4,NA,NA,NA,NA,NA,NA,NA,NA,NA,NA,NA,NA,NA,NA,NA,Sheep/goat
647,North,Bronze Age,BA.R,BM-R,BA.Late,NA,Isolone,NA,16,Sheep,OVA,MC1,Metacarpal,112.3,NA,NA,18.9,NA,8.9,NA,NA,20.2,NA,NA,NA,NA,NA,NA,NA,NA,NA,NA,NA,NA,NA,NA,NA,Sheep/goat
648,North,Bronze Age,BA.R,BM-R,BA.Late,NA,Isolone,NA,16,Sheep,OVA,MC1,Metacarpal,112.5,NA,NA,20.8,NA,12.4,NA,NA,23.1,NA,NA,NA,NA,NA,NA,NA,NA,NA,NA,NA,NA,NA,NA,NA,Sheep/goat
649,North,Bronze Age,BA.R,BM-R,BA.Late,NA,Isolone,NA,16,Sheep,OVA,MC1,Metacarpal,112.8,NA,NA,19.8,NA,10,NA,NA,20.6,NA,NA,NA,NA,NA,NA,NA,NA,NA,NA,NA,NA,NA,NA,NA,Sheep/goat
650,North,Bronze Age,BA.R,BM-R,BA.Late,NA,Isolone,NA,16,Sheep,OVA,MC1,Metacarpal,113,NA,NA,18.9,NA,NA,NA,NA,20.9,NA,NA,NA,NA,NA,NA,NA,NA,NA,NA,NA,NA,NA,NA,NA,Sheep/goat
651,North,Bronze Age,BA.R,BM-R,BA.Late,NA,Isolone,NA,16,Sheep,OVA,MC1,Metacarpal,114.5,NA,NA,18.9,NA,10.8,NA,NA,20.7,NA,NA,NA,NA,NA,NA,NA,NA,NA,NA,NA,NA,NA,NA,NA,Sheep/goat
652,North,Bronze Age,BA.R,BM-R,BA.Late,NA,Isolone,NA,16,Sheep,OVA,MC1,Metacarpal,114.6,NA,NA,18.8,NA,10.2,NA,NA,21.4,NA,NA,NA,NA,NA,NA,NA,NA,NA,NA,NA,NA,NA,NA,NA,Sheep/goat
653,North,Bronze Age,BA.R,BM-R,BA.Late,NA,Isolone,NA,16,Sheep,OVA,MC1,Metacarpal,115.1,NA,NA,19.6,NA,NA,NA,NA,24.2,NA,NA,NA,NA,NA,NA,NA,NA,NA,NA,NA,NA,NA,NA,NA,Sheep/goat
654,North,Bronze Age,BA.R,BM-R,BA.Late,NA,Isolone,NA,16,Sheep,OVA,MC1,Metacarpal,115.5,NA,NA,19.7,NA,10.1,NA,NA,21.2,NA,NA,NA,NA,NA,NA,NA,NA,NA,NA,NA,NA,NA,NA,NA,Sheep/goat
655,North,Bronze Age,BA.R,BM-R,BA.Late,NA,Isolone,NA,16,Sheep,OVA,MC1,Metacarpal,115.7,NA,NA,20.6,NA,12.3,NA,NA,22.8,NA,NA,NA,NA,NA,NA,NA,NA,NA,NA,NA,NA,NA,NA,NA,Sheep/goat
656,North,Bronze Age,BA.R,BM-R,BA.Late,NA,Isolone,NA,16,Sheep,OVA,MC1,Metacarpal,116.1,NA,NA,18.3,NA,9.6,NA,NA,21.2,NA,NA,NA,NA,NA,NA,NA,NA,NA,NA,NA,NA,NA,NA,NA,Sheep/goat
657,North,Bronze Age,BA.R,BM-R,BA.Late,NA,Isolone,NA,16,Sheep,OVA,MC1,Metacarpal,116.2,NA,NA,20.2,NA,11.9,NA,NA,NA,NA,NA,NA,NA,NA,NA,NA,NA,NA,NA,NA,NA,NA,NA,NA,Sheep/goat
658,North,Bronze Age,BA.R,BM-R,BA.Late,NA,Isolone,NA,16,Sheep,OVA,MC1,Metacarpal,116.2,NA,NA,21.4,NA,12.1,NA,NA,23,NA,NA,NA,NA,NA,NA,NA,NA,NA,NA,NA,NA,NA,NA,NA,Sheep/goat
659,North,Bronze Age,BA.R,BM-R,BA.Late,NA,Isolone,NA,16,Sheep,OVA,MC1,Metacarpal,116.3,NA,NA,19.8,NA,10.3,NA,NA,21,NA,NA,NA,NA,NA,NA,NA,NA,NA,NA,NA,NA,NA,NA,NA,Sheep/goat
660,North,Bronze Age,BA.R,BM-R,BA.Late,NA,Isolone,NA,16,Sheep,OVA,MC1,Metacarpal,116.8,NA,NA,21,NA,12.3,NA,NA,NA,NA,NA,NA,NA,NA,NA,NA,NA,NA,NA,NA,NA,NA,NA,NA,Sheep/goat
661,North,Bronze Age,BA.R,BM-R,BA.Late,NA,Isolone,NA,16,Sheep,OVA,MC1,Metacarpal,117.2,NA,NA,20.6,NA,12.5,NA,NA,23.1,NA,NA,NA,NA,NA,NA,NA,NA,NA,NA,NA,NA,NA,NA,NA,Sheep/goat
662,North,Bronze Age,BA.R,BM-R,BA.Late,NA,Isolone,NA,16,Sheep,OVA,MC1,Metacarpal,NA,NA,NA,NA,NA,11.1,NA,NA,NA,NA,NA,NA,NA,NA,NA,NA,NA,NA,NA,NA,NA,NA,NA,NA,Sheep/goat
663,North,Bronze Age,BA.R,BM-R,BA.Late,NA,Isolone,NA,16,Sheep,OVA,MC1,Metacarpal,120.4,NA,NA,21.2,NA,12,NA,NA,22.7,NA,NA,NA,NA,NA,NA,NA,NA,NA,NA,NA,NA,NA,NA,NA,Sheep/goat
664,North,Bronze Age,BA.R,BM-R,BA.Late,NA,Isolone,NA,16,Sheep,OVA,MC1,Metacarpal,NA,NA,NA,21.3,NA,9.2,NA,NA,NA,NA,NA,NA,NA,NA,NA,NA,NA,NA,NA,NA,NA,NA,NA,NA,Sheep/goat
665,North,Bronze Age,BA.R,BM-R,BA.Late,NA,Isolone,NA,16,Sheep,OVA,MC1,Metacarpal,121.8,NA,NA,22,NA,11.3,NA,NA,22.7,NA,NA,NA,NA,NA,NA,NA,NA,NA,NA,NA,NA,NA,NA,NA,Sheep/goat
666,North,Bronze Age,BA.R,BM-R,BA.Late,NA,Isolone,NA,16,Sheep,OVA,MC1,Metacarpal,122,NA,NA,20.1,NA,10.9,NA,NA,NA,NA,NA,NA,NA,NA,NA,NA,NA,NA,NA,NA,NA,NA,NA,NA,Sheep/goat
667,North,Bronze Age,BA.R,BM-R,BA.Late,NA,Isolone,NA,16,Sheep,OVA,MC1,Metacarpal,123,NA,NA,21.6,NA,13.3,NA,NA,24.7,NA,NA,NA,NA,NA,NA,NA,NA,NA,NA,NA,NA,NA,NA,NA,Sheep/goat
668,North,Bronze Age,BA.R,BM-R,BA.Late,NA,Isolone,NA,16,Sheep,OVA,MC1,Metacarpal,123,NA,NA,21.2,NA,12.3,NA,NA,23.7,NA,NA,NA,NA,NA,NA,NA,NA,NA,NA,NA,NA,NA,NA,NA,Sheep/goat
669,North,Bronze Age,BA.R,BM-R,BA.Late,NA,Isolone,NA,16,Sheep,OVA,MC1,Metacarpal,124.4,NA,NA,22.4,NA,12.4,NA,NA,24.5,NA,NA,NA,NA,NA,NA,NA,NA,NA,NA,NA,NA,NA,NA,NA,Sheep/goat
670,North,Bronze Age,BA.R,BM-R,BA.Late,NA,Isolone,NA,16,Sheep,OVA,MC1,Metacarpal,124.7,NA,NA,21,NA,12.6,NA,NA,23.5,NA,NA,NA,NA,NA,NA,NA,NA,NA,NA,NA,NA,NA,NA,NA,Sheep/goat
671,North,Bronze Age,BA.R,BM-R,BA.Late,NA,Isolone,NA,16,Sheep,OVA,MC1,Metacarpal,127.5,NA,NA,21,NA,11.6,NA,NA,22,NA,NA,NA,NA,NA,NA,NA,NA,NA,NA,NA,NA,NA,NA,NA,Sheep/goat
672,North,Bronze Age,BA.R,BM-R,BA.Late,NA,Isolone,NA,16,Sheep,OVA,MC1,Metacarpal,130.8,NA,NA,22.2,NA,12.1,NA,NA,23.8,NA,NA,NA,NA,NA,NA,NA,NA,NA,NA,NA,NA,NA,NA,NA,Sheep/goat
1003,North,Iron Age,IA2,IA2,IA.Late,NA,Castelrotto,NA,53,Sheep,OVA,MC1,Metacarpal,115.7,NA,NA,22.2,NA,13.1,NA,NA,24.8,NA,NA,NA,NA,NA,NA,NA,NA,NA,NA,NA,NA,NA,NA,NA,Sheep/goat
1006,North,Iron Age,IA2,IA2,IA.Late,NA,Castelrotto,NA,53,Sheep,OVA,MC1,Metacarpal,NA,NA,NA,NA,NA,NA,NA,NA,24.4,NA,NA,NA,NA,NA,NA,NA,NA,NA,NA,NA,NA,NA,NA,NA,Sheep/goat
1007,North,Iron Age,IA2,IA2,IA.Late,NA,Castelrotto,NA,53,Sheep,OVA,MC1,Metacarpal,NA,NA,NA,NA,NA,NA,NA,NA,24.4,NA,NA,NA,NA,NA,NA,NA,NA,NA,NA,NA,NA,NA,NA,NA,Sheep/goat
1008,North,Iron Age,IA2,IA2,IA.Late,NA,Castelrotto,NA,53,Sheep,OVA,MC1,Metacarpal,NA,NA,NA,NA,NA,NA,NA,NA,24.5,NA,NA,NA,NA,NA,NA,NA,NA,NA,NA,NA,NA,NA,NA,NA,Sheep/goat
1009,North,Iron Age,IA2,IA2,IA.Late,NA,Castelrotto,NA,53,Sheep,OVA,MC1,Metacarpal,NA,NA,NA,NA,NA,NA,NA,NA,26,NA,NA,NA,NA,NA,NA,NA,NA,NA,NA,NA,NA,NA,NA,NA,Sheep/goat
1178,North,Bronze Age,BA.R,BM-R,BA.Late,NA,Isolone,NA,16,Sheep,OVA,MC1,Metacarpal,113,NA,NA,NA,NA,10.5,NA,NA,20.9,NA,NA,NA,NA,NA,NA,NA,NA,NA,NA,NA,NA,NA,NA,NA,Sheep/goat
1497,South,Iron Age,IA2,IA2,IA.Late,NA,Casale di Rivalta,NA,71,Sheep,OVA,MC1,Metacarpal,NA,NA,NA,24.2,NA,NA,NA,NA,NA,NA,NA,NA,NA,NA,NA,NA,NA,NA,NA,NA,NA,NA,NA,NA,Sheep/goat
1498,South,Iron Age,IA2,IA2,IA.Late,NA,Casale di Rivalta,NA,71,Sheep,OVA,MC1,Metacarpal,NA,NA,NA,22.7,NA,NA,NA,NA,NA,NA,NA,NA,NA,NA,NA,NA,NA,NA,NA,NA,NA,NA,NA,NA,Sheep/goat
1551,South,Iron Age,IA2,IA2,IA.Late,NA,Spina,Excavations 2007-2009,118,Sheep,OVA,MC1,Metacarpal,NA,NA,NA,21.3,NA,NA,NA,NA,NA,NA,NA,NA,NA,NA,NA,NA,NA,NA,NA,NA,NA,NA,NA,NA,Sheep/goat
1570,South,Bronze Age,BA.M,BM-R,BA.Middle,NA,Tabina di Margreta,Bronze Age,22,Sheep,OVA,MC1,Metacarpal,NA,NA,NA,20,14,NA,NA,NA,NA,NA,NA,NA,NA,NA,NA,NA,NA,NA,NA,NA,NA,NA,NA,0.5,Sheep/goat
1571,South,Bronze Age,BA.M,BM-R,BA.Middle,NA,Tabina di Margreta,Bronze Age,22,Sheep,OVA,MC1,Metacarpal,NA,NA,NA,NA,NA,11,NA,NA,22.5,15,NA,NA,NA,NA,NA,NA,NA,NA,NA,NA,NA,NA,NA,0.5,Sheep/goat
1743,North,Iron Age,IA2,IA2,IA.Late,NA,Santorso,All phases,92,Sheep,OVA,MC1,Metacarpal,119,NA,NA,NA,NA,13,NA,NA,22.5,12.1,NA,NA,NA,NA,NA,NA,NA,NA,NA,NA,NA,NA,NA,NA,Sheep/goat
1877,North,Iron Age,IA2,IA2,IA.Late,NA,Castelrotto,NA,53,Sheep,OVA,MC1,Metacarpal,NA,NA,NA,23,NA,NA,NA,NA,NA,NA,NA,NA,NA,NA,NA,NA,NA,NA,NA,NA,NA,NA,NA,NA,Sheep/goat
1878,North,Iron Age,IA2,IA2,IA.Late,NA,Castelrotto,NA,53,Sheep,OVA,MC1,Metacarpal,NA,NA,NA,23.1,NA,NA,NA,NA,NA,NA,NA,NA,NA,NA,NA,NA,NA,NA,NA,NA,NA,NA,NA,NA,Sheep/goat
1879,North,Iron Age,IA2,IA2,IA.Late,NA,Castelrotto,NA,53,Sheep,OVA,MC1,Metacarpal,NA,NA,NA,23.5,NA,NA,NA,NA,NA,NA,NA,NA,NA,NA,NA,NA,NA,NA,NA,NA,NA,NA,NA,NA,Sheep/goat
1880,North,Iron Age,IA2,IA2,IA.Late,NA,Castelrotto,NA,53,Sheep,OVA,MC1,Metacarpal,NA,NA,NA,26.3,NA,NA,NA,NA,NA,NA,NA,NA,NA,NA,NA,NA,NA,NA,NA,NA,NA,NA,NA,NA,Sheep/goat
1881,North,Iron Age,IA2,IA2,IA.Late,NA,Castelrotto,NA,53,Sheep,OVA,MC1,Metacarpal,NA,NA,NA,25.5,NA,NA,NA,NA,NA,NA,NA,NA,NA,NA,NA,NA,NA,NA,NA,NA,NA,NA,NA,NA,Sheep/goat
1882,North,Iron Age,IA2,IA2,IA.Late,NA,Castelrotto,NA,53,Sheep,OVA,MC1,Metacarpal,NA,NA,NA,26.4,NA,NA,NA,NA,NA,NA,NA,NA,NA,NA,NA,NA,NA,NA,NA,NA,NA,NA,NA,NA,Sheep/goat
1883,North,Iron Age,IA2,IA2,IA.Late,NA,Castelrotto,NA,53,Sheep,OVA,MC1,Metacarpal,NA,NA,NA,22,NA,NA,NA,NA,NA,NA,NA,NA,NA,NA,NA,NA,NA,NA,NA,NA,NA,NA,NA,NA,Sheep/goat
1884,North,Iron Age,IA2,IA2,IA.Late,NA,Castelrotto,NA,53,Sheep,OVA,MC1,Metacarpal,NA,NA,NA,23,NA,NA,NA,NA,NA,NA,NA,NA,NA,NA,NA,NA,NA,NA,NA,NA,NA,NA,NA,NA,Sheep/goat
1885,North,Iron Age,IA2,IA2,IA.Late,NA,Castelrotto,NA,53,Sheep,OVA,MC1,Metacarpal,NA,NA,NA,23.3,NA,NA,NA,NA,NA,NA,NA,NA,NA,NA,NA,NA,NA,NA,NA,NA,NA,NA,NA,NA,Sheep/goat
1886,North,Iron Age,IA2,IA2,IA.Late,NA,Castelrotto,NA,53,Sheep,OVA,MC1,Metacarpal,NA,NA,NA,25,NA,NA,NA,NA,NA,NA,NA,NA,NA,NA,NA,NA,NA,NA,NA,NA,NA,NA,NA,NA,Sheep/goat
2074,North,Bronze Age,BA.M,BM-R,BA.Middle,NA,Lavagnone,Sector A + E,126,Sheep,OVA,MC1,Metacarpal,121,NA,NA,18,NA,9.6,NA,NA,NA,NA,NA,NA,NA,NA,NA,NA,NA,NA,NA,NA,NA,NA,NA,NA,Sheep/goat
2075,North,Bronze Age,BA.M,BM-R,BA.Middle,NA,Lavagnone,Sector A + E,126,Sheep,OVA,MC1,Metacarpal,110.5,NA,NA,24.7,17.2,16.1,NA,NA,26.6,NA,NA,NA,NA,NA,NA,NA,NA,NA,NA,NA,Very robust but appears in publication like this,NA,NA,NA,Sheep/goat
2076,North,Bronze Age,BA.M,BM-R,BA.Middle,NA,Lavagnone,Sector A + E,126,Sheep,OVA,MC1,Metacarpal,120.5,NA,NA,NA,NA,13.1,NA,NA,25.3,15.6,NA,NA,NA,NA,NA,NA,NA,NA,NA,NA,NA,NA,NA,NA,Sheep/goat
2077,North,Bronze Age,BA.M,BM-R,BA.Middle,NA,Lavagnone,Sector A + E,126,Sheep,OVA,MC1,Metacarpal,NA,NA,NA,NA,NA,NA,NA,NA,22.8,NA,NA,NA,NA,NA,NA,NA,NA,NA,NA,NA,NA,NA,NA,NA,Sheep/goat
2078,North,Bronze Age,BA.M,BM-R,BA.Middle,NA,Lavagnone,Sector A + E,126,Sheep,OVA,MC1,Metacarpal,NA,NA,NA,NA,NA,NA,NA,NA,21.3,NA,NA,NA,NA,NA,NA,NA,NA,NA,NA,NA,NA,NA,NA,NA,Sheep/goat
2079,North,Bronze Age,BA.M,BM-R,BA.Middle,NA,Lavagnone,Sector A + E,126,Sheep,OVA,MC1,Metacarpal,NA,NA,NA,NA,NA,NA,NA,NA,16.8,NA,NA,NA,NA,NA,NA,NA,NA,NA,NA,NA,Bd very small but appears in publication like this. Possible Missidentification.,NA,NA,NA,Sheep/goat
2387,South,Bronze Age,BA.M,BM-R,BA.Middle,NA,Baggiovara,Opera Pia Bianchi,121,Sheep,OVA,MC1,Metacarpal,112.1,NA,NA,20,14.5,11.8,NA,NA,31.6,14.6,NA,NA,NA,NA,NA,NA,NA,NA,NA,NA,Bd large but appears in publication like this,NA,NA,NA,Sheep/goat
2558,Appennine,Bronze Age,BA.M,BM-R,BA.Middle,NA,Solarolo,via Odriere Settore 1,123,Sheep,OVA,MC1,Metacarpal,116,NA,NA,20,NA,12.2,NA,NA,23.1,NA,NA,NA,NA,NA,NA,NA,NA,NA,NA,NA,NA,NA,NA,NA,Sheep/goat
2559,Appennine,Bronze Age,BA.M,BM-R,BA.Middle,NA,Solarolo,via Odriere Settore 1,123,Sheep,OVA,MC1,Metacarpal,110,NA,NA,19.8,NA,12.5,NA,NA,23.1,NA,NA,NA,NA,NA,NA,NA,NA,NA,NA,NA,NA,NA,NA,NA,Sheep/goat
2560,Appennine,Bronze Age,BA.M,BM-R,BA.Middle,NA,Solarolo,via Odriere Settore 1,123,Sheep,OVA,MC1,Metacarpal,122.8,NA,NA,22.8,NA,NA,NA,NA,25.5,NA,NA,NA,NA,NA,NA,NA,NA,NA,NA,NA,NA,NA,NA,NA,Sheep/goat
2561,Appennine,Bronze Age,BA.M,BM-R,BA.Middle,NA,Solarolo,via Odriere Settore 1,123,Sheep,OVA,MC1,Metacarpal,112.7,NA,NA,18.8,NA,10,NA,NA,22,NA,NA,NA,NA,NA,NA,NA,NA,NA,NA,NA,NA,NA,NA,NA,Sheep/goat
2562,Appennine,Bronze Age,BA.M,BM-R,BA.Middle,NA,Solarolo,via Odriere Settore 1,123,Sheep,OVA,MC1,Metacarpal,127.6,NA,NA,21.2,NA,13,NA,NA,24.1,NA,NA,NA,NA,NA,NA,NA,NA,NA,NA,NA,NA,NA,NA,NA,Sheep/goat
2563,Appennine,Bronze Age,BA.M,BM-R,BA.Middle,NA,Solarolo,via Odriere Settore 1,123,Sheep,OVA,MC1,Metacarpal,118.1,NA,NA,20,NA,12,NA,NA,24.6,NA,NA,NA,NA,NA,NA,NA,NA,NA,NA,NA,NA,NA,NA,NA,Sheep/goat
2671,South,Bronze Age,BA.M,BM-R,BA.Middle,Rit,Noceto,*Vasca lignea,39,Sheep,OVA,MC1,Metacarpal,114.7,NA,NA,19,14.2,10.8,7.1,NA,22,13.7,NA,NA,NA,NA,NA,NA,NA,NA,NA,NA,NA,NA,NA,NA,Sheep/goat
2672,South,Bronze Age,BA.M,BM-R,BA.Middle,Rit,Noceto,*Vasca lignea,39,Sheep,OVA,MC1,Metacarpal,109.6,NA,NA,19.6,13.9,11.2,7.9,NA,20.8,13.9,NA,NA,NA,NA,NA,NA,NA,NA,NA,NA,NA,NA,NA,NA,Sheep/goat
2797,Appennine,Iron Age,IA1,IA1,IA.Mid,NA,Verucchio,Scavo 1963,80,Sheep,OVA,MC1,Metacarpal,119.4,NA,NA,21.7,15.5,12.5,8.6,NA,23.9,14.4,NA,NA,NA,NA,NA,NA,NA,NA,NA,NA,NA,NA,NA,NA,Sheep/goat
2798,Appennine,Iron Age,IA1,IA1,IA.Mid,NA,Verucchio,Scavo 1963,80,Sheep,OVA,MC1,Metacarpal,122.8,NA,NA,NA,NA,11.3,8,NA,21.3,14.7,NA,NA,NA,NA,NA,NA,NA,NA,NA,NA,NA,NA,NA,NA,Sheep/goat
2804,Appennine,Iron Age,IA1,IA1,IA.Mid,NA,Verucchio,Scavo 1963,80,Sheep,OVA,MC1,Metacarpal,NA,NA,NA,NA,NA,11.1,10.2,NA,NA,NA,NA,NA,NA,NA,NA,NA,NA,NA,NA,NA,NA,NA,NA,NA,Sheep/goat
2805,Appennine,Iron Age,IA1,IA1,IA.Mid,NA,Verucchio,Scavo 1963,80,Sheep,OVA,MC1,Metacarpal,NA,NA,NA,22.9,24.8,NA,NA,NA,NA,NA,NA,NA,NA,NA,NA,NA,NA,NA,NA,NA,NA,NA,NA,NA,Sheep/goat
2806,Appennine,Iron Age,IA1,IA1,IA.Mid,NA,Verucchio,Scavo 1963,80,Sheep,OVA,MC1,Metacarpal,NA,NA,NA,NA,NA,11.8,9.9,NA,26.3,17.3,NA,NA,NA,NA,NA,NA,NA,NA,NA,NA,NA,NA,NA,NA,Sheep/goat
3083,South,Iron Age,IA2,IA2,IA.Late,NA,Spina,Excavations 2007-2009,118,Sheep,OVA,MC1,Metacarpal,NA,NA,NA,22.4,NA,NA,NA,NA,NA,NA,NA,NA,NA,NA,NA,NA,NA,NA,NA,NA,NA,NA,NA,NA,Sheep/goat
3099,South,Iron Age,IA2,IA2,IA.Late,NA,Spina,Excavations 2007-2009,118,Sheep,OVA,MC1,Metacarpal,NA,NA,NA,22.3,NA,NA,NA,NA,NA,NA,NA,NA,NA,NA,NA,NA,NA,NA,NA,NA,NA,NA,NA,NA,Sheep/goat
3152,Veneto,Bronze Age,BA.R-F,BRF-IA0,BA.Late,NA,Fondo Paviani,Riedel 1979 - Recent/Final,21,Sheep,OVA,MC1,Metacarpal,NA,NA,NA,21.7,NA,NA,NA,NA,NA,NA,NA,NA,NA,NA,NA,NA,NA,NA,NA,NA,NA,NA,NA,NA,Sheep/goat
3215,North,Bronze Age,BA.R,BM-R,BA.Late,NA,Feniletto,NA,15,Sheep,OVA,MC1,Metacarpal,NA,NA,NA,20.8,NA,NA,NA,NA,NA,NA,NA,NA,NA,NA,NA,NA,NA,NA,NA,NA,NA,NA,NA,NA,Sheep/goat
3316,South,Bronze Age,BA.M-R,BM-R,BA.Middle-Late,NA,Pilastri Bondeno,Sondaggi 1989,27,Sheep,OVA,MC1,Metacarpal,109.2,NA,NA,18.9,13.2,10,NA,NA,20.8,13.6,NA,NA,NA,NA,NA,NA,NA,NA,NA,NA,NA,NA,NA,NA,Sheep/goat
3424,North,Iron Age,IA2,IA2,IA.Late,NA,Colognola ai Colli,NA,54,Sheep,OVA,MC1,Metacarpal,NA,NA,NA,20.6,NA,NA,NA,NA,NA,NA,NA,NA,NA,NA,NA,NA,NA,NA,NA,NA,NA,NA,NA,NA,Sheep/goat
3425,North,Iron Age,IA2,IA2,IA.Late,NA,Colognola ai Colli,NA,54,Sheep,OVA,MC1,Metacarpal,NA,NA,NA,23.6,NA,NA,NA,NA,NA,NA,NA,NA,NA,NA,NA,NA,NA,NA,NA,NA,NA,NA,NA,NA,Sheep/goat
3426,North,Iron Age,IA2,IA2,IA.Late,NA,Colognola ai Colli,NA,54,Sheep,OVA,MC1,Metacarpal,NA,NA,NA,23.8,NA,NA,NA,NA,NA,NA,NA,NA,NA,NA,NA,NA,NA,NA,NA,NA,NA,NA,NA,NA,Sheep/goat
3427,North,Iron Age,IA2,IA2,IA.Late,NA,Colognola ai Colli,NA,54,Sheep,OVA,MC1,Metacarpal,NA,NA,NA,25.2,NA,NA,NA,NA,NA,NA,NA,NA,NA,NA,NA,NA,NA,NA,NA,NA,NA,NA,NA,NA,Sheep/goat
3636,Friuli,Iron Age,IA0-IA1,BRF-IA0,IA.Early,NA,Pozzuolo,Excavations 1980-83 Final Bronze-Iron Age,55,Sheep,OVA,MC1,Metacarpal,122.2,NA,NA,21,NA,11.7,NA,NA,24.2,NA,NA,NA,NA,NA,NA,NA,NA,NA,NA,NA,NA,NA,NA,NA,Sheep/goat
3637,Friuli,Iron Age,IA0-IA1,BRF-IA0,IA.Early,NA,Pozzuolo,Excavations 1980-83 Final Bronze-Iron Age,55,Sheep,OVA,MC1,Metacarpal,128.2,NA,NA,23.1,NA,12,NA,NA,25.3,NA,NA,NA,NA,NA,NA,NA,NA,NA,NA,NA,NA,NA,NA,NA,Sheep/goat
3638,Friuli,Iron Age,IA0-IA1,BRF-IA0,IA.Early,NA,Pozzuolo,Excavations 1980-83 Final Bronze-Iron Age,55,Sheep,OVA,MC1,Metacarpal,131.6,NA,NA,22.8,NA,12.4,NA,NA,24.3,NA,NA,NA,NA,NA,NA,NA,NA,NA,NA,NA,NA,NA,NA,NA,Sheep/goat
3639,Friuli,Iron Age,IA0-IA1,BRF-IA0,IA.Early,NA,Pozzuolo,Excavations 1980-83 Final Bronze-Iron Age,55,Sheep,OVA,MC1,Metacarpal,134.3,NA,NA,23.9,NA,12.8,NA,NA,26.2,NA,NA,NA,NA,NA,NA,NA,NA,NA,NA,NA,NA,NA,NA,NA,Sheep/goat
3640,Friuli,Iron Age,IA0-IA1,BRF-IA0,IA.Early,NA,Pozzuolo,Excavations 1980-83 Final Bronze-Iron Age,55,Sheep,OVA,MC1,Metacarpal,151.4,NA,NA,28,NA,18.2,NA,NA,31.3,NA,NA,NA,NA,NA,NA,NA,NA,NA,NA,NA,Large but appears in publication like this,NA,NA,NA,Sheep/goat
3641,Friuli,Iron Age,IA0-IA1,BRF-IA0,IA.Early,NA,Pozzuolo,Excavations 1980-83 Final Bronze-Iron Age,55,Sheep,OVA,MC1,Metacarpal,NA,NA,NA,21.5,NA,NA,NA,NA,NA,NA,NA,NA,NA,NA,NA,NA,NA,NA,NA,NA,NA,NA,NA,NA,Sheep/goat
3642,Friuli,Iron Age,IA0-IA1,BRF-IA0,IA.Early,NA,Pozzuolo,Excavations 1980-83 Final Bronze-Iron Age,55,Sheep,OVA,MC1,Metacarpal,NA,NA,NA,22.7,NA,NA,NA,NA,NA,NA,NA,NA,NA,NA,NA,NA,NA,NA,NA,NA,NA,NA,NA,NA,Sheep/goat
3643,Friuli,Iron Age,IA0-IA1,BRF-IA0,IA.Early,NA,Pozzuolo,Excavations 1980-83 Final Bronze-Iron Age,55,Sheep,OVA,MC1,Metacarpal,NA,NA,NA,23,NA,NA,NA,NA,NA,NA,NA,NA,NA,NA,NA,NA,NA,NA,NA,NA,NA,NA,NA,NA,Sheep/goat
3644,Friuli,Iron Age,IA0-IA1,BRF-IA0,IA.Early,NA,Pozzuolo,Excavations 1980-83 Final Bronze-Iron Age,55,Sheep,OVA,MC1,Metacarpal,NA,NA,NA,23.1,NA,NA,NA,NA,NA,NA,NA,NA,NA,NA,NA,NA,NA,NA,NA,NA,NA,NA,NA,NA,Sheep/goat
3645,Friuli,Iron Age,IA0-IA1,BRF-IA0,IA.Early,NA,Pozzuolo,Excavations 1980-83 Final Bronze-Iron Age,55,Sheep,OVA,MC1,Metacarpal,NA,NA,NA,24.6,NA,NA,NA,NA,NA,NA,NA,NA,NA,NA,NA,NA,NA,NA,NA,NA,NA,NA,NA,NA,Sheep/goat
3646,Friuli,Iron Age,IA0-IA1,BRF-IA0,IA.Early,NA,Pozzuolo,Excavations 1980-83 Final Bronze-Iron Age,55,Sheep,OVA,MC1,Metacarpal,NA,NA,NA,24.8,NA,NA,NA,NA,NA,NA,NA,NA,NA,NA,NA,NA,NA,NA,NA,NA,NA,NA,NA,NA,Sheep/goat
3647,Friuli,Iron Age,IA0-IA1,BRF-IA0,IA.Early,NA,Pozzuolo,Excavations 1980-83 Final Bronze-Iron Age,55,Sheep,OVA,MC1,Metacarpal,NA,NA,NA,26.3,NA,NA,NA,NA,NA,NA,NA,NA,NA,NA,NA,NA,NA,NA,NA,NA,NA,NA,NA,NA,Sheep/goat
3648,Friuli,Iron Age,IA0-IA1,BRF-IA0,IA.Early,NA,Pozzuolo,Excavations 1980-83 Final Bronze-Iron Age,55,Sheep,OVA,MC1,Metacarpal,NA,NA,NA,NA,NA,NA,NA,NA,22.6,NA,NA,NA,NA,NA,NA,NA,NA,NA,NA,NA,NA,NA,NA,NA,Sheep/goat
3649,Friuli,Iron Age,IA0-IA1,BRF-IA0,IA.Early,NA,Pozzuolo,Excavations 1980-83 Final Bronze-Iron Age,55,Sheep,OVA,MC1,Metacarpal,NA,NA,NA,NA,NA,NA,NA,NA,23,NA,NA,NA,NA,NA,NA,NA,NA,NA,NA,NA,NA,NA,NA,NA,Sheep/goat
3720,Friuli,Roman,Rom.Early,Early,Roman.Early,NA,Pozzuolo,Excavations 1980-83 Roman,160,Sheep,OVA,MC1,Metacarpal,NA,NA,NA,20.6,NA,NA,NA,NA,NA,NA,NA,NA,NA,NA,NA,NA,NA,NA,NA,NA,NA,NA,NA,NA,Sheep/goat
3721,Friuli,Roman,Rom.Early,Early,Roman.Early,NA,Pozzuolo,Excavations 1980-83 Roman,160,Sheep,OVA,MC1,Metacarpal,NA,NA,NA,20.8,NA,NA,NA,NA,NA,NA,NA,NA,NA,NA,NA,NA,NA,NA,NA,NA,NA,NA,NA,NA,Sheep/goat
3722,Friuli,Roman,Rom.Early,Early,Roman.Early,NA,Pozzuolo,Excavations 1980-83 Roman,160,Sheep,OVA,MC1,Metacarpal,NA,NA,NA,21.5,NA,NA,NA,NA,NA,NA,NA,NA,NA,NA,NA,NA,NA,NA,NA,NA,NA,NA,NA,NA,Sheep/goat
3888,North,Bronze Age,BA.M-R,BM-R,BA.Middle-Late,NA,Peschiera,NA,14,Sheep,OVA,MC1,Metacarpal,122.3,NA,NA,19.7,NA,11,NA,11,21.4,NA,NA,NA,NA,NA,NA,NA,NA,NA,NA,NA,NA,NA,NA,NA,Sheep/goat
3889,North,Bronze Age,BA.M-R,BM-R,BA.Middle-Late,NA,Peschiera,NA,14,Sheep,OVA,MC1,Metacarpal,NA,NA,NA,19,NA,NA,NA,NA,NA,NA,NA,NA,NA,NA,NA,NA,NA,NA,NA,NA,NA,NA,NA,NA,Sheep/goat
4058,South,Bronze Age,BA.M,BM-R,BA.Middle,NA,Poviglio,Villaggio piccolo - MBA,26,Sheep,OVA,MC1,Metacarpal,111.3,NA,NA,20,NA,10.4,NA,NA,21.8,NA,NA,NA,NA,NA,NA,NA,NA,NA,NA,NA,NA,NA,NA,NA,Sheep/goat
4239,Veneto,Bronze Age,BA.M,BM-R,BA.Middle,NA,Vallette,NA,145,Sheep,OVA,MC1,Metacarpal,NA,NA,NA,NA,NA,11.4,NA,NA,NA,NA,NA,NA,NA,NA,NA,NA,NA,NA,NA,NA,NA,NA,NA,1,Sheep/goat
4240,Veneto,Bronze Age,BA.M,BM-R,BA.Middle,NA,Vallette,NA,145,Sheep,OVA,MC1,Metacarpal,NA,NA,NA,NA,NA,12,8,NA,NA,NA,NA,NA,NA,NA,NA,NA,NA,NA,NA,NA,NA,NA,NA,1,Sheep/goat
4420,Veneto,Bronze Age,BA.M,BM-R,BA.Middle,NA,Tombola,NA,146,Sheep,OVA,MC1,Metacarpal,NA,NA,NA,20,NA,NA,NA,NA,NA,NA,NA,NA,NA,NA,NA,NA,NA,NA,NA,NA,NA,NA,NA,1,Sheep/goat
4421,Veneto,Bronze Age,BA.M,BM-R,BA.Middle,NA,Tombola,NA,146,Sheep,OVA,MC1,Metacarpal,NA,NA,NA,20,NA,16,NA,NA,NA,8,NA,NA,NA,NA,NA,NA,NA,NA,NA,NA,NA,NA,NA,1,Sheep/goat
4422,Veneto,Bronze Age,BA.M,BM-R,BA.Middle,NA,Tombola,NA,146,Sheep,OVA,MC1,Metacarpal,NA,NA,NA,NA,NA,11,NA,NA,NA,8,NA,NA,NA,NA,NA,NA,NA,NA,NA,NA,NA,NA,NA,1,Sheep/goat
4423,Veneto,Bronze Age,BA.M,BM-R,BA.Middle,NA,Tombola,NA,146,Sheep,OVA,MC1,Metacarpal,NA,NA,NA,22,NA,12,NA,NA,NA,NA,NA,NA,NA,NA,NA,NA,NA,NA,NA,NA,NA,NA,NA,1,Sheep/goat
4424,Veneto,Bronze Age,BA.M,BM-R,BA.Middle,NA,Tombola,NA,146,Sheep,OVA,MC1,Metacarpal,NA,NA,NA,19,NA,11,NA,NA,NA,7,NA,NA,NA,NA,NA,NA,NA,NA,NA,NA,NA,NA,NA,1,Sheep/goat
4425,Veneto,Bronze Age,BA.M,BM-R,BA.Middle,NA,Tombola,NA,146,Sheep,OVA,MC1,Metacarpal,NA,NA,NA,19,NA,10,NA,NA,NA,7,NA,NA,NA,NA,NA,NA,NA,NA,NA,NA,NA,NA,NA,1,Sheep/goat
4655,South,Iron Age,IA2,IA2,IA.Late,ExNISP,Forcello,Trentacoste PhD,84,Sheep,OVA,MC1,Metacarpal,NA,NA,NA,NA,NA,NA,NA,NA,24.8,NA,NA,NA,NA,NA,NA,NA,NA,NA,NA,NA,NA,NA,NA,NA,Sheep/goat
4674,South,Iron Age,IA2,IA2,IA.Late,ExNISP,Forcello,Trentacoste PhD,84,Sheep,OVA,MC1,Metacarpal,NA,NA,NA,NA,NA,NA,NA,NA,24.2,NA,NA,NA,NA,NA,NA,NA,NA,NA,NA,NA,NA,NA,NA,NA,Sheep/goat
4703,South,Iron Age,IA2,IA2,IA.Late,ExNISP,Forcello,Trentacoste PhD,84,Sheep,OVA,MC1,Metacarpal,NA,NA,NA,NA,NA,NA,NA,NA,25.8,NA,NA,NA,NA,NA,NA,NA,NA,NA,NA,NA,NA,NA,NA,NA,Sheep/goat
4742,South,Iron Age,IA2,IA2,IA.Late,ExNISP,Forcello,Trentacoste PhD,84,Sheep,OVA,MC1,Metacarpal,125,NA,NA,NA,NA,13.4,NA,NA,24.5,NA,NA,NA,NA,NA,NA,NA,NA,NA,NA,NA,NA,NA,NA,NA,Sheep/goat
4746,South,Iron Age,IA2,IA2,IA.Late,ExNISP,Forcello,Trentacoste PhD,84,Sheep,OVA,MC1,Metacarpal,131,NA,NA,NA,NA,14,NA,NA,25.9,NA,NA,NA,NA,NA,NA,NA,NA,NA,NA,NA,NA,NA,NA,NA,Sheep/goat
4870,South,Iron Age,IA2,IA2,IA.Late,ExNISP,Forcello,Trentacoste PhD,84,Sheep,OVA,MC1,Metacarpal,135,NA,NA,NA,NA,12.9,NA,NA,26.8,NA,NA,NA,NA,NA,NA,NA,NA,NA,NA,NA,NA,NA,NA,NA,Sheep/goat
4904,South,Iron Age,IA2,IA2,IA.Late,ExNISP,Forcello,Trentacoste PhD,84,Sheep,OVA,MC1,Metacarpal,NA,NA,NA,NA,NA,12.6,NA,NA,23.6,NA,NA,NA,NA,NA,NA,NA,NA,NA,NA,NA,NA,NA,NA,NA,Sheep/goat
4922,South,Iron Age,IA2,IA2,IA.Late,ExNISP,Forcello,Trentacoste PhD,84,Sheep,OVA,MC1,Metacarpal,123,NA,NA,NA,NA,11.1,NA,NA,23.6,NA,NA,NA,NA,NA,NA,NA,NA,NA,NA,NA,NA,NA,NA,NA,Sheep/goat
4967,South,Iron Age,IA2,IA2,IA.Late,ExNISP,Forcello,Trentacoste PhD,84,Sheep,OVA,MC1,Metacarpal,145,NA,NA,NA,NA,15.4,NA,NA,26.1,NA,NA,NA,NA,NA,NA,NA,NA,NA,NA,NA,NA,NA,NA,NA,Sheep/goat
4992,South,Iron Age,IA2,IA2,IA.Late,ExNISP,Forcello,Trentacoste PhD,84,Sheep,OVA,MC1,Metacarpal,117.6,NA,NA,NA,NA,11.7,NA,NA,NA,NA,NA,NA,NA,NA,NA,NA,NA,NA,NA,NA,NA,NA,NA,NA,Sheep/goat
5000,South,Iron Age,IA2,IA2,IA.Late,ExNISP,Forcello,Trentacoste PhD,84,Sheep,OVA,MC1,Metacarpal,NA,NA,NA,NA,NA,NA,NA,NA,25.2,NA,NA,NA,NA,NA,NA,NA,NA,NA,NA,NA,NA,NA,NA,NA,Sheep/goat
5006,South,Iron Age,IA2,IA2,IA.Late,ExNISP,Forcello,Trentacoste PhD,84,Sheep,OVA,MC1,Metacarpal,NA,NA,NA,NA,NA,NA,NA,NA,26.8,NA,NA,NA,NA,NA,NA,NA,NA,NA,NA,NA,NA,NA,NA,NA,Sheep/goat
5126,South,Iron Age,IA2,IA2,IA.Late,ExNISP,Forcello,Trentacoste PhD,84,Sheep,OVA,MC1,Metacarpal,111.7,NA,NA,NA,NA,12.7,NA,NA,23.8,NA,NA,NA,NA,NA,NA,NA,NA,NA,NA,NA,NA,NA,NA,NA,Sheep/goat
5127,South,Iron Age,IA2,IA2,IA.Late,ExNISP,Forcello,Trentacoste PhD,84,Sheep,OVA,MC1,Metacarpal,126.5,NA,NA,NA,NA,12.6,NA,NA,23.5,NA,NA,NA,NA,NA,NA,NA,NA,NA,NA,NA,NA,NA,NA,NA,Sheep/goat
5173,South,Iron Age,IA2,IA2,IA.Late,ExNISP,Forcello,Trentacoste PhD,84,Sheep,OVA,MC1,Metacarpal,133.9,NA,NA,NA,NA,NA,NA,NA,25.9,NA,NA,NA,NA,NA,NA,NA,NA,NA,NA,NA,NA,NA,NA,NA,Sheep/goat
5223,South,Iron Age,IA2,IA2,IA.Late,ExNISP,Forcello,Trentacoste PhD,84,Sheep,OVA,MC1,Metacarpal,131.4,NA,NA,NA,NA,14.1,NA,NA,24.6,NA,NA,NA,NA,NA,NA,NA,NA,NA,NA,NA,NA,NA,NA,NA,Sheep/goat
5331,South,Iron Age,IA2,IA2,IA.Late,ExNISP,Forcello,Trentacoste PhD,84,Sheep,OVA,MC1,Metacarpal,121.7,NA,NA,NA,NA,10.8,NA,NA,23.1,NA,NA,NA,NA,NA,NA,NA,NA,NA,NA,NA,NA,NA,NA,NA,Sheep/goat
5437,South,Iron Age,IA2,IA2,IA.Late,ExNISP,Forcello,Trentacoste PhD,84,Sheep,OVA,MC1,Metacarpal,136.8,NA,NA,NA,NA,13,NA,NA,25.6,NA,NA,NA,NA,NA,NA,NA,NA,NA,NA,NA,NA,NA,NA,NA,Sheep/goat
5452,South,Iron Age,IA2,IA2,IA.Late,ExNISP,Forcello,Trentacoste PhD,84,Sheep,OVA,MC1,Metacarpal,127,NA,NA,NA,NA,11.3,NA,NA,22.7,NA,NA,NA,NA,NA,NA,NA,NA,NA,NA,NA,NA,NA,NA,NA,Sheep/goat
5498,South,Iron Age,IA2,IA2,IA.Late,ExNISP,Forcello,Trentacoste PhD,84,Sheep,OVA,MC1,Metacarpal,NA,NA,NA,NA,NA,NA,NA,NA,24.4,NA,NA,NA,NA,NA,NA,NA,NA,NA,NA,NA,NA,NA,NA,NA,Sheep/goat
5530,South,Iron Age,IA2,IA2,IA.Late,ExNISP,Forcello,Trentacoste PhD,84,Sheep,OVA,MC1,Metacarpal,NA,NA,NA,NA,NA,NA,NA,NA,23.3,NA,NA,NA,NA,NA,NA,NA,NA,NA,NA,NA,NA,NA,NA,NA,Sheep/goat
5558,South,Iron Age,IA2,IA2,IA.Late,ExNISP,Forcello,Trentacoste PhD,84,Sheep,OVA,MC1,Metacarpal,130.3,NA,NA,NA,NA,12.8,NA,NA,25,NA,NA,NA,NA,NA,NA,NA,NA,NA,NA,NA,NA,NA,NA,NA,Sheep/goat
5689,South,Iron Age,IA2,IA2,IA.Late,ExNISP,Forcello,Trentacoste PhD,84,Sheep,OVA,MC1,Metacarpal,127,NA,NA,NA,NA,12.1,NA,NA,24.2,NA,NA,NA,NA,NA,NA,NA,NA,NA,NA,NA,NA,NA,NA,NA,Sheep/goat
5737,South,Iron Age,IA2,IA2,IA.Late,ExNISP,Forcello,Trentacoste PhD,84,Sheep,OVA,MC1,Metacarpal,126.2,NA,NA,NA,NA,12,NA,NA,25.2,NA,NA,NA,NA,NA,NA,NA,NA,NA,NA,NA,NA,NA,NA,NA,Sheep/goat
5807,South,Iron Age,IA2,IA2,IA.Late,ExNISP,Forcello,Trentacoste PhD,84,Sheep,OVA,MC1,Metacarpal,NA,NA,NA,NA,NA,NA,NA,NA,26.4,NA,NA,NA,NA,NA,NA,NA,NA,NA,NA,NA,NA,NA,NA,NA,Sheep/goat
5822,South,Iron Age,IA2,IA2,IA.Late,ExNISP,Forcello,Trentacoste PhD,84,Sheep,OVA,MC1,Metacarpal,NA,NA,NA,NA,NA,NA,NA,NA,23.2,NA,NA,NA,NA,NA,NA,NA,NA,NA,NA,NA,NA,NA,NA,NA,Sheep/goat
5866,South,Iron Age,IA2,IA2,IA.Late,ExNISP,Forcello,Trentacoste PhD,84,Sheep,OVA,MC1,Metacarpal,NA,NA,NA,NA,NA,NA,NA,NA,24.6,NA,NA,NA,NA,NA,NA,NA,NA,NA,NA,NA,NA,NA,NA,NA,Sheep/goat
5955,South,Iron Age,IA2,IA2,IA.Late,ExNISP,Forcello,Trentacoste PhD,84,Sheep,OVA,MC1,Metacarpal,134,NA,NA,NA,NA,14.6,NA,NA,27.1,NA,NA,NA,NA,NA,NA,NA,NA,NA,NA,possible partial skeleton 002 003,NA,84.1,*,NA,Sheep/goat
5958,South,Iron Age,IA2,IA2,IA.Late,ExNISP,Forcello,Trentacoste PhD,84,Sheep,OVA,MC1,Metacarpal,134,NA,NA,NA,NA,14.8,NA,NA,27.1,NA,NA,NA,NA,NA,NA,NA,NA,NA,NA,possible partial skeleton 002 003,NA,84.1,*,NA,Sheep/goat
7914,North,Bronze Age,BA.M,BM-R,BA.Middle,NA,Nogarole Rocca,I Camponi,17,Sheep,OVA,MC1,Metacarpal,NA,NA,NA,22.4,NA,12.5,NA,NA,25.2,NA,NA,NA,NA,NA,NA,NA,NA,NA,NA,NA,NA,NA,NA,NA,Sheep/goat
7915,North,Bronze Age,BA.M,BM-R,BA.Middle,NA,Nogarole Rocca,I Camponi,17,Sheep,OVA,MC1,Metacarpal,NA,NA,NA,19.6,NA,NA,NA,NA,NA,NA,NA,NA,NA,NA,NA,NA,NA,NA,NA,NA,NA,NA,NA,NA,Sheep/goat
7916,North,Bronze Age,BA.M,BM-R,BA.Middle,NA,Nogarole Rocca,I Camponi,17,Sheep,OVA,MC1,Metacarpal,NA,NA,NA,21,NA,NA,NA,NA,NA,NA,NA,NA,NA,NA,NA,NA,NA,NA,NA,NA,NA,NA,NA,NA,Sheep/goat
7917,North,Bronze Age,BA.M,BM-R,BA.Middle,NA,Nogarole Rocca,I Camponi,17,Sheep,OVA,MC1,Metacarpal,NA,NA,NA,22.6,NA,NA,NA,NA,NA,NA,NA,NA,NA,NA,NA,NA,NA,NA,NA,NA,NA,NA,NA,NA,Sheep/goat
7918,North,Bronze Age,BA.M,BM-R,BA.Middle,NA,Nogarole Rocca,I Camponi,17,Sheep,OVA,MC1,Metacarpal,NA,NA,NA,NA,NA,NA,NA,NA,23.5,NA,NA,NA,NA,NA,NA,NA,NA,NA,NA,NA,NA,NA,NA,NA,Sheep/goat
7919,North,Bronze Age,BA.M,BM-R,BA.Middle,NA,Nogarole Rocca,I Camponi,17,Sheep,OVA,MC1,Metacarpal,NA,NA,NA,NA,NA,NA,NA,NA,24,NA,NA,NA,NA,NA,NA,NA,NA,NA,NA,NA,NA,NA,NA,NA,Sheep/goat
8468,North,Bronze Age,BA.R,BM-R,BA.Late,NA,Bovolone,Bertoloni et al. 2015,125,Sheep,OVA,MC1,Metacarpal,124.4,NA,NA,20.1,NA,10.2,NA,NA,21.3,NA,NA,NA,NA,NA,NA,NA,NA,NA,NA,NA,NA,NA,NA,1,Sheep/goat
8469,North,Bronze Age,BA.R,BM-R,BA.Late,NA,Bovolone,Bertoloni et al. 2015,125,Sheep,OVA,MC1,Metacarpal,124.5,NA,NA,NA,NA,10.3,NA,NA,22.4,NA,NA,NA,NA,NA,NA,NA,NA,NA,NA,NA,NA,NA,NA,1*,Sheep/goat
8470,North,Bronze Age,BA.R,BM-R,BA.Late,NA,Bovolone,Bertoloni et al. 2015,125,Sheep,OVA,MC1,Metacarpal,NA,NA,NA,18,NA,10,NA,NA,NA,NA,NA,NA,NA,NA,NA,NA,NA,NA,NA,NA,NA,NA,NA,1*,Sheep/goat
8471,North,Bronze Age,BA.R,BM-R,BA.Late,NA,Bovolone,Bertoloni et al. 2015,125,Sheep,OVA,MC1,Metacarpal,NA,NA,NA,19.3,NA,NA,NA,NA,NA,NA,NA,NA,NA,NA,NA,NA,NA,NA,NA,NA,NA,NA,NA,1,Sheep/goat
8472,North,Bronze Age,BA.R,BM-R,BA.Late,NA,Bovolone,Bertoloni et al. 2015,125,Sheep,OVA,MC1,Metacarpal,NA,NA,NA,22,NA,NA,NA,NA,NA,NA,NA,NA,NA,NA,NA,NA,NA,NA,NA,NA,NA,NA,NA,1,Sheep/goat
8473,North,Bronze Age,BA.R,BM-R,BA.Late,NA,Bovolone,Bertoloni et al. 2015,125,Sheep,OVA,MC1,Metacarpal,NA,NA,NA,20,NA,10,NA,NA,NA,NA,NA,NA,NA,NA,NA,NA,NA,NA,NA,NA,NA,NA,NA,1,Sheep/goat
8474,North,Bronze Age,BA.R,BM-R,BA.Late,NA,Bovolone,Bertoloni et al. 2015,125,Sheep,OVA,MC1,Metacarpal,NA,NA,NA,20,NA,NA,NA,NA,NA,NA,NA,NA,NA,NA,NA,NA,NA,NA,NA,NA,NA,NA,NA,1,Sheep/goat
8475,North,Bronze Age,BA.R,BM-R,BA.Late,NA,Bovolone,Bertoloni et al. 2015,125,Sheep,OVA,MC1,Metacarpal,NA,NA,NA,24,NA,NA,NA,NA,NA,NA,NA,NA,NA,NA,NA,NA,NA,NA,NA,NA,NA,NA,NA,1,Sheep/goat
8476,North,Bronze Age,BA.R,BM-R,BA.Late,NA,Bovolone,Bertoloni et al. 2015,125,Sheep,OVA,MC1,Metacarpal,NA,NA,NA,24.4,NA,11.8,NA,NA,NA,NA,NA,NA,NA,NA,NA,NA,NA,NA,NA,NA,NA,NA,NA,1,Sheep/goat
8477,North,Bronze Age,BA.R,BM-R,BA.Late,NA,Bovolone,Bertoloni et al. 2015,125,Sheep,OVA,MC1,Metacarpal,128,NA,NA,21,NA,11,NA,NA,25,NA,NA,NA,NA,NA,NA,NA,NA,NA,NA,NA,NA,NA,NA,1,Sheep/goat
8686,Veneto,Bronze Age,BA.R,BM-R,BA.Late,NA,Campestrin,NA,149,Sheep,OVA,MC1,Metacarpal,NA,NA,NA,20,NA,10.4,NA,NA,NA,NA,NA,NA,NA,NA,NA,NA,NA,NA,NA,NA,NA,NA,NA,1,Sheep/goat
8925,Veneto,Bronze Age,BA.R,BM-R,BA.Late,NA,Terranegra,Depellegrin & Tecchiati - BR,61,Sheep,OVA,MC1,Metacarpal,NA,NA,NA,NA,NA,NA,NA,NA,24.9,NA,NA,NA,NA,NA,NA,NA,NA,NA,NA,NA,NA,NA,NA,NA,Sheep/goat
8926,Veneto,Bronze Age,BA.R,BM-R,BA.Late,NA,Terranegra,Depellegrin & Tecchiati - BR,61,Sheep,OVA,MC1,Metacarpal,NA,NA,NA,24.2,NA,14,NA,NA,NA,NA,NA,NA,NA,NA,NA,NA,NA,NA,NA,NA,NA,NA,NA,NA,Sheep/goat
8927,Veneto,Bronze Age,BA.R,BM-R,BA.Late,NA,Terranegra,Depellegrin & Tecchiati - BR,61,Sheep,OVA,MC1,Metacarpal,125.6,NA,NA,21.1,NA,12.9,NA,NA,24.5,NA,NA,NA,NA,NA,NA,NA,NA,NA,NA,NA,NA,NA,NA,NA,Sheep/goat
8928,Veneto,Bronze Age,BA.R,BM-R,BA.Late,NA,Terranegra,Depellegrin & Tecchiati - BR,61,Sheep,OVA,MC1,Metacarpal,NA,NA,NA,25.5,NA,NA,NA,NA,NA,NA,NA,NA,NA,NA,NA,NA,NA,NA,NA,NA,NA,NA,NA,NA,Sheep/goat
8929,Veneto,Bronze Age,BA.R,BM-R,BA.Late,NA,Terranegra,Depellegrin & Tecchiati - BR,61,Sheep,OVA,MC1,Metacarpal,NA,NA,NA,24.7,NA,NA,NA,NA,NA,NA,NA,NA,NA,NA,NA,NA,NA,NA,NA,NA,NA,NA,NA,NA,Sheep/goat
8930,Veneto,Bronze Age,BA.R,BM-R,BA.Late,NA,Terranegra,Depellegrin & Tecchiati - BR,61,Sheep,OVA,MC1,Metacarpal,NA,NA,NA,23.7,NA,13.2,NA,NA,NA,NA,NA,NA,NA,NA,NA,NA,NA,NA,NA,NA,NA,NA,NA,NA,Sheep/goat
8931,Veneto,Bronze Age,BA.R,BM-R,BA.Late,NA,Terranegra,Depellegrin & Tecchiati - BR,61,Sheep,OVA,MC1,Metacarpal,NA,NA,NA,25.5,NA,13,NA,NA,NA,NA,NA,NA,NA,NA,NA,NA,NA,NA,NA,NA,NA,NA,NA,NA,Sheep/goat
8932,Veneto,Bronze Age,BA.R,BM-R,BA.Late,NA,Terranegra,Depellegrin & Tecchiati - BR,61,Sheep,OVA,MC1,Metacarpal,NA,NA,NA,24.7,NA,NA,NA,NA,NA,NA,NA,NA,NA,NA,NA,NA,NA,NA,NA,NA,NA,NA,NA,NA,Sheep/goat
8933,Veneto,Iron Age,IA1-IA2,IA1,IA.Mid,NA,Terranegra,Depellegrin & Tecchiati - IA,156,Sheep,OVA,MC1,Metacarpal,NA,NA,NA,24.8,NA,14,NA,NA,NA,NA,NA,NA,NA,NA,NA,NA,NA,NA,NA,NA,NA,NA,NA,NA,Sheep/goat
8934,Veneto,Iron Age,IA1-IA2,IA1,IA.Mid,NA,Terranegra,Depellegrin & Tecchiati - IA,156,Sheep,OVA,MC1,Metacarpal,NA,NA,NA,24.9,NA,14,NA,NA,NA,NA,NA,NA,NA,NA,NA,NA,NA,NA,NA,NA,NA,NA,NA,NA,Sheep/goat
8935,Veneto,Iron Age,IA1-IA2,IA1,IA.Mid,NA,Terranegra,Depellegrin & Tecchiati - IA,156,Sheep,OVA,MC1,Metacarpal,139.8,NA,NA,25.1,NA,13.9,NA,NA,27.5,NA,NA,NA,NA,NA,NA,NA,NA,NA,NA,NA,NA,NA,NA,NA,Sheep/goat
8936,Veneto,Iron Age,IA1-IA2,IA1,IA.Mid,NA,Terranegra,Depellegrin & Tecchiati - IA,156,Sheep,OVA,MC1,Metacarpal,NA,NA,NA,25.4,NA,14.1,NA,NA,NA,NA,NA,NA,NA,NA,NA,NA,NA,NA,NA,NA,NA,NA,NA,NA,Sheep/goat
8937,Veneto,Iron Age,IA1-IA2,IA1,IA.Mid,NA,Terranegra,Depellegrin & Tecchiati - IA,156,Sheep,OVA,MC1,Metacarpal,NA,NA,NA,23.3,NA,12.9,NA,NA,NA,NA,NA,NA,NA,NA,NA,NA,NA,NA,NA,NA,NA,NA,NA,NA,Sheep/goat
8938,Veneto,Iron Age,IA1-IA2,IA1,IA.Mid,NA,Terranegra,Depellegrin & Tecchiati - IA,156,Sheep,OVA,MC1,Metacarpal,140.7,NA,NA,23,NA,13.4,NA,NA,25.4,NA,NA,NA,NA,NA,NA,NA,NA,NA,NA,NA,NA,NA,NA,NA,Sheep/goat
8939,Veneto,Iron Age,IA1-IA2,IA1,IA.Mid,NA,Terranegra,Depellegrin & Tecchiati - IA,156,Sheep,OVA,MC1,Metacarpal,134.9,NA,NA,23.7,NA,14,NA,NA,26.7,NA,NA,NA,NA,NA,NA,NA,NA,NA,NA,NA,NA,NA,NA,NA,Sheep/goat
8940,Veneto,Iron Age,IA1-IA2,IA1,IA.Mid,NA,Terranegra,Depellegrin & Tecchiati - IA,156,Sheep,OVA,MC1,Metacarpal,NA,NA,NA,NA,NA,13.4,NA,NA,26.3,NA,NA,NA,NA,NA,NA,NA,NA,NA,NA,NA,NA,NA,NA,NA,Sheep/goat
8941,Veneto,Iron Age,IA1-IA2,IA1,IA.Mid,NA,Terranegra,Depellegrin & Tecchiati - IA,156,Sheep,OVA,MC1,Metacarpal,134.2,NA,NA,23.8,NA,13.9,NA,NA,26.1,NA,NA,NA,NA,NA,NA,NA,NA,NA,NA,NA,NA,NA,NA,NA,Sheep/goat
8942,Veneto,Iron Age,IA1-IA2,IA1,IA.Mid,NA,Terranegra,Depellegrin & Tecchiati - IA,156,Sheep,OVA,MC1,Metacarpal,NA,NA,NA,NA,NA,NA,NA,NA,26,NA,NA,NA,NA,NA,NA,NA,NA,NA,NA,NA,NA,NA,NA,NA,Sheep/goat
8943,Veneto,Iron Age,IA1-IA2,IA1,IA.Mid,NA,Terranegra,Depellegrin & Tecchiati - IA,156,Sheep,OVA,MC1,Metacarpal,NA,NA,NA,26.1,NA,NA,NA,NA,NA,NA,NA,NA,NA,NA,NA,NA,NA,NA,NA,NA,NA,NA,NA,NA,Sheep/goat
8944,Veneto,Iron Age,IA1-IA2,IA1,IA.Mid,NA,Terranegra,Depellegrin & Tecchiati - IA,156,Sheep,OVA,MC1,Metacarpal,NA,NA,NA,NA,NA,12.4,NA,NA,NA,NA,NA,NA,NA,NA,NA,NA,NA,NA,NA,NA,NA,NA,NA,NA,Sheep/goat
8945,Veneto,Iron Age,IA1-IA2,IA1,IA.Mid,NA,Terranegra,Depellegrin & Tecchiati - IA,156,Sheep,OVA,MC1,Metacarpal,NA,NA,NA,23.7,NA,13.2,NA,NA,NA,NA,NA,NA,NA,NA,NA,NA,NA,NA,NA,NA,NA,NA,NA,*,Sheep/goat
8946,Veneto,Iron Age,IA1-IA2,IA1,IA.Mid,NA,Terranegra,Depellegrin & Tecchiati - IA,156,Sheep,OVA,MC1,Metacarpal,NA,NA,NA,24.1,NA,12.1,NA,NA,NA,NA,NA,NA,NA,NA,NA,NA,NA,NA,NA,NA,NA,NA,NA,NA,Sheep/goat
8947,Veneto,Iron Age,IA1-IA2,IA1,IA.Mid,NA,Terranegra,Depellegrin & Tecchiati - IA,156,Sheep,OVA,MC1,Metacarpal,127.8,NA,NA,23.5,NA,11.8,NA,NA,25.3,NA,NA,NA,NA,NA,NA,NA,NA,NA,NA,NA,NA,NA,NA,NA,Sheep/goat
8948,Veneto,Iron Age,IA1-IA2,IA1,IA.Mid,NA,Terranegra,Depellegrin & Tecchiati - IA,156,Sheep,OVA,MC1,Metacarpal,NA,NA,NA,23.1,NA,11.6,NA,NA,NA,NA,NA,NA,NA,NA,NA,NA,NA,NA,NA,NA,NA,NA,NA,NA,Sheep/goat
8949,Veneto,Iron Age,IA1-IA2,IA1,IA.Mid,NA,Terranegra,Depellegrin & Tecchiati - IA,156,Sheep,OVA,MC1,Metacarpal,135.7,NA,NA,23.6,NA,13.6,NA,NA,25.8,NA,NA,NA,NA,NA,NA,NA,NA,NA,NA,NA,NA,NA,NA,NA,Sheep/goat
8950,Veneto,Iron Age,IA1-IA2,IA1,IA.Mid,NA,Terranegra,Depellegrin & Tecchiati - IA,156,Sheep,OVA,MC1,Metacarpal,130,NA,NA,24.2,NA,13,NA,NA,26.1,NA,NA,NA,NA,NA,NA,NA,NA,NA,NA,NA,NA,NA,NA,NA,Sheep/goat
8951,Veneto,Iron Age,IA1-IA2,IA1,IA.Mid,NA,Terranegra,Depellegrin & Tecchiati - IA,156,Sheep,OVA,MC1,Metacarpal,NA,NA,NA,NA,NA,NA,NA,NA,25.1,NA,NA,NA,NA,NA,NA,NA,NA,NA,NA,NA,NA,NA,NA,NA,Sheep/goat
8952,Veneto,Iron Age,IA1-IA2,IA1,IA.Mid,NA,Terranegra,Depellegrin & Tecchiati - IA,156,Sheep,OVA,MC1,Metacarpal,NA,NA,NA,22.1,NA,11,NA,NA,NA,NA,NA,NA,NA,NA,NA,NA,NA,NA,NA,NA,NA,NA,NA,NA,Sheep/goat
8953,Veneto,Iron Age,IA1-IA2,IA1,IA.Mid,NA,Terranegra,Depellegrin & Tecchiati - IA,156,Sheep,OVA,MC1,Metacarpal,NA,NA,NA,24.7,NA,NA,NA,NA,NA,NA,NA,NA,NA,NA,NA,NA,NA,NA,NA,NA,NA,NA,NA,NA,Sheep/goat
8954,Veneto,Iron Age,IA1-IA2,IA1,IA.Mid,NA,Terranegra,Depellegrin & Tecchiati - IA,156,Sheep,OVA,MC1,Metacarpal,121.6,NA,NA,22.5,NA,11.9,NA,NA,25.3,NA,NA,NA,NA,NA,NA,NA,NA,NA,NA,NA,NA,NA,NA,NA,Sheep/goat
8955,Veneto,Iron Age,IA1-IA2,IA1,IA.Mid,NA,Terranegra,Depellegrin & Tecchiati - IA,156,Sheep,OVA,MC1,Metacarpal,129.6,NA,NA,23.5,NA,13.9,NA,NA,26.2,NA,NA,NA,NA,NA,NA,NA,NA,NA,NA,NA,NA,NA,NA,NA,Sheep/goat
8956,Veneto,Iron Age,IA1-IA2,IA1,IA.Mid,NA,Terranegra,Depellegrin & Tecchiati - IA,156,Sheep,OVA,MC1,Metacarpal,NA,NA,NA,24.5,NA,12.2,NA,NA,NA,NA,NA,NA,NA,NA,NA,NA,NA,NA,NA,NA,NA,NA,NA,NA,Sheep/goat
8957,Veneto,Iron Age,IA1-IA2,IA1,IA.Mid,NA,Terranegra,Depellegrin & Tecchiati - IA,156,Sheep,OVA,MC1,Metacarpal,NA,NA,NA,NA,NA,NA,NA,NA,25.4,NA,NA,NA,NA,NA,NA,NA,NA,NA,NA,NA,NA,NA,NA,NA,Sheep/goat
8958,Veneto,Iron Age,IA1-IA2,IA1,IA.Mid,NA,Terranegra,Depellegrin & Tecchiati - IA,156,Sheep,OVA,MC1,Metacarpal,120.7,NA,NA,23.8,NA,13,NA,NA,26.6,NA,NA,NA,NA,NA,NA,NA,NA,NA,NA,NA,NA,NA,NA,NA,Sheep/goat
8959,Veneto,Iron Age,IA1-IA2,IA1,IA.Mid,NA,Terranegra,Depellegrin & Tecchiati - IA,156,Sheep,OVA,MC1,Metacarpal,NA,NA,NA,26.1,NA,14.7,NA,NA,28.7,NA,NA,NA,NA,NA,NA,NA,NA,NA,NA,NA,NA,NA,NA,NA,Sheep/goat
8960,Veneto,Iron Age,IA1-IA2,IA1,IA.Mid,NA,Terranegra,Depellegrin & Tecchiati - IA,156,Sheep,OVA,MC1,Metacarpal,NA,NA,NA,NA,NA,14.7,NA,NA,27.3,NA,NA,NA,NA,NA,NA,NA,NA,NA,NA,NA,NA,NA,NA,NA,Sheep/goat
8961,Veneto,Iron Age,IA1-IA2,IA1,IA.Mid,NA,Terranegra,Depellegrin & Tecchiati - IA,156,Sheep,OVA,MC1,Metacarpal,137.2,NA,NA,26.6,NA,14.5,NA,NA,29.6,NA,NA,NA,NA,NA,NA,NA,NA,NA,NA,NA,NA,NA,NA,NA,Sheep/goat
8962,Veneto,Iron Age,IA1-IA2,IA1,IA.Mid,NA,Terranegra,Depellegrin & Tecchiati - IA,156,Sheep,OVA,MC1,Metacarpal,NA,NA,NA,NA,NA,11.3,NA,NA,NA,NA,NA,NA,NA,NA,NA,NA,NA,NA,NA,NA,NA,NA,NA,NA,Sheep/goat
8963,Veneto,Iron Age,IA1-IA2,IA1,IA.Mid,NA,Terranegra,Depellegrin & Tecchiati - IA,156,Sheep,OVA,MC1,Metacarpal,NA,NA,NA,24,NA,NA,NA,NA,NA,NA,NA,NA,NA,NA,NA,NA,NA,NA,NA,NA,NA,NA,NA,NA,Sheep/goat
8964,Veneto,Iron Age,IA1-IA2,IA1,IA.Mid,NA,Terranegra,Depellegrin & Tecchiati - IA,156,Sheep,OVA,MC1,Metacarpal,149.6,NA,NA,23.1,NA,13.8,NA,NA,25.6,NA,NA,NA,NA,NA,NA,NA,NA,NA,NA,NA,Large but appears in publication like this,NA,NA,NA,Sheep/goat
8965,Veneto,Iron Age,IA1-IA2,IA1,IA.Mid,NA,Terranegra,Depellegrin & Tecchiati - IA,156,Sheep,OVA,MC1,Metacarpal,NA,NA,NA,NA,NA,NA,NA,NA,23.4,NA,NA,NA,NA,NA,NA,NA,NA,NA,NA,NA,NA,NA,NA,NA,Sheep/goat
8966,Veneto,Iron Age,IA1-IA2,IA1,IA.Mid,NA,Terranegra,Depellegrin & Tecchiati - IA,156,Sheep,OVA,MC1,Metacarpal,NA,NA,NA,NA,NA,13.2,NA,NA,24,NA,NA,NA,NA,NA,NA,NA,NA,NA,NA,NA,NA,NA,NA,NA,Sheep/goat
8967,Veneto,Iron Age,IA1-IA2,IA1,IA.Mid,NA,Terranegra,Depellegrin & Tecchiati - IA,156,Sheep,OVA,MC1,Metacarpal,NA,NA,NA,NA,NA,NA,NA,NA,26.5,NA,NA,NA,NA,NA,NA,NA,NA,NA,NA,NA,NA,NA,NA,NA,Sheep/goat
9331,Friuli,Iron Age,IA0,IA1,IA.Early,NA,Gradisca,Iron Age I,169,Sheep,OVA,MC1,Metacarpal,133.2,NA,NA,25.4,NA,14,NA,NA,NA,NA,NA,NA,NA,NA,NA,NA,NA,NA,NA,NA,NA,NA,NA,NA,Sheep/goat
9393,Friuli,Iron Age,IA2,IA2,IA.Late,NA,Gradisca,Iron Age II,170,Sheep,OVA,MC1,Metacarpal,133.2,NA,NA,25.3,NA,14.2,NA,NA,NA,NA,NA,NA,NA,NA,NA,NA,NA,NA,NA,NA,NA,NA,NA,NA,Sheep/goat
9484,Friuli,Iron Age,IA0,BRF-IA0,IA.Early,NA,Concordia Sagittaria,Quartiere Nord-Ovest 2001,167,Sheep,OVA,MC1,Metacarpal,NA,NA,NA,22,NA,NA,NA,NA,NA,NA,NA,NA,NA,NA,NA,NA,NA,NA,NA,NA,NA,NA,NA,1,Sheep/goat
9485,Friuli,Iron Age,IA0,BRF-IA0,IA.Early,NA,Concordia Sagittaria,Quartiere Nord-Ovest 2001,167,Sheep,OVA,MC1,Metacarpal,NA,NA,NA,25,18,NA,NA,NA,NA,NA,NA,NA,NA,NA,NA,NA,NA,NA,NA,NA,NA,NA,NA,1,Sheep/goat
9486,Friuli,Iron Age,IA0,BRF-IA0,IA.Early,NA,Concordia Sagittaria,Quartiere Nord-Ovest 2001,167,Sheep,OVA,MC1,Metacarpal,NA,NA,NA,25,17,NA,NA,NA,NA,NA,NA,NA,NA,NA,NA,NA,NA,NA,NA,NA,NA,NA,NA,1,Sheep/goat
9487,Friuli,Iron Age,IA0,BRF-IA0,IA.Early,NA,Concordia Sagittaria,Quartiere Nord-Ovest 2001,167,Sheep,OVA,MC1,Metacarpal,NA,NA,NA,NA,NA,NA,NA,NA,23,NA,NA,NA,NA,NA,NA,NA,NA,NA,NA,NA,NA,NA,NA,1,Sheep/goat
9488,Friuli,Iron Age,IA0,BRF-IA0,IA.Early,NA,Concordia Sagittaria,Quartiere Nord-Ovest 2001,167,Sheep,OVA,MC1,Metacarpal,NA,NA,NA,NA,NA,23,NA,NA,NA,NA,NA,NA,NA,NA,NA,NA,NA,NA,NA,NA,NA,NA,NA,1,Sheep/goat
9489,Friuli,Iron Age,IA0,BRF-IA0,IA.Early,NA,Concordia Sagittaria,Quartiere Nord-Ovest 2001,167,Sheep,OVA,MC1,Metacarpal,98.7,NA,NA,22,NA,13,NA,NA,25,NA,NA,NA,NA,NA,NA,NA,NA,NA,NA,NA,Weird shape but appears in publication like this,NA,NA,1,Sheep/goat
9490,Friuli,Iron Age,IA0,BRF-IA0,IA.Early,NA,Concordia Sagittaria,Quartiere Nord-Ovest 2001,167,Sheep,OVA,MC1,Metacarpal,98.6,NA,NA,NA,NA,NA,NA,NA,25,NA,NA,NA,NA,NA,NA,NA,NA,NA,NA,NA,Weird shape but appears in publication like this,NA,NA,1,Sheep/goat
9634,South,Roman,Rom.Early,Early,Roman.Early,NA,Modena,Cassa di Risparmio,132,Sheep,OVA,MC1,Metacarpal,130.5,NA,NA,23.5,17,14.5,10,NA,28,16.5,NA,NA,NA,NA,NA,NA,NA,NA,NA,NA,NA,NA,NA,0.5,Sheep/goat
9659,South,Roman,Rom.Early,Early,Roman.Early,NA,Modena,Cassa di Risparmio,132,Sheep,OVA,MC1,Metacarpal,NA,NA,NA,NA,NA,NA,11,NA,28,18.5,NA,NA,NA,NA,NA,NA,NA,NA,NA,NA,NA,NA,NA,0.5,Sheep/goat
9660,South,Roman,Rom.Early,Early,Roman.Early,NA,Modena,Cassa di Risparmio,132,Sheep,OVA,MC1,Metacarpal,NA,NA,NA,NA,NA,NA,10.5,NA,25.5,17.5,NA,NA,NA,NA,NA,NA,NA,NA,NA,NA,NA,NA,NA,0.5,Sheep/goat
9767,Friuli,Roman,Rom,Early,Roman.Early,Rit,Montereale Valcellina,*US 581/583/606 - Reppublican pits,200,Sheep,OVA,MC1,Metacarpal,119.4,NA,NA,25.1,NA,14.7,NA,NA,26.6,NA,NA,NA,NA,NA,NA,NA,NA,NA,NA,NA,NA,NA,NA,NA,Sheep/goat
9768,Friuli,Roman,Rom,Early,Roman.Early,Rit,Montereale Valcellina,*US 581/583/606 - Reppublican pits,200,Sheep,OVA,MC1,Metacarpal,122.9,NA,NA,25.7,NA,15.1,NA,NA,27.5,NA,NA,NA,NA,NA,NA,NA,NA,NA,NA,NA,NA,NA,NA,NA,Sheep/goat
9769,Friuli,Roman,Rom,Early,Roman.Early,Rit,Montereale Valcellina,*US 581/583/606 - Reppublican pits,200,Sheep,OVA,MC1,Metacarpal,122,NA,NA,25.2,NA,15.6,NA,NA,27.2,NA,NA,NA,NA,NA,NA,NA,NA,NA,NA,NA,NA,NA,NA,NA,Sheep/goat
9802,Friuli,Roman,Rom,Early,Roman.Early,Rit,Montereale Valcellina,*US 581/583/606 - Reppublican pits,200,Sheep,OVA,MC1,Metacarpal,120.5,NA,NA,22.2,NA,14,NA,NA,26.4,NA,NA,NA,NA,NA,NA,NA,NA,NA,NA,NA,NA,NA,NA,NA,Sheep/goat
9803,Friuli,Roman,Rom,Early,Roman.Early,Rit,Montereale Valcellina,*US 581/583/606 - Reppublican pits,200,Sheep,OVA,MC1,Metacarpal,NA,NA,NA,NA,NA,NA,NA,NA,26,NA,NA,NA,NA,NA,NA,NA,NA,NA,NA,NA,NA,NA,NA,NA,Sheep/goat
9804,Friuli,Roman,Rom,Early,Roman.Early,Rit,Montereale Valcellina,*US 581/583/606 - Reppublican pits,200,Sheep,OVA,MC1,Metacarpal,NA,NA,NA,NA,NA,NA,NA,NA,26.5,NA,NA,NA,NA,NA,NA,NA,NA,NA,NA,NA,NA,NA,NA,NA,Sheep/goat
9880,Friuli,Roman,Rom.Late,Late,Roman.Late,NA,Aquileia,area a est del foro - Riedel 1994,175,Sheep,OVA,MC1,Metacarpal,121.9,NA,NA,25,NA,14.1,NA,NA,26.5,NA,NA,NA,NA,NA,NA,NA,NA,NA,NA,NA,NA,NA,NA,NA,Sheep/goat
9881,Friuli,Roman,Rom.Late,Late,Roman.Late,NA,Aquileia,area a est del foro - Riedel 1994,175,Sheep,OVA,MC1,Metacarpal,128.5,NA,NA,31.6,NA,14,NA,NA,25.5,NA,NA,NA,NA,NA,NA,NA,NA,NA,NA,NA,NA,NA,NA,NA,Sheep/goat
9882,Friuli,Roman,Rom.Late,Late,Roman.Late,NA,Aquileia,area a est del foro - Riedel 1994,175,Sheep,OVA,MC1,Metacarpal,136,NA,NA,26.7,NA,16.5,NA,NA,29,NA,NA,NA,NA,NA,NA,NA,NA,NA,NA,NA,NA,NA,NA,NA,Sheep/goat
9983,Veneto,Roman,Rom.M-L,Mid-Late,Roman.Mid-Late,NA,Oderzo,Pozzo romano - all strata (1st-4th c AD),214,Sheep,OVA,MC1,Metacarpal,NA,NA,NA,24.9,NA,NA,NA,NA,NA,NA,NA,NA,NA,NA,NA,NA,NA,NA,NA,NA,NA,NA,NA,NA,Sheep/goat
9984,Veneto,Roman,Rom.M-L,Mid-Late,Roman.Mid-Late,NA,Oderzo,Pozzo romano - all strata (1st-4th c AD),214,Sheep,OVA,MC1,Metacarpal,NA,NA,NA,28.6,NA,NA,NA,NA,NA,NA,NA,NA,NA,NA,NA,NA,NA,NA,NA,NA,NA,NA,NA,NA,Sheep/goat
9985,Veneto,Roman,Rom.M-L,Mid-Late,Roman.Mid-Late,NA,Oderzo,Pozzo romano - all strata (1st-4th c AD),214,Sheep,OVA,MC1,Metacarpal,NA,NA,NA,28.4,NA,NA,NA,NA,NA,NA,NA,NA,NA,NA,NA,NA,NA,NA,NA,NA,NA,NA,NA,NA,Sheep/goat
9986,Veneto,Roman,Rom.M-L,Mid-Late,Roman.Mid-Late,NA,Oderzo,Pozzo romano - all strata (1st-4th c AD),214,Sheep,OVA,MC1,Metacarpal,NA,NA,NA,24.3,NA,NA,NA,NA,NA,NA,NA,NA,NA,NA,NA,NA,NA,NA,NA,NA,NA,NA,NA,NA,Sheep/goat
9987,Veneto,Roman,Rom.M-L,Mid-Late,Roman.Mid-Late,NA,Oderzo,Pozzo romano - all strata (1st-4th c AD),214,Sheep,OVA,MC1,Metacarpal,NA,NA,NA,22.9,NA,NA,NA,NA,NA,NA,NA,NA,NA,NA,NA,NA,NA,NA,NA,NA,NA,NA,NA,NA,Sheep/goat
9988,Veneto,Roman,Rom.M-L,Mid-Late,Roman.Mid-Late,NA,Oderzo,Pozzo romano - all strata (1st-4th c AD),214,Sheep,OVA,MC1,Metacarpal,NA,NA,NA,27.8,NA,NA,NA,NA,NA,NA,NA,NA,NA,NA,NA,NA,NA,NA,NA,NA,NA,NA,NA,NA,Sheep/goat
9989,Veneto,Roman,Rom.M-L,Mid-Late,Roman.Mid-Late,NA,Oderzo,Pozzo romano - all strata (1st-4th c AD),214,Sheep,OVA,MC1,Metacarpal,NA,NA,NA,27.5,NA,NA,NA,NA,NA,NA,NA,NA,NA,NA,NA,NA,NA,NA,NA,NA,NA,NA,NA,NA,Sheep/goat
9990,Veneto,Roman,Rom.M-L,Mid-Late,Roman.Mid-Late,NA,Oderzo,Pozzo romano - all strata (1st-4th c AD),214,Sheep,OVA,MC1,Metacarpal,NA,NA,NA,27.3,NA,NA,NA,NA,NA,NA,NA,NA,NA,NA,NA,NA,NA,NA,NA,NA,NA,NA,NA,NA,Sheep/goat
9991,Veneto,Roman,Rom.M-L,Mid-Late,Roman.Mid-Late,NA,Oderzo,Pozzo romano - all strata (1st-4th c AD),214,Sheep,OVA,MC1,Metacarpal,NA,NA,NA,NA,NA,NA,NA,NA,31.2,NA,NA,NA,NA,NA,NA,NA,NA,NA,NA,NA,NA,NA,NA,NA,Sheep/goat
9992,Veneto,Roman,Rom.M-L,Mid-Late,Roman.Mid-Late,NA,Oderzo,Pozzo romano - all strata (1st-4th c AD),214,Sheep,OVA,MC1,Metacarpal,NA,NA,NA,NA,NA,NA,NA,NA,30.6,NA,NA,NA,NA,NA,NA,NA,NA,NA,NA,NA,NA,NA,NA,NA,Sheep/goat
9993,Veneto,Roman,Rom.M-L,Mid-Late,Roman.Mid-Late,NA,Oderzo,Pozzo romano - all strata (1st-4th c AD),214,Sheep,OVA,MC1,Metacarpal,NA,NA,NA,NA,NA,NA,NA,NA,31.9,NA,NA,NA,NA,NA,NA,NA,NA,NA,NA,NA,NA,NA,NA,NA,Sheep/goat
9994,Veneto,Roman,Rom.M-L,Mid-Late,Roman.Mid-Late,NA,Oderzo,Pozzo romano - all strata (1st-4th c AD),214,Sheep,OVA,MC1,Metacarpal,NA,NA,NA,NA,NA,NA,NA,NA,30.4,NA,NA,NA,NA,NA,NA,NA,NA,NA,NA,NA,NA,NA,NA,NA,Sheep/goat
9995,Veneto,Roman,Rom.M-L,Mid-Late,Roman.Mid-Late,NA,Oderzo,Pozzo romano - all strata (1st-4th c AD),214,Sheep,OVA,MC1,Metacarpal,NA,NA,NA,NA,NA,NA,NA,NA,29.9,NA,NA,NA,NA,NA,NA,NA,NA,NA,NA,NA,NA,NA,NA,NA,Sheep/goat
9996,Veneto,Roman,Rom.M-L,Mid-Late,Roman.Mid-Late,NA,Oderzo,Pozzo romano - all strata (1st-4th c AD),214,Sheep,OVA,MC1,Metacarpal,NA,NA,NA,NA,NA,NA,NA,NA,32.9,NA,NA,NA,NA,NA,NA,NA,NA,NA,NA,NA,Large but appears in publication like this,NA,NA,NA,Sheep/goat
10131,Veneto,Roman,Rom.M-L,Mid-Late,Roman.Mid-Late,NA,Altino,Riedel 1985,56,Sheep,OVA,MC1,Metacarpal,NA,NA,NA,23,NA,NA,NA,NA,NA,NA,NA,NA,NA,NA,NA,NA,NA,NA,NA,NA,NA,NA,NA,NA,Sheep/goat
10132,Veneto,Roman,Rom.M-L,Mid-Late,Roman.Mid-Late,NA,Altino,Riedel 1985,56,Sheep,OVA,MC1,Metacarpal,NA,NA,NA,24.3,NA,NA,NA,NA,NA,NA,NA,NA,NA,NA,NA,NA,NA,NA,NA,NA,NA,NA,NA,NA,Sheep/goat
10133,Veneto,Roman,Rom.M-L,Mid-Late,Roman.Mid-Late,NA,Altino,Riedel 1985,56,Sheep,OVA,MC1,Metacarpal,NA,NA,NA,24.4,NA,NA,NA,NA,NA,NA,NA,NA,NA,NA,NA,NA,NA,NA,NA,NA,NA,NA,NA,NA,Sheep/goat
10134,Veneto,Roman,Rom.M-L,Mid-Late,Roman.Mid-Late,NA,Altino,Riedel 1985,56,Sheep,OVA,MC1,Metacarpal,NA,NA,NA,24.7,NA,NA,NA,NA,NA,NA,NA,NA,NA,NA,NA,NA,NA,NA,NA,NA,NA,NA,NA,NA,Sheep/goat
10135,Veneto,Roman,Rom.M-L,Mid-Late,Roman.Mid-Late,NA,Altino,Riedel 1985,56,Sheep,OVA,MC1,Metacarpal,NA,NA,NA,24.8,NA,NA,NA,NA,NA,NA,NA,NA,NA,NA,NA,NA,NA,NA,NA,NA,NA,NA,NA,NA,Sheep/goat
10136,Veneto,Roman,Rom.M-L,Mid-Late,Roman.Mid-Late,NA,Altino,Riedel 1985,56,Sheep,OVA,MC1,Metacarpal,NA,NA,NA,25.5,NA,NA,NA,NA,NA,NA,NA,NA,NA,NA,NA,NA,NA,NA,NA,NA,NA,NA,NA,NA,Sheep/goat
10137,Veneto,Roman,Rom.M-L,Mid-Late,Roman.Mid-Late,NA,Altino,Riedel 1985,56,Sheep,OVA,MC1,Metacarpal,NA,NA,NA,25.8,NA,NA,NA,NA,NA,NA,NA,NA,NA,NA,NA,NA,NA,NA,NA,NA,NA,NA,NA,NA,Sheep/goat
10138,Veneto,Roman,Rom.M-L,Mid-Late,Roman.Mid-Late,NA,Altino,Riedel 1985,56,Sheep,OVA,MC1,Metacarpal,NA,NA,NA,26.5,NA,NA,NA,NA,NA,NA,NA,NA,NA,NA,NA,NA,NA,NA,NA,NA,NA,NA,NA,NA,Sheep/goat
10139,Veneto,Roman,Rom.M-L,Mid-Late,Roman.Mid-Late,NA,Altino,Riedel 1985,56,Sheep,OVA,MC1,Metacarpal,NA,NA,NA,26.8,NA,NA,NA,NA,NA,NA,NA,NA,NA,NA,NA,NA,NA,NA,NA,NA,NA,NA,NA,NA,Sheep/goat
10140,Veneto,Roman,Rom.M-L,Mid-Late,Roman.Mid-Late,NA,Altino,Riedel 1985,56,Sheep,OVA,MC1,Metacarpal,NA,NA,NA,27.5,NA,NA,NA,NA,NA,NA,NA,NA,NA,NA,NA,NA,NA,NA,NA,NA,NA,NA,NA,NA,Sheep/goat
10141,Veneto,Roman,Rom.M-L,Mid-Late,Roman.Mid-Late,NA,Altino,Riedel 1985,56,Sheep,OVA,MC1,Metacarpal,NA,NA,NA,28.9,NA,NA,NA,NA,NA,NA,NA,NA,NA,NA,NA,NA,NA,NA,NA,NA,NA,NA,NA,NA,Sheep/goat
10142,Veneto,Roman,Rom.M-L,Mid-Late,Roman.Mid-Late,NA,Altino,Riedel 1985,56,Sheep,OVA,MC1,Metacarpal,NA,NA,NA,NA,NA,NA,NA,NA,27.3,NA,NA,NA,NA,NA,NA,NA,NA,NA,NA,NA,NA,NA,NA,NA,Sheep/goat
10143,Veneto,Roman,Rom.M-L,Mid-Late,Roman.Mid-Late,NA,Altino,Riedel 1985,56,Sheep,OVA,MC1,Metacarpal,NA,NA,NA,NA,NA,NA,NA,NA,31.2,NA,NA,NA,NA,NA,NA,NA,NA,NA,NA,NA,NA,NA,NA,NA,Sheep/goat
10144,Veneto,Roman,Rom.M-L,Mid-Late,Roman.Mid-Late,NA,Altino,Riedel 1985,56,Sheep,OVA,MC1,Metacarpal,NA,NA,NA,NA,NA,NA,NA,NA,31,NA,NA,NA,NA,NA,NA,NA,NA,NA,NA,NA,NA,NA,NA,NA,Sheep/goat
10145,Veneto,Roman,Rom.M-L,Mid-Late,Roman.Mid-Late,NA,Altino,Riedel 1985,56,Sheep,OVA,MC1,Metacarpal,NA,NA,NA,NA,NA,NA,NA,NA,32,NA,NA,NA,NA,NA,NA,NA,NA,NA,NA,NA,NA,NA,NA,NA,Sheep/goat
10270,Friuli,Roman,Rom.Late,Late,Roman.Late,NA,Aquileia,area a est del foro - Riedel 1994,175,Sheep,OVA,MC1,Metacarpal,NA,NA,NA,24.2,NA,NA,NA,NA,NA,NA,NA,NA,NA,NA,NA,NA,NA,NA,NA,NA,NA,NA,NA,NA,Sheep/goat
10272,Friuli,Roman,Rom.Late,Late,Roman.Late,NA,Aquileia,area a est del foro - Riedel 1994,175,Sheep,OVA,MC1,Metacarpal,NA,NA,NA,NA,NA,NA,NA,NA,26,NA,NA,NA,NA,NA,NA,NA,NA,NA,NA,NA,NA,NA,NA,NA,Sheep/goat
10273,Friuli,Roman,Rom.Late,Late,Roman.Late,NA,Aquileia,area a est del foro - Riedel 1994,175,Sheep,OVA,MC1,Metacarpal,NA,NA,NA,21.9,NA,NA,NA,NA,NA,NA,NA,NA,NA,NA,NA,NA,NA,NA,NA,NA,NA,NA,NA,NA,Sheep/goat
10274,Friuli,Roman,Rom.Late,Late,Roman.Late,NA,Aquileia,area a est del foro - Riedel 1994,175,Sheep,OVA,MC1,Metacarpal,NA,NA,NA,23.2,NA,NA,NA,NA,NA,NA,NA,NA,NA,NA,NA,NA,NA,NA,NA,NA,NA,NA,NA,NA,Sheep/goat
10275,Friuli,Roman,Rom.Late,Late,Roman.Late,NA,Aquileia,area a est del foro - Riedel 1994,175,Sheep,OVA,MC1,Metacarpal,NA,NA,NA,21.8,NA,NA,NA,NA,NA,NA,NA,NA,NA,NA,NA,NA,NA,NA,NA,NA,NA,NA,NA,NA,Sheep/goat
10276,Friuli,Roman,Rom.Late,Late,Roman.Late,NA,Aquileia,area a est del foro - Riedel 1994,175,Sheep,OVA,MC1,Metacarpal,NA,NA,NA,25.7,NA,NA,NA,NA,NA,NA,NA,NA,NA,NA,NA,NA,NA,NA,NA,NA,NA,NA,NA,NA,Sheep/goat
10278,Friuli,Roman,Rom.Late,Late,Roman.Late,NA,Aquileia,area a est del foro - Riedel 1994,175,Sheep,OVA,MC1,Metacarpal,NA,NA,NA,25,NA,NA,NA,NA,NA,NA,NA,NA,NA,NA,NA,NA,NA,NA,NA,NA,NA,NA,NA,NA,Sheep/goat
10279,Friuli,Roman,Rom.Late,Late,Roman.Late,NA,Aquileia,area a est del foro - Riedel 1994,175,Sheep,OVA,MC1,Metacarpal,NA,NA,NA,26,NA,NA,NA,NA,NA,NA,NA,NA,NA,NA,NA,NA,NA,NA,NA,NA,NA,NA,NA,NA,Sheep/goat
10282,Friuli,Roman,Rom.Late,Late,Roman.Late,NA,Aquileia,area a est del foro - Riedel 1994,175,Sheep,OVA,MC1,Metacarpal,NA,NA,NA,NA,NA,NA,NA,NA,25.4,NA,NA,NA,NA,NA,NA,NA,NA,NA,NA,NA,NA,NA,NA,NA,Sheep/goat
11188,Friuli,Roman,Rom.Late,Late,Roman.Late,NA,Udine,Late Roman,246,Sheep,OVA,MC1,Metacarpal,123.7,NA,NA,23.5,NA,13.8,NA,NA,26.4,NA,NA,NA,NA,NA,NA,NA,NA,NA,NA,NA,NA,NA,NA,NA,Sheep/goat
11189,Friuli,Roman,Rom.Late,Late,Roman.Late,NA,Udine,Late Roman,246,Sheep,OVA,MC1,Metacarpal,126.3,NA,NA,21.7,NA,12.5,NA,NA,24.7,NA,NA,NA,NA,NA,NA,NA,NA,NA,NA,NA,NA,NA,NA,NA,Sheep/goat
11190,Friuli,Roman,Rom.Late,Late,Roman.Late,NA,Udine,Late Roman,246,Sheep,OVA,MC1,Metacarpal,131.2,NA,NA,23.3,NA,13,NA,NA,26.5,NA,NA,NA,NA,NA,NA,NA,NA,NA,NA,NA,NA,NA,NA,NA,Sheep/goat
11191,Friuli,Roman,Rom.Late,Late,Roman.Late,NA,Udine,Late Roman,246,Sheep,OVA,MC1,Metacarpal,NA,NA,NA,22.8,NA,NA,NA,NA,NA,NA,NA,NA,NA,NA,NA,NA,NA,NA,NA,NA,NA,NA,NA,NA,Sheep/goat
11192,Friuli,Roman,Rom.Late,Late,Roman.Late,NA,Udine,Late Roman,246,Sheep,OVA,MC1,Metacarpal,NA,NA,NA,24.8,NA,NA,NA,NA,NA,NA,NA,NA,NA,NA,NA,NA,NA,NA,NA,NA,NA,NA,NA,NA,Sheep/goat
11193,Friuli,Roman,Rom.Late,Late,Roman.Late,NA,Udine,Late Roman,246,Sheep,OVA,MC1,Metacarpal,NA,NA,NA,26,NA,NA,NA,NA,NA,NA,NA,NA,NA,NA,NA,NA,NA,NA,NA,NA,NA,NA,NA,NA,Sheep/goat
11194,Friuli,Roman,Rom.Late,Late,Roman.Late,NA,Udine,Late Roman,246,Sheep,OVA,MC1,Metacarpal,NA,NA,NA,NA,NA,NA,NA,NA,27.1,NA,NA,NA,NA,NA,NA,NA,NA,NA,NA,NA,NA,NA,NA,NA,Sheep/goat
11312,Friuli,Bronze Age,BA.R-F,BRF-IA0,BA.Late,NA,Udine,'Late Bronze Age',247,Sheep,OVA,MC1,Metacarpal,NA,NA,NA,23.8,NA,NA,NA,NA,NA,NA,NA,NA,NA,NA,NA,NA,NA,NA,NA,NA,NA,NA,NA,NA,Sheep/goat
11459,Veneto,Roman,Rom.M-L,Mid-Late,Roman.Mid-Late,NA,Torcello,Late Imperial II-VIII 2nd-4th c. AD,256,Sheep,OVA,MC1,Metacarpal,NA,NA,NA,NA,NA,NA,NA,NA,30.5,NA,NA,NA,NA,NA,NA,NA,NA,NA,NA,NA,NA,NA,NA,NA,Sheep/goat
12354,South,Roman,Rom.Early,Early,Roman.Early,NA,Calvatone,Wilkens - Bio data from academia,253,Sheep,OVA,MC1,Metacarpal,135,NA,NA,23.4,16.1,12.9,NA,NA,25.2,NA,NA,NA,NA,NA,NA,NA,NA,NA,NA,NA,NA,NA,NA,NA,Sheep/goat
12355,South,Roman,Rom.Early,Early,Roman.Early,NA,Calvatone,Wilkens - Bio data from academia,253,Sheep,OVA,MC1,Metacarpal,NA,NA,NA,NA,NA,NA,NA,NA,27,18,NA,NA,NA,NA,NA,NA,NA,NA,NA,NA,NA,NA,NA,NA,Sheep/goat
12356,South,Roman,Rom.Early,Early,Roman.Early,NA,Calvatone,Wilkens - Bio data from academia,253,Sheep,OVA,MC1,Metacarpal,NA,NA,NA,22.7,16,NA,NA,NA,NA,NA,NA,NA,NA,NA,NA,NA,NA,NA,NA,NA,NA,NA,NA,NA,Sheep/goat
12357,South,Roman,Rom.Early,Early,Roman.Early,NA,Calvatone,Wilkens - Bio data from academia,253,Sheep,OVA,MC1,Metacarpal,NA,NA,NA,NA,NA,NA,NA,NA,26.2,16.7,NA,NA,NA,NA,NA,NA,NA,NA,NA,NA,NA,NA,NA,NA,Sheep/goat
12358,South,Roman,Rom.Early,Early,Roman.Early,NA,Calvatone,Wilkens - Bio data from academia,253,Sheep,OVA,MC1,Metacarpal,NA,NA,NA,25.3,18,NA,NA,NA,NA,NA,NA,NA,NA,NA,NA,NA,NA,NA,NA,NA,NA,NA,NA,NA,Sheep/goat
173,Veneto,Bronze Age,BA.R-F,BRF-IA0,BA.Late,NA,Fondo Paviani,Riedel 1979 - Recent/Final,21,Sheep,OVA,MT1,Metatarsal,139.5,NA,NA,16.4,NA,10.5,NA,NA,24,NA,NA,NA,NA,NA,NA,NA,NA,NA,NA,NA,NA,NA,NA,NA,Sheep/goat
174,Veneto,Bronze Age,BA.R-F,BRF-IA0,BA.Late,NA,Fondo Paviani,Riedel 1979 - Recent/Final,21,Sheep,OVA,MT1,Metatarsal,NA,NA,NA,NA,NA,NA,NA,NA,26.2,NA,NA,NA,NA,NA,NA,NA,NA,NA,NA,NA,NA,NA,NA,NA,Sheep/goat
175,Veneto,Bronze Age,BA.R-F,BRF-IA0,BA.Late,NA,Fondo Paviani,Riedel 1979 - Recent/Final,21,Sheep,OVA,MT1,Metatarsal,NA,NA,NA,23,NA,13,NA,NA,26.8,NA,NA,NA,NA,NA,NA,NA,NA,NA,NA,NA,NA,NA,NA,NA,Sheep/goat
686,North,Bronze Age,BA.R,BM-R,BA.Late,NA,Isolone,NA,16,Sheep,OVA,MT1,Metatarsal,108,NA,NA,15.3,NA,8.3,NA,NA,20.2,NA,NA,NA,NA,NA,NA,NA,NA,NA,NA,NA,NA,NA,NA,NA,Sheep/goat
687,North,Bronze Age,BA.R,BM-R,BA.Late,NA,Isolone,NA,16,Sheep,OVA,MT1,Metatarsal,113.2,NA,NA,NA,NA,9.5,NA,NA,22,NA,NA,NA,NA,NA,NA,NA,NA,NA,NA,NA,NA,NA,NA,NA,Sheep/goat
688,North,Bronze Age,BA.R,BM-R,BA.Late,NA,Isolone,NA,16,Sheep,OVA,MT1,Metatarsal,NA,NA,NA,16,NA,9.2,NA,NA,19.4,NA,NA,NA,NA,NA,NA,NA,NA,NA,NA,NA,NA,NA,NA,NA,Sheep/goat
689,North,Bronze Age,BA.R,BM-R,BA.Late,NA,Isolone,NA,16,Sheep,OVA,MT1,Metatarsal,118.2,NA,NA,15.7,NA,9,NA,NA,19.2,NA,NA,NA,NA,NA,NA,NA,NA,NA,NA,NA,NA,NA,NA,NA,Sheep/goat
690,North,Bronze Age,BA.R,BM-R,BA.Late,NA,Isolone,NA,16,Sheep,OVA,MT1,Metatarsal,118.5,NA,NA,17.4,NA,8.9,NA,NA,21.2,NA,NA,NA,NA,NA,NA,NA,NA,NA,NA,NA,NA,NA,NA,NA,Sheep/goat
691,North,Bronze Age,BA.R,BM-R,BA.Late,NA,Isolone,NA,16,Sheep,OVA,MT1,Metatarsal,122.8,NA,NA,17,NA,9.4,NA,NA,20.1,NA,NA,NA,NA,NA,NA,NA,NA,NA,NA,NA,NA,NA,NA,NA,Sheep/goat
692,North,Bronze Age,BA.R,BM-R,BA.Late,NA,Isolone,NA,16,Sheep,OVA,MT1,Metatarsal,122.9,NA,NA,16.4,NA,9,NA,NA,20.5,NA,NA,NA,NA,NA,NA,NA,NA,NA,NA,NA,NA,NA,NA,NA,Sheep/goat
693,North,Bronze Age,BA.R,BM-R,BA.Late,NA,Isolone,NA,16,Sheep,OVA,MT1,Metatarsal,NA,NA,NA,17,NA,10.4,NA,NA,20.7,NA,NA,NA,NA,NA,NA,NA,NA,NA,NA,NA,NA,NA,NA,NA,Sheep/goat
694,North,Bronze Age,BA.R,BM-R,BA.Late,NA,Isolone,NA,16,Sheep,OVA,MT1,Metatarsal,123.8,NA,NA,17.8,NA,8.5,NA,NA,20.6,NA,NA,NA,NA,NA,NA,NA,NA,NA,NA,NA,NA,NA,NA,NA,Sheep/goat
695,North,Bronze Age,BA.R,BM-R,BA.Late,NA,Isolone,NA,16,Sheep,OVA,MT1,Metatarsal,124.3,NA,NA,17.2,NA,9,NA,NA,21.6,NA,NA,NA,NA,NA,NA,NA,NA,NA,NA,NA,NA,NA,NA,NA,Sheep/goat
696,North,Bronze Age,BA.R,BM-R,BA.Late,NA,Isolone,NA,16,Sheep,OVA,MT1,Metatarsal,124.9,NA,NA,17.3,NA,8.4,NA,NA,21.5,NA,NA,NA,NA,NA,NA,NA,NA,NA,NA,NA,NA,NA,NA,NA,Sheep/goat
697,North,Bronze Age,BA.R,BM-R,BA.Late,NA,Isolone,NA,16,Sheep,OVA,MT1,Metatarsal,125.7,NA,NA,17.3,NA,9.8,NA,NA,21.7,NA,NA,NA,NA,NA,NA,NA,NA,NA,NA,NA,NA,NA,NA,NA,Sheep/goat
698,North,Bronze Age,BA.R,BM-R,BA.Late,NA,Isolone,NA,16,Sheep,OVA,MT1,Metatarsal,125.8,NA,NA,18.1,NA,10.8,NA,NA,22.4,NA,NA,NA,NA,NA,NA,NA,NA,NA,NA,NA,NA,NA,NA,NA,Sheep/goat
699,North,Bronze Age,BA.R,BM-R,BA.Late,NA,Isolone,NA,16,Sheep,OVA,MT1,Metatarsal,125.9,NA,NA,NA,NA,9.4,NA,NA,20.9,NA,NA,NA,NA,NA,NA,NA,NA,NA,NA,NA,NA,NA,NA,NA,Sheep/goat
700,North,Bronze Age,BA.R,BM-R,BA.Late,NA,Isolone,NA,16,Sheep,OVA,MT1,Metatarsal,126,NA,NA,16.6,NA,8.7,NA,NA,21.8,NA,NA,NA,NA,NA,NA,NA,NA,NA,NA,NA,NA,NA,NA,NA,Sheep/goat
701,North,Bronze Age,BA.R,BM-R,BA.Late,NA,Isolone,NA,16,Sheep,OVA,MT1,Metatarsal,126.7,NA,NA,18.5,NA,9.4,NA,NA,21.7,NA,NA,NA,NA,NA,NA,NA,NA,NA,NA,NA,NA,NA,NA,NA,Sheep/goat
702,North,Bronze Age,BA.R,BM-R,BA.Late,NA,Isolone,NA,16,Sheep,OVA,MT1,Metatarsal,127.6,NA,NA,16.8,NA,10,NA,NA,20.7,NA,NA,NA,NA,NA,NA,NA,NA,NA,NA,NA,NA,NA,NA,NA,Sheep/goat
703,North,Bronze Age,BA.R,BM-R,BA.Late,NA,Isolone,NA,16,Sheep,OVA,MT1,Metatarsal,127.8,NA,NA,17.4,NA,9,NA,NA,20.4,NA,NA,NA,NA,NA,NA,NA,NA,NA,NA,NA,NA,NA,NA,NA,Sheep/goat
704,North,Bronze Age,BA.R,BM-R,BA.Late,NA,Isolone,NA,16,Sheep,OVA,MT1,Metatarsal,128.6,NA,NA,18.3,NA,9.2,NA,NA,22.1,NA,NA,NA,NA,NA,NA,NA,NA,NA,NA,NA,NA,NA,NA,NA,Sheep/goat
706,North,Bronze Age,BA.R,BM-R,BA.Late,NA,Isolone,NA,16,Sheep,OVA,MT1,Metatarsal,128.9,NA,NA,18.6,NA,10.6,NA,NA,22.4,NA,NA,NA,NA,NA,NA,NA,NA,NA,NA,NA,NA,NA,NA,NA,Sheep/goat
707,North,Bronze Age,BA.R,BM-R,BA.Late,NA,Isolone,NA,16,Sheep,OVA,MT1,Metatarsal,129.1,NA,NA,17.8,NA,NA,NA,NA,NA,NA,NA,NA,NA,NA,NA,NA,NA,NA,NA,NA,NA,NA,NA,NA,Sheep/goat
708,North,Bronze Age,BA.R,BM-R,BA.Late,NA,Isolone,NA,16,Sheep,OVA,MT1,Metatarsal,129.7,NA,NA,18.7,NA,10.4,NA,NA,22.6,NA,NA,NA,NA,NA,NA,NA,NA,NA,NA,NA,NA,NA,NA,NA,Sheep/goat
709,North,Bronze Age,BA.R,BM-R,BA.Late,NA,Isolone,NA,16,Sheep,OVA,MT1,Metatarsal,130.1,NA,NA,18.4,NA,10.7,NA,NA,22.2,NA,NA,NA,NA,NA,NA,NA,NA,NA,NA,NA,NA,NA,NA,NA,Sheep/goat
710,North,Bronze Age,BA.R,BM-R,BA.Late,NA,Isolone,NA,16,Sheep,OVA,MT1,Metatarsal,131.2,NA,NA,17.4,NA,9.2,NA,NA,20.3,NA,NA,NA,NA,NA,NA,NA,NA,NA,NA,NA,NA,NA,NA,NA,Sheep/goat
711,North,Bronze Age,BA.R,BM-R,BA.Late,NA,Isolone,NA,16,Sheep,OVA,MT1,Metatarsal,131.8,NA,NA,19.8,NA,11,NA,NA,23.5,NA,NA,NA,NA,NA,NA,NA,NA,NA,NA,NA,NA,NA,NA,NA,Sheep/goat
712,North,Bronze Age,BA.R,BM-R,BA.Late,NA,Isolone,NA,16,Sheep,OVA,MT1,Metatarsal,132.6,NA,NA,17,NA,9.2,NA,NA,20,NA,NA,NA,NA,NA,NA,NA,NA,NA,NA,NA,NA,NA,NA,NA,Sheep/goat
713,North,Bronze Age,BA.R,BM-R,BA.Late,NA,Isolone,NA,16,Sheep,OVA,MT1,Metatarsal,135.9,NA,NA,18.7,NA,10.8,NA,NA,21.7,NA,NA,NA,NA,NA,NA,NA,NA,NA,NA,NA,NA,NA,NA,NA,Sheep/goat
714,North,Bronze Age,BA.R,BM-R,BA.Late,NA,Isolone,NA,16,Sheep,OVA,MT1,Metatarsal,144.7,NA,NA,21.6,NA,11.7,NA,NA,24.2,NA,NA,NA,NA,NA,NA,NA,NA,NA,NA,NA,NA,NA,NA,NA,Sheep/goat
1055,North,Iron Age,IA2,IA2,IA.Late,NA,Castelrotto,NA,53,Sheep,OVA,MT1,Metatarsal,NA,NA,NA,NA,NA,NA,NA,NA,23.2,NA,NA,NA,NA,NA,NA,NA,NA,NA,NA,NA,NA,NA,NA,NA,Sheep/goat
1056,North,Iron Age,IA2,IA2,IA.Late,NA,Castelrotto,NA,53,Sheep,OVA,MT1,Metatarsal,NA,NA,NA,NA,NA,NA,NA,NA,23.9,NA,NA,NA,NA,NA,NA,NA,NA,NA,NA,NA,NA,NA,NA,NA,Sheep/goat
1057,North,Iron Age,IA2,IA2,IA.Late,NA,Castelrotto,NA,53,Sheep,OVA,MT1,Metatarsal,NA,NA,NA,NA,NA,NA,NA,NA,23.8,NA,NA,NA,NA,NA,NA,NA,NA,NA,NA,NA,NA,NA,NA,NA,Sheep/goat
1058,North,Iron Age,IA2,IA2,IA.Late,NA,Castelrotto,NA,53,Sheep,OVA,MT1,Metatarsal,NA,NA,NA,NA,NA,NA,NA,NA,25,NA,NA,NA,NA,NA,NA,NA,NA,NA,NA,NA,NA,NA,NA,NA,Sheep/goat
1573,South,Bronze Age,BA.M,BM-R,BA.Middle,NA,Tabina di Margreta,Bronze Age,22,Sheep,OVA,MT1,Metatarsal,125,NA,NA,18.5,18.5,12,NA,NA,22,15,NA,NA,NA,NA,NA,NA,NA,NA,NA,NA,NA,NA,NA,0.5,Sheep/goat
1574,South,Bronze Age,BA.M,BM-R,BA.Middle,NA,Tabina di Margreta,Bronze Age,22,Sheep,OVA,MT1,Metatarsal,NA,NA,NA,19.5,20,11.5,NA,NA,NA,NA,NA,NA,NA,NA,NA,NA,NA,NA,NA,NA,NA,NA,NA,0.5,Sheep/goat
1575,South,Bronze Age,BA.M,BM-R,BA.Middle,NA,Tabina di Margreta,Bronze Age,22,Sheep,OVA,MT1,Metatarsal,NA,NA,NA,21,14,9,NA,NA,NA,NA,NA,NA,NA,NA,NA,NA,NA,NA,NA,NA,NA,NA,NA,0.5,Sheep/goat
1896,North,Iron Age,IA2,IA2,IA.Late,NA,Castelrotto,NA,53,Sheep,OVA,MT1,Metatarsal,NA,NA,NA,19,NA,NA,NA,NA,NA,NA,NA,NA,NA,NA,NA,NA,NA,NA,NA,NA,NA,NA,NA,NA,Sheep/goat
1897,North,Iron Age,IA2,IA2,IA.Late,NA,Castelrotto,NA,53,Sheep,OVA,MT1,Metatarsal,NA,NA,NA,20,NA,NA,NA,NA,NA,NA,NA,NA,NA,NA,NA,NA,NA,NA,NA,NA,NA,NA,NA,NA,Sheep/goat
1898,North,Iron Age,IA2,IA2,IA.Late,NA,Castelrotto,NA,53,Sheep,OVA,MT1,Metatarsal,NA,NA,NA,20.4,NA,NA,NA,NA,NA,NA,NA,NA,NA,NA,NA,NA,NA,NA,NA,NA,NA,NA,NA,NA,Sheep/goat
1899,North,Iron Age,IA2,IA2,IA.Late,NA,Castelrotto,NA,53,Sheep,OVA,MT1,Metatarsal,NA,NA,NA,22.8,NA,NA,NA,NA,NA,NA,NA,NA,NA,NA,NA,NA,NA,NA,NA,NA,NA,NA,NA,NA,Sheep/goat
2108,North,Bronze Age,BA.M,BM-R,BA.Middle,NA,Lavagnone,Sector A + E,126,Sheep,OVA,MT1,Metatarsal,NA,NA,NA,NA,NA,NA,NA,NA,22,15.2,NA,NA,NA,NA,NA,NA,NA,NA,NA,NA,NA,NA,NA,NA,Sheep/goat
2113,North,Bronze Age,BA.M,BM-R,BA.Middle,NA,Lavagnone,Sector A + E,126,Sheep,OVA,MT1,Metatarsal,122.2,NA,NA,NA,NA,14.3,10.8,NA,25.2,13.7,NA,NA,NA,NA,NA,NA,NA,NA,NA,NA,NA,NA,NA,NA,Sheep/goat
2397,South,Bronze Age,BA.M,BM-R,BA.Middle,NA,Baggiovara,Opera Pia Bianchi,121,Sheep,OVA,MT1,Metatarsal,NA,NA,NA,NA,NA,NA,NA,NA,23.4,15.7,NA,NA,NA,NA,NA,NA,NA,NA,NA,NA,NA,NA,NA,NA,Sheep/goat
2588,Appennine,Bronze Age,BA.M,BM-R,BA.Middle,NA,Solarolo,via Odriere Settore 1,123,Sheep,OVA,MT1,Metatarsal,NA,NA,NA,NA,NA,NA,NA,NA,22,NA,NA,NA,NA,NA,NA,NA,NA,NA,NA,NA,NA,NA,NA,NA,Sheep/goat
2589,Appennine,Bronze Age,BA.M,BM-R,BA.Middle,NA,Solarolo,via Odriere Settore 1,123,Sheep,OVA,MT1,Metatarsal,NA,NA,NA,NA,NA,NA,NA,NA,24,NA,NA,NA,NA,NA,NA,NA,NA,NA,NA,NA,NA,NA,NA,NA,Sheep/goat
2590,Appennine,Bronze Age,BA.M,BM-R,BA.Middle,NA,Solarolo,via Odriere Settore 1,123,Sheep,OVA,MT1,Metatarsal,NA,NA,NA,NA,NA,NA,NA,NA,22.2,NA,NA,NA,NA,NA,NA,NA,NA,NA,NA,NA,NA,NA,NA,NA,Sheep/goat
2591,Appennine,Bronze Age,BA.M,BM-R,BA.Middle,NA,Solarolo,via Odriere Settore 1,123,Sheep,OVA,MT1,Metatarsal,129,NA,NA,18.3,NA,11,NA,NA,NA,NA,NA,NA,NA,NA,NA,NA,NA,NA,NA,NA,NA,NA,NA,NA,Sheep/goat
2592,Appennine,Bronze Age,BA.M,BM-R,BA.Middle,NA,Solarolo,via Odriere Settore 1,123,Sheep,OVA,MT1,Metatarsal,NA,NA,NA,NA,NA,NA,NA,NA,21.7,NA,NA,NA,NA,NA,NA,NA,NA,NA,NA,NA,NA,NA,NA,NA,Sheep/goat
2687,South,Bronze Age,BA.M,BM-R,BA.Middle,Rit,Noceto,*Vasca lignea,39,Sheep,OVA,MT1,Metatarsal,128,NA,NA,18.9,19.4,10.6,9.4,NA,22.8,15.8,NA,NA,NA,NA,NA,NA,NA,NA,NA,NA,NA,NA,NA,NA,Sheep/goat
2688,South,Bronze Age,BA.M,BM-R,BA.Middle,Rit,Noceto,*Vasca lignea,39,Sheep,OVA,MT1,Metatarsal,127.1,NA,NA,19.9,19.7,10.1,8.7,NA,24.2,15.7,NA,NA,NA,NA,NA,NA,NA,NA,NA,NA,NA,NA,NA,NA,Sheep/goat
2689,South,Bronze Age,BA.M,BM-R,BA.Middle,Rit,Noceto,*Vasca lignea,39,Sheep,OVA,MT1,Metatarsal,125,NA,NA,18,19,10,8.7,NA,21.4,14.8,NA,NA,NA,NA,NA,NA,NA,NA,NA,NA,NA,NA,NA,NA,Sheep/goat
2984,South,Iron Age,IA2,IA2,IA.Late,ExNISP,Monte Bibele,Just Ambiente/Casa 14,79,Sheep,OVA,MT1,Metatarsal,NA,NA,NA,NA,NA,NA,NA,NA,23.9,16,NA,NA,NA,NA,NA,NA,NA,NA,NA,NA,NA,NA,NA,NA,Sheep/goat
3047,South,Iron Age,IA2,IA2,IA.Late,NA,Marzabotto,Casa 1,119,Sheep,OVA,MT1,Metatarsal,123.7,NA,NA,18.2,NA,9.9,NA,NA,21.3,NA,NA,NA,NA,NA,NA,NA,NA,NA,NA,NA,NA,NA,NA,NA,Sheep/goat
3048,South,Iron Age,IA2,IA2,IA.Late,NA,Marzabotto,Casa 1,119,Sheep,OVA,MT1,Metatarsal,136,NA,NA,NA,NA,12.9,NA,NA,23.8,NA,NA,NA,NA,NA,NA,NA,NA,NA,NA,NA,NA,NA,NA,NA,Sheep/goat
3050,South,Iron Age,IA2,IA2,IA.Late,NA,Marzabotto,Casa 1,119,Sheep,OVA,MT1,Metatarsal,120,NA,NA,20,NA,13.3,NA,NA,24.3,NA,NA,NA,NA,NA,NA,NA,NA,NA,NA,NA,NA,NA,NA,NA,Sheep/goat
3155,Veneto,Bronze Age,BA.R-F,BRF-IA0,BA.Late,NA,Fondo Paviani,Riedel 1979 - Recent/Final,21,Sheep,OVA,MT1,Metatarsal,NA,NA,NA,19.6,NA,NA,NA,NA,NA,NA,NA,NA,NA,NA,NA,NA,NA,NA,NA,NA,NA,NA,NA,NA,Sheep/goat
3156,North,Bronze Age,BA.R-F,BRF-IA0,BA.Late,NA,Cavalzara,Riedel 1979,20,Sheep,OVA,MT1,Metatarsal,NA,NA,NA,19.4,NA,NA,NA,NA,NA,NA,NA,NA,NA,NA,NA,NA,NA,NA,NA,NA,NA,NA,NA,NA,Sheep/goat
3157,North,Bronze Age,BA.R-F,BRF-IA0,BA.Late,NA,Cavalzara,Riedel 1979,20,Sheep,OVA,MT1,Metatarsal,NA,NA,NA,21.4,NA,NA,NA,NA,NA,NA,NA,NA,NA,NA,NA,NA,NA,NA,NA,NA,NA,NA,NA,NA,Sheep/goat
3218,North,Bronze Age,BA.R,BM-R,BA.Late,NA,Feniletto,NA,15,Sheep,OVA,MT1,Metatarsal,122.3,NA,NA,16.2,NA,9.4,NA,NA,15.5,NA,NA,NA,NA,NA,NA,NA,NA,NA,NA,NA,Bd very small but appears in publication like this,NA,NA,NA,Sheep/goat
3428,North,Iron Age,IA2,IA2,IA.Late,NA,Colognola ai Colli,NA,54,Sheep,OVA,MT1,Metatarsal,NA,NA,NA,19.4,NA,NA,NA,NA,NA,NA,NA,NA,NA,NA,NA,NA,NA,NA,NA,NA,NA,NA,NA,NA,Sheep/goat
3429,North,Iron Age,IA2,IA2,IA.Late,NA,Colognola ai Colli,NA,54,Sheep,OVA,MT1,Metatarsal,NA,NA,NA,19.5,NA,NA,NA,NA,NA,NA,NA,NA,NA,NA,NA,NA,NA,NA,NA,NA,NA,NA,NA,NA,Sheep/goat
3430,North,Iron Age,IA2,IA2,IA.Late,NA,Colognola ai Colli,NA,54,Sheep,OVA,MT1,Metatarsal,NA,NA,NA,20.5,NA,NA,NA,NA,NA,NA,NA,NA,NA,NA,NA,NA,NA,NA,NA,NA,NA,NA,NA,NA,Sheep/goat
3431,North,Iron Age,IA2,IA2,IA.Late,NA,Colognola ai Colli,NA,54,Sheep,OVA,MT1,Metatarsal,NA,NA,NA,21.2,NA,NA,NA,NA,NA,NA,NA,NA,NA,NA,NA,NA,NA,NA,NA,NA,NA,NA,NA,NA,Sheep/goat
3502,Appennine,Bronze Age,BA.M-R,BM-R,BA.Middle-Late,ExNISP,San Giuliano di Toscanella,NA,34,Sheep,OVA,MT1,Metatarsal,135.5,NA,NA,22.8,16.7,15,9.6,NA,26,16.3,NA,NA,NA,NA,NA,NA,NA,NA,NA,NA,NA,NA,NA,NA,Sheep/goat
3503,Appennine,Bronze Age,BA.M-R,BM-R,BA.Middle-Late,ExNISP,San Giuliano di Toscanella,NA,34,Sheep,OVA,MT1,Metatarsal,122,NA,NA,22.2,16.5,12.9,8.7,NA,24.2,16.1,NA,NA,NA,NA,NA,NA,NA,NA,NA,NA,NA,NA,NA,NA,Sheep/goat
3504,Appennine,Bronze Age,BA.M-R,BM-R,BA.Middle-Late,ExNISP,San Giuliano di Toscanella,NA,34,Sheep,OVA,MT1,Metatarsal,123,NA,NA,21.7,15.2,13,7.5,NA,24,15.8,NA,NA,NA,NA,NA,NA,NA,NA,NA,NA,NA,NA,NA,NA,Sheep/goat
3505,Appennine,Bronze Age,BA.M-R,BM-R,BA.Middle-Late,ExNISP,San Giuliano di Toscanella,NA,34,Sheep,OVA,MT1,Metatarsal,124,NA,NA,NA,NA,11.8,8.4,NA,22.7,14.5,NA,NA,NA,NA,NA,NA,NA,NA,NA,NA,NA,NA,NA,NA,Sheep/goat
3506,Appennine,Bronze Age,BA.M-R,BM-R,BA.Middle-Late,ExNISP,San Giuliano di Toscanella,NA,34,Sheep,OVA,MT1,Metatarsal,124.5,NA,NA,19.7,15,12.1,8.3,NA,22.7,14.7,NA,NA,NA,NA,NA,NA,NA,NA,NA,NA,NA,NA,NA,NA,Sheep/goat
3507,Appennine,Bronze Age,BA.M-R,BM-R,BA.Middle-Late,ExNISP,San Giuliano di Toscanella,NA,34,Sheep,OVA,MT1,Metatarsal,114,NA,NA,21.1,15.2,12.4,8.2,NA,23,15.7,NA,NA,NA,NA,NA,NA,NA,NA,NA,NA,NA,NA,NA,NA,Sheep/goat
3508,Appennine,Bronze Age,BA.M-R,BM-R,BA.Middle-Late,ExNISP,San Giuliano di Toscanella,NA,34,Sheep,OVA,MT1,Metatarsal,118,NA,NA,23,16.2,13.2,8.8,NA,25.3,16.5,NA,NA,NA,NA,NA,NA,NA,NA,NA,NA,NA,NA,NA,NA,Sheep/goat
3509,Appennine,Bronze Age,BA.M-R,BM-R,BA.Middle-Late,ExNISP,San Giuliano di Toscanella,NA,34,Sheep,OVA,MT1,Metatarsal,126,NA,NA,18.1,18.2,8.7,8,NA,21.6,15.1,NA,NA,NA,NA,NA,NA,NA,NA,NA,NA,NA,NA,NA,NA,Sheep/goat
3510,Appennine,Bronze Age,BA.M-R,BM-R,BA.Middle-Late,ExNISP,San Giuliano di Toscanella,NA,34,Sheep,OVA,MT1,Metatarsal,116.5,NA,NA,19.1,14.9,11,7.2,NA,21.9,14.9,NA,NA,NA,NA,NA,NA,NA,NA,NA,NA,NA,NA,NA,NA,Sheep/goat
3511,Appennine,Bronze Age,BA.M-R,BM-R,BA.Middle-Late,ExNISP,San Giuliano di Toscanella,NA,34,Sheep,OVA,MT1,Metatarsal,113.5,NA,NA,16.6,16.3,9.4,7.9,NA,19.8,14,NA,NA,NA,NA,NA,NA,NA,NA,NA,NA,NA,NA,NA,NA,Sheep/goat
3665,Friuli,Iron Age,IA0-IA1,BRF-IA0,IA.Early,NA,Pozzuolo,Excavations 1980-83 Final Bronze-Iron Age,55,Sheep,OVA,MT1,Metatarsal,NA,NA,NA,20.3,NA,NA,NA,NA,NA,NA,NA,NA,NA,NA,NA,NA,NA,NA,NA,NA,NA,NA,NA,NA,Sheep/goat
3666,Friuli,Iron Age,IA0-IA1,BRF-IA0,IA.Early,NA,Pozzuolo,Excavations 1980-83 Final Bronze-Iron Age,55,Sheep,OVA,MT1,Metatarsal,NA,NA,NA,NA,NA,11.2,NA,NA,24,NA,NA,NA,NA,NA,NA,NA,NA,NA,NA,NA,NA,NA,NA,NA,Sheep/goat
3667,Friuli,Iron Age,IA0-IA1,BRF-IA0,IA.Early,NA,Pozzuolo,Excavations 1980-83 Final Bronze-Iron Age,55,Sheep,OVA,MT1,Metatarsal,139,NA,NA,20.3,NA,10.9,NA,NA,22.5,NA,NA,NA,NA,NA,NA,NA,NA,NA,NA,NA,NA,NA,NA,NA,Sheep/goat
3668,Friuli,Iron Age,IA0-IA1,BRF-IA0,IA.Early,NA,Pozzuolo,Excavations 1980-83 Final Bronze-Iron Age,55,Sheep,OVA,MT1,Metatarsal,140,NA,NA,22.2,NA,12.8,NA,NA,26.6,NA,NA,NA,NA,NA,NA,NA,NA,NA,NA,NA,NA,NA,NA,NA,Sheep/goat
3669,Friuli,Iron Age,IA0-IA1,BRF-IA0,IA.Early,NA,Pozzuolo,Excavations 1980-83 Final Bronze-Iron Age,55,Sheep,OVA,MT1,Metatarsal,141,NA,NA,21,NA,11.4,NA,NA,25.2,NA,NA,NA,NA,NA,NA,NA,NA,NA,NA,NA,NA,NA,NA,NA,Sheep/goat
3670,Friuli,Iron Age,IA0-IA1,BRF-IA0,IA.Early,NA,Pozzuolo,Excavations 1980-83 Final Bronze-Iron Age,55,Sheep,OVA,MT1,Metatarsal,143,NA,NA,19.6,NA,11,NA,NA,23.2,NA,NA,NA,NA,NA,NA,NA,NA,NA,NA,NA,NA,NA,NA,NA,Sheep/goat
3671,Friuli,Iron Age,IA0-IA1,BRF-IA0,IA.Early,NA,Pozzuolo,Excavations 1980-83 Final Bronze-Iron Age,55,Sheep,OVA,MT1,Metatarsal,NA,NA,NA,18.5,NA,NA,NA,NA,NA,NA,NA,NA,NA,NA,NA,NA,NA,NA,NA,NA,NA,NA,NA,NA,Sheep/goat
3672,Friuli,Iron Age,IA0-IA1,BRF-IA0,IA.Early,NA,Pozzuolo,Excavations 1980-83 Final Bronze-Iron Age,55,Sheep,OVA,MT1,Metatarsal,NA,NA,NA,20.5,NA,NA,NA,NA,NA,NA,NA,NA,NA,NA,NA,NA,NA,NA,NA,NA,NA,NA,NA,NA,Sheep/goat
3673,Friuli,Iron Age,IA0-IA1,BRF-IA0,IA.Early,NA,Pozzuolo,Excavations 1980-83 Final Bronze-Iron Age,55,Sheep,OVA,MT1,Metatarsal,NA,NA,NA,21.4,NA,NA,NA,NA,NA,NA,NA,NA,NA,NA,NA,NA,NA,NA,NA,NA,NA,NA,NA,NA,Sheep/goat
3674,Friuli,Iron Age,IA0-IA1,BRF-IA0,IA.Early,NA,Pozzuolo,Excavations 1980-83 Final Bronze-Iron Age,55,Sheep,OVA,MT1,Metatarsal,NA,NA,NA,22.4,NA,NA,NA,NA,NA,NA,NA,NA,NA,NA,NA,NA,NA,NA,NA,NA,NA,NA,NA,NA,Sheep/goat
3675,Friuli,Iron Age,IA0-IA1,BRF-IA0,IA.Early,NA,Pozzuolo,Excavations 1980-83 Final Bronze-Iron Age,55,Sheep,OVA,MT1,Metatarsal,NA,NA,NA,23.4,NA,NA,NA,NA,NA,NA,NA,NA,NA,NA,NA,NA,NA,NA,NA,NA,NA,NA,NA,NA,Sheep/goat
3726,Friuli,Roman,Rom.Early,Early,Roman.Early,NA,Pozzuolo,Excavations 1980-83 Roman,160,Sheep,OVA,MT1,Metatarsal,NA,NA,NA,20.2,NA,11.2,NA,NA,NA,NA,NA,NA,NA,NA,NA,NA,NA,NA,NA,NA,NA,NA,NA,NA,Sheep/goat
3727,Friuli,Roman,Rom.Early,Early,Roman.Early,NA,Pozzuolo,Excavations 1980-83 Roman,160,Sheep,OVA,MT1,Metatarsal,NA,NA,NA,18.5,NA,NA,NA,NA,NA,NA,NA,NA,NA,NA,NA,NA,NA,NA,NA,NA,NA,NA,NA,NA,Sheep/goat
3728,Friuli,Roman,Rom.Early,Early,Roman.Early,NA,Pozzuolo,Excavations 1980-83 Roman,160,Sheep,OVA,MT1,Metatarsal,NA,NA,NA,18.8,NA,NA,NA,NA,NA,NA,NA,NA,NA,NA,NA,NA,NA,NA,NA,NA,NA,NA,NA,NA,Sheep/goat
3892,North,Bronze Age,BA.M-R,BM-R,BA.Middle-Late,NA,Peschiera,NA,14,Sheep,OVA,MT1,Metatarsal,113.8,NA,NA,16.7,NA,9.2,NA,9.2,19.6,NA,NA,NA,NA,NA,NA,NA,NA,NA,NA,NA,NA,NA,NA,NA,Sheep/goat
3893,North,Bronze Age,BA.M-R,BM-R,BA.Middle-Late,NA,Peschiera,NA,14,Sheep,OVA,MT1,Metatarsal,124,NA,NA,18,NA,9.8,NA,9.8,21.3,NA,NA,NA,NA,NA,NA,NA,NA,NA,NA,NA,NA,NA,NA,NA,Sheep/goat
3894,North,Bronze Age,BA.M-R,BM-R,BA.Middle-Late,NA,Peschiera,NA,14,Sheep,OVA,MT1,Metatarsal,NA,NA,NA,16.8,NA,NA,NA,NA,NA,NA,NA,NA,NA,NA,NA,NA,NA,NA,NA,NA,NA,NA,NA,NA,Sheep/goat
3895,North,Bronze Age,BA.M-R,BM-R,BA.Middle-Late,NA,Peschiera,NA,14,Sheep,OVA,MT1,Metatarsal,NA,NA,NA,17.5,NA,NA,NA,NA,NA,NA,NA,NA,NA,NA,NA,NA,NA,NA,NA,NA,NA,NA,NA,NA,Sheep/goat
3896,North,Bronze Age,BA.M-R,BM-R,BA.Middle-Late,NA,Peschiera,NA,14,Sheep,OVA,MT1,Metatarsal,NA,NA,NA,18.5,NA,NA,NA,NA,NA,NA,NA,NA,NA,NA,NA,NA,NA,NA,NA,NA,NA,NA,NA,NA,Sheep/goat
3897,North,Bronze Age,BA.M-R,BM-R,BA.Middle-Late,NA,Peschiera,NA,14,Sheep,OVA,MT1,Metatarsal,NA,NA,NA,19.8,NA,NA,NA,NA,NA,NA,NA,NA,NA,NA,NA,NA,NA,NA,NA,NA,NA,NA,NA,NA,Sheep/goat
3929,South,Bronze Age,BA.M,BM-R,BA.Middle,NA,Bazzano Rocca,NA,124,Sheep,OVA,MT1,Metatarsal,NA,NA,NA,18.2,18.8,10,NA,NA,NA,NA,NA,NA,NA,NA,NA,NA,NA,NA,NA,NA,NA,NA,NA,NA,Sheep/goat
4066,South,Bronze Age,BA.M,BM-R,BA.Middle,NA,Poviglio,Villaggio piccolo - MBA,26,Sheep,OVA,MT1,Metatarsal,115.1,NA,NA,17.3,NA,9.3,NA,NA,20.7,NA,NA,NA,NA,NA,NA,NA,NA,NA,NA,NA,NA,NA,NA,NA,Sheep/goat
4067,South,Bronze Age,BA.M,BM-R,BA.Middle,NA,Poviglio,Villaggio piccolo - MBA,26,Sheep,OVA,MT1,Metatarsal,129,NA,NA,NA,NA,10.5,NA,NA,22.9,NA,NA,NA,NA,NA,NA,NA,NA,NA,NA,NA,NA,NA,NA,NA,Sheep/goat
4071,South,Bronze Age,BA.M,BM-R,BA.Middle,NA,Poviglio,Villaggio piccolo - MBA,26,Sheep,OVA,MT1,Metatarsal,NA,NA,NA,NA,NA,NA,NA,NA,19.4,NA,NA,NA,NA,NA,NA,NA,NA,NA,NA,NA,NA,NA,NA,NA,Sheep/goat
4238,Veneto,Bronze Age,BA.M,BM-R,BA.Middle,NA,Vallette,NA,145,Sheep,OVA,MT1,Metatarsal,NA,NA,NA,NA,NA,11.2,9,NA,NA,NA,NA,NA,NA,NA,NA,NA,NA,NA,NA,NA,NA,NA,NA,1,Sheep/goat
4429,Veneto,Bronze Age,BA.M,BM-R,BA.Middle,NA,Tombola,NA,146,Sheep,OVA,MT1,Metatarsal,NA,NA,NA,NA,NA,11,NA,NA,NA,10,NA,NA,NA,NA,NA,NA,NA,NA,NA,NA,NA,NA,NA,1,Sheep/goat
4430,Veneto,Bronze Age,BA.M,BM-R,BA.Middle,NA,Tombola,NA,146,Sheep,OVA,MT1,Metatarsal,NA,NA,NA,18,NA,10,NA,NA,NA,9,NA,NA,NA,NA,NA,NA,NA,NA,NA,NA,NA,NA,NA,1,Sheep/goat
4431,Veneto,Bronze Age,BA.M,BM-R,BA.Middle,NA,Tombola,NA,146,Sheep,OVA,MT1,Metatarsal,NA,NA,NA,18,NA,10,NA,NA,NA,9,NA,NA,NA,NA,NA,NA,NA,NA,NA,NA,NA,NA,NA,1,Sheep/goat
4432,Veneto,Bronze Age,BA.M,BM-R,BA.Middle,NA,Tombola,NA,146,Sheep,OVA,MT1,Metatarsal,NA,NA,NA,NA,NA,9,NA,NA,22,8,NA,NA,NA,NA,NA,NA,NA,NA,NA,NA,NA,NA,NA,1,Sheep/goat
4433,Veneto,Bronze Age,BA.M,BM-R,BA.Middle,NA,Tombola,NA,146,Sheep,OVA,MT1,Metatarsal,121,NA,NA,18,NA,9,NA,NA,22,8,NA,NA,NA,NA,NA,NA,NA,NA,NA,NA,NA,NA,NA,1,Sheep/goat
4434,Veneto,Bronze Age,BA.M,BM-R,BA.Middle,NA,Tombola,NA,146,Sheep,OVA,MT1,Metatarsal,NA,NA,NA,18,NA,10,NA,NA,22,8,NA,NA,NA,NA,NA,NA,NA,NA,NA,NA,NA,NA,NA,1,Sheep/goat
4688,South,Iron Age,IA2,IA2,IA.Late,ExNISP,Forcello,Trentacoste PhD,84,Sheep,OVA,MT1,Metatarsal,122,NA,NA,NA,NA,9.8,NA,NA,21.1,NA,NA,NA,NA,NA,NA,NA,NA,NA,NA,NA,NA,NA,NA,NA,Sheep/goat
4769,South,Iron Age,IA2,IA2,IA.Late,ExNISP,Forcello,Trentacoste PhD,84,Sheep,OVA,MT1,Metatarsal,NA,NA,NA,NA,NA,NA,NA,NA,25.6,NA,NA,NA,NA,NA,NA,NA,NA,NA,NA,NA,NA,NA,NA,NA,Sheep/goat
4781,South,Iron Age,IA2,IA2,IA.Late,ExNISP,Forcello,Trentacoste PhD,84,Sheep,OVA,MT1,Metatarsal,NA,NA,NA,NA,NA,NA,NA,NA,24.3,NA,NA,NA,NA,NA,NA,NA,NA,NA,NA,NA,NA,NA,NA,NA,Sheep/goat
4819,South,Iron Age,IA2,IA2,IA.Late,ExNISP,Forcello,Trentacoste PhD,84,Sheep,OVA,MT1,Metatarsal,140,NA,NA,NA,NA,11.7,NA,NA,24.6,NA,NA,NA,NA,NA,NA,NA,NA,NA,NA,NA,NA,NA,NA,NA,Sheep/goat
4907,South,Iron Age,IA2,IA2,IA.Late,ExNISP,Forcello,Trentacoste PhD,84,Sheep,OVA,MT1,Metatarsal,NA,NA,NA,NA,NA,10.6,NA,NA,NA,NA,NA,NA,NA,NA,NA,NA,NA,NA,NA,NA,NA,NA,NA,NA,Sheep/goat
4932,South,Iron Age,IA2,IA2,IA.Late,ExNISP,Forcello,Trentacoste PhD,84,Sheep,OVA,MT1,Metatarsal,NA,NA,NA,NA,NA,11.5,NA,NA,23.8,NA,NA,NA,NA,NA,NA,NA,NA,NA,NA,NA,NA,NA,NA,NA,Sheep/goat
4994,South,Iron Age,IA2,IA2,IA.Late,ExNISP,Forcello,Trentacoste PhD,84,Sheep,OVA,MT1,Metatarsal,151,NA,NA,NA,NA,NA,NA,NA,25.8,NA,NA,NA,NA,NA,NA,NA,NA,NA,NA,NA,NA,NA,NA,NA,Sheep/goat
5002,South,Iron Age,IA2,IA2,IA.Late,ExNISP,Forcello,Trentacoste PhD,84,Sheep,OVA,MT1,Metatarsal,NA,NA,NA,NA,NA,NA,NA,NA,25.4,NA,NA,NA,NA,NA,NA,NA,NA,NA,NA,Bony growth at medial shaft were broken,NA,NA,NA,NA,Sheep/goat
5059,South,Iron Age,IA2,IA2,IA.Late,ExNISP,Forcello,Trentacoste PhD,84,Sheep,OVA,MT1,Metatarsal,122.2,NA,NA,NA,NA,11.3,NA,NA,23.5,NA,NA,NA,NA,NA,NA,NA,NA,NA,NA,NA,NA,NA,NA,NA,Sheep/goat
5132,South,Iron Age,IA2,IA2,IA.Late,ExNISP,Forcello,Trentacoste PhD,84,Sheep,OVA,MT1,Metatarsal,NA,NA,NA,NA,NA,NA,NA,NA,26.2,NA,NA,NA,NA,NA,NA,NA,NA,NA,NA,NA,NA,NA,NA,NA,Sheep/goat
5142,South,Iron Age,IA2,IA2,IA.Late,ExNISP,Forcello,Trentacoste PhD,84,Sheep,OVA,MT1,Metatarsal,NA,NA,NA,NA,NA,NA,NA,NA,23.6,NA,NA,NA,NA,NA,NA,NA,NA,NA,NA,NA,NA,NA,NA,NA,Sheep/goat
5385,South,Iron Age,IA2,IA2,IA.Late,ExNISP,Forcello,Trentacoste PhD,84,Sheep,OVA,MT1,Metatarsal,153,NA,NA,NA,NA,10.7,NA,NA,25.1,NA,NA,NA,NA,NA,NA,NA,NA,NA,NA,NA,NA,NA,NA,NA,Sheep/goat
5389,South,Iron Age,IA2,IA2,IA.Late,ExNISP,Forcello,Trentacoste PhD,84,Sheep,OVA,MT1,Metatarsal,NA,NA,NA,NA,NA,NA,NA,NA,25.3,NA,NA,NA,NA,NA,NA,NA,NA,NA,NA,NA,NA,NA,NA,NA,Sheep/goat
5405,South,Iron Age,IA2,IA2,IA.Late,ExNISP,Forcello,Trentacoste PhD,84,Sheep,OVA,MT1,Metatarsal,NA,NA,NA,NA,NA,10.7,NA,NA,22.3,NA,NA,NA,NA,NA,NA,NA,NA,NA,NA,NA,NA,NA,NA,NA,Sheep/goat
5406,South,Iron Age,IA2,IA2,IA.Late,ExNISP,Forcello,Trentacoste PhD,84,Sheep,OVA,MT1,Metatarsal,NA,NA,NA,NA,NA,NA,NA,NA,26.6,NA,NA,NA,NA,NA,NA,NA,NA,NA,NA,NA,NA,NA,NA,NA,Sheep/goat
5420,South,Iron Age,IA2,IA2,IA.Late,ExNISP,Forcello,Trentacoste PhD,84,Sheep,OVA,MT1,Metatarsal,123,NA,NA,NA,NA,NA,NA,NA,25.8,NA,NA,NA,NA,NA,NA,NA,NA,NA,NA,NA,NA,NA,NA,NA,Sheep/goat
5513,South,Iron Age,IA2,IA2,IA.Late,ExNISP,Forcello,Trentacoste PhD,84,Sheep,OVA,MT1,Metatarsal,137.1,NA,NA,NA,NA,10.6,NA,NA,25.3,NA,NA,NA,NA,NA,NA,NA,NA,NA,NA,NA,NA,NA,NA,NA,Sheep/goat
5554,South,Iron Age,IA2,IA2,IA.Late,ExNISP,Forcello,Trentacoste PhD,84,Sheep,OVA,MT1,Metatarsal,128.8,NA,NA,NA,NA,10.8,NA,NA,22.6,NA,NA,NA,NA,NA,NA,NA,NA,NA,NA,NA,NA,NA,NA,NA,Sheep/goat
5660,South,Iron Age,IA2,IA2,IA.Late,ExNISP,Forcello,Trentacoste PhD,84,Sheep,OVA,MT1,Metatarsal,150.2,NA,NA,NA,NA,NA,NA,NA,26.4,NA,NA,NA,NA,NA,NA,NA,NA,NA,NA,Uni,NA,NA,NA,NA,Sheep/goat
5710,South,Iron Age,IA2,IA2,IA.Late,ExNISP,Forcello,Trentacoste PhD,84,Sheep,OVA,MT1,Metatarsal,NA,NA,NA,NA,NA,10.9,NA,NA,23.8,NA,NA,NA,NA,NA,NA,NA,NA,NA,NA,NA,NA,NA,NA,NA,Sheep/goat
5780,South,Iron Age,IA2,IA2,IA.Late,ExNISP,Forcello,Trentacoste PhD,84,Sheep,OVA,MT1,Metatarsal,NA,NA,NA,NA,NA,11.4,NA,NA,NA,NA,NA,NA,NA,NA,NA,NA,NA,NA,NA,NA,NA,NA,NA,NA,Sheep/goat
5796,South,Iron Age,IA2,IA2,IA.Late,ExNISP,Forcello,Trentacoste PhD,84,Sheep,OVA,MT1,Metatarsal,NA,NA,NA,NA,NA,NA,NA,NA,21.9,NA,NA,NA,NA,NA,NA,NA,NA,NA,NA,NA,NA,NA,NA,NA,Sheep/goat
5906,South,Iron Age,IA2,IA2,IA.Late,ExNISP,Forcello,Trentacoste PhD,84,Sheep,OVA,MT1,Metatarsal,138.2,NA,NA,NA,NA,12.9,NA,NA,24.8,NA,NA,NA,NA,NA,NA,NA,NA,NA,NA,NA,NA,NA,NA,NA,Sheep/goat
5937,South,Iron Age,IA2,IA2,IA.Late,ExNISP,Forcello,Trentacoste PhD,84,Sheep,OVA,MT1,Metatarsal,124.6,NA,NA,NA,NA,13.6,NA,NA,26.7,NA,NA,NA,NA,NA,NA,NA,NA,NA,NA,NA,NA,NA,NA,NA,Sheep/goat
5956,South,Iron Age,IA2,IA2,IA.Late,ExNISP,Forcello,Trentacoste PhD,84,Sheep,OVA,MT1,Metatarsal,141.6,NA,NA,NA,NA,13.4,NA,NA,NA,NA,NA,NA,NA,NA,NA,NA,NA,NA,NA,possible partial skeleton 002 003,NA,84.1,*,NA,Sheep/goat
5957,South,Iron Age,IA2,IA2,IA.Late,ExNISP,Forcello,Trentacoste PhD,84,Sheep,OVA,MT1,Metatarsal,142.1,NA,NA,NA,NA,13.3,NA,NA,25.7,NA,NA,NA,NA,NA,NA,NA,NA,NA,NA,possible partial skeleton 002 003,NA,84.1,NA,NA,Sheep/goat
5977,South,Iron Age,IA2,IA2,IA.Late,ExNISP,Forcello,Trentacoste PhD,84,Sheep,OVA,MT1,Metatarsal,NA,NA,NA,NA,NA,NA,NA,NA,25.8,NA,NA,NA,NA,NA,NA,NA,NA,NA,NA,NA,NA,NA,NA,NA,Sheep/goat
6071,South,Iron Age,IA2,IA2,IA.Late,ExNISP,Forcello,Trentacoste PhD,84,Sheep,OVA,MT1,Metatarsal,NA,NA,NA,NA,NA,NA,NA,NA,25.2,NA,NA,NA,NA,NA,NA,NA,NA,NA,NA,NA,NA,NA,NA,NA,Sheep/goat
6138,South,Iron Age,IA2,IA2,IA.Late,ExNISP,Forcello,Trentacoste PhD,84,Sheep,OVA,MT1,Metatarsal,NA,NA,NA,NA,NA,NA,NA,NA,23.7,NA,NA,NA,NA,NA,NA,NA,NA,NA,NA,NA,NA,NA,NA,NA,Sheep/goat
7921,North,Bronze Age,BA.M,BM-R,BA.Middle,NA,Nogarole Rocca,I Camponi,17,Sheep,OVA,MT1,Metatarsal,NA,NA,NA,22.9,NA,NA,NA,NA,NA,NA,NA,NA,NA,NA,NA,NA,NA,NA,NA,NA,NA,NA,NA,NA,Sheep/goat
8479,North,Bronze Age,BA.R,BM-R,BA.Late,NA,Bovolone,Bertoloni et al. 2015,125,Sheep,OVA,MT1,Metatarsal,NA,NA,NA,18,NA,NA,NA,NA,NA,NA,NA,NA,NA,NA,NA,NA,NA,NA,NA,NA,NA,NA,NA,1,Sheep/goat
8480,North,Bronze Age,BA.R,BM-R,BA.Late,NA,Bovolone,Bertoloni et al. 2015,125,Sheep,OVA,MT1,Metatarsal,NA,NA,NA,21,NA,10,NA,NA,NA,NA,NA,NA,NA,NA,NA,NA,NA,NA,NA,NA,NA,NA,NA,1,Sheep/goat
8481,North,Bronze Age,BA.R,BM-R,BA.Late,NA,Bovolone,Bertoloni et al. 2015,125,Sheep,OVA,MT1,Metatarsal,133.4,NA,NA,18,NA,9,NA,NA,NA,NA,NA,NA,NA,NA,NA,NA,NA,NA,NA,NA,NA,NA,NA,1*,Sheep/goat
8482,North,Bronze Age,BA.R,BM-R,BA.Late,NA,Bovolone,Bertoloni et al. 2015,125,Sheep,OVA,MT1,Metatarsal,NA,NA,NA,18.6,NA,NA,NA,NA,NA,NA,NA,NA,NA,NA,NA,NA,NA,NA,NA,NA,NA,NA,NA,1,Sheep/goat
8687,Veneto,Bronze Age,BA.R,BM-R,BA.Late,NA,Campestrin,NA,149,Sheep,OVA,MT1,Metatarsal,NA,NA,NA,18,NA,9,NA,NA,NA,NA,NA,NA,NA,NA,NA,NA,NA,NA,NA,NA,NA,NA,NA,1,Sheep/goat
8968,Veneto,Bronze Age,BA.R,BM-R,BA.Late,NA,Terranegra,Depellegrin & Tecchiati - BR,61,Sheep,OVA,MT1,Metatarsal,NA,NA,NA,19.4,NA,10.2,NA,NA,NA,NA,NA,NA,NA,NA,NA,NA,NA,NA,NA,NA,NA,NA,NA,NA,Sheep/goat
8969,Veneto,Bronze Age,BA.R,BM-R,BA.Late,NA,Terranegra,Depellegrin & Tecchiati - BR,61,Sheep,OVA,MT1,Metatarsal,141.5,NA,NA,20,NA,13.7,NA,NA,25.1,NA,NA,NA,NA,NA,NA,NA,NA,NA,NA,NA,NA,NA,NA,NA,Sheep/goat
8970,Veneto,Bronze Age,BA.R,BM-R,BA.Late,NA,Terranegra,Depellegrin & Tecchiati - BR,61,Sheep,OVA,MT1,Metatarsal,NA,NA,NA,19.8,NA,10.1,NA,NA,NA,NA,NA,NA,NA,NA,NA,NA,NA,NA,NA,NA,NA,NA,NA,NA,Sheep/goat
8971,Veneto,Bronze Age,BA.R,BM-R,BA.Late,NA,Terranegra,Depellegrin & Tecchiati - BR,61,Sheep,OVA,MT1,Metatarsal,NA,NA,NA,NA,NA,NA,NA,NA,25,NA,NA,NA,NA,NA,NA,NA,NA,NA,NA,NA,NA,NA,NA,NA,Sheep/goat
8972,Veneto,Bronze Age,BA.R,BM-R,BA.Late,NA,Terranegra,Depellegrin & Tecchiati - BR,61,Sheep,OVA,MT1,Metatarsal,NA,NA,NA,19.5,NA,12.6,NA,NA,NA,NA,NA,NA,NA,NA,NA,NA,NA,NA,NA,NA,NA,NA,NA,NA,Sheep/goat
8973,Veneto,Bronze Age,BA.R,BM-R,BA.Late,NA,Terranegra,Depellegrin & Tecchiati - BR,61,Sheep,OVA,MT1,Metatarsal,137.2,NA,NA,20.8,NA,12.6,NA,NA,24.4,NA,NA,NA,NA,NA,NA,NA,NA,NA,NA,NA,NA,NA,NA,NA,Sheep/goat
8974,Veneto,Bronze Age,BA.R,BM-R,BA.Late,NA,Terranegra,Depellegrin & Tecchiati - BR,61,Sheep,OVA,MT1,Metatarsal,NA,NA,NA,23.1,NA,NA,NA,NA,NA,NA,NA,NA,NA,NA,NA,NA,NA,NA,NA,NA,NA,NA,NA,NA,Sheep/goat
8975,Veneto,Bronze Age,BA.R,BM-R,BA.Late,NA,Terranegra,Depellegrin & Tecchiati - BR,61,Sheep,OVA,MT1,Metatarsal,NA,NA,NA,19.6,NA,10.1,NA,NA,NA,NA,NA,NA,NA,NA,NA,NA,NA,NA,NA,NA,NA,NA,NA,NA,Sheep/goat
8976,Veneto,Bronze Age,BA.R,BM-R,BA.Late,NA,Terranegra,Depellegrin & Tecchiati - BR,61,Sheep,OVA,MT1,Metatarsal,NA,NA,NA,23.9,NA,13.9,NA,NA,NA,NA,NA,NA,NA,NA,NA,NA,NA,NA,NA,NA,NA,NA,NA,NA,Sheep/goat
8977,Veneto,Iron Age,IA1-IA2,IA1,IA.Mid,NA,Terranegra,Depellegrin & Tecchiati - IA,156,Sheep,OVA,MT1,Metatarsal,NA,NA,NA,21.6,NA,12.1,NA,NA,NA,NA,NA,NA,NA,NA,NA,NA,NA,NA,NA,NA,NA,NA,NA,NA,Sheep/goat
8978,Veneto,Iron Age,IA1-IA2,IA1,IA.Mid,NA,Terranegra,Depellegrin & Tecchiati - IA,156,Sheep,OVA,MT1,Metatarsal,152,NA,NA,21.2,NA,11.9,NA,NA,25.4,NA,NA,NA,NA,NA,NA,NA,NA,NA,NA,NA,NA,NA,NA,NA,Sheep/goat
8979,Veneto,Iron Age,IA1-IA2,IA1,IA.Mid,NA,Terranegra,Depellegrin & Tecchiati - IA,156,Sheep,OVA,MT1,Metatarsal,NA,NA,NA,20.4,NA,10.1,NA,NA,NA,NA,NA,NA,NA,NA,NA,NA,NA,NA,NA,NA,NA,NA,NA,NA,Sheep/goat
8980,Veneto,Iron Age,IA1-IA2,IA1,IA.Mid,NA,Terranegra,Depellegrin & Tecchiati - IA,156,Sheep,OVA,MT1,Metatarsal,145.8,NA,NA,22,NA,11.4,NA,NA,24.8,NA,NA,NA,NA,NA,NA,NA,NA,NA,NA,NA,NA,NA,NA,NA,Sheep/goat
8981,Veneto,Iron Age,IA1-IA2,IA1,IA.Mid,NA,Terranegra,Depellegrin & Tecchiati - IA,156,Sheep,OVA,MT1,Metatarsal,NA,NA,NA,20.1,NA,12.2,NA,NA,NA,NA,NA,NA,NA,NA,NA,NA,NA,NA,NA,NA,NA,NA,NA,NA,Sheep/goat
8982,Veneto,Iron Age,IA1-IA2,IA1,IA.Mid,NA,Terranegra,Depellegrin & Tecchiati - IA,156,Sheep,OVA,MT1,Metatarsal,140.5,NA,NA,21.5,NA,11.1,NA,NA,25.3,NA,NA,NA,NA,NA,NA,NA,NA,NA,NA,NA,NA,NA,NA,NA,Sheep/goat
8983,Veneto,Iron Age,IA1-IA2,IA1,IA.Mid,NA,Terranegra,Depellegrin & Tecchiati - IA,156,Sheep,OVA,MT1,Metatarsal,NA,NA,NA,NA,NA,NA,NA,NA,25.5,NA,NA,NA,NA,NA,NA,NA,NA,NA,NA,NA,NA,NA,NA,NA,Sheep/goat
8984,Veneto,Iron Age,IA1-IA2,IA1,IA.Mid,NA,Terranegra,Depellegrin & Tecchiati - IA,156,Sheep,OVA,MT1,Metatarsal,NA,NA,NA,21.6,NA,12.4,NA,NA,NA,NA,NA,NA,NA,NA,NA,NA,NA,NA,NA,NA,NA,NA,NA,NA,Sheep/goat
8985,Veneto,Iron Age,IA1-IA2,IA1,IA.Mid,NA,Terranegra,Depellegrin & Tecchiati - IA,156,Sheep,OVA,MT1,Metatarsal,NA,NA,NA,19.3,NA,11,NA,NA,NA,NA,NA,NA,NA,NA,NA,NA,NA,NA,NA,NA,NA,NA,NA,NA,Sheep/goat
8986,Veneto,Iron Age,IA1-IA2,IA1,IA.Mid,NA,Terranegra,Depellegrin & Tecchiati - IA,156,Sheep,OVA,MT1,Metatarsal,NA,NA,NA,NA,NA,NA,NA,NA,25.4,NA,NA,NA,NA,NA,NA,NA,NA,NA,NA,NA,NA,NA,NA,NA,Sheep/goat
8987,Veneto,Iron Age,IA1-IA2,IA1,IA.Mid,NA,Terranegra,Depellegrin & Tecchiati - IA,156,Sheep,OVA,MT1,Metatarsal,154.5,NA,NA,21.2,NA,12.2,NA,NA,27,NA,NA,NA,NA,NA,NA,NA,NA,NA,NA,NA,NA,NA,NA,NA,Sheep/goat
8988,Veneto,Iron Age,IA1-IA2,IA1,IA.Mid,NA,Terranegra,Depellegrin & Tecchiati - IA,156,Sheep,OVA,MT1,Metatarsal,139.4,NA,NA,19.4,NA,10.7,NA,NA,22.8,NA,NA,NA,NA,NA,NA,NA,NA,NA,NA,NA,NA,NA,NA,NA,Sheep/goat
8989,Veneto,Iron Age,IA1-IA2,IA1,IA.Mid,NA,Terranegra,Depellegrin & Tecchiati - IA,156,Sheep,OVA,MT1,Metatarsal,NA,NA,NA,22.6,NA,12,NA,NA,NA,NA,NA,NA,NA,NA,NA,NA,NA,NA,NA,NA,NA,NA,NA,NA,Sheep/goat
8990,Veneto,Iron Age,IA1-IA2,IA1,IA.Mid,NA,Terranegra,Depellegrin & Tecchiati - IA,156,Sheep,OVA,MT1,Metatarsal,137.6,NA,NA,20.6,NA,10.3,NA,NA,23.8,NA,NA,NA,NA,NA,NA,NA,NA,NA,NA,NA,NA,NA,NA,NA,Sheep/goat
8991,Veneto,Iron Age,IA1-IA2,IA1,IA.Mid,NA,Terranegra,Depellegrin & Tecchiati - IA,156,Sheep,OVA,MT1,Metatarsal,NA,NA,NA,22.7,NA,NA,NA,NA,NA,NA,NA,NA,NA,NA,NA,NA,NA,NA,NA,NA,NA,NA,NA,NA,Sheep/goat
8992,Veneto,Iron Age,IA1-IA2,IA1,IA.Mid,NA,Terranegra,Depellegrin & Tecchiati - IA,156,Sheep,OVA,MT1,Metatarsal,NA,NA,NA,NA,NA,NA,NA,NA,26.2,NA,NA,NA,NA,NA,NA,NA,NA,NA,NA,NA,NA,NA,NA,NA,Sheep/goat
8993,Veneto,Iron Age,IA1-IA2,IA1,IA.Mid,NA,Terranegra,Depellegrin & Tecchiati - IA,156,Sheep,OVA,MT1,Metatarsal,148,NA,NA,22,NA,12.3,NA,NA,26,NA,NA,NA,NA,NA,NA,NA,NA,NA,NA,NA,NA,NA,NA,NA,Sheep/goat
8994,Veneto,Iron Age,IA1-IA2,IA1,IA.Mid,NA,Terranegra,Depellegrin & Tecchiati - IA,156,Sheep,OVA,MT1,Metatarsal,152.6,NA,NA,22.6,NA,12.3,NA,NA,25.7,NA,NA,NA,NA,NA,NA,NA,NA,NA,NA,NA,NA,NA,NA,NA,Sheep/goat
8995,Veneto,Iron Age,IA1-IA2,IA1,IA.Mid,NA,Terranegra,Depellegrin & Tecchiati - IA,156,Sheep,OVA,MT1,Metatarsal,NA,NA,NA,19.7,NA,9.5,NA,NA,NA,NA,NA,NA,NA,NA,NA,NA,NA,NA,NA,NA,NA,NA,NA,NA,Sheep/goat
8996,Veneto,Iron Age,IA1-IA2,IA1,IA.Mid,NA,Terranegra,Depellegrin & Tecchiati - IA,156,Sheep,OVA,MT1,Metatarsal,NA,NA,NA,20.2,NA,11.9,NA,NA,NA,NA,NA,NA,NA,NA,NA,NA,NA,NA,NA,NA,NA,NA,NA,NA,Sheep/goat
8997,Veneto,Iron Age,IA1-IA2,IA1,IA.Mid,NA,Terranegra,Depellegrin & Tecchiati - IA,156,Sheep,OVA,MT1,Metatarsal,NA,NA,NA,21.7,NA,10.1,NA,NA,NA,NA,NA,NA,NA,NA,NA,NA,NA,NA,NA,NA,NA,NA,NA,NA,Sheep/goat
8998,Veneto,Iron Age,IA1-IA2,IA1,IA.Mid,NA,Terranegra,Depellegrin & Tecchiati - IA,156,Sheep,OVA,MT1,Metatarsal,NA,NA,NA,19.1,NA,11.8,NA,NA,NA,NA,NA,NA,NA,NA,NA,NA,NA,NA,NA,NA,NA,NA,NA,NA,Sheep/goat
8999,Veneto,Iron Age,IA1-IA2,IA1,IA.Mid,NA,Terranegra,Depellegrin & Tecchiati - IA,156,Sheep,OVA,MT1,Metatarsal,131.4,NA,NA,19.5,NA,10.4,NA,NA,23.3,NA,NA,NA,NA,NA,NA,NA,NA,NA,NA,NA,NA,NA,NA,NA,Sheep/goat
9000,Veneto,Iron Age,IA1-IA2,IA1,IA.Mid,NA,Terranegra,Depellegrin & Tecchiati - IA,156,Sheep,OVA,MT1,Metatarsal,NA,NA,NA,23.1,NA,12.3,NA,NA,NA,NA,NA,NA,NA,NA,NA,NA,NA,NA,NA,NA,NA,NA,NA,NA,Sheep/goat
9001,Veneto,Iron Age,IA1-IA2,IA1,IA.Mid,NA,Terranegra,Depellegrin & Tecchiati - IA,156,Sheep,OVA,MT1,Metatarsal,141.3,NA,NA,22.2,NA,11.2,NA,NA,25,NA,NA,NA,NA,NA,NA,NA,NA,NA,NA,NA,NA,NA,NA,NA,Sheep/goat
9002,Veneto,Iron Age,IA1-IA2,IA1,IA.Mid,NA,Terranegra,Depellegrin & Tecchiati - IA,156,Sheep,OVA,MT1,Metatarsal,NA,NA,NA,NA,NA,NA,NA,NA,26.1,NA,NA,NA,NA,NA,NA,NA,NA,NA,NA,NA,NA,NA,NA,NA,Sheep/goat
9003,Veneto,Iron Age,IA1-IA2,IA1,IA.Mid,NA,Terranegra,Depellegrin & Tecchiati - IA,156,Sheep,OVA,MT1,Metatarsal,NA,NA,NA,21.6,NA,13.5,NA,NA,NA,NA,NA,NA,NA,NA,NA,NA,NA,NA,NA,NA,NA,NA,NA,NA,Sheep/goat
9004,Veneto,Iron Age,IA1-IA2,IA1,IA.Mid,NA,Terranegra,Depellegrin & Tecchiati - IA,156,Sheep,OVA,MT1,Metatarsal,NA,NA,NA,NA,NA,11.9,NA,NA,23,NA,NA,NA,NA,NA,NA,NA,NA,NA,NA,NA,NA,NA,NA,NA,Sheep/goat
9005,Veneto,Iron Age,IA1-IA2,IA1,IA.Mid,NA,Terranegra,Depellegrin & Tecchiati - IA,156,Sheep,OVA,MT1,Metatarsal,NA,NA,NA,NA,NA,NA,NA,NA,25.6,NA,NA,NA,NA,NA,NA,NA,NA,NA,NA,NA,NA,NA,NA,NA,Sheep/goat
9006,Veneto,Iron Age,IA1-IA2,IA1,IA.Mid,NA,Terranegra,Depellegrin & Tecchiati - IA,156,Sheep,OVA,MT1,Metatarsal,NA,NA,NA,22.9,NA,NA,NA,NA,NA,NA,NA,NA,NA,NA,NA,NA,NA,NA,NA,NA,NA,NA,NA,NA,Sheep/goat
9007,Veneto,Iron Age,IA1-IA2,IA1,IA.Mid,NA,Terranegra,Depellegrin & Tecchiati - IA,156,Sheep,OVA,MT1,Metatarsal,NA,NA,NA,20.6,NA,11,NA,NA,NA,NA,NA,NA,NA,NA,NA,NA,NA,NA,NA,NA,NA,NA,NA,NA,Sheep/goat
9008,Veneto,Iron Age,IA1-IA2,IA1,IA.Mid,NA,Terranegra,Depellegrin & Tecchiati - IA,156,Sheep,OVA,MT1,Metatarsal,NA,NA,NA,22.1,NA,11.5,NA,NA,NA,NA,NA,NA,NA,NA,NA,NA,NA,NA,NA,NA,NA,NA,NA,NA,Sheep/goat
9009,Veneto,Iron Age,IA1-IA2,IA1,IA.Mid,NA,Terranegra,Depellegrin & Tecchiati - IA,156,Sheep,OVA,MT1,Metatarsal,NA,NA,NA,NA,NA,NA,NA,NA,25.6,NA,NA,NA,NA,NA,NA,NA,NA,NA,NA,NA,NA,NA,NA,NA,Sheep/goat
9010,Veneto,Iron Age,IA1-IA2,IA1,IA.Mid,NA,Terranegra,Depellegrin & Tecchiati - IA,156,Sheep,OVA,MT1,Metatarsal,NA,NA,NA,24.4,NA,NA,NA,NA,NA,NA,NA,NA,NA,NA,NA,NA,NA,NA,NA,NA,NA,NA,NA,NA,Sheep/goat
9334,Friuli,Iron Age,IA0,IA1,IA.Early,NA,Gradisca,Iron Age I,169,Sheep,OVA,MT1,Metatarsal,144.6,NA,NA,21.6,NA,11.8,NA,NA,25.2,NA,NA,NA,NA,NA,NA,NA,NA,NA,NA,NA,NA,NA,NA,NA,Sheep/goat
9491,Friuli,Iron Age,IA0,BRF-IA0,IA.Early,NA,Concordia Sagittaria,Quartiere Nord-Ovest 2001,167,Sheep,OVA,MT1,Metatarsal,NA,NA,NA,NA,NA,10,NA,NA,NA,NA,NA,NA,NA,NA,NA,NA,NA,NA,NA,NA,NA,NA,NA,1,Sheep/goat
9492,Friuli,Iron Age,IA0,BRF-IA0,IA.Early,NA,Concordia Sagittaria,Quartiere Nord-Ovest 2001,167,Sheep,OVA,MT1,Metatarsal,NA,NA,NA,NA,NA,12,NA,NA,NA,NA,NA,NA,NA,NA,NA,NA,NA,NA,NA,NA,NA,NA,NA,1,Sheep/goat
9493,Friuli,Iron Age,IA0,BRF-IA0,IA.Early,NA,Concordia Sagittaria,Quartiere Nord-Ovest 2001,167,Sheep,OVA,MT1,Metatarsal,NA,NA,NA,17,NA,NA,NA,NA,NA,NA,NA,NA,NA,NA,NA,NA,NA,NA,NA,NA,NA,NA,NA,1,Sheep/goat
9494,Friuli,Iron Age,IA0,BRF-IA0,IA.Early,NA,Concordia Sagittaria,Quartiere Nord-Ovest 2001,167,Sheep,OVA,MT1,Metatarsal,NA,NA,NA,NA,NA,NA,NA,NA,24,NA,NA,NA,NA,NA,NA,NA,NA,NA,NA,NA,NA,NA,NA,1,Sheep/goat
9495,Friuli,Iron Age,IA0,BRF-IA0,IA.Early,NA,Concordia Sagittaria,Quartiere Nord-Ovest 2001,167,Sheep,OVA,MT1,Metatarsal,NA,NA,NA,NA,NA,10,NA,NA,NA,NA,NA,NA,NA,NA,NA,NA,NA,NA,NA,NA,NA,NA,NA,1,Sheep/goat
9496,Friuli,Iron Age,IA0,BRF-IA0,IA.Early,NA,Concordia Sagittaria,Quartiere Nord-Ovest 2001,167,Sheep,OVA,MT1,Metatarsal,127,NA,NA,NA,NA,NA,NA,NA,22,NA,NA,NA,NA,NA,NA,NA,NA,NA,NA,NA,NA,NA,NA,1,Sheep/goat
9497,Friuli,Iron Age,IA0,BRF-IA0,IA.Early,NA,Concordia Sagittaria,Quartiere Nord-Ovest 2001,167,Sheep,OVA,MT1,Metatarsal,NA,NA,NA,NA,NA,NA,NA,NA,24,NA,NA,NA,NA,NA,NA,NA,NA,NA,NA,NA,NA,NA,NA,1,Sheep/goat
9784,Friuli,Roman,Rom,Early,Roman.Early,Rit,Montereale Valcellina,*US 581/583/606 - Reppublican pits,200,Sheep,OVA,MT1,Metatarsal,134.2,NA,NA,23.6,NA,14.3,NA,NA,26.8,NA,NA,NA,NA,NA,NA,NA,NA,NA,NA,NA,NA,NA,NA,NA,Sheep/goat
9785,Friuli,Roman,Rom,Early,Roman.Early,Rit,Montereale Valcellina,*US 581/583/606 - Reppublican pits,200,Sheep,OVA,MT1,Metatarsal,133.1,NA,NA,23.3,NA,13.7,NA,NA,26.5,NA,NA,NA,NA,NA,NA,NA,NA,NA,NA,NA,NA,NA,NA,NA,Sheep/goat
9786,Friuli,Roman,Rom,Early,Roman.Early,Rit,Montereale Valcellina,*US 581/583/606 - Reppublican pits,200,Sheep,OVA,MT1,Metatarsal,NA,NA,NA,22.6,NA,13,NA,NA,26.1,NA,NA,NA,NA,NA,NA,NA,NA,NA,NA,NA,NA,NA,NA,NA,Sheep/goat
9823,Friuli,Roman,Rom,Early,Roman.Early,Rit,Montereale Valcellina,*US 581/583/606 - Reppublican pits,200,Sheep,OVA,MT1,Metatarsal,130.2,NA,NA,21,NA,12.9,NA,NA,24,NA,NA,NA,NA,NA,NA,NA,NA,NA,NA,NA,NA,NA,NA,NA,Sheep/goat
10008,Veneto,Roman,Rom.M-L,Mid-Late,Roman.Mid-Late,NA,Oderzo,Pozzo romano - all strata (1st-4th c AD),214,Sheep,OVA,MT1,Metatarsal,NA,NA,NA,25.1,NA,NA,NA,NA,NA,NA,NA,NA,NA,NA,NA,NA,NA,NA,NA,NA,NA,NA,NA,NA,Sheep/goat
10009,Veneto,Roman,Rom.M-L,Mid-Late,Roman.Mid-Late,NA,Oderzo,Pozzo romano - all strata (1st-4th c AD),214,Sheep,OVA,MT1,Metatarsal,NA,NA,NA,25.6,NA,NA,NA,NA,NA,NA,NA,NA,NA,NA,NA,NA,NA,NA,NA,NA,NA,NA,NA,NA,Sheep/goat
10010,Veneto,Roman,Rom.M-L,Mid-Late,Roman.Mid-Late,NA,Oderzo,Pozzo romano - all strata (1st-4th c AD),214,Sheep,OVA,MT1,Metatarsal,NA,NA,NA,26.8,NA,NA,NA,NA,NA,NA,NA,NA,NA,NA,NA,NA,NA,NA,NA,NA,NA,NA,NA,NA,Sheep/goat
10011,Veneto,Roman,Rom.M-L,Mid-Late,Roman.Mid-Late,NA,Oderzo,Pozzo romano - all strata (1st-4th c AD),214,Sheep,OVA,MT1,Metatarsal,NA,NA,NA,27,NA,NA,NA,NA,NA,NA,NA,NA,NA,NA,NA,NA,NA,NA,NA,NA,NA,NA,NA,NA,Sheep/goat
10012,Veneto,Roman,Rom.M-L,Mid-Late,Roman.Mid-Late,NA,Oderzo,Pozzo romano - all strata (1st-4th c AD),214,Sheep,OVA,MT1,Metatarsal,NA,NA,NA,NA,NA,NA,NA,NA,29.3,NA,NA,NA,NA,NA,NA,NA,NA,NA,NA,NA,NA,NA,NA,NA,Sheep/goat
10013,Veneto,Roman,Rom.M-L,Mid-Late,Roman.Mid-Late,NA,Oderzo,Pozzo romano - all strata (1st-4th c AD),214,Sheep,OVA,MT1,Metatarsal,NA,NA,NA,NA,NA,NA,NA,NA,29.4,NA,NA,NA,NA,NA,NA,NA,NA,NA,NA,NA,NA,NA,NA,NA,Sheep/goat
10014,Veneto,Roman,Rom.M-L,Mid-Late,Roman.Mid-Late,NA,Oderzo,Pozzo romano - all strata (1st-4th c AD),214,Sheep,OVA,MT1,Metatarsal,NA,NA,NA,NA,NA,NA,NA,NA,29.1,NA,NA,NA,NA,NA,NA,NA,NA,NA,NA,NA,NA,NA,NA,NA,Sheep/goat
10015,Veneto,Roman,Rom.M-L,Mid-Late,Roman.Mid-Late,NA,Oderzo,Pozzo romano - all strata (1st-4th c AD),214,Sheep,OVA,MT1,Metatarsal,NA,NA,NA,NA,NA,NA,NA,NA,28.4,NA,NA,NA,NA,NA,NA,NA,NA,NA,NA,NA,NA,NA,NA,NA,Sheep/goat
10016,Veneto,Roman,Rom.M-L,Mid-Late,Roman.Mid-Late,NA,Oderzo,Pozzo romano - all strata (1st-4th c AD),214,Sheep,OVA,MT1,Metatarsal,NA,NA,NA,NA,NA,NA,NA,NA,27.8,NA,NA,NA,NA,NA,NA,NA,NA,NA,NA,NA,NA,NA,NA,NA,Sheep/goat
10017,Veneto,Roman,Rom.M-L,Mid-Late,Roman.Mid-Late,NA,Oderzo,Pozzo romano - all strata (1st-4th c AD),214,Sheep,OVA,MT1,Metatarsal,NA,NA,NA,NA,NA,NA,NA,NA,28.6,NA,NA,NA,NA,NA,NA,NA,NA,NA,NA,NA,NA,NA,NA,NA,Sheep/goat
10018,Veneto,Roman,Rom.M-L,Mid-Late,Roman.Mid-Late,NA,Oderzo,Pozzo romano - all strata (1st-4th c AD),214,Sheep,OVA,MT1,Metatarsal,NA,NA,NA,NA,NA,NA,NA,NA,29.4,NA,NA,NA,NA,NA,NA,NA,NA,NA,NA,NA,NA,NA,NA,NA,Sheep/goat
10019,Veneto,Roman,Rom.M-L,Mid-Late,Roman.Mid-Late,NA,Oderzo,Pozzo romano - all strata (1st-4th c AD),214,Sheep,OVA,MT1,Metatarsal,NA,NA,NA,NA,NA,NA,NA,NA,23,NA,NA,NA,NA,NA,NA,NA,NA,NA,NA,NA,NA,NA,NA,NA,Sheep/goat
10020,Veneto,Roman,Rom.M-L,Mid-Late,Roman.Mid-Late,NA,Oderzo,Pozzo romano - all strata (1st-4th c AD),214,Sheep,OVA,MT1,Metatarsal,NA,NA,NA,NA,NA,NA,NA,NA,23.4,NA,NA,NA,NA,NA,NA,NA,NA,NA,NA,NA,NA,NA,NA,NA,Sheep/goat
10152,Veneto,Roman,Rom.M-L,Mid-Late,Roman.Mid-Late,NA,Altino,Riedel 1985,56,Sheep,OVA,MT1,Metatarsal,NA,NA,NA,20.8,NA,NA,NA,NA,NA,NA,NA,NA,NA,NA,NA,NA,NA,NA,NA,NA,NA,NA,NA,NA,Sheep/goat
10153,Veneto,Roman,Rom.M-L,Mid-Late,Roman.Mid-Late,NA,Altino,Riedel 1985,56,Sheep,OVA,MT1,Metatarsal,NA,NA,NA,24.2,NA,NA,NA,NA,NA,NA,NA,NA,NA,NA,NA,NA,NA,NA,NA,NA,NA,NA,NA,NA,Sheep/goat
10154,Veneto,Roman,Rom.M-L,Mid-Late,Roman.Mid-Late,NA,Altino,Riedel 1985,56,Sheep,OVA,MT1,Metatarsal,NA,NA,NA,27.8,NA,NA,NA,NA,NA,NA,NA,NA,NA,NA,NA,NA,NA,NA,NA,NA,NA,NA,NA,NA,Sheep/goat
10155,Veneto,Roman,Rom.M-L,Mid-Late,Roman.Mid-Late,NA,Altino,Riedel 1985,56,Sheep,OVA,MT1,Metatarsal,NA,NA,NA,NA,NA,NA,NA,NA,23,NA,NA,NA,NA,NA,NA,NA,NA,NA,NA,NA,NA,NA,NA,NA,Sheep/goat
10156,Veneto,Roman,Rom.M-L,Mid-Late,Roman.Mid-Late,NA,Altino,Riedel 1985,56,Sheep,OVA,MT1,Metatarsal,NA,NA,NA,NA,NA,NA,NA,NA,28,NA,NA,NA,NA,NA,NA,NA,NA,NA,NA,NA,NA,NA,NA,NA,Sheep/goat
10157,Veneto,Roman,Rom.M-L,Mid-Late,Roman.Mid-Late,NA,Altino,Riedel 1985,56,Sheep,OVA,MT1,Metatarsal,NA,NA,NA,NA,NA,NA,NA,NA,28.5,NA,NA,NA,NA,NA,NA,NA,NA,NA,NA,NA,NA,NA,NA,NA,Sheep/goat
10158,Veneto,Roman,Rom.M-L,Mid-Late,Roman.Mid-Late,NA,Altino,Riedel 1985,56,Sheep,OVA,MT1,Metatarsal,NA,NA,NA,NA,NA,NA,NA,NA,28.5,NA,NA,NA,NA,NA,NA,NA,NA,NA,NA,NA,NA,NA,NA,NA,Sheep/goat
11216,Friuli,Roman,Rom.Late,Late,Roman.Late,NA,Udine,Late Roman,246,Sheep,OVA,MT1,Metatarsal,129.7,NA,NA,20.5,NA,12.3,NA,NA,24.8,NA,NA,NA,NA,NA,NA,NA,NA,NA,NA,NA,NA,NA,NA,NA,Sheep/goat
11217,Friuli,Roman,Rom.Late,Late,Roman.Late,NA,Udine,Late Roman,246,Sheep,OVA,MT1,Metatarsal,137.7,NA,NA,21,NA,12,NA,NA,24.7,NA,NA,NA,NA,NA,NA,NA,NA,NA,NA,NA,NA,NA,NA,NA,Sheep/goat
11218,Friuli,Roman,Rom.Late,Late,Roman.Late,NA,Udine,Late Roman,246,Sheep,OVA,MT1,Metatarsal,150.4,NA,NA,NA,NA,NA,NA,NA,NA,NA,NA,NA,NA,NA,NA,NA,NA,NA,NA,NA,NA,NA,NA,NA,Sheep/goat
11219,Friuli,Roman,Rom.Late,Late,Roman.Late,NA,Udine,Late Roman,246,Sheep,OVA,MT1,Metatarsal,NA,NA,NA,20,NA,NA,NA,NA,NA,NA,NA,NA,NA,NA,NA,NA,NA,NA,NA,NA,NA,NA,NA,NA,Sheep/goat
11220,Friuli,Roman,Rom.Late,Late,Roman.Late,NA,Udine,Late Roman,246,Sheep,OVA,MT1,Metatarsal,NA,NA,NA,20.2,NA,NA,NA,NA,NA,NA,NA,NA,NA,NA,NA,NA,NA,NA,NA,NA,NA,NA,NA,NA,Sheep/goat
11221,Friuli,Roman,Rom.Late,Late,Roman.Late,NA,Udine,Late Roman,246,Sheep,OVA,MT1,Metatarsal,NA,NA,NA,20.6,NA,NA,NA,NA,NA,NA,NA,NA,NA,NA,NA,NA,NA,NA,NA,NA,NA,NA,NA,NA,Sheep/goat
11222,Friuli,Roman,Rom.Late,Late,Roman.Late,NA,Udine,Late Roman,246,Sheep,OVA,MT1,Metatarsal,NA,NA,NA,21,NA,NA,NA,NA,NA,NA,NA,NA,NA,NA,NA,NA,NA,NA,NA,NA,NA,NA,NA,NA,Sheep/goat
11223,Friuli,Roman,Rom.Late,Late,Roman.Late,NA,Udine,Late Roman,246,Sheep,OVA,MT1,Metatarsal,NA,NA,NA,21.7,NA,NA,NA,NA,NA,NA,NA,NA,NA,NA,NA,NA,NA,NA,NA,NA,NA,NA,NA,NA,Sheep/goat
11224,Friuli,Roman,Rom.Late,Late,Roman.Late,NA,Udine,Late Roman,246,Sheep,OVA,MT1,Metatarsal,NA,NA,NA,NA,NA,NA,NA,NA,24.3,NA,NA,NA,NA,NA,NA,NA,NA,NA,NA,NA,NA,NA,NA,NA,Sheep/goat
11225,Friuli,Roman,Rom.Late,Late,Roman.Late,NA,Udine,Late Roman,246,Sheep,OVA,MT1,Metatarsal,NA,NA,NA,NA,NA,NA,NA,NA,24.6,NA,NA,NA,NA,NA,NA,NA,NA,NA,NA,NA,NA,NA,NA,NA,Sheep/goat
11226,Friuli,Roman,Rom.Late,Late,Roman.Late,NA,Udine,Late Roman,246,Sheep,OVA,MT1,Metatarsal,NA,NA,NA,NA,NA,NA,NA,NA,25.4,NA,NA,NA,NA,NA,NA,NA,NA,NA,NA,NA,NA,NA,NA,NA,Sheep/goat
11227,Friuli,Roman,Rom.Late,Late,Roman.Late,NA,Udine,Late Roman,246,Sheep,OVA,MT1,Metatarsal,NA,NA,NA,NA,NA,NA,NA,NA,25.5,NA,NA,NA,NA,NA,NA,NA,NA,NA,NA,NA,NA,NA,NA,NA,Sheep/goat
12371,South,Roman,Rom.Early,Early,Roman.Early,NA,Calvatone,Wilkens - Bio data from academia,253,Sheep,OVA,MT1,Metatarsal,NA,NA,NA,NA,NA,NA,NA,NA,23,15.8,NA,NA,NA,NA,NA,NA,NA,NA,NA,NA,NA,NA,NA,NA,Sheep/goat
12372,South,Roman,Rom.Early,Early,Roman.Early,NA,Calvatone,Wilkens - Bio data from academia,253,Sheep,OVA,MT1,Metatarsal,NA,NA,NA,NA,NA,NA,NA,NA,25.8,17,NA,NA,NA,NA,NA,NA,NA,NA,NA,NA,NA,NA,NA,NA,Sheep/goat
12373,South,Roman,Rom.Early,Early,Roman.Early,NA,Calvatone,Wilkens - Bio data from academia,253,Sheep,OVA,MT1,Metatarsal,NA,NA,NA,NA,NA,NA,NA,NA,26.9,16.4,NA,NA,NA,NA,NA,NA,NA,NA,NA,NA,NA,NA,NA,NA,Sheep/goat
12374,South,Roman,Rom.Early,Early,Roman.Early,NA,Calvatone,Wilkens - Bio data from academia,253,Sheep,OVA,MT1,Metatarsal,NA,NA,NA,NA,NA,NA,NA,NA,27.2,18,NA,NA,NA,NA,NA,NA,NA,NA,NA,NA,NA,NA,NA,NA,Sheep/goat
12375,South,Roman,Rom.Early,Early,Roman.Early,NA,Calvatone,Wilkens - Bio data from academia,253,Sheep,OVA,MT1,Metatarsal,NA,NA,NA,NA,NA,NA,NA,NA,23.9,16,NA,NA,NA,NA,NA,NA,NA,NA,NA,NA,NA,NA,NA,NA,Sheep/goat
NA,South,Bronze Age,BA.M-R,BM-R,BA.Middle-Late,NA,Montirone,NA,442,Sheep,OVA,MC,NA,116,NA,NA,25,NA,16.7,NA,NA,28.5,NA,NA,NA,NA,NA,NA,NA,NA,NA,NA,NA,NA,NA,NA,NA,Sheep/goat
NA,Appennine,Bronze Age,BA.M-R,BM-R,BA.Middle-Late,NA,Case Missiroli,NA,453,Sheep,OVA,MC,NA,NA,NA,NA,NA,NA,14.5,NA,NA,26.9,NA,NA,NA,NA,NA,NA,NA,NA,NA,NA,NA,NA,NA,NA,NA,Sheep/goat
NA,Veneto,Iron Age,IA2,IA2,IA.Late,NA,Padova,Via S. Canziano IV-V,467,Sheep,OVA,MC,NA,NA,NA,NA,23.9,NA,NA,NA,NA,NA,NA,NA,NA,NA,NA,NA,NA,NA,NA,NA,NA,NA,NA,NA,NA,Sheep/goat
NA,Appennine,Bronze Age,BA.M-R,BM-R,BA.Middle-Late,NA,Case Missiroli,NA,453,Sheep,OVA,MT,NA,NA,NA,NA,24.8,NA,19.9,NA,NA,NA,NA,NA,NA,NA,NA,NA,NA,NA,NA,NA,NA,NA,NA,NA,NA,Sheep/goat
NA,Veneto,Iron Age,IA1,IA1,IA.Mid,NA,Padova,"Via S. Canziano, phases I-III",466,Sheep,OVA,MT,NA,141.2,NA,NA,22.2,NA,10.7,9.4,NA,25.9,16.3,NA,NA,NA,NA,NA,NA,NA,NA,NA,NA,NA,NA,NA,NA,Sheep/goat
1494,South,Iron Age,IA2,IA2,IA.Late,NA,Casale di Rivalta,NA,71,Sheep,OVA,RA,Radius,NA,NA,NA,29.1,NA,NA,NA,NA,NA,NA,NA,NA,NA,NA,NA,NA,NA,NA,NA,NA,NA,NA,NA,NA,Sheep/goat
1568,South,Bronze Age,BA.M,BM-R,BA.Middle,NA,Tabina di Margreta,Bronze Age,22,Sheep,OVA,RA,Radius,137,NA,NA,27,15,13,NA,NA,20.5,NA,NA,NA,NA,NA,NA,NA,NA,NA,NA,NA,NA,NA,NA,0.5,Sheep/goat
1569,South,Bronze Age,BA.M,BM-R,BA.Middle,NA,Tabina di Margreta,Bronze Age,22,Sheep,OVA,RA,Radius,NA,NA,NA,NA,NA,14,NA,NA,24,26,NA,NA,NA,NA,NA,NA,NA,NA,NA,NA,NA,NA,NA,0.5,Sheep/goat
1735,North,Iron Age,IA2,IA2,IA.Late,NA,Santorso,All phases,92,Sheep,OVA,RA,Radius,NA,NA,NA,NA,NA,NA,NA,NA,24.3,16.4,NA,NA,NA,NA,NA,NA,NA,NA,NA,NA,NA,NA,NA,NA,Sheep/goat
1736,North,Iron Age,IA2,IA2,IA.Late,NA,Santorso,All phases,92,Sheep,OVA,RA,Radius,NA,NA,NA,NA,NA,NA,NA,NA,30.4,20.9,NA,NA,NA,NA,NA,NA,NA,NA,NA,NA,NA,NA,NA,NA,Sheep/goat
1869,North,Iron Age,IA2,IA2,IA.Late,NA,Castelrotto,NA,53,Sheep,OVA,RA,Radius,NA,NA,NA,32.2,NA,NA,NA,NA,NA,NA,NA,NA,NA,NA,NA,NA,NA,NA,NA,NA,NA,NA,NA,NA,Sheep/goat
1870,North,Iron Age,IA2,IA2,IA.Late,NA,Castelrotto,NA,53,Sheep,OVA,RA,Radius,NA,NA,NA,32.6,NA,NA,NA,NA,NA,NA,NA,NA,NA,NA,NA,NA,NA,NA,NA,NA,NA,NA,NA,NA,Sheep/goat
1871,North,Iron Age,IA2,IA2,IA.Late,NA,Castelrotto,NA,53,Sheep,OVA,RA,Radius,NA,NA,NA,30.2,NA,NA,NA,NA,NA,NA,NA,NA,NA,NA,NA,NA,NA,NA,NA,NA,NA,NA,NA,NA,Sheep/goat
1872,North,Iron Age,IA2,IA2,IA.Late,NA,Castelrotto,NA,53,Sheep,OVA,RA,Radius,NA,NA,NA,32.2,NA,NA,NA,NA,NA,NA,NA,NA,NA,NA,NA,NA,NA,NA,NA,NA,NA,NA,NA,NA,Sheep/goat
1873,North,Iron Age,IA2,IA2,IA.Late,NA,Castelrotto,NA,53,Sheep,OVA,RA,Radius,NA,NA,NA,NA,NA,NA,NA,NA,30.7,NA,NA,NA,NA,NA,NA,NA,NA,NA,NA,NA,NA,NA,NA,NA,Sheep/goat
1874,North,Iron Age,IA2,IA2,IA.Late,NA,Castelrotto,NA,53,Sheep,OVA,RA,Radius,NA,NA,NA,NA,NA,NA,NA,NA,32,NA,NA,NA,NA,NA,NA,NA,NA,NA,NA,NA,NA,NA,NA,NA,Sheep/goat
1875,North,Iron Age,IA2,IA2,IA.Late,NA,Castelrotto,NA,53,Sheep,OVA,RA,Radius,NA,NA,NA,NA,NA,NA,NA,NA,29.1,NA,NA,NA,NA,NA,NA,NA,NA,NA,NA,NA,NA,NA,NA,NA,Sheep/goat
2068,North,Bronze Age,BA.M,BM-R,BA.Middle,NA,Lavagnone,Sector A + E,126,Sheep,OVA,RA,Radius,143.6,NA,NA,26.3,14.5,12.5,NA,NA,26,17.1,NA,NA,NA,NA,NA,NA,NA,NA,23.8,NA,NA,NA,NA,NA,Sheep/goat
2069,North,Bronze Age,BA.M,BM-R,BA.Middle,NA,Lavagnone,Sector A + E,126,Sheep,OVA,RA,Radius,NA,NA,NA,29.8,14.6,16.1,NA,NA,NA,NA,NA,NA,NA,NA,NA,NA,NA,NA,27.7,NA,NA,NA,NA,NA,Sheep/goat
2070,North,Bronze Age,BA.M,BM-R,BA.Middle,NA,Lavagnone,Sector A + E,126,Sheep,OVA,RA,Radius,NA,NA,NA,27.4,14.6,15.4,NA,NA,NA,NA,NA,NA,NA,NA,NA,NA,NA,NA,25.1,NA,NA,NA,NA,NA,Sheep/goat
2071,North,Bronze Age,BA.M,BM-R,BA.Middle,NA,Lavagnone,Sector A + E,126,Sheep,OVA,RA,Radius,NA,NA,NA,27.6,NA,16.4,NA,NA,NA,NA,NA,NA,NA,NA,NA,NA,NA,NA,NA,NA,NA,NA,NA,NA,Sheep/goat
2072,North,Bronze Age,BA.M,BM-R,BA.Middle,NA,Lavagnone,Sector A + E,126,Sheep,OVA,RA,Radius,NA,NA,NA,27.6,13.9,15.9,NA,NA,NA,14.2,NA,NA,NA,NA,NA,NA,NA,NA,25.8,NA,NA,NA,NA,NA,Sheep/goat
2073,North,Bronze Age,BA.M,BM-R,BA.Middle,NA,Lavagnone,Sector A + E,126,Sheep,OVA,RA,Radius,NA,NA,NA,28,14.5,NA,NA,NA,NA,NA,NA,NA,NA,NA,NA,NA,NA,NA,NA,NA,NA,NA,NA,NA,Sheep/goat
2359,South,Bronze Age,BA.M,BM-R,BA.Middle,Rit,Noceto,*Vasca lignea,39,Sheep,OVA,RA,Radius,152.4,NA,NA,30.7,16,16.5,9,NA,28.9,18.8,NA,NA,NA,NA,NA,NA,NA,NA,NA,NA,NA,NA,NA,NA,Sheep/goat
2451,South,Bronze Age,BA.M,BM-R,BA.Middle,NA,Gaggio,Struttura 1 + capanna alfa,122,Sheep,OVA,RA,Radius,NA,NA,NA,27.4,15.4,NA,NA,NA,NA,NA,NA,NA,NA,NA,NA,NA,NA,NA,27.2,NA,NA,NA,NA,NA,Sheep/goat
2549,Appennine,Bronze Age,BA.M,BM-R,BA.Middle,NA,Solarolo,via Odriere Settore 1,123,Sheep,OVA,RA,Radius,NA,NA,NA,NA,NA,NA,NA,NA,26.2,NA,NA,NA,NA,NA,NA,NA,NA,NA,NA,NA,NA,NA,NA,NA,Sheep/goat
2550,Appennine,Bronze Age,BA.M,BM-R,BA.Middle,NA,Solarolo,via Odriere Settore 1,123,Sheep,OVA,RA,Radius,130.8,NA,NA,26,NA,13.6,NA,NA,24.5,NA,NA,NA,NA,NA,NA,NA,NA,NA,NA,NA,NA,NA,NA,NA,Sheep/goat
2551,Appennine,Bronze Age,BA.M,BM-R,BA.Middle,NA,Solarolo,via Odriere Settore 1,123,Sheep,OVA,RA,Radius,146.7,NA,NA,28,NA,14.8,NA,NA,25.5,NA,NA,NA,NA,NA,NA,NA,NA,22.3,25.2,NA,NA,NA,NA,NA,Sheep/goat
2552,Appennine,Bronze Age,BA.M,BM-R,BA.Middle,NA,Solarolo,via Odriere Settore 1,123,Sheep,OVA,RA,Radius,NA,NA,NA,29.1,NA,NA,NA,NA,NA,NA,NA,NA,NA,NA,NA,NA,NA,NA,28.6,NA,NA,NA,NA,NA,Sheep/goat
2553,Appennine,Bronze Age,BA.M,BM-R,BA.Middle,NA,Solarolo,via Odriere Settore 1,123,Sheep,OVA,RA,Radius,NA,NA,NA,30,NA,NA,NA,NA,NA,NA,NA,NA,NA,NA,NA,NA,NA,NA,25.5,NA,NA,NA,NA,NA,Sheep/goat
2554,Appennine,Bronze Age,BA.M,BM-R,BA.Middle,NA,Solarolo,via Odriere Settore 1,123,Sheep,OVA,RA,Radius,NA,NA,NA,23.1,NA,NA,NA,NA,NA,NA,NA,NA,NA,NA,NA,NA,NA,NA,24.8,NA,NA,NA,NA,NA,Sheep/goat
2555,Appennine,Bronze Age,BA.M,BM-R,BA.Middle,NA,Solarolo,via Odriere Settore 1,123,Sheep,OVA,RA,Radius,142.4,NA,NA,28.4,NA,15,NA,NA,26.5,NA,NA,NA,NA,NA,NA,NA,NA,21.3,NA,NA,NA,NA,NA,NA,Sheep/goat
2556,Appennine,Bronze Age,BA.M,BM-R,BA.Middle,NA,Solarolo,via Odriere Settore 1,123,Sheep,OVA,RA,Radius,NA,NA,NA,28.5,NA,NA,NA,NA,NA,NA,NA,NA,NA,NA,NA,NA,NA,NA,NA,NA,NA,NA,NA,NA,Sheep/goat
2557,Appennine,Bronze Age,BA.M,BM-R,BA.Middle,NA,Solarolo,via Odriere Settore 1,123,Sheep,OVA,RA,Radius,NA,NA,NA,30.6,NA,15.5,NA,NA,NA,NA,NA,NA,NA,NA,NA,NA,NA,NA,28.9,NA,NA,NA,NA,NA,Sheep/goat
2668,South,Bronze Age,BA.M,BM-R,BA.Middle,Rit,Noceto,*Vasca lignea,39,Sheep,OVA,RA,Radius,NA,NA,NA,28.6,15,NA,NA,NA,NA,NA,NA,NA,NA,NA,NA,NA,NA,NA,NA,NA,NA,NA,NA,NA,Sheep/goat
3148,Veneto,Bronze Age,BA.R-F,BRF-IA0,BA.Late,NA,Fondo Paviani,Riedel 1979 - Recent/Final,21,Sheep,OVA,RA,Radius,NA,NA,NA,28.8,NA,NA,NA,NA,NA,NA,NA,NA,NA,NA,NA,NA,NA,NA,27.3,NA,NA,NA,NA,NA,Sheep/goat
3149,Veneto,Bronze Age,BA.R-F,BRF-IA0,BA.Late,NA,Fondo Paviani,Riedel 1979 - Recent/Final,21,Sheep,OVA,RA,Radius,NA,NA,NA,NA,NA,NA,NA,NA,28.7,NA,NA,NA,NA,NA,NA,NA,NA,NA,NA,NA,NA,NA,NA,NA,Sheep/goat
3151,North,Bronze Age,BA.R-F,BRF-IA0,BA.Late,NA,Cavalzara,Riedel 1979,20,Sheep,OVA,RA,Radius,146.5,NA,NA,31,NA,15.4,NA,NA,28.5,NA,NA,NA,NA,NA,NA,NA,NA,NA,27.8,NA,NA,NA,NA,NA,Sheep/goat
3214,North,Bronze Age,BA.R,BM-R,BA.Late,NA,Feniletto,NA,15,Sheep,OVA,RA,Radius,NA,NA,NA,NA,NA,NA,NA,NA,24.5,NA,NA,NA,NA,NA,NA,NA,NA,NA,NA,NA,NA,NA,NA,NA,Sheep/goat
3260,North,Bronze Age,BA.R,BM-R,BA.Late,NA,Isolone,NA,16,Sheep,OVA,RA,Radius,129.3,NA,NA,26,NA,13.8,NA,NA,24.4,NA,NA,NA,NA,NA,NA,NA,NA,NA,24.2,NA,NA,NA,NA,NA,Sheep/goat
3261,North,Bronze Age,BA.R,BM-R,BA.Late,NA,Isolone,NA,16,Sheep,OVA,RA,Radius,130,NA,NA,25.5,NA,12.9,NA,NA,24.4,NA,NA,NA,NA,NA,NA,NA,NA,NA,23.4,NA,NA,NA,NA,NA,Sheep/goat
3262,North,Bronze Age,BA.R,BM-R,BA.Late,NA,Isolone,NA,16,Sheep,OVA,RA,Radius,130.8,NA,NA,24.8,NA,12.3,NA,NA,NA,NA,NA,NA,NA,NA,NA,NA,NA,NA,22.9,NA,NA,NA,NA,NA,Sheep/goat
3263,North,Bronze Age,BA.R,BM-R,BA.Late,NA,Isolone,NA,16,Sheep,OVA,RA,Radius,131.5,NA,NA,26.3,NA,12,NA,NA,24.5,NA,NA,NA,NA,NA,NA,NA,NA,NA,25,NA,NA,NA,NA,NA,Sheep/goat
3264,North,Bronze Age,BA.R,BM-R,BA.Late,NA,Isolone,NA,16,Sheep,OVA,RA,Radius,131.9,NA,NA,25.4,NA,14.2,NA,NA,23.3,NA,NA,NA,NA,NA,NA,NA,NA,NA,23.9,NA,NA,NA,NA,NA,Sheep/goat
3265,North,Bronze Age,BA.R,BM-R,BA.Late,NA,Isolone,NA,16,Sheep,OVA,RA,Radius,134.4,NA,NA,27,NA,14.1,NA,NA,24.8,NA,NA,NA,NA,NA,NA,NA,NA,NA,25,NA,NA,NA,NA,NA,Sheep/goat
3266,North,Bronze Age,BA.R,BM-R,BA.Late,NA,Isolone,NA,16,Sheep,OVA,RA,Radius,134.7,NA,NA,26,NA,13.4,NA,NA,25.1,NA,NA,NA,NA,NA,NA,NA,NA,NA,25.2,NA,NA,NA,NA,NA,Sheep/goat
3267,North,Bronze Age,BA.R,BM-R,BA.Late,NA,Isolone,NA,16,Sheep,OVA,RA,Radius,134.9,NA,NA,26.1,NA,13.2,NA,NA,23.4,NA,NA,NA,NA,NA,NA,NA,NA,NA,24.7,NA,NA,NA,NA,NA,Sheep/goat
3268,North,Bronze Age,BA.R,BM-R,BA.Late,NA,Isolone,NA,16,Sheep,OVA,RA,Radius,135,NA,NA,24.2,NA,12.3,NA,NA,22.2,NA,NA,NA,NA,NA,NA,NA,NA,NA,NA,NA,NA,NA,NA,NA,Sheep/goat
3269,North,Bronze Age,BA.R,BM-R,BA.Late,NA,Isolone,NA,16,Sheep,OVA,RA,Radius,135.2,NA,NA,37.2,NA,13.5,NA,NA,25.5,NA,NA,NA,NA,NA,NA,NA,NA,NA,25.5,NA,NA,NA,NA,NA,Sheep/goat
3270,North,Bronze Age,BA.R,BM-R,BA.Late,NA,Isolone,NA,16,Sheep,OVA,RA,Radius,135.5,NA,NA,26.2,NA,13.3,NA,NA,23.6,NA,NA,NA,NA,NA,NA,NA,NA,NA,25,NA,NA,NA,NA,NA,Sheep/goat
3271,North,Bronze Age,BA.R,BM-R,BA.Late,NA,Isolone,NA,16,Sheep,OVA,RA,Radius,136.8,NA,NA,28.1,NA,13.8,NA,NA,26,NA,NA,NA,NA,NA,NA,NA,NA,NA,25.6,NA,NA,NA,NA,NA,Sheep/goat
3272,North,Bronze Age,BA.R,BM-R,BA.Late,NA,Isolone,NA,16,Sheep,OVA,RA,Radius,137.6,NA,NA,27.3,NA,14.4,NA,NA,25.7,NA,NA,NA,NA,NA,NA,NA,NA,NA,25.6,NA,NA,NA,NA,NA,Sheep/goat
3273,North,Bronze Age,BA.R,BM-R,BA.Late,NA,Isolone,NA,16,Sheep,OVA,RA,Radius,NA,NA,NA,25.6,NA,12.4,NA,NA,23.5,NA,NA,NA,NA,NA,NA,NA,NA,NA,24.5,NA,NA,NA,NA,NA,Sheep/goat
3274,North,Bronze Age,BA.R,BM-R,BA.Late,NA,Isolone,NA,16,Sheep,OVA,RA,Radius,140.8,NA,NA,26.3,NA,15.3,NA,NA,25.5,NA,NA,NA,NA,NA,NA,NA,NA,NA,24.7,NA,NA,NA,NA,NA,Sheep/goat
3275,North,Bronze Age,BA.R,BM-R,BA.Late,NA,Isolone,NA,16,Sheep,OVA,RA,Radius,146.2,NA,NA,29.4,NA,15.3,NA,NA,25.5,NA,NA,NA,NA,NA,NA,NA,NA,NA,27,NA,NA,NA,NA,NA,Sheep/goat
3276,North,Bronze Age,BA.R,BM-R,BA.Late,NA,Isolone,NA,16,Sheep,OVA,RA,Radius,146.3,NA,NA,29.3,NA,16.2,NA,NA,25.2,NA,NA,NA,NA,NA,NA,NA,NA,NA,25.9,NA,NA,NA,NA,NA,Sheep/goat
3277,North,Bronze Age,BA.R,BM-R,BA.Late,NA,Isolone,NA,16,Sheep,OVA,RA,Radius,146.9,NA,NA,27.4,NA,14,NA,NA,26.7,NA,NA,NA,NA,NA,NA,NA,NA,NA,26.2,NA,NA,NA,NA,NA,Sheep/goat
3278,North,Bronze Age,BA.R,BM-R,BA.Late,NA,Isolone,NA,16,Sheep,OVA,RA,Radius,149.5,NA,NA,27.7,NA,14.7,NA,NA,25.8,NA,NA,NA,NA,NA,NA,NA,NA,NA,26.8,NA,NA,NA,NA,NA,Sheep/goat
3279,North,Bronze Age,BA.R,BM-R,BA.Late,NA,Isolone,NA,16,Sheep,OVA,RA,Radius,150,NA,NA,29.9,NA,15.9,NA,NA,27.4,NA,NA,NA,NA,NA,NA,NA,NA,NA,26.9,NA,NA,NA,NA,NA,Sheep/goat
3280,North,Bronze Age,BA.R,BM-R,BA.Late,NA,Isolone,NA,16,Sheep,OVA,RA,Radius,151.6,NA,NA,28.9,NA,15.6,NA,NA,25.3,NA,NA,NA,NA,NA,NA,NA,NA,NA,27.6,NA,NA,NA,NA,NA,Sheep/goat
3281,North,Bronze Age,BA.R,BM-R,BA.Late,NA,Isolone,NA,16,Sheep,OVA,RA,Radius,151.7,NA,NA,27.8,NA,15.1,NA,NA,26.5,NA,NA,NA,NA,NA,NA,NA,NA,NA,25.8,NA,NA,NA,NA,NA,Sheep/goat
3282,North,Bronze Age,BA.R,BM-R,BA.Late,NA,Isolone,NA,16,Sheep,OVA,RA,Radius,152.1,NA,NA,27.2,NA,16.5,NA,NA,27.7,NA,NA,NA,NA,NA,NA,NA,NA,NA,25.3,NA,NA,NA,NA,NA,Sheep/goat
3283,North,Bronze Age,BA.R,BM-R,BA.Late,NA,Isolone,NA,16,Sheep,OVA,RA,Radius,154,NA,NA,27,NA,14.1,NA,NA,26.2,NA,NA,NA,NA,NA,NA,NA,NA,NA,26.1,NA,NA,NA,NA,NA,Sheep/goat
3420,North,Iron Age,IA2,IA2,IA.Late,NA,Colognola ai Colli,NA,54,Sheep,OVA,RA,Radius,NA,NA,NA,27.3,NA,NA,NA,NA,NA,NA,NA,NA,NA,NA,NA,NA,NA,NA,25.8,NA,NA,NA,NA,NA,Sheep/goat
3421,North,Iron Age,IA2,IA2,IA.Late,NA,Colognola ai Colli,NA,54,Sheep,OVA,RA,Radius,NA,NA,NA,29.4,NA,NA,NA,NA,NA,NA,NA,NA,NA,NA,NA,NA,NA,NA,27.7,NA,NA,NA,NA,NA,Sheep/goat
3422,North,Iron Age,IA2,IA2,IA.Late,NA,Colognola ai Colli,NA,54,Sheep,OVA,RA,Radius,NA,NA,NA,31.4,NA,NA,NA,NA,NA,NA,NA,NA,NA,NA,NA,NA,NA,NA,30,NA,NA,NA,NA,NA,Sheep/goat
3634,Friuli,Iron Age,IA0-IA1,BRF-IA0,IA.Early,NA,Pozzuolo,Excavations 1980-83 Final Bronze-Iron Age,55,Sheep,OVA,RA,Radius,NA,NA,NA,NA,NA,NA,NA,NA,30.6,NA,NA,NA,NA,NA,NA,NA,NA,NA,NA,NA,NA,NA,NA,NA,Sheep/goat
3635,Friuli,Iron Age,IA0-IA1,BRF-IA0,IA.Early,NA,Pozzuolo,Excavations 1980-83 Final Bronze-Iron Age,55,Sheep,OVA,RA,Radius,NA,NA,NA,NA,NA,NA,NA,NA,30.8,NA,NA,NA,NA,NA,NA,NA,NA,NA,NA,NA,NA,NA,NA,NA,Sheep/goat
3885,North,Bronze Age,BA.M-R,BM-R,BA.Middle-Late,NA,Peschiera,NA,14,Sheep,OVA,RA,Radius,NA,NA,NA,NA,NA,NA,NA,NA,23.5,NA,NA,NA,NA,NA,NA,NA,NA,NA,NA,NA,NA,NA,NA,NA,Sheep/goat
3928,South,Bronze Age,BA.M,BM-R,BA.Middle,NA,Bazzano Rocca,NA,124,Sheep,OVA,RA,Radius,NA,NA,NA,32,NA,NA,NA,NA,NA,NA,NA,NA,NA,NA,NA,NA,NA,NA,27.7,NA,NA,NA,NA,NA,Sheep/goat
4035,South,Bronze Age,BA.M,BM-R,BA.Middle,NA,Poviglio,Villaggio piccolo - MBA,26,Sheep,OVA,RA,Radius,NA,NA,NA,24,NA,NA,NA,NA,NA,NA,NA,NA,NA,NA,NA,NA,NA,NA,22,NA,NA,NA,NA,NA,Sheep/goat
4036,South,Bronze Age,BA.M,BM-R,BA.Middle,NA,Poviglio,Villaggio piccolo - MBA,26,Sheep,OVA,RA,Radius,NA,NA,NA,25,NA,NA,NA,NA,NA,NA,NA,NA,NA,NA,NA,NA,NA,NA,23.3,NA,NA,NA,NA,NA,Sheep/goat
4037,South,Bronze Age,BA.M,BM-R,BA.Middle,NA,Poviglio,Villaggio piccolo - MBA,26,Sheep,OVA,RA,Radius,NA,NA,NA,25.5,NA,NA,NA,NA,NA,NA,NA,NA,NA,NA,NA,NA,NA,NA,23.4,NA,NA,NA,NA,NA,Sheep/goat
4038,South,Bronze Age,BA.M,BM-R,BA.Middle,NA,Poviglio,Villaggio piccolo - MBA,26,Sheep,OVA,RA,Radius,NA,NA,NA,27,NA,NA,NA,NA,NA,NA,NA,NA,NA,NA,NA,NA,NA,NA,24.5,NA,NA,NA,NA,NA,Sheep/goat
4039,South,Bronze Age,BA.M,BM-R,BA.Middle,NA,Poviglio,Villaggio piccolo - MBA,26,Sheep,OVA,RA,Radius,NA,NA,NA,29,NA,NA,NA,NA,NA,NA,NA,NA,NA,NA,NA,NA,NA,NA,27,NA,NA,NA,NA,NA,Sheep/goat
4234,Veneto,Bronze Age,BA.M,BM-R,BA.Middle,NA,Vallette,NA,145,Sheep,OVA,RA,Radius,NA,NA,NA,NA,NA,14,NA,NA,NA,NA,NA,NA,NA,NA,NA,NA,NA,NA,25,NA,NA,NA,NA,1,Sheep/goat
4235,Veneto,Bronze Age,BA.M,BM-R,BA.Middle,NA,Vallette,NA,145,Sheep,OVA,RA,Radius,141,NA,NA,NA,NA,12.2,NA,NA,24,NA,NA,NA,NA,NA,NA,NA,NA,21.2,25,NA,NA,NA,NA,1,Sheep/goat
4236,Veneto,Bronze Age,BA.M,BM-R,BA.Middle,NA,Vallette,NA,145,Sheep,OVA,RA,Radius,137,NA,NA,NA,NA,13,NA,NA,24,NA,NA,NA,NA,NA,NA,NA,NA,20,24.4,NA,NA,NA,NA,1,Sheep/goat
4237,Veneto,Bronze Age,BA.M,BM-R,BA.Middle,NA,Vallette,NA,145,Sheep,OVA,RA,Radius,140.3,NA,NA,NA,NA,13,NA,NA,24,NA,NA,NA,NA,NA,NA,NA,NA,20,23,NA,NA,NA,NA,1,Sheep/goat
4416,Veneto,Bronze Age,BA.M,BM-R,BA.Middle,NA,Tombola,NA,146,Sheep,OVA,RA,Radius,NA,NA,NA,27,NA,13,NA,NA,NA,NA,NA,NA,NA,NA,NA,NA,NA,NA,25,NA,NA,NA,NA,1,Sheep/goat
4417,Veneto,Bronze Age,BA.M,BM-R,BA.Middle,NA,Tombola,NA,146,Sheep,OVA,RA,Radius,NA,NA,NA,31,NA,15,NA,NA,NA,NA,NA,NA,NA,NA,NA,NA,NA,NA,29,NA,NA,NA,NA,1,Sheep/goat
4418,Veneto,Bronze Age,BA.M,BM-R,BA.Middle,NA,Tombola,NA,146,Sheep,OVA,RA,Radius,NA,NA,NA,25,NA,13,NA,NA,NA,NA,NA,NA,NA,NA,NA,NA,NA,NA,23,NA,NA,NA,NA,1,Sheep/goat
4419,Veneto,Bronze Age,BA.M,BM-R,BA.Middle,NA,Tombola,NA,146,Sheep,OVA,RA,Radius,NA,NA,NA,23,NA,12,NA,NA,NA,NA,NA,NA,NA,NA,NA,NA,NA,NA,22,NA,NA,NA,NA,1,Sheep/goat
7907,North,Bronze Age,BA.M,BM-R,BA.Middle,NA,Nogarole Rocca,I Camponi,17,Sheep,OVA,RA,Radius,147.8,NA,NA,31,NA,16,NA,NA,27.5,NA,NA,NA,NA,NA,NA,NA,NA,NA,28.2,NA,NA,NA,NA,NA,Sheep/goat
7908,North,Bronze Age,BA.M,BM-R,BA.Middle,NA,Nogarole Rocca,I Camponi,17,Sheep,OVA,RA,Radius,126.9,NA,NA,26,NA,13.5,NA,NA,26.3,NA,NA,NA,NA,NA,NA,NA,NA,NA,24.6,NA,NA,NA,NA,NA,Sheep/goat
7909,North,Bronze Age,BA.M,BM-R,BA.Middle,NA,Nogarole Rocca,I Camponi,17,Sheep,OVA,RA,Radius,NA,NA,NA,26.8,NA,NA,NA,NA,NA,NA,NA,NA,NA,NA,NA,NA,NA,NA,25,NA,NA,NA,NA,NA,Sheep/goat
7910,North,Bronze Age,BA.M,BM-R,BA.Middle,NA,Nogarole Rocca,I Camponi,17,Sheep,OVA,RA,Radius,NA,NA,NA,27,NA,NA,NA,NA,NA,NA,NA,NA,NA,NA,NA,NA,NA,NA,25,NA,NA,NA,NA,NA,Sheep/goat
7911,North,Bronze Age,BA.M,BM-R,BA.Middle,NA,Nogarole Rocca,I Camponi,17,Sheep,OVA,RA,Radius,NA,NA,NA,30.2,NA,NA,NA,NA,NA,NA,NA,NA,NA,NA,NA,NA,NA,NA,27.7,NA,NA,NA,NA,NA,Sheep/goat
7912,North,Bronze Age,BA.M,BM-R,BA.Middle,NA,Nogarole Rocca,I Camponi,17,Sheep,OVA,RA,Radius,NA,NA,NA,30.5,NA,NA,NA,NA,NA,NA,NA,NA,NA,NA,NA,NA,NA,NA,28.2,NA,NA,NA,NA,NA,Sheep/goat
8464,North,Bronze Age,BA.R,BM-R,BA.Late,NA,Bovolone,Bertoloni et al. 2015,125,Sheep,OVA,RA,Radius,148,NA,NA,29,NA,14,NA,NA,26,NA,NA,NA,NA,NA,NA,NA,NA,23.8,26.6,NA,NA,NA,NA,1,Sheep/goat
8465,North,Bronze Age,BA.R,BM-R,BA.Late,NA,Bovolone,Bertoloni et al. 2015,125,Sheep,OVA,RA,Radius,NA,NA,NA,32.7,NA,18,NA,NA,NA,NA,NA,NA,NA,NA,NA,NA,NA,NA,NA,NA,NA,NA,NA,1*,Sheep/goat
8466,North,Bronze Age,BA.R,BM-R,BA.Late,NA,Bovolone,Bertoloni et al. 2015,125,Sheep,OVA,RA,Radius,NA,NA,NA,NA,NA,NA,NA,NA,25.2,NA,NA,NA,NA,NA,NA,NA,NA,NA,NA,NA,NA,NA,NA,1*,Sheep/goat
8467,North,Bronze Age,BA.R,BM-R,BA.Late,NA,Bovolone,Bertoloni et al. 2015,125,Sheep,OVA,RA,Radius,NA,NA,NA,29,NA,NA,NA,NA,NA,NA,NA,NA,NA,NA,NA,NA,NA,NA,NA,NA,NA,NA,NA,1,Sheep/goat
8610,Veneto,Bronze Age,BA.R,BM-R,BA.Late,NA,Larda II,NA,148,Sheep,OVA,RA,Radius,NA,NA,NA,NA,NA,NA,NA,NA,23,NA,NA,NA,NA,NA,NA,NA,NA,NA,NA,NA,NA,NA,NA,1,Sheep/goat
8611,Veneto,Bronze Age,BA.R,BM-R,BA.Late,NA,Larda II,NA,148,Sheep,OVA,RA,Radius,NA,NA,NA,NA,NA,14.6,NA,NA,27.6,NA,NA,NA,NA,NA,NA,NA,NA,NA,NA,NA,NA,NA,NA,1,Sheep/goat
8758,Veneto,Bronze Age,BA.R,BM-R,BA.Late,NA,Amolara,NA,150,Sheep,OVA,RA,Radius,NA,NA,NA,NA,NA,NA,NA,NA,26.2,NA,NA,NA,NA,NA,NA,NA,NA,NA,NA,NA,NA,NA,NA,1,Sheep/goat
8862,Veneto,Bronze Age,BA.R,BM-R,BA.Late,NA,Terranegra,Depellegrin & Tecchiati - BR,61,Sheep,OVA,RA,Radius,150,NA,NA,28.1,NA,14.2,NA,NA,27.3,NA,NA,NA,NA,NA,NA,NA,NA,22.2,NA,NA,NA,NA,NA,*,Sheep/goat
8863,Veneto,Bronze Age,BA.R,BM-R,BA.Late,NA,Terranegra,Depellegrin & Tecchiati - BR,61,Sheep,OVA,RA,Radius,NA,NA,NA,29.5,NA,15.3,NA,NA,NA,NA,NA,NA,NA,NA,NA,NA,NA,NA,26.6,NA,NA,NA,NA,NA,Sheep/goat
8864,Veneto,Bronze Age,BA.R,BM-R,BA.Late,NA,Terranegra,Depellegrin & Tecchiati - BR,61,Sheep,OVA,RA,Radius,146,NA,NA,29.7,NA,15.1,NA,NA,27.7,NA,NA,NA,NA,NA,NA,NA,NA,23.4,26.3,NA,NA,NA,NA,NA,Sheep/goat
8865,Veneto,Iron Age,IA1-IA2,IA1,IA.Mid,NA,Terranegra,Depellegrin & Tecchiati - IA,156,Sheep,OVA,RA,Radius,NA,NA,NA,28.6,NA,NA,NA,NA,NA,NA,NA,NA,NA,NA,NA,NA,NA,NA,26.7,NA,NA,NA,NA,NA,Sheep/goat
8866,Veneto,Iron Age,IA1-IA2,IA1,IA.Mid,NA,Terranegra,Depellegrin & Tecchiati - IA,156,Sheep,OVA,RA,Radius,NA,NA,NA,33.8,NA,17.5,NA,NA,NA,NA,NA,NA,NA,NA,NA,NA,NA,NA,28.4,NA,NA,NA,NA,NA,Sheep/goat
8867,Veneto,Iron Age,IA1-IA2,IA1,IA.Mid,NA,Terranegra,Depellegrin & Tecchiati - IA,156,Sheep,OVA,RA,Radius,NA,NA,NA,26.7,NA,13,NA,NA,NA,NA,NA,NA,NA,NA,NA,NA,NA,NA,NA,NA,NA,NA,NA,NA,Sheep/goat
9330,Friuli,Iron Age,IA0,IA1,IA.Early,NA,Gradisca,Iron Age I,169,Sheep,OVA,RA,Radius,NA,NA,NA,34.9,NA,16.8,NA,NA,NA,NA,NA,NA,NA,NA,NA,NA,NA,NA,31.1,NA,NA,NA,NA,NA,Sheep/goat
9762,Friuli,Roman,Rom,Early,Roman.Early,Rit,Montereale Valcellina,*US 581/583/606 - Reppublican pits,200,Sheep,OVA,RA,Radius,NA,NA,NA,33.9,NA,NA,NA,NA,NA,NA,NA,NA,NA,NA,NA,NA,NA,NA,31,NA,NA,NA,NA,NA,Sheep/goat
9763,Friuli,Roman,Rom,Early,Roman.Early,Rit,Montereale Valcellina,*US 581/583/606 - Reppublican pits,200,Sheep,OVA,RA,Radius,NA,NA,NA,NA,NA,NA,NA,NA,31.5,NA,NA,NA,NA,NA,NA,NA,NA,NA,NA,NA,NA,NA,NA,NA,Sheep/goat
9764,Friuli,Roman,Rom,Early,Roman.Early,Rit,Montereale Valcellina,*US 581/583/606 - Reppublican pits,200,Sheep,OVA,RA,Radius,NA,NA,NA,NA,NA,NA,NA,NA,32,NA,NA,NA,NA,NA,NA,NA,NA,NA,NA,NA,NA,NA,NA,NA,Sheep/goat
9765,Friuli,Roman,Rom,Early,Roman.Early,Rit,Montereale Valcellina,*US 581/583/606 - Reppublican pits,200,Sheep,OVA,RA,Radius,NA,NA,NA,31.6,NA,NA,NA,NA,NA,NA,NA,NA,NA,NA,NA,NA,NA,NA,29.1,NA,NA,NA,NA,NA,Sheep/goat
9766,Friuli,Roman,Rom,Early,Roman.Early,Rit,Montereale Valcellina,*US 581/583/606 - Reppublican pits,200,Sheep,OVA,RA,Radius,NA,NA,NA,33.6,NA,NA,NA,NA,NA,NA,NA,NA,NA,NA,NA,NA,NA,NA,30.7,NA,NA,NA,NA,NA,Sheep/goat
9800,Friuli,Roman,Rom,Early,Roman.Early,Rit,Montereale Valcellina,*US 581/583/606 - Reppublican pits,200,Sheep,OVA,RA,Radius,NA,NA,NA,30,NA,NA,NA,NA,NA,NA,NA,NA,NA,NA,NA,NA,NA,NA,27.3,NA,NA,NA,NA,NA,Sheep/goat
9801,Friuli,Roman,Rom,Early,Roman.Early,Rit,Montereale Valcellina,*US 581/583/606 - Reppublican pits,200,Sheep,OVA,RA,Radius,NA,NA,NA,NA,NA,NA,NA,NA,30.7,NA,NA,NA,NA,NA,NA,NA,NA,NA,NA,NA,NA,NA,NA,NA,Sheep/goat
9981,Veneto,Roman,Rom.M-L,Mid-Late,Roman.Mid-Late,NA,Oderzo,Pozzo romano - all strata (1st-4th c AD),214,Sheep,OVA,RA,Radius,NA,NA,NA,30.9,NA,NA,NA,NA,NA,NA,NA,NA,NA,NA,NA,NA,NA,NA,NA,NA,NA,NA,NA,NA,Sheep/goat
9982,Veneto,Roman,Rom.M-L,Mid-Late,Roman.Mid-Late,NA,Oderzo,Pozzo romano - all strata (1st-4th c AD),214,Sheep,OVA,RA,Radius,NA,NA,NA,NA,NA,NA,NA,NA,36.7,NA,NA,NA,NA,NA,NA,NA,NA,NA,NA,NA,NA,NA,NA,NA,Sheep/goat
10775,Friuli,Roman,Rom,Mid,Roman.Mid,Rit,Trieste,*Crosada - Phase 4c,178,Sheep,OVA,RA,Radius,NA,NA,NA,NA,NA,NA,NA,NA,32.2,NA,NA,NA,NA,NA,NA,NA,NA,28.8,NA,NA,NA,NA,NA,NA,Sheep/goat
11176,Friuli,Roman,Rom.Late,Late,Roman.Late,NA,Udine,Late Roman,246,Sheep,OVA,RA,Radius,NA,NA,NA,30.5,NA,NA,NA,NA,NA,NA,NA,NA,NA,NA,NA,NA,NA,NA,28.3,NA,NA,NA,NA,NA,Sheep/goat
11177,Friuli,Roman,Rom.Late,Late,Roman.Late,NA,Udine,Late Roman,246,Sheep,OVA,RA,Radius,NA,NA,NA,32,NA,NA,NA,NA,NA,NA,NA,NA,NA,NA,NA,NA,NA,NA,28.5,NA,NA,NA,NA,NA,Sheep/goat
11178,Friuli,Roman,Rom.Late,Late,Roman.Late,NA,Udine,Late Roman,246,Sheep,OVA,RA,Radius,NA,NA,NA,32.1,NA,NA,NA,NA,NA,NA,NA,NA,NA,NA,NA,NA,NA,NA,30,NA,NA,NA,NA,NA,Sheep/goat
11179,Friuli,Roman,Rom.Late,Late,Roman.Late,NA,Udine,Late Roman,246,Sheep,OVA,RA,Radius,NA,NA,NA,32.3,NA,NA,NA,NA,NA,NA,NA,NA,NA,NA,NA,NA,NA,NA,29.6,NA,NA,NA,NA,NA,Sheep/goat
11180,Friuli,Roman,Rom.Late,Late,Roman.Late,NA,Udine,Late Roman,246,Sheep,OVA,RA,Radius,NA,NA,NA,33.7,NA,NA,NA,NA,NA,NA,NA,NA,NA,NA,NA,NA,NA,NA,30.5,NA,NA,NA,NA,NA,Sheep/goat
11181,Friuli,Roman,Rom.Late,Late,Roman.Late,NA,Udine,Late Roman,246,Sheep,OVA,RA,Radius,NA,NA,NA,NA,NA,NA,NA,NA,27.7,NA,NA,NA,NA,NA,NA,NA,NA,NA,NA,NA,NA,NA,NA,*,Sheep/goat
11182,Friuli,Roman,Rom.Late,Late,Roman.Late,NA,Udine,Late Roman,246,Sheep,OVA,RA,Radius,NA,NA,NA,NA,NA,NA,NA,NA,29.3,NA,NA,NA,NA,NA,NA,NA,NA,NA,NA,NA,NA,NA,NA,NA,Sheep/goat
11183,Friuli,Roman,Rom.Late,Late,Roman.Late,NA,Udine,Late Roman,246,Sheep,OVA,RA,Radius,NA,NA,NA,NA,NA,NA,NA,NA,29.4,NA,NA,NA,NA,NA,NA,NA,NA,NA,NA,NA,NA,NA,NA,NA,Sheep/goat
11184,Friuli,Roman,Rom.Late,Late,Roman.Late,NA,Udine,Late Roman,246,Sheep,OVA,RA,Radius,NA,NA,NA,NA,NA,NA,NA,NA,30.3,NA,NA,NA,NA,NA,NA,NA,NA,NA,NA,NA,NA,NA,NA,NA,Sheep/goat
11185,Friuli,Roman,Rom.Late,Late,Roman.Late,NA,Udine,Late Roman,246,Sheep,OVA,RA,Radius,NA,NA,NA,NA,NA,NA,NA,NA,30.5,NA,NA,NA,NA,NA,NA,NA,NA,NA,NA,NA,NA,NA,NA,NA,Sheep/goat
11186,Friuli,Roman,Rom.Late,Late,Roman.Late,NA,Udine,Late Roman,246,Sheep,OVA,RA,Radius,162,NA,NA,32,NA,NA,NA,NA,29.3,NA,NA,NA,NA,NA,NA,NA,NA,NA,28.3,NA,NA,NA,NA,NA,Sheep/goat
11309,Friuli,Bronze Age,BA.R-F,BRF-IA0,BA.Late,NA,Udine,'Late Bronze Age',247,Sheep,OVA,RA,Radius,NA,NA,NA,28.6,NA,NA,NA,NA,NA,NA,NA,NA,NA,NA,NA,NA,NA,NA,26,NA,NA,NA,NA,NA,Sheep/goat
11310,Friuli,Bronze Age,BA.R-F,BRF-IA0,BA.Late,NA,Udine,'Late Bronze Age',247,Sheep,OVA,RA,Radius,NA,NA,NA,31.5,NA,NA,NA,NA,NA,NA,NA,NA,NA,NA,NA,NA,NA,NA,29.7,NA,NA,NA,NA,NA,Sheep/goat
11442,Veneto,Roman,Rom.Late,Late,Roman.Late,NA,Torcello,Late Antique II-VII / II-VI 5th-7th c. AD,257,Sheep,OVA,RA,Radius,NA,NA,NA,30.5,NA,NA,NA,NA,NA,NA,NA,NA,NA,NA,NA,NA,NA,NA,28.6,NA,NA,NA,NA,NA,Sheep/goat
12349,South,Roman,Rom.Early,Early,Roman.Early,NA,Calvatone,Wilkens - Bio data from academia,253,Sheep,OVA,RA,Radius,NA,NA,NA,28.9,15,NA,NA,NA,NA,NA,NA,NA,NA,NA,NA,NA,NA,NA,NA,NA,NA,NA,NA,NA,Sheep/goat
12350,South,Roman,Rom.Early,Early,Roman.Early,NA,Calvatone,Wilkens - Bio data from academia,253,Sheep,OVA,RA,Radius,NA,NA,NA,NA,NA,NA,NA,NA,32.1,NA,NA,NA,NA,NA,NA,NA,NA,NA,NA,NA,NA,NA,NA,NA,Sheep/goat
NA,South,Bronze Age,BA.M-R,BM-R,BA.Middle-Late,NA,Montirone,NA,442,Sheep,OVA,RA,Radius,154.1,NA,NA,31,NA,16.1,NA,NA,27.1,NA,NA,NA,NA,NA,NA,NA,NA,23,28.1,NA,NA,NA,NA,NA,Sheep/goat
159,Veneto,Bronze Age,BA.R-F,BRF-IA0,BA.Late,NA,Fondo Paviani,Riedel 1979 - Recent/Final,21,Sheep,OVA,TI,Tibia,NA,NA,NA,NA,NA,NA,NA,NA,23.8,NA,NA,NA,NA,NA,NA,NA,NA,NA,NA,NA,NA,NA,NA,NA,Sheep/goat
160,Veneto,Bronze Age,BA.R-F,BRF-IA0,BA.Late,NA,Fondo Paviani,Riedel 1979 - Recent/Final,21,Sheep,OVA,TI,Tibia,NA,NA,NA,NA,NA,NA,NA,NA,25,NA,NA,NA,NA,NA,NA,NA,NA,NA,NA,NA,NA,NA,NA,NA,Sheep/goat
161,Veneto,Bronze Age,BA.R-F,BRF-IA0,BA.Late,NA,Fondo Paviani,Riedel 1979 - Recent/Final,21,Sheep,OVA,TI,Tibia,NA,NA,NA,NA,NA,NA,NA,NA,26.6,NA,NA,NA,NA,NA,NA,NA,NA,NA,NA,NA,NA,NA,NA,NA,Sheep/goat
162,North,Bronze Age,BA.R-F,BRF-IA0,BA.Late,NA,Cavalzara,Riedel 1979,20,Sheep,OVA,TI,Tibia,NA,NA,NA,NA,NA,NA,NA,NA,22.8,NA,NA,NA,NA,NA,NA,NA,NA,NA,NA,NA,NA,NA,NA,NA,Sheep/goat
163,North,Bronze Age,BA.R-F,BRF-IA0,BA.Late,NA,Cavalzara,Riedel 1979,20,Sheep,OVA,TI,Tibia,NA,NA,NA,NA,NA,NA,NA,NA,24.3,NA,NA,NA,NA,NA,NA,NA,NA,NA,NA,NA,NA,NA,NA,NA,Sheep/goat
164,North,Bronze Age,BA.R-F,BRF-IA0,BA.Late,NA,Cavalzara,Riedel 1979,20,Sheep,OVA,TI,Tibia,NA,NA,NA,NA,NA,NA,NA,NA,24.4,NA,NA,NA,NA,NA,NA,NA,NA,NA,NA,NA,NA,NA,NA,NA,Sheep/goat
422,North,Iron Age,IA2,IA2,IA.Late,NA,Colognola ai Colli,NA,54,Sheep,OVA,TI,Tibia,NA,NA,NA,NA,NA,NA,NA,NA,24.1,NA,NA,NA,NA,NA,NA,NA,NA,NA,NA,NA,NA,NA,NA,NA,Sheep/goat
423,North,Iron Age,IA2,IA2,IA.Late,NA,Colognola ai Colli,NA,54,Sheep,OVA,TI,Tibia,NA,NA,NA,NA,NA,NA,NA,NA,25.5,NA,NA,NA,NA,NA,NA,NA,NA,NA,NA,NA,NA,NA,NA,NA,Sheep/goat
424,North,Iron Age,IA2,IA2,IA.Late,NA,Colognola ai Colli,NA,54,Sheep,OVA,TI,Tibia,NA,NA,NA,NA,NA,NA,NA,NA,25.6,NA,NA,NA,NA,NA,NA,NA,NA,NA,NA,NA,NA,NA,NA,NA,Sheep/goat
425,North,Iron Age,IA2,IA2,IA.Late,NA,Colognola ai Colli,NA,54,Sheep,OVA,TI,Tibia,NA,NA,NA,NA,NA,NA,NA,NA,26.7,NA,NA,NA,NA,NA,NA,NA,NA,NA,NA,NA,NA,NA,NA,NA,Sheep/goat
426,North,Iron Age,IA2,IA2,IA.Late,NA,Colognola ai Colli,NA,54,Sheep,OVA,TI,Tibia,NA,NA,NA,NA,NA,NA,NA,NA,27.5,NA,NA,NA,NA,NA,NA,NA,NA,NA,NA,NA,NA,NA,NA,NA,Sheep/goat
1010,North,Iron Age,IA2,IA2,IA.Late,NA,Castelrotto,NA,53,Sheep,OVA,TI,Tibia,NA,NA,NA,NA,NA,NA,NA,NA,25.6,NA,NA,NA,NA,NA,NA,NA,NA,NA,NA,NA,NA,NA,NA,NA,Sheep/goat
1011,North,Iron Age,IA2,IA2,IA.Late,NA,Castelrotto,NA,53,Sheep,OVA,TI,Tibia,NA,NA,NA,NA,NA,NA,NA,NA,25.9,NA,NA,NA,NA,NA,NA,NA,NA,NA,NA,NA,NA,NA,NA,NA,Sheep/goat
1012,North,Iron Age,IA2,IA2,IA.Late,NA,Castelrotto,NA,53,Sheep,OVA,TI,Tibia,NA,NA,NA,NA,NA,NA,NA,NA,26.1,NA,NA,NA,NA,NA,NA,NA,NA,NA,NA,NA,NA,NA,NA,NA,Sheep/goat
1013,North,Iron Age,IA2,IA2,IA.Late,NA,Castelrotto,NA,53,Sheep,OVA,TI,Tibia,NA,NA,NA,NA,NA,NA,NA,NA,27.7,NA,NA,NA,NA,NA,NA,NA,NA,NA,NA,NA,NA,NA,NA,NA,Sheep/goat
1014,North,Iron Age,IA2,IA2,IA.Late,NA,Castelrotto,NA,53,Sheep,OVA,TI,Tibia,NA,NA,NA,NA,NA,NA,NA,NA,28.4,NA,NA,NA,NA,NA,NA,NA,NA,NA,NA,NA,NA,NA,NA,NA,Sheep/goat
1015,North,Iron Age,IA2,IA2,IA.Late,NA,Castelrotto,NA,53,Sheep,OVA,TI,Tibia,NA,NA,NA,NA,NA,NA,NA,NA,31.6,NA,NA,NA,NA,NA,NA,NA,NA,NA,NA,NA,NA,NA,NA,NA,Sheep/goat
1016,North,Iron Age,IA2,IA2,IA.Late,NA,Castelrotto,NA,53,Sheep,OVA,TI,Tibia,NA,NA,NA,NA,NA,NA,NA,NA,24.7,NA,NA,NA,NA,NA,NA,NA,NA,NA,NA,NA,NA,NA,NA,NA,Sheep/goat
1017,North,Iron Age,IA2,IA2,IA.Late,NA,Castelrotto,NA,53,Sheep,OVA,TI,Tibia,NA,NA,NA,NA,NA,NA,NA,NA,24.8,NA,NA,NA,NA,NA,NA,NA,NA,NA,NA,NA,NA,NA,NA,NA,Sheep/goat
1018,North,Iron Age,IA2,IA2,IA.Late,NA,Castelrotto,NA,53,Sheep,OVA,TI,Tibia,NA,NA,NA,NA,NA,NA,NA,NA,26.6,NA,NA,NA,NA,NA,NA,NA,NA,NA,NA,NA,NA,NA,NA,NA,Sheep/goat
1019,North,Iron Age,IA2,IA2,IA.Late,NA,Castelrotto,NA,53,Sheep,OVA,TI,Tibia,NA,NA,NA,NA,NA,NA,NA,NA,27.5,NA,NA,NA,NA,NA,NA,NA,NA,NA,NA,NA,NA,NA,NA,NA,Sheep/goat
1020,North,Iron Age,IA2,IA2,IA.Late,NA,Castelrotto,NA,53,Sheep,OVA,TI,Tibia,NA,NA,NA,NA,NA,NA,NA,NA,27.6,NA,NA,NA,NA,NA,NA,NA,NA,NA,NA,NA,NA,NA,NA,NA,Sheep/goat
1021,North,Iron Age,IA2,IA2,IA.Late,NA,Castelrotto,NA,53,Sheep,OVA,TI,Tibia,NA,NA,NA,NA,NA,NA,NA,NA,28,NA,NA,NA,NA,NA,NA,NA,NA,NA,NA,NA,NA,NA,NA,NA,Sheep/goat
1205,North,Iron Age,IA2,IA2,IA.Late,NA,Colognola ai Colli,NA,54,Sheep,OVA,TI,Tibia,NA,NA,NA,NA,NA,NA,NA,NA,24.1,NA,NA,NA,NA,NA,NA,NA,NA,NA,NA,NA,NA,NA,NA,NA,Sheep/goat
1206,North,Iron Age,IA2,IA2,IA.Late,NA,Colognola ai Colli,NA,54,Sheep,OVA,TI,Tibia,NA,NA,NA,NA,NA,NA,NA,NA,25.5,NA,NA,NA,NA,NA,NA,NA,NA,NA,NA,NA,NA,NA,NA,NA,Sheep/goat
1207,North,Iron Age,IA2,IA2,IA.Late,NA,Colognola ai Colli,NA,54,Sheep,OVA,TI,Tibia,NA,NA,NA,NA,NA,NA,NA,NA,25.6,NA,NA,NA,NA,NA,NA,NA,NA,NA,NA,NA,NA,NA,NA,NA,Sheep/goat
1208,North,Iron Age,IA2,IA2,IA.Late,NA,Colognola ai Colli,NA,54,Sheep,OVA,TI,Tibia,NA,NA,NA,NA,NA,NA,NA,NA,26.7,NA,NA,NA,NA,NA,NA,NA,NA,NA,NA,NA,NA,NA,NA,NA,Sheep/goat
1209,North,Iron Age,IA2,IA2,IA.Late,NA,Colognola ai Colli,NA,54,Sheep,OVA,TI,Tibia,NA,NA,NA,NA,NA,NA,NA,NA,27.5,NA,NA,NA,NA,NA,NA,NA,NA,NA,NA,NA,NA,NA,NA,NA,Sheep/goat
1737,North,Iron Age,IA2,IA2,IA.Late,NA,Santorso,All phases,92,Sheep,OVA,TI,Tibia,NA,NA,NA,NA,NA,NA,NA,NA,24.2,19.1,NA,NA,NA,NA,NA,NA,NA,NA,NA,NA,NA,NA,NA,NA,Sheep/goat
1738,North,Iron Age,IA2,IA2,IA.Late,NA,Santorso,All phases,92,Sheep,OVA,TI,Tibia,NA,NA,NA,NA,NA,NA,NA,NA,25.6,18.7,NA,NA,NA,NA,NA,NA,NA,NA,NA,NA,NA,NA,NA,NA,Sheep/goat
2081,North,Bronze Age,BA.M,BM-R,BA.Middle,NA,Lavagnone,Sector A + E,126,Sheep,OVA,TI,Tibia,NA,NA,NA,39.4,37.1,12.4,NA,NA,NA,NA,NA,NA,NA,NA,NA,NA,NA,NA,NA,NA,NA,NA,NA,NA,Sheep/goat
2082,North,Bronze Age,BA.M,BM-R,BA.Middle,NA,Lavagnone,Sector A + E,126,Sheep,OVA,TI,Tibia,NA,NA,NA,36.7,38.4,NA,NA,NA,NA,NA,NA,NA,NA,NA,NA,NA,NA,NA,NA,NA,NA,NA,NA,NA,Sheep/goat
2083,North,Bronze Age,BA.M,BM-R,BA.Middle,NA,Lavagnone,Sector A + E,126,Sheep,OVA,TI,Tibia,NA,NA,NA,35.4,35.1,NA,NA,NA,NA,NA,NA,NA,NA,NA,NA,NA,NA,NA,NA,NA,NA,NA,NA,NA,Sheep/goat
2084,North,Bronze Age,BA.M,BM-R,BA.Middle,NA,Lavagnone,Sector A + E,126,Sheep,OVA,TI,Tibia,NA,NA,NA,34.6,NA,NA,NA,NA,NA,NA,NA,NA,NA,NA,NA,NA,NA,NA,NA,NA,NA,NA,NA,NA,Sheep/goat
2085,North,Bronze Age,BA.M,BM-R,BA.Middle,NA,Lavagnone,Sector A + E,126,Sheep,OVA,TI,Tibia,NA,NA,NA,NA,NA,NA,NA,NA,23,17.6,NA,NA,NA,NA,NA,NA,NA,NA,NA,NA,NA,NA,NA,NA,Sheep/goat
2086,North,Bronze Age,BA.M,BM-R,BA.Middle,NA,Lavagnone,Sector A + E,126,Sheep,OVA,TI,Tibia,NA,NA,NA,NA,NA,NA,NA,NA,22,17.5,NA,NA,NA,NA,NA,NA,NA,NA,NA,NA,NA,NA,NA,NA,Sheep/goat
2087,North,Bronze Age,BA.M,BM-R,BA.Middle,NA,Lavagnone,Sector A + E,126,Sheep,OVA,TI,Tibia,NA,NA,NA,NA,NA,NA,NA,NA,20.2,13.8,NA,NA,NA,NA,NA,NA,NA,NA,NA,NA,NA,NA,NA,NA,Sheep/goat
2088,North,Bronze Age,BA.M,BM-R,BA.Middle,NA,Lavagnone,Sector A + E,126,Sheep,OVA,TI,Tibia,NA,NA,NA,NA,NA,NA,NA,NA,19.1,NA,NA,NA,NA,NA,NA,NA,NA,NA,NA,NA,Bd very small but appears in publication like this,NA,NA,NA,Sheep/goat
2111,North,Bronze Age,BA.M,BM-R,BA.Middle,NA,Lavagnone,Sector A + E,126,Sheep,OVA,TI,Tibia,NA,NA,NA,NA,NA,NA,NA,NA,26.1,NA,NA,NA,NA,NA,NA,NA,NA,NA,NA,NA,NA,NA,NA,NA,Sheep/goat
2452,South,Bronze Age,BA.M,BM-R,BA.Middle,NA,Gaggio,Struttura 1 + capanna alfa,122,Sheep,OVA,TI,Tibia,NA,NA,NA,NA,NA,9.6,NA,NA,NA,NA,NA,NA,NA,NA,NA,NA,NA,NA,NA,NA,NA,NA,NA,NA,Sheep/goat
2565,Appennine,Bronze Age,BA.M,BM-R,BA.Middle,NA,Solarolo,via Odriere Settore 1,123,Sheep,OVA,TI,Tibia,NA,NA,NA,NA,NA,NA,NA,NA,25.5,19.6,NA,NA,NA,NA,NA,NA,NA,NA,NA,NA,NA,NA,NA,NA,Sheep/goat
2566,Appennine,Bronze Age,BA.M,BM-R,BA.Middle,NA,Solarolo,via Odriere Settore 1,123,Sheep,OVA,TI,Tibia,NA,NA,NA,NA,NA,12.6,NA,NA,22.4,16.7,NA,NA,NA,NA,NA,NA,NA,NA,NA,NA,NA,NA,NA,NA,Sheep/goat
2567,Appennine,Bronze Age,BA.M,BM-R,BA.Middle,NA,Solarolo,via Odriere Settore 1,123,Sheep,OVA,TI,Tibia,NA,NA,NA,NA,NA,NA,NA,NA,22,17.6,NA,NA,NA,NA,NA,NA,NA,NA,NA,NA,NA,NA,NA,NA,Sheep/goat
2568,Appennine,Bronze Age,BA.M,BM-R,BA.Middle,NA,Solarolo,via Odriere Settore 1,123,Sheep,OVA,TI,Tibia,NA,NA,NA,NA,NA,NA,NA,NA,24.8,19.1,NA,NA,NA,NA,NA,NA,NA,NA,NA,NA,NA,NA,NA,NA,Sheep/goat
2569,Appennine,Bronze Age,BA.M,BM-R,BA.Middle,NA,Solarolo,via Odriere Settore 1,123,Sheep,OVA,TI,Tibia,NA,NA,NA,NA,NA,NA,NA,NA,24.2,18.7,NA,NA,NA,NA,NA,NA,NA,NA,NA,NA,NA,NA,NA,NA,Sheep/goat
2570,Appennine,Bronze Age,BA.M,BM-R,BA.Middle,NA,Solarolo,via Odriere Settore 1,123,Sheep,OVA,TI,Tibia,NA,NA,NA,NA,NA,NA,NA,NA,23.1,18.1,NA,NA,NA,NA,NA,NA,NA,NA,NA,NA,NA,NA,NA,NA,Sheep/goat
2571,Appennine,Bronze Age,BA.M,BM-R,BA.Middle,NA,Solarolo,via Odriere Settore 1,123,Sheep,OVA,TI,Tibia,NA,NA,NA,NA,NA,NA,NA,NA,22.8,18.6,NA,NA,NA,NA,NA,NA,NA,NA,NA,NA,NA,NA,NA,NA,Sheep/goat
2572,Appennine,Bronze Age,BA.M,BM-R,BA.Middle,NA,Solarolo,via Odriere Settore 1,123,Sheep,OVA,TI,Tibia,NA,NA,NA,NA,NA,NA,NA,NA,26.2,19,NA,NA,NA,NA,NA,NA,NA,NA,NA,NA,NA,NA,NA,NA,Sheep/goat
2573,Appennine,Bronze Age,BA.M,BM-R,BA.Middle,NA,Solarolo,via Odriere Settore 1,123,Sheep,OVA,TI,Tibia,NA,NA,NA,NA,NA,NA,NA,NA,22.4,17.2,NA,NA,NA,NA,NA,NA,NA,NA,NA,NA,NA,NA,NA,NA,Sheep/goat
2574,Appennine,Bronze Age,BA.M,BM-R,BA.Middle,NA,Solarolo,via Odriere Settore 1,123,Sheep,OVA,TI,Tibia,NA,NA,NA,NA,NA,NA,NA,NA,25,19.1,NA,NA,NA,NA,NA,NA,NA,NA,NA,NA,NA,NA,NA,NA,Sheep/goat
2575,Appennine,Bronze Age,BA.M,BM-R,BA.Middle,NA,Solarolo,via Odriere Settore 1,123,Sheep,OVA,TI,Tibia,NA,NA,NA,NA,NA,NA,NA,NA,22.1,17,NA,NA,NA,NA,NA,NA,NA,NA,NA,NA,NA,NA,NA,NA,Sheep/goat
2576,Appennine,Bronze Age,BA.M,BM-R,BA.Middle,NA,Solarolo,via Odriere Settore 1,123,Sheep,OVA,TI,Tibia,NA,NA,NA,NA,NA,11.2,NA,NA,22,NA,NA,NA,NA,NA,NA,NA,NA,NA,NA,NA,NA,NA,NA,NA,Sheep/goat
2577,Appennine,Bronze Age,BA.M,BM-R,BA.Middle,NA,Solarolo,via Odriere Settore 1,123,Sheep,OVA,TI,Tibia,NA,NA,NA,NA,NA,11.4,NA,NA,23.4,NA,NA,NA,NA,NA,NA,NA,NA,NA,NA,NA,NA,NA,NA,NA,Sheep/goat
2578,Appennine,Bronze Age,BA.M,BM-R,BA.Middle,NA,Solarolo,via Odriere Settore 1,123,Sheep,OVA,TI,Tibia,NA,NA,NA,NA,NA,NA,NA,NA,23.5,NA,NA,NA,NA,NA,NA,NA,NA,NA,NA,NA,NA,NA,NA,NA,Sheep/goat
2675,South,Bronze Age,BA.M,BM-R,BA.Middle,Rit,Noceto,*Vasca lignea,39,Sheep,OVA,TI,Tibia,NA,NA,NA,41.9,41,NA,NA,NA,NA,NA,NA,NA,NA,NA,NA,NA,NA,NA,NA,NA,NA,NA,NA,NA,Sheep/goat
2676,South,Bronze Age,BA.M,BM-R,BA.Middle,Rit,Noceto,*Vasca lignea,39,Sheep,OVA,TI,Tibia,NA,NA,NA,41.7,49.2,NA,NA,NA,NA,NA,NA,NA,NA,NA,NA,NA,NA,NA,NA,NA,NA,NA,NA,NA,Sheep/goat
3217,North,Bronze Age,BA.R,BM-R,BA.Late,NA,Feniletto,NA,15,Sheep,OVA,TI,Tibia,177.8,NA,NA,33.6,NA,11.4,NA,NA,20,NA,NA,NA,NA,NA,NA,NA,NA,NA,NA,NA,NA,NA,NA,NA,Sheep/goat
3290,North,Bronze Age,BA.R,BM-R,BA.Late,NA,Isolone,NA,16,Sheep,OVA,TI,Tibia,184.5,NA,NA,35.3,NA,12.2,NA,NA,22.3,NA,NA,NA,NA,NA,NA,NA,NA,NA,NA,NA,NA,NA,NA,NA,Sheep/goat
3291,North,Bronze Age,BA.R,BM-R,BA.Late,NA,Isolone,NA,16,Sheep,OVA,TI,Tibia,186,NA,NA,35.3,NA,12.5,NA,NA,22.1,NA,NA,NA,NA,NA,NA,NA,NA,NA,NA,NA,NA,NA,NA,NA,Sheep/goat
3723,Friuli,Roman,Rom.Early,Early,Roman.Early,NA,Pozzuolo,Excavations 1980-83 Roman,160,Sheep,OVA,TI,Tibia,NA,NA,NA,NA,NA,NA,NA,NA,26.1,NA,NA,NA,NA,NA,NA,NA,NA,NA,NA,NA,NA,NA,NA,NA,Sheep/goat
4046,South,Bronze Age,BA.M,BM-R,BA.Middle,NA,Poviglio,Villaggio piccolo - MBA,26,Sheep,OVA,TI,Tibia,NA,NA,NA,NA,NA,NA,NA,NA,24,NA,NA,NA,NA,NA,NA,NA,NA,NA,NA,NA,NA,NA,NA,NA,Sheep/goat
4047,South,Bronze Age,BA.M,BM-R,BA.Middle,NA,Poviglio,Villaggio piccolo - MBA,26,Sheep,OVA,TI,Tibia,NA,NA,NA,NA,NA,NA,NA,NA,23,NA,NA,NA,NA,NA,NA,NA,NA,NA,NA,NA,NA,NA,NA,NA,Sheep/goat
4048,South,Bronze Age,BA.M,BM-R,BA.Middle,NA,Poviglio,Villaggio piccolo - MBA,26,Sheep,OVA,TI,Tibia,NA,NA,NA,NA,NA,NA,NA,NA,23.3,NA,NA,NA,NA,NA,NA,NA,NA,NA,NA,NA,NA,NA,NA,NA,Sheep/goat
4049,South,Bronze Age,BA.M,BM-R,BA.Middle,NA,Poviglio,Villaggio piccolo - MBA,26,Sheep,OVA,TI,Tibia,NA,NA,NA,NA,NA,NA,NA,NA,25,NA,NA,NA,NA,NA,NA,NA,NA,NA,NA,NA,NA,NA,NA,NA,Sheep/goat
4050,South,Bronze Age,BA.M,BM-R,BA.Middle,NA,Poviglio,Villaggio piccolo - MBA,26,Sheep,OVA,TI,Tibia,NA,NA,NA,NA,NA,NA,NA,NA,23,NA,NA,NA,NA,NA,NA,NA,NA,NA,NA,NA,NA,NA,NA,NA,Sheep/goat
4051,South,Bronze Age,BA.M,BM-R,BA.Middle,NA,Poviglio,Villaggio piccolo - MBA,26,Sheep,OVA,TI,Tibia,NA,NA,NA,NA,NA,NA,NA,NA,23,NA,NA,NA,NA,NA,NA,NA,NA,NA,NA,NA,NA,NA,NA,NA,Sheep/goat
4052,South,Bronze Age,BA.M,BM-R,BA.Middle,NA,Poviglio,Villaggio piccolo - MBA,26,Sheep,OVA,TI,Tibia,NA,NA,NA,NA,NA,NA,NA,NA,23.4,NA,NA,NA,NA,NA,NA,NA,NA,NA,NA,NA,NA,NA,NA,NA,Sheep/goat
4053,South,Bronze Age,BA.M,BM-R,BA.Middle,NA,Poviglio,Villaggio piccolo - MBA,26,Sheep,OVA,TI,Tibia,NA,NA,NA,NA,NA,NA,NA,NA,24,NA,NA,NA,NA,NA,NA,NA,NA,NA,NA,NA,NA,NA,NA,NA,Sheep/goat
4054,South,Bronze Age,BA.M,BM-R,BA.Middle,NA,Poviglio,Villaggio piccolo - MBA,26,Sheep,OVA,TI,Tibia,NA,NA,NA,NA,NA,NA,NA,NA,24.4,NA,NA,NA,NA,NA,NA,NA,NA,NA,NA,NA,NA,NA,NA,NA,Sheep/goat
4055,South,Bronze Age,BA.M,BM-R,BA.Middle,NA,Poviglio,Villaggio piccolo - MBA,26,Sheep,OVA,TI,Tibia,NA,NA,NA,NA,NA,NA,NA,NA,20.8,NA,NA,NA,NA,NA,NA,NA,NA,NA,NA,NA,NA,NA,NA,NA,Sheep/goat
4056,South,Bronze Age,BA.M,BM-R,BA.Middle,NA,Poviglio,Villaggio piccolo - MBA,26,Sheep,OVA,TI,Tibia,NA,NA,NA,NA,NA,NA,NA,NA,24.4,NA,NA,NA,NA,NA,NA,NA,NA,NA,NA,NA,NA,NA,NA,NA,Sheep/goat
4707,South,Iron Age,IA2,IA2,IA.Late,ExNISP,Forcello,Trentacoste PhD,84,Sheep,OVA,TI,Tibia,NA,NA,NA,NA,NA,NA,NA,NA,24.9,20.5,NA,NA,NA,NA,NA,NA,NA,NA,NA,NA,NA,NA,NA,NA,Sheep/goat
4708,South,Iron Age,IA2,IA2,IA.Late,ExNISP,Forcello,Trentacoste PhD,84,Sheep,OVA,TI,Tibia,NA,NA,NA,NA,NA,NA,NA,NA,28.2,21.9,NA,NA,NA,NA,NA,NA,NA,NA,NA,NA,NA,NA,NA,NA,Sheep/goat
4748,South,Iron Age,IA2,IA2,IA.Late,ExNISP,Forcello,Trentacoste PhD,84,Sheep,OVA,TI,Tibia,NA,NA,NA,NA,NA,NA,NA,NA,27.2,20,NA,NA,NA,NA,NA,NA,NA,NA,NA,NA,NA,NA,NA,NA,Sheep/goat
4757,South,Iron Age,IA2,IA2,IA.Late,ExNISP,Forcello,Trentacoste PhD,84,Sheep,OVA,TI,Tibia,NA,NA,NA,NA,NA,NA,NA,NA,25,19.2,NA,NA,NA,NA,NA,NA,NA,NA,NA,NA,NA,NA,NA,NA,Sheep/goat
4760,South,Iron Age,IA2,IA2,IA.Late,ExNISP,Forcello,Trentacoste PhD,84,Sheep,OVA,TI,Tibia,NA,NA,NA,NA,NA,NA,NA,NA,26.8,20.5,NA,NA,NA,NA,NA,NA,NA,NA,NA,NA,NA,NA,NA,NA,Sheep/goat
4829,South,Iron Age,IA2,IA2,IA.Late,ExNISP,Forcello,Trentacoste PhD,84,Sheep,OVA,TI,Tibia,NA,NA,NA,NA,NA,NA,NA,NA,24.6,18.5,NA,NA,NA,NA,NA,NA,NA,NA,NA,NA,NA,NA,NA,NA,Sheep/goat
4871,South,Iron Age,IA2,IA2,IA.Late,ExNISP,Forcello,Trentacoste PhD,84,Sheep,OVA,TI,Tibia,NA,NA,NA,NA,NA,NA,NA,NA,27.2,20.5,NA,NA,NA,NA,NA,NA,NA,NA,NA,NA,NA,NA,NA,NA,Sheep/goat
4903,South,Iron Age,IA2,IA2,IA.Late,ExNISP,Forcello,Trentacoste PhD,84,Sheep,OVA,TI,Tibia,NA,NA,NA,NA,NA,NA,NA,NA,25.5,18.6,NA,NA,NA,NA,NA,NA,NA,NA,NA,NA,NA,NA,NA,NA,Sheep/goat
4906,South,Iron Age,IA2,IA2,IA.Late,ExNISP,Forcello,Trentacoste PhD,84,Sheep,OVA,TI,Tibia,NA,NA,NA,NA,NA,NA,NA,NA,25.7,19.4,NA,NA,NA,NA,NA,NA,NA,NA,NA,NA,NA,NA,NA,NA,Sheep/goat
4915,South,Iron Age,IA2,IA2,IA.Late,ExNISP,Forcello,Trentacoste PhD,84,Sheep,OVA,TI,Tibia,NA,NA,NA,NA,NA,NA,NA,NA,24.3,19,NA,NA,NA,NA,NA,NA,NA,NA,NA,NA,NA,NA,NA,NA,Sheep/goat
4942,South,Iron Age,IA2,IA2,IA.Late,ExNISP,Forcello,Trentacoste PhD,84,Sheep,OVA,TI,Tibia,NA,NA,NA,NA,NA,NA,NA,NA,27.5,21.4,NA,NA,NA,NA,NA,NA,NA,NA,NA,NA,NA,NA,NA,NA,Sheep/goat
4972,South,Iron Age,IA2,IA2,IA.Late,ExNISP,Forcello,Trentacoste PhD,84,Sheep,OVA,TI,Tibia,NA,NA,NA,NA,NA,NA,NA,NA,24.9,NA,NA,NA,NA,NA,NA,NA,NA,NA,NA,NA,NA,NA,NA,NA,Sheep/goat
4993,South,Iron Age,IA2,IA2,IA.Late,ExNISP,Forcello,Trentacoste PhD,84,Sheep,OVA,TI,Tibia,NA,NA,NA,NA,NA,NA,NA,NA,25.8,19.6,NA,NA,NA,NA,NA,NA,NA,NA,NA,NA,NA,NA,NA,NA,Sheep/goat
5003,South,Iron Age,IA2,IA2,IA.Late,ExNISP,Forcello,Trentacoste PhD,84,Sheep,OVA,TI,Tibia,NA,NA,NA,NA,NA,NA,NA,NA,24.4,18.6,NA,NA,NA,NA,NA,NA,NA,NA,NA,NA,NA,NA,NA,NA,Sheep/goat
5111,South,Iron Age,IA2,IA2,IA.Late,ExNISP,Forcello,Trentacoste PhD,84,Sheep,OVA,TI,Tibia,NA,NA,NA,NA,NA,NA,NA,NA,25.2,19.5,NA,NA,NA,NA,NA,NA,NA,NA,NA,NA,NA,NA,NA,NA,Sheep/goat
5137,South,Iron Age,IA2,IA2,IA.Late,ExNISP,Forcello,Trentacoste PhD,84,Sheep,OVA,TI,Tibia,NA,NA,NA,NA,NA,NA,NA,NA,27.1,NA,NA,NA,NA,NA,NA,NA,NA,NA,NA,NA,NA,NA,NA,NA,Sheep/goat
5138,South,Iron Age,IA2,IA2,IA.Late,ExNISP,Forcello,Trentacoste PhD,84,Sheep,OVA,TI,Tibia,NA,NA,NA,NA,NA,NA,NA,NA,23.6,18.8,NA,NA,NA,NA,NA,NA,NA,NA,NA,NA,NA,NA,NA,NA,Sheep/goat
5184,South,Iron Age,IA2,IA2,IA.Late,ExNISP,Forcello,Trentacoste PhD,84,Sheep,OVA,TI,Tibia,NA,NA,NA,NA,NA,NA,NA,NA,22.8,18.4,NA,NA,NA,NA,NA,NA,NA,NA,NA,NA,NA,NA,NA,NA,Sheep/goat
5213,South,Iron Age,IA2,IA2,IA.Late,ExNISP,Forcello,Trentacoste PhD,84,Sheep,OVA,TI,Tibia,NA,NA,NA,NA,NA,NA,NA,NA,26.9,NA,NA,NA,NA,NA,NA,NA,NA,NA,NA,NA,NA,NA,NA,NA,Sheep/goat
5233,South,Iron Age,IA2,IA2,IA.Late,ExNISP,Forcello,Trentacoste PhD,84,Sheep,OVA,TI,Tibia,NA,NA,NA,NA,NA,NA,NA,NA,24.8,25,NA,NA,NA,NA,NA,NA,NA,NA,NA,NA,NA,NA,NA,NA,Sheep/goat
5234,South,Iron Age,IA2,IA2,IA.Late,ExNISP,Forcello,Trentacoste PhD,84,Sheep,OVA,TI,Tibia,NA,NA,NA,NA,NA,NA,NA,NA,26.6,19.8,NA,NA,NA,NA,NA,NA,NA,NA,NA,NA,NA,NA,NA,NA,Sheep/goat
5253,South,Iron Age,IA2,IA2,IA.Late,ExNISP,Forcello,Trentacoste PhD,84,Sheep,OVA,TI,Tibia,NA,NA,NA,NA,NA,NA,NA,NA,25.6,19.3,NA,NA,NA,NA,NA,NA,NA,NA,NA,NA,NA,NA,NA,NA,Sheep/goat
5290,South,Iron Age,IA2,IA2,IA.Late,ExNISP,Forcello,Trentacoste PhD,84,Sheep,OVA,TI,Tibia,NA,NA,NA,NA,NA,NA,NA,NA,28.3,22.4,NA,NA,NA,NA,NA,NA,NA,NA,NA,NA,NA,NA,NA,NA,Sheep/goat
5315,South,Iron Age,IA2,IA2,IA.Late,ExNISP,Forcello,Trentacoste PhD,84,Sheep,OVA,TI,Tibia,NA,NA,NA,NA,NA,NA,NA,NA,25.8,19.3,NA,NA,NA,NA,NA,NA,NA,NA,NA,NA,NA,NA,NA,NA,Sheep/goat
5322,South,Iron Age,IA2,IA2,IA.Late,ExNISP,Forcello,Trentacoste PhD,84,Sheep,OVA,TI,Tibia,NA,NA,NA,NA,NA,NA,NA,NA,23.3,18.1,NA,NA,NA,NA,NA,NA,NA,NA,NA,NA,NA,NA,NA,NA,Sheep/goat
5325,South,Iron Age,IA2,IA2,IA.Late,ExNISP,Forcello,Trentacoste PhD,84,Sheep,OVA,TI,Tibia,NA,NA,NA,NA,NA,NA,NA,NA,28.1,21.5,NA,NA,NA,NA,NA,NA,NA,NA,NA,NA,NA,NA,NA,NA,Sheep/goat
5340,South,Iron Age,IA2,IA2,IA.Late,ExNISP,Forcello,Trentacoste PhD,84,Sheep,OVA,TI,Tibia,NA,NA,NA,NA,NA,NA,NA,NA,25.6,20.9,NA,NA,NA,NA,NA,NA,NA,NA,NA,NA,NA,NA,NA,NA,Sheep/goat
5344,South,Iron Age,IA2,IA2,IA.Late,ExNISP,Forcello,Trentacoste PhD,84,Sheep,OVA,TI,Tibia,NA,NA,NA,NA,NA,NA,NA,NA,24.8,20,NA,NA,NA,NA,NA,NA,NA,NA,NA,NA,NA,NA,NA,NA,Sheep/goat
5353,South,Iron Age,IA2,IA2,IA.Late,ExNISP,Forcello,Trentacoste PhD,84,Sheep,OVA,TI,Tibia,NA,NA,NA,NA,NA,NA,NA,NA,25.5,20.4,NA,NA,NA,NA,NA,NA,NA,NA,NA,NA,NA,NA,NA,NA,Sheep/goat
5354,South,Iron Age,IA2,IA2,IA.Late,ExNISP,Forcello,Trentacoste PhD,84,Sheep,OVA,TI,Tibia,NA,NA,NA,NA,NA,NA,NA,NA,26.4,19.6,NA,NA,NA,NA,NA,NA,NA,NA,NA,NA,NA,NA,NA,NA,Sheep/goat
5366,South,Iron Age,IA2,IA2,IA.Late,ExNISP,Forcello,Trentacoste PhD,84,Sheep,OVA,TI,Tibia,NA,NA,NA,NA,NA,NA,NA,NA,26.6,20.4,NA,NA,NA,NA,NA,NA,NA,NA,NA,NA,NA,NA,NA,NA,Sheep/goat
5388,South,Iron Age,IA2,IA2,IA.Late,ExNISP,Forcello,Trentacoste PhD,84,Sheep,OVA,TI,Tibia,NA,NA,NA,NA,NA,NA,NA,NA,24,18.5,NA,NA,NA,NA,NA,NA,NA,NA,NA,NA,NA,NA,NA,NA,Sheep/goat
5401,South,Iron Age,IA2,IA2,IA.Late,ExNISP,Forcello,Trentacoste PhD,84,Sheep,OVA,TI,Tibia,NA,NA,NA,NA,NA,NA,NA,NA,31.1,23.5,NA,NA,NA,NA,NA,NA,NA,NA,NA,NA,NA,NA,NA,NA,Sheep/goat
5446,South,Iron Age,IA2,IA2,IA.Late,ExNISP,Forcello,Trentacoste PhD,84,Sheep,OVA,TI,Tibia,NA,NA,NA,NA,NA,NA,NA,NA,24.5,19.9,NA,NA,NA,NA,NA,NA,NA,NA,NA,NA,NA,NA,NA,NA,Sheep/goat
5460,South,Iron Age,IA2,IA2,IA.Late,ExNISP,Forcello,Trentacoste PhD,84,Sheep,OVA,TI,Tibia,NA,NA,NA,NA,NA,NA,NA,NA,27.1,19.9,NA,NA,NA,NA,NA,NA,NA,NA,NA,NA,NA,NA,NA,NA,Sheep/goat
5509,South,Iron Age,IA2,IA2,IA.Late,ExNISP,Forcello,Trentacoste PhD,84,Sheep,OVA,TI,Tibia,NA,NA,NA,NA,NA,NA,NA,NA,23.5,18.2,NA,NA,NA,NA,NA,NA,NA,NA,NA,NA,NA,NA,NA,NA,Sheep/goat
5517,South,Iron Age,IA2,IA2,IA.Late,ExNISP,Forcello,Trentacoste PhD,84,Sheep,OVA,TI,Tibia,NA,NA,NA,NA,NA,NA,NA,NA,25.9,20.7,NA,NA,NA,NA,NA,NA,NA,NA,NA,NA,NA,NA,NA,NA,Sheep/goat
5529,South,Iron Age,IA2,IA2,IA.Late,ExNISP,Forcello,Trentacoste PhD,84,Sheep,OVA,TI,Tibia,NA,NA,NA,NA,NA,NA,NA,NA,25.4,19.5,NA,NA,NA,NA,NA,NA,NA,NA,NA,NA,NA,NA,NA,NA,Sheep/goat
5544,South,Iron Age,IA2,IA2,IA.Late,ExNISP,Forcello,Trentacoste PhD,84,Sheep,OVA,TI,Tibia,NA,NA,NA,NA,NA,NA,NA,NA,23.4,19.1,NA,NA,NA,NA,NA,NA,NA,NA,NA,NA,NA,NA,NA,NA,Sheep/goat
5556,South,Iron Age,IA2,IA2,IA.Late,ExNISP,Forcello,Trentacoste PhD,84,Sheep,OVA,TI,Tibia,NA,NA,NA,NA,NA,NA,NA,NA,26,19.7,NA,NA,NA,NA,NA,NA,NA,NA,NA,NA,NA,NA,NA,NA,Sheep/goat
5560,South,Iron Age,IA2,IA2,IA.Late,ExNISP,Forcello,Trentacoste PhD,84,Sheep,OVA,TI,Tibia,NA,NA,NA,NA,NA,NA,NA,NA,25.3,20.7,NA,NA,NA,NA,NA,NA,NA,NA,NA,NA,NA,NA,NA,NA,Sheep/goat
5595,South,Iron Age,IA2,IA2,IA.Late,ExNISP,Forcello,Trentacoste PhD,84,Sheep,OVA,TI,Tibia,NA,NA,NA,NA,NA,NA,NA,NA,25.1,19.3,NA,NA,NA,NA,NA,NA,NA,NA,NA,NA,NA,NA,NA,NA,Sheep/goat
5642,South,Iron Age,IA2,IA2,IA.Late,ExNISP,Forcello,Trentacoste PhD,84,Sheep,OVA,TI,Tibia,NA,NA,NA,NA,NA,NA,NA,NA,22.9,18,NA,NA,NA,NA,NA,NA,NA,NA,NA,NA,NA,NA,NA,NA,Sheep/goat
5669,South,Iron Age,IA2,IA2,IA.Late,ExNISP,Forcello,Trentacoste PhD,84,Sheep,OVA,TI,Tibia,NA,NA,NA,NA,NA,NA,NA,NA,24.7,19.2,NA,NA,NA,NA,NA,NA,NA,NA,NA,NA,NA,NA,NA,NA,Sheep/goat
5706,South,Iron Age,IA2,IA2,IA.Late,ExNISP,Forcello,Trentacoste PhD,84,Sheep,OVA,TI,Tibia,NA,NA,NA,NA,NA,NA,NA,NA,25.8,20.3,NA,NA,NA,NA,NA,NA,NA,NA,NA,NA,NA,NA,NA,NA,Sheep/goat
5750,South,Iron Age,IA2,IA2,IA.Late,ExNISP,Forcello,Trentacoste PhD,84,Sheep,OVA,TI,Tibia,NA,NA,NA,NA,NA,NA,NA,NA,26.5,20.5,NA,NA,NA,NA,NA,NA,NA,NA,NA,NA,NA,NA,NA,NA,Sheep/goat
5817,South,Iron Age,IA2,IA2,IA.Late,ExNISP,Forcello,Trentacoste PhD,84,Sheep,OVA,TI,Tibia,NA,NA,NA,NA,NA,NA,NA,NA,24,19.2,NA,NA,NA,NA,NA,NA,NA,NA,NA,NA,NA,NA,NA,NA,Sheep/goat
5834,South,Iron Age,IA2,IA2,IA.Late,ExNISP,Forcello,Trentacoste PhD,84,Sheep,OVA,TI,Tibia,NA,NA,NA,NA,NA,NA,NA,NA,23.9,19.2,NA,NA,NA,NA,NA,NA,NA,NA,NA,NA,NA,NA,NA,NA,Sheep/goat
5945,South,Iron Age,IA2,IA2,IA.Late,ExNISP,Forcello,Trentacoste PhD,84,Sheep,OVA,TI,Tibia,NA,NA,NA,NA,NA,NA,NA,NA,23.6,18.2,NA,NA,NA,NA,NA,NA,NA,NA,NA,NA,NA,NA,NA,NA,Sheep/goat
6008,South,Iron Age,IA2,IA2,IA.Late,ExNISP,Forcello,Trentacoste PhD,84,Sheep,OVA,TI,Tibia,NA,NA,NA,NA,NA,NA,NA,NA,23.5,17.8,NA,NA,NA,NA,NA,NA,NA,NA,NA,NA,NA,NA,NA,NA,Sheep/goat
6039,South,Iron Age,IA2,IA2,IA.Late,ExNISP,Forcello,Trentacoste PhD,84,Sheep,OVA,TI,Tibia,NA,NA,NA,NA,NA,NA,NA,NA,25.9,20.4,NA,NA,NA,NA,NA,NA,NA,NA,NA,NA,NA,NA,NA,NA,Sheep/goat
6050,South,Iron Age,IA2,IA2,IA.Late,ExNISP,Forcello,Trentacoste PhD,84,Sheep,OVA,TI,Tibia,NA,NA,NA,NA,NA,NA,NA,NA,27.6,19.7,NA,NA,NA,NA,NA,NA,NA,NA,NA,NA,NA,NA,NA,NA,Sheep/goat
6065,South,Iron Age,IA2,IA2,IA.Late,ExNISP,Forcello,Trentacoste PhD,84,Sheep,OVA,TI,Tibia,NA,NA,NA,NA,NA,NA,NA,NA,25.2,20,NA,NA,NA,NA,NA,NA,NA,NA,NA,NA,NA,NA,NA,NA,Sheep/goat
6087,South,Iron Age,IA2,IA2,IA.Late,ExNISP,Forcello,Trentacoste PhD,84,Sheep,OVA,TI,Tibia,NA,NA,NA,NA,NA,NA,NA,NA,23.5,16.8,NA,NA,NA,NA,NA,NA,NA,NA,NA,NA,NA,NA,NA,NA,Sheep/goat
8613,Veneto,Bronze Age,BA.R,BM-R,BA.Late,NA,Larda II,NA,148,Sheep,OVA,TI,Tibia,NA,NA,NA,NA,NA,NA,NA,NA,24,NA,NA,NA,NA,NA,NA,NA,NA,NA,NA,NA,NA,NA,NA,1,Sheep/goat
8883,Veneto,Bronze Age,BA.R,BM-R,BA.Late,NA,Terranegra,Depellegrin & Tecchiati - BR,61,Sheep,OVA,TI,Tibia,NA,NA,NA,NA,NA,13.4,NA,NA,26.8,NA,NA,NA,NA,NA,NA,NA,NA,NA,NA,NA,NA,NA,NA,NA,Sheep/goat
8884,Veneto,Bronze Age,BA.R,BM-R,BA.Late,NA,Terranegra,Depellegrin & Tecchiati - BR,61,Sheep,OVA,TI,Tibia,NA,NA,NA,NA,NA,15.1,NA,NA,29.4,NA,NA,NA,NA,NA,NA,NA,NA,NA,NA,NA,NA,NA,NA,NA,Sheep/goat
8885,Veneto,Bronze Age,BA.R,BM-R,BA.Late,NA,Terranegra,Depellegrin & Tecchiati - BR,61,Sheep,OVA,TI,Tibia,NA,NA,NA,NA,NA,14,NA,NA,28.9,NA,NA,NA,NA,NA,NA,NA,NA,NA,NA,NA,NA,NA,NA,NA,Sheep/goat
8886,Veneto,Bronze Age,BA.R,BM-R,BA.Late,NA,Terranegra,Depellegrin & Tecchiati - BR,61,Sheep,OVA,TI,Tibia,190.9,NA,NA,38.1,NA,14,NA,NA,25.6,NA,NA,NA,NA,NA,NA,NA,NA,NA,NA,NA,NA,NA,NA,NA,Sheep/goat
8887,Veneto,Bronze Age,BA.R,BM-R,BA.Late,NA,Terranegra,Depellegrin & Tecchiati - BR,61,Sheep,OVA,TI,Tibia,210.1,NA,NA,34,NA,14.1,NA,NA,24.7,NA,NA,NA,NA,NA,NA,NA,NA,NA,NA,NA,NA,NA,NA,NA,Sheep/goat
8888,Veneto,Iron Age,IA1-IA2,IA1,IA.Mid,NA,Terranegra,Depellegrin & Tecchiati - IA,156,Sheep,OVA,TI,Tibia,NA,NA,NA,NA,NA,NA,NA,NA,25.6,NA,NA,NA,NA,NA,NA,NA,NA,NA,NA,NA,NA,NA,NA,NA,Sheep/goat
8889,Veneto,Iron Age,IA1-IA2,IA1,IA.Mid,NA,Terranegra,Depellegrin & Tecchiati - IA,156,Sheep,OVA,TI,Tibia,NA,NA,NA,NA,NA,13.1,NA,NA,25.7,NA,NA,NA,NA,NA,NA,NA,NA,NA,NA,NA,NA,NA,NA,NA,Sheep/goat
9394,Friuli,Iron Age,IA2,IA2,IA.Late,NA,Gradisca,Iron Age II,170,Sheep,OVA,TI,Tibia,NA,NA,NA,NA,NA,NA,NA,NA,25.5,NA,NA,NA,NA,NA,NA,NA,NA,NA,NA,NA,NA,NA,NA,NA,Sheep/goat
9773,Friuli,Roman,Rom,Early,Roman.Early,Rit,Montereale Valcellina,*US 581/583/606 - Reppublican pits,200,Sheep,OVA,TI,Tibia,195,NA,NA,46.8,NA,16.5,NA,NA,28.4,22.3,NA,NA,NA,NA,NA,NA,NA,NA,NA,NA,NA,NA,NA,NA,Sheep/goat
9774,Friuli,Roman,Rom,Early,Roman.Early,Rit,Montereale Valcellina,*US 581/583/606 - Reppublican pits,200,Sheep,OVA,TI,Tibia,NA,NA,NA,46.8,NA,NA,NA,NA,NA,NA,NA,NA,NA,NA,NA,NA,NA,NA,NA,NA,NA,NA,NA,NA,Sheep/goat
9775,Friuli,Roman,Rom,Early,Roman.Early,Rit,Montereale Valcellina,*US 581/583/606 - Reppublican pits,200,Sheep,OVA,TI,Tibia,NA,NA,NA,46.3,NA,NA,NA,NA,NA,NA,NA,NA,NA,NA,NA,NA,NA,NA,NA,NA,NA,NA,NA,NA,Sheep/goat
9776,Friuli,Roman,Rom,Early,Roman.Early,Rit,Montereale Valcellina,*US 581/583/606 - Reppublican pits,200,Sheep,OVA,TI,Tibia,NA,NA,NA,NA,NA,NA,NA,NA,28.7,NA,NA,NA,NA,NA,NA,NA,NA,NA,NA,NA,NA,NA,NA,NA,Sheep/goat
9777,Friuli,Roman,Rom,Early,Roman.Early,Rit,Montereale Valcellina,*US 581/583/606 - Reppublican pits,200,Sheep,OVA,TI,Tibia,NA,NA,NA,NA,NA,NA,NA,NA,26.5,NA,NA,NA,NA,NA,NA,NA,NA,NA,NA,NA,NA,NA,NA,NA,Sheep/goat
9778,Friuli,Roman,Rom,Early,Roman.Early,Rit,Montereale Valcellina,*US 581/583/606 - Reppublican pits,200,Sheep,OVA,TI,Tibia,NA,NA,NA,NA,NA,NA,NA,NA,27.2,NA,NA,NA,NA,NA,NA,NA,NA,NA,NA,NA,NA,NA,NA,NA,Sheep/goat
9779,Friuli,Roman,Rom,Early,Roman.Early,Rit,Montereale Valcellina,*US 581/583/606 - Reppublican pits,200,Sheep,OVA,TI,Tibia,NA,NA,NA,NA,NA,NA,NA,NA,29.5,NA,NA,NA,NA,NA,NA,NA,NA,NA,NA,NA,NA,NA,NA,NA,Sheep/goat
9780,Friuli,Roman,Rom,Early,Roman.Early,Rit,Montereale Valcellina,*US 581/583/606 - Reppublican pits,200,Sheep,OVA,TI,Tibia,NA,NA,NA,NA,NA,NA,NA,NA,26.9,NA,NA,NA,NA,NA,NA,NA,NA,NA,NA,NA,NA,NA,NA,NA,Sheep/goat
9781,Friuli,Roman,Rom,Early,Roman.Early,Rit,Montereale Valcellina,*US 581/583/606 - Reppublican pits,200,Sheep,OVA,TI,Tibia,NA,NA,NA,NA,NA,NA,NA,NA,28.4,NA,NA,NA,NA,NA,NA,NA,NA,NA,NA,NA,NA,NA,NA,NA,Sheep/goat
9782,Friuli,Roman,Rom,Early,Roman.Early,Rit,Montereale Valcellina,*US 581/583/606 - Reppublican pits,200,Sheep,OVA,TI,Tibia,NA,NA,NA,NA,NA,NA,NA,NA,28.6,NA,NA,NA,NA,NA,NA,NA,NA,NA,NA,NA,NA,NA,NA,NA,Sheep/goat
9783,Friuli,Roman,Rom,Early,Roman.Early,Rit,Montereale Valcellina,*US 581/583/606 - Reppublican pits,200,Sheep,OVA,TI,Tibia,NA,NA,NA,NA,NA,NA,NA,NA,27.9,NA,NA,NA,NA,NA,NA,NA,NA,NA,NA,NA,NA,NA,NA,NA,Sheep/goat
9812,Friuli,Roman,Rom,Early,Roman.Early,Rit,Montereale Valcellina,*US 581/583/606 - Reppublican pits,200,Sheep,OVA,TI,Tibia,NA,NA,NA,40.5,NA,NA,NA,NA,NA,NA,NA,NA,NA,NA,NA,NA,NA,NA,NA,NA,NA,NA,NA,NA,Sheep/goat
9813,Friuli,Roman,Rom,Early,Roman.Early,Rit,Montereale Valcellina,*US 581/583/606 - Reppublican pits,200,Sheep,OVA,TI,Tibia,NA,NA,NA,39,NA,NA,NA,NA,NA,NA,NA,NA,NA,NA,NA,NA,NA,NA,NA,NA,NA,NA,NA,NA,Sheep/goat
9814,Friuli,Roman,Rom,Early,Roman.Early,Rit,Montereale Valcellina,*US 581/583/606 - Reppublican pits,200,Sheep,OVA,TI,Tibia,NA,NA,NA,40,NA,NA,NA,NA,NA,NA,NA,NA,NA,NA,NA,NA,NA,NA,NA,NA,NA,NA,NA,NA,Sheep/goat
9815,Friuli,Roman,Rom,Early,Roman.Early,Rit,Montereale Valcellina,*US 581/583/606 - Reppublican pits,200,Sheep,OVA,TI,Tibia,NA,NA,NA,NA,NA,NA,NA,NA,27.5,NA,NA,NA,NA,NA,NA,NA,NA,NA,NA,NA,NA,NA,NA,NA,Sheep/goat
9816,Friuli,Roman,Rom,Early,Roman.Early,Rit,Montereale Valcellina,*US 581/583/606 - Reppublican pits,200,Sheep,OVA,TI,Tibia,NA,NA,NA,NA,NA,NA,NA,NA,26.7,NA,NA,NA,NA,NA,NA,NA,NA,NA,NA,NA,NA,NA,NA,NA,Sheep/goat
9817,Friuli,Roman,Rom,Early,Roman.Early,Rit,Montereale Valcellina,*US 581/583/606 - Reppublican pits,200,Sheep,OVA,TI,Tibia,NA,NA,NA,NA,NA,NA,NA,NA,27.6,NA,NA,NA,NA,NA,NA,NA,NA,NA,NA,NA,NA,NA,NA,NA,Sheep/goat
10146,Veneto,Roman,Rom.M-L,Mid-Late,Roman.Mid-Late,NA,Altino,Riedel 1985,56,Sheep,OVA,TI,Tibia,NA,NA,NA,NA,NA,NA,NA,NA,26.7,NA,NA,NA,NA,NA,NA,NA,NA,NA,NA,NA,NA,NA,NA,NA,Sheep/goat
10147,Veneto,Roman,Rom.M-L,Mid-Late,Roman.Mid-Late,NA,Altino,Riedel 1985,56,Sheep,OVA,TI,Tibia,NA,NA,NA,NA,NA,NA,NA,NA,27.2,NA,NA,NA,NA,NA,NA,NA,NA,NA,NA,NA,NA,NA,NA,NA,Sheep/goat
10148,Veneto,Roman,Rom.M-L,Mid-Late,Roman.Mid-Late,NA,Altino,Riedel 1985,56,Sheep,OVA,TI,Tibia,NA,NA,NA,NA,NA,NA,NA,NA,28.1,NA,NA,NA,NA,NA,NA,NA,NA,NA,NA,NA,NA,NA,NA,NA,Sheep/goat
10149,Veneto,Roman,Rom.M-L,Mid-Late,Roman.Mid-Late,NA,Altino,Riedel 1985,56,Sheep,OVA,TI,Tibia,NA,NA,NA,NA,NA,NA,NA,NA,31.4,NA,NA,NA,NA,NA,NA,NA,NA,NA,NA,NA,NA,NA,NA,NA,Sheep/goat
10264,Friuli,Roman,Rom.Late,Late,Roman.Late,NA,Aquileia,area a est del foro - Riedel 1994,175,Sheep,OVA,TI,Tibia,NA,NA,NA,NA,NA,NA,NA,NA,26.5,NA,NA,NA,NA,NA,NA,NA,NA,NA,NA,NA,NA,NA,NA,NA,Sheep/goat
10265,Friuli,Roman,Rom.Late,Late,Roman.Late,NA,Aquileia,area a est del foro - Riedel 1994,175,Sheep,OVA,TI,Tibia,NA,NA,NA,NA,NA,NA,NA,NA,29.5,NA,NA,NA,NA,NA,NA,NA,NA,NA,NA,NA,NA,NA,NA,NA,Sheep/goat
10266,Friuli,Roman,Rom.Late,Late,Roman.Late,NA,Aquileia,area a est del foro - Riedel 1994,175,Sheep,OVA,TI,Tibia,NA,NA,NA,NA,NA,NA,NA,NA,32.3,NA,NA,NA,NA,NA,NA,NA,NA,NA,NA,NA,NA,NA,NA,NA,Sheep/goat
10267,Friuli,Roman,Rom.Late,Late,Roman.Late,NA,Aquileia,area a est del foro - Riedel 1994,175,Sheep,OVA,TI,Tibia,NA,NA,NA,NA,NA,NA,NA,NA,28,NA,NA,NA,NA,NA,NA,NA,NA,NA,NA,NA,NA,NA,NA,NA,Sheep/goat
10392,Friuli,Roman,Rom.M-L,Mid-Late,Roman.Mid-Late,NA,Vidulis,NA,184,Sheep,OVA,TI,Tibia,NA,NA,NA,NA,NA,NA,NA,NA,25.2,NA,NA,NA,NA,NA,NA,NA,NA,NA,NA,NA,NA,NA,NA,NA,Sheep/goat
11202,Friuli,Roman,Rom.Late,Late,Roman.Late,NA,Udine,Late Roman,246,Sheep,OVA,TI,Tibia,NA,NA,NA,NA,NA,NA,NA,NA,25.3,NA,NA,NA,NA,NA,NA,NA,NA,NA,NA,NA,NA,NA,NA,NA,Sheep/goat
11203,Friuli,Roman,Rom.Late,Late,Roman.Late,NA,Udine,Late Roman,246,Sheep,OVA,TI,Tibia,NA,NA,NA,NA,NA,NA,NA,NA,26.4,NA,NA,NA,NA,NA,NA,NA,NA,NA,NA,NA,NA,NA,NA,NA,Sheep/goat
11204,Friuli,Roman,Rom.Late,Late,Roman.Late,NA,Udine,Late Roman,246,Sheep,OVA,TI,Tibia,NA,NA,NA,NA,NA,NA,NA,NA,27.2,NA,NA,NA,NA,NA,NA,NA,NA,NA,NA,NA,NA,NA,NA,NA,Sheep/goat
11205,Friuli,Roman,Rom.Late,Late,Roman.Late,NA,Udine,Late Roman,246,Sheep,OVA,TI,Tibia,NA,NA,NA,NA,NA,NA,NA,NA,27.7,NA,NA,NA,NA,NA,NA,NA,NA,NA,NA,NA,NA,NA,NA,NA,Sheep/goat
11206,Friuli,Roman,Rom.Late,Late,Roman.Late,NA,Udine,Late Roman,246,Sheep,OVA,TI,Tibia,NA,NA,NA,NA,NA,NA,NA,NA,28.2,NA,NA,NA,NA,NA,NA,NA,NA,NA,NA,NA,NA,NA,NA,NA,Sheep/goat
11207,Friuli,Roman,Rom.Late,Late,Roman.Late,NA,Udine,Late Roman,246,Sheep,OVA,TI,Tibia,NA,NA,NA,NA,NA,NA,NA,NA,28.7,NA,NA,NA,NA,NA,NA,NA,NA,NA,NA,NA,NA,NA,NA,NA,Sheep/goat
11208,Friuli,Roman,Rom.Late,Late,Roman.Late,NA,Udine,Late Roman,246,Sheep,OVA,TI,Tibia,NA,NA,NA,NA,NA,NA,NA,NA,29,NA,NA,NA,NA,NA,NA,NA,NA,NA,NA,NA,NA,NA,NA,NA,Sheep/goat
11209,Friuli,Roman,Rom.Late,Late,Roman.Late,NA,Udine,Late Roman,246,Sheep,OVA,TI,Tibia,NA,NA,NA,NA,NA,NA,NA,NA,30.5,NA,NA,NA,NA,NA,NA,NA,NA,NA,NA,NA,NA,NA,NA,NA,Sheep/goat
11210,Friuli,Roman,Rom.Late,Late,Roman.Late,NA,Udine,Late Roman,246,Sheep,OVA,TI,Tibia,NA,NA,NA,NA,NA,NA,NA,NA,40,NA,NA,NA,NA,NA,NA,NA,NA,NA,NA,NA,Very large but appears in publication like this,NA,NA,NA,Sheep/goat
11315,Friuli,Bronze Age,BA.R-F,BRF-IA0,BA.Late,NA,Udine,'Late Bronze Age',247,Sheep,OVA,TI,Tibia,NA,NA,NA,NA,NA,NA,NA,NA,26.4,NA,NA,NA,NA,NA,NA,NA,NA,NA,NA,NA,NA,NA,NA,NA,Sheep/goat
11316,Friuli,Bronze Age,BA.R-F,BRF-IA0,BA.Late,NA,Udine,'Late Bronze Age',247,Sheep,OVA,TI,Tibia,NA,NA,NA,NA,NA,NA,NA,NA,29.5,NA,NA,NA,NA,NA,NA,NA,NA,NA,NA,NA,NA,NA,NA,NA,Sheep/goat
11341,Friuli,Bronze Age,BA.R,BRF-IA0,BA.Late,NA,Rividischia,Cjamps dai Cjastilirs,248,Sheep,OVA,TI,Tibia,NA,NA,NA,NA,NA,NA,NA,NA,22,NA,NA,NA,NA,NA,NA,NA,NA,NA,NA,NA,NA,NA,NA,NA,Sheep/goat
12361,South,Roman,Rom.Early,Early,Roman.Early,NA,Calvatone,Wilkens - Bio data from academia,253,Sheep,OVA,TI,Tibia,NA,NA,NA,45.7,NA,NA,NA,NA,NA,NA,NA,NA,NA,NA,NA,NA,NA,NA,NA,NA,NA,NA,NA,NA,Sheep/goat
NA,South,Bronze Age,BA.R,BM-R,BA.Late,NA,Coccanile,Ca Spadolino,451,Sheep,OVA,TI,Tibia,NA,NA,NA,NA,NA,NA,NA,NA,24,18.2,NA,NA,NA,NA,NA,NA,NA,NA,NA,NA,NA,NA,NA,NA,Sheep/goat
NA,South,Bronze Age,BA.M-R,BM-R,BA.Middle-Late,NA,Montirone,NA,442,Sheep,OVA,TI,Tibia,NA,NA,NA,NA,NA,12,NA,NA,24.6,18.1,NA,NA,NA,NA,NA,NA,NA,NA,NA,NA,NA,NA,NA,NA,Sheep/goat
NA,South,Bronze Age,BA.M-R,BM-R,BA.Middle-Late,NA,Montirone,NA,442,Sheep,OVA,TI,Tibia,NA,NA,NA,NA,NA,NA,NA,NA,25.1,18.9,NA,NA,NA,NA,NA,NA,NA,NA,NA,NA,NA,NA,NA,NA,Sheep/goat
NA,South,Bronze Age,BA.M-R,BM-R,BA.Middle-Late,NA,Montirone,NA,442,Sheep,OVA,TI,Tibia,NA,NA,NA,NA,NA,NA,NA,NA,26.3,19.5,NA,NA,NA,NA,NA,NA,NA,NA,NA,NA,NA,NA,NA,NA,Sheep/goat
NA,South,Bronze Age,BA.M-R,BM-R,BA.Middle-Late,NA,Montirone,NA,442,Sheep,OVA,TI,Tibia,125.6,NA,NA,20.1,NA,13.4,NA,NA,25.8,NA,NA,NA,NA,NA,NA,NA,NA,NA,NA,NA,NA,NA,NA,NA,Sheep/goat
NA,Appennine,Bronze Age,BA.M-R,BM-R,BA.Middle-Late,NA,Case Missiroli,NA,453,Sheep,OVA,TI,Tibia,NA,NA,NA,NA,NA,NA,NA,NA,26,NA,NA,NA,NA,NA,NA,NA,NA,NA,NA,NA,NA,NA,NA,NA,Sheep/goat
NA,Veneto,Iron Age,IA2,IA2,IA.Late,NA,Padova,Via S. Canziano IV-V,467,Sheep,OVA,TI,Tibia,NA,NA,NA,NA,NA,NA,NA,NA,29.8,22.8,NA,NA,NA,NA,NA,NA,NA,NA,NA,NA,NA,NA,NA,NA,Sheep/goat
NA,Veneto,Iron Age,IA2,IA2,IA.Late,NA,Padova,Via S. Canziano IV-V,467,Sheep,OVA,TI,Tibia,NA,NA,NA,NA,NA,NA,NA,NA,27.3,20.4,NA,NA,NA,NA,NA,NA,NA,NA,NA,NA,NA,NA,NA,NA,Sheep/goat
NA,Veneto,Iron Age,IA1,IA1,IA.Mid,NA,Padova,"Via S. Canziano, phases I-III",466,Sheep,OVA,TI,Tibia,NA,NA,NA,NA,NA,NA,NA,NA,26.9,21.4,NA,NA,NA,NA,NA,NA,NA,NA,NA,NA,NA,NA,NA,NA,Sheep/goat
NA,Veneto,Iron Age,IA1,IA1,IA.Mid,NA,Padova,"Via S. Canziano, phases I-III",466,Sheep,OVA,TI,Tibia,NA,NA,NA,NA,NA,NA,NA,NA,27.7,NA,NA,NA,NA,NA,NA,NA,NA,NA,NA,NA,NA,NA,NA,NA,Sheep/goat
288,South,Iron Age,IA1,IA1,IA.Mid,NA,Marzabotto,V 3,68,Sheep/goat,O,AS,Astragalus,NA,26.2,24.4,NA,NA,NA,NA,14.4,17.4,NA,NA,NA,NA,NA,NA,NA,NA,NA,NA,NA,NA,NA,NA,NA,Sheep/goat
324,South,Iron Age,IA2,IA2,IA.Late,NA,Bologna,Via S. Caterina,77,Sheep/goat,O,AS,Astragalus,NA,27.6,26.2,NA,NA,NA,NA,15.8,18.1,NA,NA,NA,NA,NA,NA,NA,NA,NA,NA,NA,NA,NA,NA,NA,Sheep/goat
325,South,Iron Age,IA2,IA2,IA.Late,NA,Marzabotto,US 8,78,Sheep/goat,O,AS,Astragalus,NA,26.2,24.1,NA,NA,NA,NA,14.4,16.4,NA,NA,NA,NA,NA,NA,NA,NA,NA,NA,NA,NA,NA,NA,NA,Sheep/goat
683,North,Bronze Age,BA.R,BM-R,BA.Late,NA,Isolone,NA,16,Sheep/goat,O,AS,Astragalus,NA,25.1,23.7,NA,NA,NA,NA,14.2,16.1,NA,NA,NA,NA,NA,NA,NA,NA,NA,NA,NA,NA,NA,NA,NA,Sheep/goat
684,North,Bronze Age,BA.R,BM-R,BA.Late,NA,Isolone,NA,16,Sheep/goat,O,AS,Astragalus,NA,24,22.8,NA,NA,NA,NA,13.5,15.3,NA,NA,NA,NA,NA,NA,NA,NA,NA,NA,NA,NA,NA,NA,NA,Sheep/goat
685,North,Bronze Age,BA.R,BM-R,BA.Late,NA,Isolone,NA,16,Sheep/goat,O,AS,Astragalus,NA,27.4,25.6,NA,NA,NA,NA,16.9,16.9,NA,NA,NA,NA,NA,NA,NA,NA,NA,NA,NA,NA,NA,NA,NA,Sheep/goat
1583,South,Bronze Age,BA.M,BM-R,BA.Middle,NA,Tabina di Margreta,Bronze Age,22,Sheep/goat,O,AS,Astragalus,NA,30,27,NA,NA,NA,NA,15,19,NA,NA,NA,NA,NA,NA,NA,NA,NA,NA,NA,NA,NA,NA,0.5,Sheep/goat
1584,South,Bronze Age,BA.M,BM-R,BA.Middle,NA,Tabina di Margreta,Bronze Age,22,Sheep/goat,O,AS,Astragalus,NA,27,26,NA,NA,NA,NA,14,17.5,NA,NA,NA,NA,NA,NA,NA,NA,NA,NA,NA,NA,NA,NA,0.5,Sheep/goat
1585,South,Bronze Age,BA.M,BM-R,BA.Middle,NA,Tabina di Margreta,Bronze Age,22,Sheep/goat,O,AS,Astragalus,NA,27,26,NA,NA,NA,NA,14,17,NA,NA,NA,NA,NA,NA,NA,NA,NA,NA,NA,NA,NA,NA,0.5,Sheep/goat
1586,South,Bronze Age,BA.M,BM-R,BA.Middle,NA,Tabina di Margreta,Bronze Age,22,Sheep/goat,O,AS,Astragalus,NA,25,23.5,NA,NA,NA,NA,14,16,NA,NA,NA,NA,NA,NA,NA,NA,NA,NA,NA,NA,NA,NA,0.5,Sheep/goat
1587,South,Bronze Age,BA.M,BM-R,BA.Middle,NA,Tabina di Margreta,Bronze Age,22,Sheep/goat,O,AS,Astragalus,NA,25,NA,NA,NA,NA,NA,13,15,NA,NA,NA,NA,NA,NA,NA,NA,NA,NA,NA,NA,NA,NA,0.5,Sheep/goat
1588,South,Bronze Age,BA.M,BM-R,BA.Middle,NA,Tabina di Margreta,Bronze Age,22,Sheep/goat,O,AS,Astragalus,NA,24,23,NA,NA,NA,NA,13,16,NA,NA,NA,NA,NA,NA,NA,NA,NA,NA,NA,NA,NA,NA,0.5,Sheep/goat
1589,South,Bronze Age,BA.M,BM-R,BA.Middle,NA,Tabina di Margreta,Bronze Age,22,Sheep/goat,O,AS,Astragalus,NA,NA,26,NA,NA,NA,NA,15,18,NA,NA,NA,NA,NA,NA,NA,NA,NA,NA,NA,NA,NA,NA,0.5,Sheep/goat
1590,South,Bronze Age,BA.M,BM-R,BA.Middle,NA,Tabina di Margreta,Bronze Age,22,Sheep/goat,O,AS,Astragalus,NA,NA,26,NA,NA,NA,NA,NA,18,NA,NA,NA,NA,NA,NA,NA,NA,NA,NA,NA,NA,NA,NA,0.5,Sheep/goat
2180,North,Bronze Age,BA.M,BM-R,BA.Middle,NA,Lavagnone,Sector A + E,126,Sheep/goat,O,AS,Astragalus,NA,25.7,24.4,NA,NA,NA,NA,14.2,15.6,NA,NA,NA,NA,NA,NA,NA,NA,NA,NA,NA,NA,NA,NA,NA,Sheep/goat
2181,North,Bronze Age,BA.M,BM-R,BA.Middle,NA,Lavagnone,Sector A + E,126,Sheep/goat,O,AS,Astragalus,NA,25.7,24.2,NA,NA,NA,NA,15.1,16.5,NA,NA,NA,NA,NA,NA,NA,NA,NA,NA,NA,NA,NA,NA,NA,Sheep/goat
2182,North,Bronze Age,BA.M,BM-R,BA.Middle,NA,Lavagnone,Sector A + E,126,Sheep/goat,O,AS,Astragalus,NA,26.4,24.9,NA,NA,NA,NA,14.3,NA,NA,NA,NA,NA,NA,NA,NA,NA,NA,NA,NA,NA,NA,NA,NA,Sheep/goat
2183,North,Bronze Age,BA.M,BM-R,BA.Middle,NA,Lavagnone,Sector A + E,126,Sheep/goat,O,AS,Astragalus,NA,25.1,23.5,NA,NA,NA,NA,13.6,15.5,NA,NA,NA,NA,NA,NA,NA,NA,NA,NA,NA,NA,NA,NA,NA,Sheep/goat
2895,Veneto,Iron Age,IA2,IA2,IA.Late,NA,Padova,Via Dietro Duomo,112,Sheep/goat,O,AS,Astragalus,NA,28.1,26.1,NA,NA,NA,NA,15.4,17.9,NA,NA,NA,NA,NA,NA,NA,NA,NA,NA,NA,NA,NA,NA,NA,Sheep/goat
2922,North,Bronze Age,BA.M,BM-R,BA.Middle,NA,Quarto del Tormine,Mozzecane,18,Sheep/goat,O,AS,Astragalus,NA,24.8,NA,NA,NA,NA,NA,14.4,17,NA,NA,NA,NA,NA,NA,NA,NA,NA,NA,NA,NA,NA,NA,NA,Sheep/goat
3000,South,Iron Age,IA2,IA2,IA.Late,ExNISP,Monte Bibele,Just Ambiente/Casa 14,79,Sheep/goat,O,AS,Astragalus,NA,29.6,27.6,NA,NA,NA,NA,NA,17.4,NA,NA,NA,NA,NA,NA,NA,NA,NA,NA,NA,NA,NA,NA,NA,Sheep/goat
3001,South,Iron Age,IA2,IA2,IA.Late,ExNISP,Monte Bibele,Just Ambiente/Casa 14,79,Sheep/goat,O,AS,Astragalus,NA,30.5,29.3,NA,NA,NA,NA,NA,19.5,NA,NA,NA,NA,NA,NA,NA,NA,NA,NA,NA,NA,NA,NA,NA,Sheep/goat
3054,South,Iron Age,IA2,IA2,IA.Late,NA,Marzabotto,Casa 1,119,Sheep/goat,O,AS,Astragalus,NA,27.5,25.2,NA,NA,NA,NA,NA,18.8,NA,NA,NA,NA,NA,NA,NA,NA,NA,NA,NA,NA,NA,NA,NA,Sheep/goat
3055,South,Iron Age,IA2,IA2,IA.Late,NA,Marzabotto,Casa 1,119,Sheep/goat,O,AS,Astragalus,NA,29.4,27.8,NA,NA,NA,NA,NA,19.9,NA,NA,NA,NA,NA,NA,NA,NA,NA,NA,NA,NA,NA,NA,NA,Sheep/goat
3056,South,Iron Age,IA2,IA2,IA.Late,NA,Marzabotto,Casa 1,119,Sheep/goat,O,AS,Astragalus,NA,27.8,27,NA,NA,NA,NA,NA,18.3,NA,NA,NA,NA,NA,NA,NA,NA,NA,NA,NA,NA,NA,NA,NA,Sheep/goat
3317,South,Bronze Age,BA.M-R,BM-R,BA.Middle-Late,NA,Pilastri Bondeno,Sondaggi 1989,27,Sheep/goat,O,AS,Astragalus,NA,25.9,24.1,NA,NA,NA,NA,14.3,15.8,NA,NA,NA,NA,NA,NA,NA,NA,NA,NA,NA,NA,NA,NA,NA,Sheep/goat
4931,South,Iron Age,IA2,IA2,IA.Late,ExNISP,Forcello,Trentacoste PhD,84,Sheep/goat,O,AS,Astragalus,NA,27.9,NA,NA,NA,NA,NA,15.4,18.1,NA,NA,NA,NA,NA,NA,NA,NA,NA,NA,NA,NA,NA,NA,NA,Sheep/goat
5323,South,Iron Age,IA2,IA2,IA.Late,ExNISP,Forcello,Trentacoste PhD,84,Sheep/goat,O,AS,Astragalus,NA,28.6,NA,NA,NA,NA,NA,16.8,18.5,NA,NA,NA,NA,NA,NA,NA,NA,NA,NA,NA,NA,NA,NA,NA,Sheep/goat
5362,South,Iron Age,IA2,IA2,IA.Late,ExNISP,Forcello,Trentacoste PhD,84,Sheep/goat,O,AS,Astragalus,NA,29.7,NA,NA,NA,NA,NA,NA,19.4,NA,NA,NA,NA,NA,NA,NA,NA,NA,NA,NA,NA,NA,NA,NA,Sheep/goat
5499,South,Iron Age,IA2,IA2,IA.Late,ExNISP,Forcello,Trentacoste PhD,84,Sheep/goat,O,AS,Astragalus,NA,25.4,24.1,NA,NA,NA,NA,14.4,16.5,NA,NA,NA,NA,NA,NA,NA,NA,NA,NA,NA,NA,NA,NA,NA,Sheep/goat
5574,South,Iron Age,IA2,IA2,IA.Late,ExNISP,Forcello,Trentacoste PhD,84,Sheep/goat,O,AS,Astragalus,NA,25.9,23.8,NA,NA,NA,NA,14.6,17,NA,NA,NA,NA,NA,NA,NA,NA,NA,NA,NA,NA,NA,NA,NA,Sheep/goat
8195,South,Iron Age,IA2,IA2,IA.Late,ExNISP,Forcello,Scarpa,1,Sheep/goat,O,AS,Astragalus,NA,26,24,NA,NA,NA,NA,14,NA,NA,NA,NA,NA,NA,NA,NA,NA,NA,NA,NA,NA,NA,NA,1,Sheep/goat
8196,South,Iron Age,IA2,IA2,IA.Late,ExNISP,Forcello,Scarpa,1,Sheep/goat,O,AS,Astragalus,NA,30,29,NA,NA,NA,NA,16,NA,NA,NA,NA,NA,NA,NA,NA,NA,NA,NA,NA,NA,NA,NA,1,Sheep/goat
8197,South,Iron Age,IA2,IA2,IA.Late,ExNISP,Forcello,Scarpa,1,Sheep/goat,O,AS,Astragalus,NA,28,26,NA,NA,NA,NA,16,NA,NA,NA,NA,NA,NA,NA,NA,NA,NA,NA,NA,NA,NA,NA,1,Sheep/goat
8198,South,Iron Age,IA2,IA2,IA.Late,ExNISP,Forcello,Scarpa,1,Sheep/goat,O,AS,Astragalus,NA,28,26,NA,NA,NA,NA,16,NA,NA,NA,NA,NA,NA,NA,NA,NA,NA,NA,NA,NA,NA,NA,1,Sheep/goat
8199,South,Iron Age,IA2,IA2,IA.Late,ExNISP,Forcello,Scarpa,1,Sheep/goat,O,AS,Astragalus,NA,28,26,NA,NA,NA,NA,16,NA,NA,NA,NA,NA,NA,NA,NA,NA,NA,NA,NA,NA,NA,NA,1,Sheep/goat
8200,South,Iron Age,IA2,IA2,IA.Late,ExNISP,Forcello,Scarpa,1,Sheep/goat,O,AS,Astragalus,NA,26,26,NA,NA,NA,NA,15,NA,NA,NA,NA,NA,NA,NA,NA,NA,NA,NA,NA,NA,NA,NA,1,Sheep/goat
8201,South,Iron Age,IA2,IA2,IA.Late,ExNISP,Forcello,Scarpa,1,Sheep/goat,O,AS,Astragalus,NA,27,25,NA,NA,NA,NA,14,NA,NA,NA,NA,NA,NA,NA,NA,NA,NA,NA,NA,NA,NA,NA,1,Sheep/goat
8202,South,Iron Age,IA2,IA2,IA.Late,ExNISP,Forcello,Scarpa,1,Sheep/goat,O,AS,Astragalus,NA,27,26,NA,NA,NA,NA,15,NA,NA,NA,NA,NA,NA,NA,NA,NA,NA,NA,NA,NA,NA,NA,1,Sheep/goat
8533,Veneto,Bronze Age,BA.R,BM-R,BA.Late,NA,Larda I,NA,147,Sheep/goat,O,AS,Astragalus,NA,22.5,21.1,NA,NA,NA,NA,10,14,NA,NA,NA,NA,NA,NA,NA,NA,NA,NA,NA,Bd very small but appears in publication like this,NA,NA,1,Sheep/goat
8534,Veneto,Bronze Age,BA.R,BM-R,BA.Late,NA,Larda I,NA,147,Sheep/goat,O,AS,Astragalus,NA,23.5,21.9,NA,NA,NA,NA,10,13.8,NA,NA,NA,NA,NA,NA,NA,NA,NA,NA,NA,Bd very small but appears in publication like this,NA,NA,1,Sheep/goat
8535,Veneto,Bronze Age,BA.R,BM-R,BA.Late,NA,Larda I,NA,147,Sheep/goat,O,AS,Astragalus,NA,24,22.5,NA,NA,NA,NA,11,15,NA,NA,NA,NA,NA,NA,NA,NA,NA,NA,NA,NA,NA,NA,1,Sheep/goat
8536,Veneto,Bronze Age,BA.R,BM-R,BA.Late,NA,Larda I,NA,147,Sheep/goat,O,AS,Astragalus,NA,20.9,19.1,NA,NA,NA,NA,10,13,NA,NA,NA,NA,NA,NA,NA,NA,NA,NA,NA,Bd very small but appears in publication like this,NA,NA,1,Sheep/goat
8537,Veneto,Bronze Age,BA.R,BM-R,BA.Late,NA,Larda I,NA,147,Sheep/goat,O,AS,Astragalus,NA,25,23,NA,NA,NA,NA,11,19.5,NA,NA,NA,NA,NA,NA,NA,NA,NA,NA,NA,NA,NA,NA,1,Sheep/goat
8538,Veneto,Bronze Age,BA.R,BM-R,BA.Late,NA,Larda I,NA,147,Sheep/goat,O,AS,Astragalus,NA,23,20.1,NA,NA,NA,NA,10.1,18.5,NA,NA,NA,NA,NA,NA,NA,NA,NA,NA,NA,NA,NA,NA,1,Sheep/goat
8539,Veneto,Bronze Age,BA.R,BM-R,BA.Late,NA,Larda I,NA,147,Sheep/goat,O,AS,Astragalus,NA,23,21,NA,NA,NA,NA,10.5,14.2,NA,NA,NA,NA,NA,NA,NA,NA,NA,NA,NA,NA,NA,NA,1,Sheep/goat
8920,Veneto,Iron Age,IA1-IA2,IA1,IA.Mid,NA,Terranegra,Depellegrin & Tecchiati - IA,156,Sheep/goat,O,AS,Astragalus,NA,31.5,30.2,NA,NA,NA,NA,17.6,20.4,NA,NA,NA,NA,NA,NA,NA,NA,NA,NA,NA,NA,NA,NA,NA,Sheep/goat
9467,Veneto,Iron Age,IA0,BRF-IA0,IA.Early,NA,Oderzo,via dei Mosaici - A (IX-VIII),193,Sheep/goat,O,AS,Astragalus,NA,32.5,30.1,NA,NA,NA,NA,NA,20.8,NA,NA,NA,NA,NA,NA,NA,NA,NA,NA,NA,NA,NA,NA,NA,Sheep/goat
9526,Friuli,Iron Age,IA0,BRF-IA0,IA.Early,NA,Concordia Sagittaria,Quartiere Nord-Ovest 2001,167,Sheep/goat,O,AS,Astragalus,NA,30,29,NA,NA,NA,NA,17,22,NA,NA,NA,NA,NA,NA,NA,NA,NA,NA,NA,NA,NA,NA,1,Sheep/goat
9527,Friuli,Iron Age,IA0,BRF-IA0,IA.Early,NA,Concordia Sagittaria,Quartiere Nord-Ovest 2001,167,Sheep/goat,O,AS,Astragalus,NA,28,27,NA,NA,NA,NA,16,19,NA,NA,NA,NA,NA,NA,NA,NA,NA,NA,NA,NA,NA,NA,1,Sheep/goat
9528,Friuli,Iron Age,IA0,BRF-IA0,IA.Early,NA,Concordia Sagittaria,Quartiere Nord-Ovest 2001,167,Sheep/goat,O,AS,Astragalus,NA,29,26,NA,NA,NA,NA,NA,19,NA,NA,NA,NA,NA,NA,NA,NA,NA,NA,NA,NA,NA,NA,1,Sheep/goat
9529,Friuli,Iron Age,IA0,BRF-IA0,IA.Early,NA,Concordia Sagittaria,Quartiere Nord-Ovest 2001,167,Sheep/goat,O,AS,Astragalus,NA,30,28,NA,NA,NA,NA,16,18,NA,NA,NA,NA,NA,NA,NA,NA,NA,NA,NA,NA,NA,NA,1,Sheep/goat
9752,South,Roman,Rom.Mid,Mid,Roman.Mid,NA,Spilamberto,Fase II,128,Sheep/goat,O,AS,Astragalus,NA,31,29,NA,NA,NA,NA,NA,19.5,NA,NA,NA,NA,NA,NA,NA,NA,NA,NA,NA,NA,NA,NA,0.5,Sheep/goat
9753,South,Roman,Rom.Mid,Mid,Roman.Mid,NA,Spilamberto,Fase II,128,Sheep/goat,O,AS,Astragalus,NA,29,27.5,NA,NA,NA,NA,NA,18.5,NA,NA,NA,NA,NA,NA,NA,NA,NA,NA,NA,NA,NA,NA,0.5,Sheep/goat
9855,Veneto,Roman,Rom.Mid,Mid,Roman.Mid,NA,Ca Tron,sito M,189,Sheep/goat,O,AS,Astragalus,NA,29.1,27.7,NA,NA,NA,NA,16.1,18.6,NA,NA,NA,NA,NA,NA,NA,NA,NA,NA,NA,NA,NA,NA,NA,Sheep/goat
9856,Veneto,Roman,Rom.Mid,Mid,Roman.Mid,NA,Ca Tron,sito M,189,Sheep/goat,O,AS,Astragalus,NA,27.6,25.8,NA,NA,NA,NA,NA,NA,NA,NA,NA,NA,NA,NA,NA,NA,NA,NA,NA,NA,NA,NA,NA,Sheep/goat
326,South,Iron Age,IA2,IA2,IA.Late,NA,Casale di Rivalta,NA,71,Sheep/goat,O,CA,Calcaneum,56.3,NA,NA,NA,NA,NA,NA,NA,NA,NA,NA,NA,NA,NA,NA,NA,NA,NA,NA,NA,NA,NA,NA,NA,Sheep/goat
327,South,Iron Age,IA2,IA2,IA.Late,NA,Casale di Rivalta,NA,71,Sheep/goat,O,CA,Calcaneum,56.1,NA,NA,NA,NA,NA,NA,NA,NA,NA,NA,NA,NA,NA,NA,NA,NA,NA,NA,NA,NA,NA,NA,NA,Sheep/goat
328,South,Iron Age,IA2,IA2,IA.Late,NA,Marzabotto,US 8,78,Sheep/goat,O,CA,Calcaneum,51.8,NA,NA,NA,NA,NA,NA,NA,NA,NA,NA,NA,NA,NA,NA,NA,NA,NA,NA,NA,NA,NA,NA,NA,Sheep/goat
329,South,Iron Age,IA2,IA2,IA.Late,NA,Marzabotto,US 8,78,Sheep/goat,O,CA,Calcaneum,50.8,NA,NA,NA,NA,NA,NA,NA,NA,NA,NA,NA,NA,NA,NA,NA,NA,NA,NA,NA,NA,NA,NA,NA,Sheep/goat
1739,North,Iron Age,IA2,IA2,IA.Late,NA,Santorso,All phases,92,Sheep/goat,O,CA,Calcaneum,56,NA,NA,NA,NA,NA,NA,NA,NA,NA,NA,NA,NA,NA,NA,NA,NA,NA,NA,NA,NA,NA,NA,NA,Sheep/goat
2396,South,Bronze Age,BA.M,BM-R,BA.Middle,NA,Baggiovara,Opera Pia Bianchi,121,Sheep/goat,O,CA,Calcaneum,44.1,NA,NA,NA,NA,NA,NA,NA,NA,NA,NA,NA,NA,NA,NA,NA,NA,NA,NA,NA,NA,NA,NA,NA,Sheep/goat
2999,South,Iron Age,IA2,IA2,IA.Late,ExNISP,Monte Bibele,Just Ambiente/Casa 14,79,Sheep/goat,O,CA,Calcaneum,50.3,NA,NA,NA,NA,NA,NA,NA,NA,NA,NA,NA,NA,NA,NA,NA,17.7,NA,NA,NA,NA,NA,NA,NA,Sheep/goat
3051,South,Iron Age,IA2,IA2,IA.Late,NA,Marzabotto,Casa 1,119,Sheep/goat,O,CA,Calcaneum,60.2,NA,NA,NA,NA,NA,NA,NA,NA,NA,NA,NA,NA,NA,NA,NA,19.8,NA,NA,NA,NA,NA,NA,NA,Sheep/goat
3052,South,Iron Age,IA2,IA2,IA.Late,NA,Marzabotto,Casa 1,119,Sheep/goat,O,CA,Calcaneum,57.3,NA,NA,NA,NA,NA,NA,NA,NA,NA,NA,NA,NA,NA,NA,NA,18.7,NA,NA,NA,NA,NA,NA,NA,Sheep/goat
3053,South,Iron Age,IA2,IA2,IA.Late,NA,Marzabotto,Casa 1,119,Sheep/goat,O,CA,Calcaneum,54.5,NA,NA,NA,NA,NA,NA,NA,NA,NA,NA,NA,NA,NA,NA,NA,19.4,NA,NA,NA,NA,NA,NA,NA,Sheep/goat
5746,South,Iron Age,IA2,IA2,IA.Late,ExNISP,Forcello,Trentacoste PhD,84,Sheep/goat,O,CA,Calcaneum,47.6,NA,NA,NA,NA,NA,NA,NA,NA,NA,NA,NA,NA,NA,NA,NA,NA,NA,NA,NA,NA,NA,NA,NA,Sheep/goat
8194,South,Iron Age,IA2,IA2,IA.Late,ExNISP,Forcello,Scarpa,1,Sheep/goat,O,CA,Calcaneum,72,NA,NA,NA,NA,NA,NA,NA,NA,NA,NA,NA,NA,NA,NA,NA,26,NA,NA,NA,Very large but appears in publication like this,NA,NA,1,Sheep/goat
9481,Friuli,Iron Age,IA0,BRF-IA0,IA.Early,NA,Concordia Sagittaria,Quartiere Nord-Ovest 2001,167,Sheep/goat,O,CA,Calcaneum,55,NA,NA,NA,NA,NA,NA,NA,NA,NA,NA,NA,NA,NA,NA,NA,NA,NA,NA,NA,NA,NA,NA,1,Sheep/goat
9482,Friuli,Iron Age,IA0,BRF-IA0,IA.Early,NA,Concordia Sagittaria,Quartiere Nord-Ovest 2001,167,Sheep/goat,O,CA,Calcaneum,56,NA,NA,NA,NA,NA,NA,NA,NA,NA,NA,NA,NA,NA,NA,NA,NA,NA,NA,NA,NA,NA,NA,1,Sheep/goat
1500,South,Iron Age,IA2,IA2,IA.Late,NA,Casale di Rivalta,NA,71,Sheep/goat,O,FE,Femur,NA,NA,NA,45.8,NA,NA,NA,NA,37.2,NA,NA,NA,NA,NA,NA,20.2,NA,NA,NA,NA,NA,NA,NA,NA,Sheep/goat
1887,North,Iron Age,IA2,IA2,IA.Late,NA,Castelrotto,NA,53,Sheep/goat,O,FE,Femur,NA,NA,NA,43,NA,NA,NA,NA,NA,NA,NA,NA,NA,NA,NA,NA,NA,NA,NA,NA,NA,NA,NA,NA,Sheep/goat
1888,North,Iron Age,IA2,IA2,IA.Late,NA,Castelrotto,NA,53,Sheep/goat,O,FE,Femur,NA,NA,NA,NA,NA,NA,NA,NA,36.6,NA,NA,NA,NA,NA,NA,NA,NA,NA,NA,NA,NA,NA,NA,NA,Sheep/goat
1889,North,Iron Age,IA2,IA2,IA.Late,NA,Castelrotto,NA,53,Sheep/goat,O,FE,Femur,NA,NA,NA,NA,NA,NA,NA,NA,39,NA,NA,NA,NA,NA,NA,NA,NA,NA,NA,NA,NA,NA,NA,NA,Sheep/goat
2159,North,Bronze Age,BA.M,BM-R,BA.Middle,NA,Lavagnone,Sector A + E,126,Sheep/goat,O,FE,Femur,NA,NA,NA,NA,NA,NA,NA,NA,33.3,NA,NA,NA,NA,NA,NA,11.9,NA,NA,NA,NA,NA,NA,NA,NA,Sheep/goat
2195,North,Bronze Age,BA.M,BM-R,BA.Middle,NA,Lavagnone,Sector A + E,126,Sheep/goat,O,FE,Femur,NA,NA,NA,NA,NA,NA,NA,NA,33.6,NA,NA,NA,NA,NA,NA,NA,NA,NA,NA,NA,NA,NA,NA,NA,Sheep/goat
2382,South,Bronze Age,BA.M,BM-R,BA.Middle,NA,Baggiovara,Opera Pia Bianchi,121,Sheep/goat,O,FE,Femur,NA,NA,NA,41.9,NA,NA,NA,NA,NA,NA,NA,NA,NA,NA,NA,20.4,NA,NA,NA,NA,NA,NA,NA,NA,Sheep/goat
2383,South,Bronze Age,BA.M,BM-R,BA.Middle,NA,Baggiovara,Opera Pia Bianchi,121,Sheep/goat,O,FE,Femur,NA,NA,NA,NA,NA,NA,NA,NA,36.4,43.2,NA,NA,NA,NA,NA,NA,NA,NA,NA,NA,NA,NA,NA,NA,Sheep/goat
2674,South,Bronze Age,BA.M,BM-R,BA.Middle,Rit,Noceto,*Vasca lignea,39,Sheep/goat,O,FE,Femur,NA,NA,NA,NA,NA,NA,NA,NA,31,39.4,NA,NA,NA,NA,NA,NA,NA,NA,NA,NA,NA,NA,NA,NA,Sheep/goat
3749,North,Bronze Age,BA.M-R,BM-R,BA.Middle-Late,NA,Castellaro Lagusello,NA,44,Sheep/goat,O,FE,Femur,NA,NA,NA,38.5,NA,NA,NA,NA,NA,NA,NA,NA,NA,NA,NA,17.8,NA,NA,NA,NA,NA,NA,NA,NA,Sheep/goat
4042,South,Bronze Age,BA.M,BM-R,BA.Middle,NA,Poviglio,Villaggio piccolo - MBA,26,Sheep/goat,O,FE,Femur,NA,NA,NA,NA,NA,NA,NA,NA,37,NA,NA,NA,NA,NA,NA,NA,NA,NA,NA,NA,NA,NA,NA,NA,Sheep/goat
8530,Veneto,Bronze Age,BA.R,BM-R,BA.Late,NA,Larda I,NA,147,Sheep/goat,O,FE,Femur,154,NA,NA,30,NA,11,NA,NA,37,NA,NA,NA,NA,NA,NA,NA,NA,NA,NA,NA,NA,NA,NA,1,Sheep/goat
8531,Veneto,Bronze Age,BA.R,BM-R,BA.Late,NA,Larda I,NA,147,Sheep/goat,O,FE,Femur,NA,NA,NA,NA,NA,9.8,NA,NA,29,NA,NA,NA,NA,NA,NA,NA,NA,NA,NA,NA,NA,NA,NA,1,Sheep/goat
8532,Veneto,Bronze Age,BA.R,BM-R,BA.Late,NA,Larda I,NA,147,Sheep/goat,O,FE,Femur,NA,NA,NA,NA,NA,10.1,NA,NA,NA,NA,NA,NA,NA,NA,NA,NA,NA,NA,NA,NA,NA,NA,NA,1,Sheep/goat
8878,Veneto,Bronze Age,BA.R,BM-R,BA.Late,NA,Terranegra,Depellegrin & Tecchiati - BR,61,Sheep/goat,O,FE,Femur,NA,NA,NA,NA,NA,16,NA,NA,36.7,NA,NA,NA,NA,NA,NA,NA,NA,NA,NA,NA,NA,NA,NA,NA,Sheep/goat
8879,Veneto,Bronze Age,BA.R,BM-R,BA.Late,NA,Terranegra,Depellegrin & Tecchiati - BR,61,Sheep/goat,O,FE,Femur,NA,NA,NA,NA,NA,NA,NA,NA,33.7,NA,NA,NA,NA,NA,NA,NA,NA,NA,NA,NA,NA,NA,NA,NA,Sheep/goat
8880,Veneto,Bronze Age,BA.R,BM-R,BA.Late,NA,Terranegra,Depellegrin & Tecchiati - BR,61,Sheep/goat,O,FE,Femur,NA,NA,NA,NA,NA,NA,NA,NA,31.1,NA,NA,NA,NA,NA,NA,NA,NA,NA,NA,NA,NA,NA,NA,NA,Sheep/goat
8881,Veneto,Bronze Age,BA.R,BM-R,BA.Late,NA,Terranegra,Depellegrin & Tecchiati - BR,61,Sheep/goat,O,FE,Femur,NA,NA,NA,NA,NA,NA,NA,NA,35.6,NA,NA,NA,NA,NA,NA,NA,NA,NA,NA,NA,NA,NA,NA,NA,Sheep/goat
8882,Veneto,Bronze Age,BA.R,BM-R,BA.Late,NA,Terranegra,Depellegrin & Tecchiati - BR,61,Sheep/goat,O,FE,Femur,NA,NA,NA,42.8,NA,NA,NA,NA,NA,NA,NA,NA,NA,NA,NA,NA,NA,NA,NA,NA,NA,NA,NA,NA,Sheep/goat
10263,Friuli,Roman,Rom.Late,Late,Roman.Late,NA,Aquileia,area a est del foro - Riedel 1994,175,Sheep/goat,O,FE,Femur,NA,NA,NA,NA,NA,NA,NA,NA,39.6,NA,NA,NA,NA,NA,NA,NA,NA,NA,NA,NA,NA,NA,NA,NA,Sheep/goat
273,South,Iron Age,IA1,IA1,IA.Mid,NA,Marzabotto,US 27/29,69,Sheep/goat,O,HU,Humerus,NA,NA,NA,NA,NA,NA,NA,NA,30.3,NA,NA,NA,NA,NA,NA,NA,NA,NA,NA,NA,NA,NA,NA,NA,Sheep/goat
274,South,Iron Age,IA1,IA1,IA.Mid,NA,Marzabotto,V 3,68,Sheep/goat,O,HU,Humerus,NA,NA,NA,NA,NA,NA,NA,NA,34,NA,NA,NA,NA,NA,NA,NA,NA,NA,NA,NA,NA,NA,NA,NA,Sheep/goat
275,South,Iron Age,IA1,IA1,IA.Mid,NA,Marzabotto,V 3,68,Sheep/goat,O,HU,Humerus,NA,NA,NA,NA,NA,NA,NA,NA,32.2,NA,NA,NA,NA,NA,NA,NA,NA,NA,NA,NA,NA,NA,NA,NA,Sheep/goat
276,South,Iron Age,IA1,IA1,IA.Mid,NA,Marzabotto,V 3,68,Sheep/goat,O,HU,Humerus,NA,NA,NA,NA,NA,NA,NA,NA,30.1,NA,NA,NA,NA,NA,NA,NA,NA,NA,NA,NA,NA,NA,NA,NA,Sheep/goat
290,South,Iron Age,IA2,IA2,IA.Late,NA,Case Vandelli,NA,74,Sheep/goat,O,HU,Humerus,NA,NA,NA,NA,NA,NA,NA,NA,31.2,NA,NA,NA,NA,NA,NA,NA,NA,NA,NA,NA,NA,NA,NA,NA,Sheep/goat
291,South,Iron Age,IA2,IA2,IA.Late,NA,Bologna,Via S. Caterina,77,Sheep/goat,O,HU,Humerus,NA,NA,NA,NA,NA,NA,NA,NA,36.8,NA,NA,NA,NA,NA,NA,NA,NA,NA,NA,NA,NA,NA,NA,NA,Sheep/goat
293,South,Iron Age,IA2,IA2,IA.Late,NA,Marzabotto,US 8,78,Sheep/goat,O,HU,Humerus,NA,NA,NA,NA,NA,NA,NA,NA,26.5,NA,NA,NA,NA,NA,NA,NA,NA,NA,NA,NA,NA,NA,NA,NA,Sheep/goat
1577,South,Bronze Age,BA.M,BM-R,BA.Middle,NA,Tabina di Margreta,Bronze Age,22,Sheep/goat,O,HU,Humerus,NA,NA,NA,NA,NA,NA,NA,NA,26,NA,25,NA,NA,NA,NA,NA,NA,NA,NA,NA,NA,NA,NA,0.5,Sheep/goat
2149,North,Bronze Age,BA.M,BM-R,BA.Middle,NA,Lavagnone,Sector A + E,126,Sheep/goat,O,HU,Humerus,NA,NA,NA,NA,NA,NA,NA,NA,32,26.4,29,NA,NA,NA,NA,NA,NA,NA,NA,NA,HT very small. Possible missidentification or HTC measurement. Removed value of 13.9,NA,NA,NA,Sheep/goat
2150,North,Bronze Age,BA.M,BM-R,BA.Middle,NA,Lavagnone,Sector A + E,126,Sheep/goat,O,HU,Humerus,NA,NA,NA,NA,NA,NA,NA,NA,29.8,23.3,27.3,NA,NA,NA,NA,NA,NA,NA,NA,NA,HT very small. Possible missidentification or HTC measurement. Removed value of 13.7,NA,NA,NA,Sheep/goat
2151,North,Bronze Age,BA.M,BM-R,BA.Middle,NA,Lavagnone,Sector A + E,126,Sheep/goat,O,HU,Humerus,NA,NA,NA,NA,NA,14.5,NA,NA,29.4,NA,24.4,NA,NA,NA,NA,NA,NA,NA,NA,NA,NA,NA,NA,NA,Sheep/goat
2152,North,Bronze Age,BA.M,BM-R,BA.Middle,NA,Lavagnone,Sector A + E,126,Sheep/goat,O,HU,Humerus,NA,NA,NA,NA,NA,NA,NA,NA,27.8,NA,24.5,NA,NA,NA,NA,NA,NA,NA,NA,NA,HT very small. Possible missidentification or HTC measurement. Removed value of 12.8,NA,NA,NA,Sheep/goat
2153,North,Bronze Age,BA.M,BM-R,BA.Middle,NA,Lavagnone,Sector A + E,126,Sheep/goat,O,HU,Humerus,NA,NA,NA,NA,NA,NA,NA,NA,27.6,22.5,26,NA,NA,NA,NA,NA,NA,NA,NA,NA,HT very small. Possible missidentification or HTC measurement. Removed value of 13.1,NA,NA,NA,Sheep/goat
2154,North,Bronze Age,BA.M,BM-R,BA.Middle,NA,Lavagnone,Sector A + E,126,Sheep/goat,O,HU,Humerus,NA,NA,NA,NA,NA,NA,NA,NA,26.9,NA,23.6,NA,NA,NA,NA,NA,NA,NA,NA,NA,HT very small. Possible missidentification or HTC measurement. Removed value of 13.2,NA,NA,NA,Sheep/goat
2155,North,Bronze Age,BA.M,BM-R,BA.Middle,NA,Lavagnone,Sector A + E,126,Sheep/goat,O,HU,Humerus,NA,NA,NA,NA,NA,NA,NA,NA,26,NA,NA,NA,NA,NA,NA,NA,NA,NA,NA,NA,HT very small. Possible missidentification or HTC measurement. Removed value of 11.8,NA,NA,NA,Sheep/goat
2156,North,Bronze Age,BA.M,BM-R,BA.Middle,NA,Lavagnone,Sector A + E,126,Sheep/goat,O,HU,Humerus,NA,NA,NA,NA,NA,NA,NA,NA,20.1,NA,NA,NA,NA,NA,NA,NA,NA,NA,NA,NA,NA,NA,NA,NA,Sheep/goat
2194,North,Bronze Age,BA.M,BM-R,BA.Middle,NA,Lavagnone,Sector A + E,126,Sheep/goat,O,HU,Humerus,NA,NA,NA,NA,NA,NA,NA,NA,32.4,NA,28.1,NA,NA,NA,NA,NA,NA,NA,NA,NA,NA,NA,NA,NA,Sheep/goat
2199,North,Bronze Age,BA.M,BM-R,BA.Middle,NA,Lavagnone,Sector A + E,126,Sheep/goat,O,HU,Humerus,NA,NA,NA,NA,NA,NA,NA,NA,26.1,22.3,25.8,NA,NA,NA,NA,NA,NA,NA,NA,NA,NA,NA,NA,NA,Sheep/goat
2349,South,Bronze Age,BA.M,BM-R,BA.Middle,Rit,Noceto,*Vasca lignea,39,Sheep/goat,O,HU,Humerus,NA,NA,NA,NA,NA,15.2,16.6,NA,33.2,29.3,31.8,NA,NA,NA,NA,NA,NA,NA,NA,NA,NA,NA,NA,NA,Sheep/goat
2350,South,Bronze Age,BA.M,BM-R,BA.Middle,Rit,Noceto,*Vasca lignea,39,Sheep/goat,O,HU,Humerus,NA,NA,NA,NA,NA,15.4,14.7,NA,29.6,26.6,28.3,NA,NA,NA,NA,NA,NA,NA,NA,NA,NA,NA,NA,NA,Sheep/goat
2351,South,Bronze Age,BA.M,BM-R,BA.Middle,Rit,Noceto,*Vasca lignea,39,Sheep/goat,O,HU,Humerus,NA,NA,NA,NA,NA,NA,NA,NA,27.3,22.9,26,NA,NA,NA,NA,NA,NA,NA,NA,NA,NA,NA,NA,NA,Sheep/goat
2352,South,Bronze Age,BA.M,BM-R,BA.Middle,Rit,Noceto,*Vasca lignea,39,Sheep/goat,O,HU,Humerus,NA,NA,NA,NA,NA,NA,NA,NA,27.2,23.6,25.2,NA,NA,NA,NA,NA,NA,NA,NA,NA,NA,NA,NA,NA,Sheep/goat
2353,South,Bronze Age,BA.M,BM-R,BA.Middle,Rit,Noceto,*Vasca lignea,39,Sheep/goat,O,HU,Humerus,NA,NA,NA,NA,NA,NA,NA,NA,26.8,NA,25.3,NA,NA,NA,NA,NA,NA,NA,NA,NA,NA,NA,NA,NA,Sheep/goat
2354,South,Bronze Age,BA.M,BM-R,BA.Middle,Rit,Noceto,*Vasca lignea,39,Sheep/goat,O,HU,Humerus,NA,NA,NA,NA,NA,NA,NA,NA,25.8,24.7,24.5,NA,NA,NA,NA,NA,NA,NA,NA,NA,NA,NA,NA,NA,Sheep/goat
2355,South,Bronze Age,BA.M,BM-R,BA.Middle,Rit,Noceto,*Vasca lignea,39,Sheep/goat,O,HU,Humerus,NA,NA,NA,NA,NA,NA,NA,NA,25.6,22.8,24.4,NA,NA,NA,NA,NA,NA,NA,NA,NA,NA,NA,NA,NA,Sheep/goat
2356,South,Bronze Age,BA.M,BM-R,BA.Middle,Rit,Noceto,*Vasca lignea,39,Sheep/goat,O,HU,Humerus,NA,NA,NA,NA,NA,NA,NA,NA,25.6,22.5,23.1,NA,NA,NA,NA,NA,NA,NA,NA,NA,NA,NA,NA,NA,Sheep/goat
2357,South,Bronze Age,BA.M,BM-R,BA.Middle,Rit,Noceto,*Vasca lignea,39,Sheep/goat,O,HU,Humerus,NA,NA,NA,NA,NA,NA,NA,NA,25.4,23.6,23.9,NA,NA,NA,NA,NA,NA,NA,NA,NA,NA,NA,NA,NA,Sheep/goat
2358,South,Bronze Age,BA.M,BM-R,BA.Middle,Rit,Noceto,*Vasca lignea,39,Sheep/goat,O,HU,Humerus,NA,NA,NA,NA,NA,11.4,NA,NA,25.3,22.1,23.4,NA,NA,NA,NA,NA,NA,NA,NA,NA,NA,NA,NA,NA,Sheep/goat
2447,South,Bronze Age,BA.M,BM-R,BA.Middle,NA,Gaggio,Struttura 1 + capanna alfa,122,Sheep/goat,O,HU,Humerus,NA,NA,NA,NA,NA,NA,NA,NA,27.9,25,25.5,NA,13.7,NA,NA,NA,NA,NA,NA,NA,NA,NA,NA,NA,Sheep/goat
2600,Appennine,Bronze Age,BA.M,BM-R,BA.Middle,NA,Solarolo,via Odriere Settore 1,123,Sheep/goat,O,HU,Humerus,NA,NA,NA,NA,NA,NA,NA,NA,24.8,NA,NA,NA,NA,NA,NA,NA,NA,NA,NA,NA,NA,NA,NA,NA,Sheep/goat
2601,Appennine,Bronze Age,BA.M,BM-R,BA.Middle,NA,Solarolo,via Odriere Settore 1,123,Sheep/goat,O,HU,Humerus,NA,NA,NA,NA,NA,NA,NA,NA,28.6,NA,28.1,NA,NA,NA,NA,NA,NA,NA,NA,NA,NA,NA,NA,NA,Sheep/goat
2602,Appennine,Bronze Age,BA.M,BM-R,BA.Middle,NA,Solarolo,via Odriere Settore 1,123,Sheep/goat,O,HU,Humerus,NA,NA,NA,NA,NA,NA,NA,NA,26.1,NA,NA,NA,NA,NA,NA,NA,NA,24.8,NA,NA,NA,NA,NA,NA,Sheep/goat
2603,Appennine,Bronze Age,BA.M,BM-R,BA.Middle,NA,Solarolo,via Odriere Settore 1,123,Sheep/goat,O,HU,Humerus,NA,NA,NA,NA,NA,NA,NA,NA,24,NA,22.3,NA,NA,NA,NA,NA,NA,NA,NA,NA,NA,NA,NA,NA,Sheep/goat
2914,North,Bronze Age,BA.M,BM-R,BA.Middle,NA,Quarto del Tormine,Mozzecane,18,Sheep/goat,O,HU,Humerus,NA,NA,NA,NA,NA,NA,NA,NA,31,NA,NA,NA,NA,NA,NA,NA,NA,NA,NA,NA,NA,NA,NA,NA,Sheep/goat
2915,North,Bronze Age,BA.M,BM-R,BA.Middle,NA,Quarto del Tormine,Mozzecane,18,Sheep/goat,O,HU,Humerus,NA,NA,NA,NA,NA,NA,NA,NA,32,NA,NA,NA,NA,NA,NA,NA,NA,NA,NA,NA,NA,NA,NA,NA,Sheep/goat
2986,South,Iron Age,IA2,IA2,IA.Late,ExNISP,Monte Bibele,Just Ambiente/Casa 14,79,Sheep/goat,O,HU,Humerus,NA,NA,NA,NA,NA,NA,NA,NA,32.3,NA,NA,NA,NA,NA,NA,NA,NA,NA,NA,NA,NA,NA,NA,NA,Sheep/goat
2987,South,Iron Age,IA2,IA2,IA.Late,ExNISP,Monte Bibele,Just Ambiente/Casa 14,79,Sheep/goat,O,HU,Humerus,NA,NA,NA,NA,NA,NA,NA,NA,30.6,NA,NA,NA,NA,NA,NA,NA,NA,NA,NA,NA,NA,NA,NA,NA,Sheep/goat
2988,South,Iron Age,IA2,IA2,IA.Late,ExNISP,Monte Bibele,Just Ambiente/Casa 14,79,Sheep/goat,O,HU,Humerus,NA,NA,NA,NA,NA,NA,NA,NA,30.5,NA,NA,NA,NA,NA,NA,NA,NA,NA,NA,NA,NA,NA,NA,NA,Sheep/goat
3741,North,Bronze Age,BA.M-R,BM-R,BA.Middle-Late,NA,Castellaro Lagusello,NA,44,Sheep/goat,O,HU,Humerus,NA,NA,NA,NA,NA,NA,NA,NA,29.5,NA,NA,NA,NA,NA,NA,NA,NA,NA,NA,NA,NA,NA,NA,NA,Sheep/goat
3742,North,Bronze Age,BA.M-R,BM-R,BA.Middle-Late,NA,Castellaro Lagusello,NA,44,Sheep/goat,O,HU,Humerus,NA,NA,NA,NA,NA,NA,NA,NA,29.5,NA,NA,NA,NA,NA,NA,NA,NA,NA,NA,NA,NA,NA,NA,NA,Sheep/goat
3743,North,Bronze Age,BA.M-R,BM-R,BA.Middle-Late,NA,Castellaro Lagusello,NA,44,Sheep/goat,O,HU,Humerus,NA,NA,NA,NA,NA,NA,NA,NA,26.5,NA,NA,NA,NA,NA,NA,NA,NA,NA,NA,NA,NA,NA,NA,NA,Sheep/goat
4669,South,Iron Age,IA2,IA2,IA.Late,ExNISP,Forcello,Trentacoste PhD,84,Sheep/goat,O,HU,Humerus,NA,NA,NA,NA,NA,NA,NA,NA,NA,NA,NA,NA,14.1,NA,NA,NA,NA,NA,NA,NA,NA,NA,NA,NA,Sheep/goat
4673,South,Iron Age,IA2,IA2,IA.Late,ExNISP,Forcello,Trentacoste PhD,84,Sheep/goat,O,HU,Humerus,NA,NA,NA,NA,NA,NA,NA,NA,NA,NA,NA,NA,12.7,NA,NA,NA,NA,NA,NA,NA,NA,NA,NA,NA,Sheep/goat
4854,South,Iron Age,IA2,IA2,IA.Late,ExNISP,Forcello,Trentacoste PhD,84,Sheep/goat,O,HU,Humerus,NA,NA,NA,NA,NA,NA,NA,NA,NA,NA,NA,NA,13,NA,NA,NA,NA,NA,NA,NA,NA,NA,NA,NA,Sheep/goat
4860,South,Iron Age,IA2,IA2,IA.Late,ExNISP,Forcello,Trentacoste PhD,84,Sheep/goat,O,HU,Humerus,NA,NA,NA,NA,NA,NA,NA,NA,NA,NA,NA,NA,14.2,NA,NA,NA,NA,NA,NA,NA,NA,NA,NA,NA,Sheep/goat
4902,South,Iron Age,IA2,IA2,IA.Late,ExNISP,Forcello,Trentacoste PhD,84,Sheep/goat,O,HU,Humerus,NA,NA,NA,NA,NA,NA,NA,NA,NA,NA,28.8,NA,15,NA,NA,NA,NA,NA,NA,NA,NA,NA,NA,NA,Sheep/goat
4912,South,Iron Age,IA2,IA2,IA.Late,ExNISP,Forcello,Trentacoste PhD,84,Sheep/goat,O,HU,Humerus,NA,NA,NA,NA,NA,NA,NA,NA,NA,NA,NA,NA,14.1,NA,NA,NA,NA,NA,NA,NA,NA,NA,NA,NA,Sheep/goat
5027,South,Iron Age,IA2,IA2,IA.Late,ExNISP,Forcello,Trentacoste PhD,84,Sheep/goat,O,HU,Humerus,NA,NA,NA,NA,NA,NA,NA,NA,NA,NA,26.9,NA,13.5,NA,NA,NA,NA,NA,NA,NA,NA,NA,NA,NA,Sheep/goat
5194,South,Iron Age,IA2,IA2,IA.Late,ExNISP,Forcello,Trentacoste PhD,84,Sheep/goat,O,HU,Humerus,NA,NA,NA,NA,NA,NA,NA,NA,NA,NA,NA,NA,15.5,NA,NA,NA,NA,NA,NA,NA,NA,NA,NA,NA,Sheep/goat
5204,South,Iron Age,IA2,IA2,IA.Late,ExNISP,Forcello,Trentacoste PhD,84,Sheep/goat,O,HU,Humerus,NA,NA,NA,NA,NA,NA,NA,NA,NA,NA,NA,NA,15.1,NA,NA,NA,NA,NA,NA,NA,NA,NA,NA,NA,Sheep/goat
5282,South,Iron Age,IA2,IA2,IA.Late,ExNISP,Forcello,Trentacoste PhD,84,Sheep/goat,O,HU,Humerus,NA,NA,NA,NA,NA,NA,NA,NA,NA,NA,NA,NA,14.2,NA,NA,NA,NA,NA,NA,NA,NA,NA,NA,NA,Sheep/goat
5328,South,Iron Age,IA2,IA2,IA.Late,ExNISP,Forcello,Trentacoste PhD,84,Sheep/goat,O,HU,Humerus,NA,NA,NA,NA,NA,NA,NA,NA,NA,NA,NA,NA,12.6,NA,NA,NA,NA,NA,NA,NA,NA,NA,NA,NA,Sheep/goat
5881,South,Iron Age,IA2,IA2,IA.Late,ExNISP,Forcello,Trentacoste PhD,84,Sheep/goat,O,HU,Humerus,NA,NA,NA,NA,NA,NA,NA,NA,NA,NA,NA,NA,14.4,NA,NA,NA,NA,NA,NA,NA,NA,NA,NA,NA,Sheep/goat
5882,South,Iron Age,IA2,IA2,IA.Late,ExNISP,Forcello,Trentacoste PhD,84,Sheep/goat,O,HU,Humerus,NA,NA,NA,NA,NA,NA,NA,NA,NA,NA,NA,NA,14.3,NA,NA,NA,NA,NA,NA,NA,NA,NA,NA,NA,Sheep/goat
6012,South,Iron Age,IA2,IA2,IA.Late,ExNISP,Forcello,Trentacoste PhD,84,Sheep/goat,O,HU,Humerus,NA,NA,NA,NA,NA,NA,NA,NA,NA,NA,29.1,NA,NA,NA,NA,NA,NA,NA,NA,NA,NA,NA,NA,NA,Sheep/goat
6094,South,Iron Age,IA2,IA2,IA.Late,ExNISP,Forcello,Trentacoste PhD,84,Sheep/goat,O,HU,Humerus,NA,NA,NA,NA,NA,11.3,NA,NA,NA,NA,NA,NA,NA,NA,NA,NA,NA,NA,NA,NA,NA,NA,NA,NA,Sheep/goat
8185,South,Iron Age,IA2,IA2,IA.Late,ExNISP,Forcello,Scarpa,1,Sheep/goat,O,HU,Humerus,NA,NA,NA,NA,NA,NA,NA,NA,27,NA,25,NA,NA,NA,NA,NA,NA,NA,NA,NA,NA,NA,NA,1,Sheep/goat
8186,South,Iron Age,IA2,IA2,IA.Late,ExNISP,Forcello,Scarpa,1,Sheep/goat,O,HU,Humerus,NA,NA,NA,NA,NA,NA,NA,NA,27,NA,26,NA,NA,NA,NA,NA,NA,NA,NA,NA,NA,NA,NA,1,Sheep/goat
8524,Veneto,Bronze Age,BA.R,BM-R,BA.Late,NA,Larda I,NA,147,Sheep/goat,O,HU,Humerus,NA,NA,NA,NA,NA,NA,NA,NA,27.3,NA,27,NA,NA,NA,NA,NA,NA,NA,NA,NA,NA,NA,NA,1,Sheep/goat
8785,Veneto,Bronze Age,BA.R,BM-R,BA.Late,NA,Amolara,NA,150,Sheep/goat,O,HU,Humerus,NA,NA,NA,NA,NA,12,NA,NA,NA,NA,NA,NA,NA,NA,NA,NA,NA,NA,NA,NA,NA,NA,NA,1,Sheep/goat
8861,Veneto,Iron Age,IA1-IA2,IA1,IA.Mid,NA,Terranegra,Depellegrin & Tecchiati - IA,156,Sheep/goat,O,HU,Humerus,NA,NA,NA,NA,NA,NA,NA,NA,36.4,NA,34.7,NA,NA,NA,NA,NA,NA,NA,NA,NA,NA,NA,NA,NA,Sheep/goat
9290,Friuli,Bronze Age-Iron Age,BA.F-IA0,BRF-IA0,BA.L-EIA,NA,Gradisca,Final Bronze Age - Early Iron Age,168,Sheep/goat,O,HU,Humerus,NA,NA,NA,NA,NA,NA,NA,NA,30.5,NA,NA,NA,NA,NA,NA,NA,NA,NA,NA,NA,NA,NA,NA,NA,Sheep/goat
9291,Friuli,Bronze Age-Iron Age,BA.F-IA0,BRF-IA0,BA.L-EIA,NA,Gradisca,Final Bronze Age - Early Iron Age,168,Sheep/goat,O,HU,Humerus,NA,NA,NA,NA,NA,NA,NA,NA,30,NA,NA,NA,NA,NA,NA,NA,NA,NA,NA,NA,NA,NA,NA,NA,Sheep/goat
9454,Friuli,Iron Age,IA0,BRF-IA0,IA.Early,NA,Pozzuolo,Braida Roggia - Iron Age,142,Sheep/goat,O,HU,Humerus,NA,NA,NA,NA,NA,NA,NA,NA,27.7,NA,NA,NA,NA,NA,NA,NA,NA,NA,NA,NA,NA,NA,NA,NA,Sheep/goat
9619,South,Roman,Rom.Early,Early,Roman.Early,NA,Modena,Cassa di Risparmio,132,Sheep/goat,O,HU,Humerus,NA,NA,NA,NA,NA,NA,NA,NA,34,NA,31.5,NA,NA,NA,NA,NA,NA,NA,NA,NA,NA,NA,NA,0.5,Sheep/goat
9624,South,Roman,Rom.Early,Early,Roman.Early,NA,Modena,Cassa di Risparmio,132,Sheep/goat,O,HU,Humerus,NA,NA,NA,NA,NA,NA,NA,NA,29,NA,27.5,NA,NA,NA,NA,NA,NA,NA,NA,NA,NA,NA,NA,0.5,Sheep/goat
9626,South,Roman,Rom.Early,Early,Roman.Early,NA,Modena,Cassa di Risparmio,132,Sheep/goat,O,HU,Humerus,NA,NA,NA,NA,NA,NA,NA,NA,26,NA,25.5,NA,NA,NA,NA,NA,NA,NA,NA,NA,NA,NA,NA,0.5,Sheep/goat
9737,South,Roman,Rom.Mid,Mid,Roman.Mid,NA,Spilamberto,Fase II,128,Sheep/goat,O,HU,Humerus,NA,NA,NA,NA,NA,NA,NA,NA,27.5,NA,NA,NA,NA,NA,NA,NA,NA,NA,NA,NA,NA,NA,NA,0.5,Sheep/goat
281,South,Iron Age,IA1,IA1,IA.Mid,NA,Marzabotto,V 3,68,Sheep/goat,O,MC1,Metacarpal,118,NA,NA,21.5,NA,12.7,NA,NA,24.4,NA,NA,NA,NA,NA,NA,NA,NA,NA,NA,NA,NA,NA,NA,NA,Sheep/goat
282,South,Iron Age,IA1,IA1,IA.Mid,NA,Marzabotto,V 3,68,Sheep/goat,O,MC1,Metacarpal,114.2,NA,NA,22.7,NA,14.3,NA,NA,25.1,NA,NA,NA,NA,NA,NA,NA,NA,NA,NA,NA,NA,NA,NA,NA,Sheep/goat
283,South,Iron Age,IA1,IA1,IA.Mid,NA,Marzabotto,V 3,68,Sheep/goat,O,MC1,Metacarpal,NA,NA,NA,21.7,NA,11.6,NA,NA,NA,NA,NA,NA,NA,NA,NA,NA,NA,NA,NA,NA,NA,NA,NA,NA,Sheep/goat
284,South,Iron Age,IA1,IA1,IA.Mid,NA,Marzabotto,V 3,68,Sheep/goat,O,MC1,Metacarpal,NA,NA,NA,21.2,NA,12.7,NA,NA,NA,NA,NA,NA,NA,NA,NA,NA,NA,NA,NA,NA,NA,NA,NA,NA,Sheep/goat
306,South,Iron Age,IA2,IA2,IA.Late,NA,Casale di Rivalta,NA,71,Sheep/goat,O,MC1,Metacarpal,119.4,NA,NA,23.1,15.9,15.3,NA,NA,22.9,16.3,NA,NA,NA,NA,NA,NA,NA,NA,NA,NA,NA,NA,NA,NA,Sheep/goat
307,South,Iron Age,IA2,IA2,IA.Late,NA,Casale di Rivalta,NA,71,Sheep/goat,O,MC1,Metacarpal,NA,NA,NA,NA,NA,NA,NA,NA,26.4,NA,NA,NA,NA,NA,NA,NA,NA,NA,NA,NA,NA,NA,NA,NA,Sheep/goat
308,South,Iron Age,IA2,IA2,IA.Late,NA,Marzabotto,US 8,78,Sheep/goat,O,MC1,Metacarpal,124.4,NA,NA,13.7,NA,13.7,NA,NA,24.7,NA,NA,NA,NA,NA,NA,NA,NA,NA,NA,NA,NA,NA,NA,NA,Sheep/goat
309,South,Iron Age,IA2,IA2,IA.Late,NA,Marzabotto,US 8,78,Sheep/goat,O,MC1,Metacarpal,122.3,NA,NA,20.7,NA,12,NA,NA,22.4,NA,NA,NA,NA,NA,NA,NA,NA,NA,NA,NA,NA,NA,NA,NA,Sheep/goat
310,South,Iron Age,IA2,IA2,IA.Late,NA,Marzabotto,US 8,78,Sheep/goat,O,MC1,Metacarpal,NA,NA,NA,22.4,NA,14.4,NA,NA,NA,NA,NA,NA,NA,NA,NA,NA,NA,NA,NA,NA,NA,NA,NA,NA,Sheep/goat
311,South,Iron Age,IA2,IA2,IA.Late,NA,Marzabotto,US 8,78,Sheep/goat,O,MC1,Metacarpal,NA,NA,NA,19.7,NA,13,NA,NA,NA,NA,NA,NA,NA,NA,NA,NA,NA,NA,NA,NA,NA,NA,NA,NA,Sheep/goat
1499,South,Iron Age,IA2,IA2,IA.Late,NA,Casale di Rivalta,NA,71,Sheep/goat,O,MC1,Metacarpal,NA,NA,NA,22.6,15.5,NA,NA,NA,NA,NA,NA,NA,NA,NA,NA,NA,NA,NA,NA,NA,NA,NA,NA,NA,Sheep/goat
1579,South,Bronze Age,BA.M,BM-R,BA.Middle,NA,Tabina di Margreta,Bronze Age,22,Sheep/goat,O,MC1,Metacarpal,NA,NA,NA,19,13,NA,NA,NA,NA,NA,NA,NA,NA,NA,NA,NA,NA,NA,NA,NA,NA,NA,NA,0.5,Sheep/goat
1744,North,Iron Age,IA2,IA2,IA.Late,NA,Santorso,All phases,92,Sheep/goat,O,MC1,Metacarpal,NA,NA,NA,NA,NA,NA,NA,NA,24.2,NA,NA,NA,NA,NA,NA,NA,NA,NA,NA,NA,NA,NA,NA,NA,Sheep/goat
2158,North,Bronze Age,BA.M,BM-R,BA.Middle,NA,Lavagnone,Sector A + E,126,Sheep/goat,O,MC1,Metacarpal,NA,NA,NA,20.2,NA,NA,NA,NA,NA,NA,NA,NA,NA,NA,NA,NA,NA,NA,NA,NA,NA,NA,NA,NA,Sheep/goat
2381,South,Bronze Age,BA.M,BM-R,BA.Middle,NA,Baggiovara,Opera Pia Bianchi,121,Sheep/goat,O,MC1,Metacarpal,NA,NA,NA,21.3,NA,NA,NA,NA,NA,NA,NA,NA,NA,NA,NA,NA,NA,NA,NA,NA,NA,NA,NA,NA,Sheep/goat
2449,South,Bronze Age,BA.M,BM-R,BA.Middle,NA,Gaggio,Struttura 1 + capanna alfa,122,Sheep/goat,O,MC1,Metacarpal,NA,NA,NA,NA,NA,11.2,NA,NA,NA,NA,NA,NA,NA,NA,NA,NA,NA,NA,NA,NA,NA,NA,NA,NA,Sheep/goat
2607,Appennine,Bronze Age,BA.M,BM-R,BA.Middle,NA,Solarolo,via Odriere Settore 1,123,Sheep/goat,O,MC1,Metacarpal,NA,NA,NA,22.2,NA,NA,NA,NA,NA,NA,NA,NA,NA,NA,NA,NA,NA,NA,NA,NA,NA,NA,NA,NA,Sheep/goat
2608,Appennine,Bronze Age,BA.M,BM-R,BA.Middle,NA,Solarolo,via Odriere Settore 1,123,Sheep/goat,O,MC1,Metacarpal,NA,NA,NA,21,NA,NA,NA,NA,NA,NA,NA,NA,NA,NA,NA,NA,NA,NA,NA,NA,NA,NA,NA,NA,Sheep/goat
2690,South,Bronze Age,BA.M,BM-R,BA.Middle,Rit,Noceto,*Vasca lignea,39,Sheep/goat,O,MC1,Metacarpal,NA,NA,NA,21.3,19.4,NA,NA,NA,NA,NA,NA,NA,NA,NA,NA,NA,NA,NA,NA,NA,NA,NA,NA,NA,Sheep/goat
2691,South,Bronze Age,BA.M,BM-R,BA.Middle,Rit,Noceto,*Vasca lignea,39,Sheep/goat,O,MC1,Metacarpal,NA,NA,NA,19.9,18.8,NA,NA,NA,NA,NA,NA,NA,NA,NA,NA,NA,NA,NA,NA,NA,NA,NA,NA,NA,Sheep/goat
2801,Appennine,Iron Age,IA1,IA1,IA.Mid,NA,Verucchio,Scavo 1963,80,Sheep/goat,O,MC1,Metacarpal,NA,NA,NA,19.4,19.2,11,NA,NA,NA,NA,NA,NA,NA,NA,NA,NA,NA,NA,NA,NA,NA,NA,NA,NA,Sheep/goat
2802,Appennine,Iron Age,IA1,IA1,IA.Mid,NA,Verucchio,Scavo 1963,80,Sheep/goat,O,MC1,Metacarpal,NA,NA,NA,20,19.8,12.6,NA,NA,NA,NA,NA,NA,NA,NA,NA,NA,NA,NA,NA,NA,NA,NA,NA,NA,Sheep/goat
2918,North,Bronze Age,BA.M,BM-R,BA.Middle,NA,Quarto del Tormine,Mozzecane,18,Sheep/goat,O,MC1,Metacarpal,NA,NA,NA,NA,NA,NA,NA,NA,24,NA,NA,NA,NA,NA,NA,NA,NA,NA,NA,NA,NA,NA,NA,NA,Sheep/goat
2989,South,Iron Age,IA2,IA2,IA.Late,ExNISP,Monte Bibele,Just Ambiente/Casa 14,79,Sheep/goat,O,MC1,Metacarpal,NA,NA,NA,22.3,16.4,NA,NA,NA,NA,NA,NA,NA,NA,NA,NA,NA,NA,NA,NA,NA,NA,NA,NA,NA,Sheep/goat
2990,South,Iron Age,IA2,IA2,IA.Late,ExNISP,Monte Bibele,Just Ambiente/Casa 14,79,Sheep/goat,O,MC1,Metacarpal,NA,NA,NA,18,17,NA,NA,NA,NA,NA,NA,NA,NA,NA,NA,NA,NA,NA,NA,NA,NA,NA,NA,NA,Sheep/goat
2991,South,Iron Age,IA2,IA2,IA.Late,ExNISP,Monte Bibele,Just Ambiente/Casa 14,79,Sheep/goat,O,MC1,Metacarpal,133.5,NA,NA,24.1,18.7,14.1,NA,NA,26.3,16.6,NA,NA,NA,NA,NA,NA,NA,NA,NA,NA,NA,NA,NA,NA,Sheep/goat
2992,South,Iron Age,IA2,IA2,IA.Late,ExNISP,Monte Bibele,Just Ambiente/Casa 14,79,Sheep/goat,O,MC1,Metacarpal,125,NA,NA,22.6,16,14.2,NA,NA,NA,NA,NA,NA,NA,NA,NA,NA,NA,NA,NA,NA,NA,NA,NA,NA,Sheep/goat
2993,South,Iron Age,IA2,IA2,IA.Late,ExNISP,Monte Bibele,Just Ambiente/Casa 14,79,Sheep/goat,O,MC1,Metacarpal,NA,NA,NA,24,NA,NA,NA,NA,NA,NA,NA,NA,NA,NA,NA,NA,NA,NA,NA,NA,NA,NA,NA,NA,Sheep/goat
2994,South,Iron Age,IA2,IA2,IA.Late,ExNISP,Monte Bibele,Just Ambiente/Casa 14,79,Sheep/goat,O,MC1,Metacarpal,134.4,NA,NA,23.3,17.7,14.2,NA,NA,25.2,14.7,NA,NA,NA,NA,NA,NA,NA,NA,NA,NA,NA,NA,NA,NA,Sheep/goat
2995,South,Iron Age,IA2,IA2,IA.Late,ExNISP,Monte Bibele,Just Ambiente/Casa 14,79,Sheep/goat,O,MC1,Metacarpal,NA,NA,NA,NA,NA,NA,NA,NA,27.5,16.3,NA,NA,NA,NA,NA,NA,NA,NA,NA,NA,NA,NA,NA,NA,Sheep/goat
3045,South,Iron Age,IA2,IA2,IA.Late,NA,Marzabotto,Casa 1,119,Sheep/goat,O,MC1,Metacarpal,112.4,NA,NA,24.6,NA,14.4,NA,NA,26,NA,NA,NA,NA,NA,NA,NA,NA,NA,NA,NA,NA,NA,NA,NA,Sheep/goat
3318,South,Bronze Age,BA.M-R,BM-R,BA.Middle-Late,NA,Pilastri Bondeno,Sondaggi 1989,27,Sheep/goat,O,MC1,Metacarpal,112.7,NA,NA,22.9,16.1,14.7,NA,NA,25.8,15.4,NA,NA,NA,NA,NA,NA,NA,NA,NA,NA,NA,NA,NA,NA,Sheep/goat
3744,North,Bronze Age,BA.M-R,BM-R,BA.Middle-Late,NA,Castellaro Lagusello,NA,44,Sheep/goat,O,MC1,Metacarpal,NA,NA,NA,22,NA,NA,NA,NA,NA,NA,NA,NA,NA,NA,NA,NA,NA,NA,NA,NA,NA,NA,NA,NA,Sheep/goat
3745,North,Bronze Age,BA.M-R,BM-R,BA.Middle-Late,NA,Castellaro Lagusello,NA,44,Sheep/goat,O,MC1,Metacarpal,NA,NA,NA,20.4,NA,NA,NA,NA,NA,NA,NA,NA,NA,NA,NA,NA,NA,NA,NA,NA,NA,NA,NA,NA,Sheep/goat
3746,North,Bronze Age,BA.M-R,BM-R,BA.Middle-Late,NA,Castellaro Lagusello,NA,44,Sheep/goat,O,MC1,Metacarpal,NA,NA,NA,22.9,NA,NA,NA,NA,NA,NA,NA,NA,NA,NA,NA,NA,NA,NA,NA,NA,NA,NA,NA,NA,Sheep/goat
3747,North,Bronze Age,BA.M-R,BM-R,BA.Middle-Late,NA,Castellaro Lagusello,NA,44,Sheep/goat,O,MC1,Metacarpal,NA,NA,NA,20.6,NA,NA,NA,NA,NA,NA,NA,NA,NA,NA,NA,NA,NA,NA,NA,NA,NA,NA,NA,NA,Sheep/goat
3748,North,Bronze Age,BA.M-R,BM-R,BA.Middle-Late,NA,Castellaro Lagusello,NA,44,Sheep/goat,O,MC1,Metacarpal,NA,NA,NA,21.2,NA,NA,NA,NA,NA,NA,NA,NA,NA,NA,NA,NA,NA,NA,NA,NA,NA,NA,NA,NA,Sheep/goat
4059,South,Bronze Age,BA.M,BM-R,BA.Middle,NA,Poviglio,Villaggio piccolo - MBA,26,Sheep/goat,O,MC1,Metacarpal,NA,NA,NA,19.4,NA,NA,NA,NA,NA,NA,NA,NA,NA,NA,NA,NA,NA,NA,NA,NA,NA,NA,NA,NA,Sheep/goat
4060,South,Bronze Age,BA.M,BM-R,BA.Middle,NA,Poviglio,Villaggio piccolo - MBA,26,Sheep/goat,O,MC1,Metacarpal,NA,NA,NA,21.1,NA,NA,NA,NA,NA,NA,NA,NA,NA,NA,NA,NA,NA,NA,NA,NA,NA,NA,NA,NA,Sheep/goat
4061,South,Bronze Age,BA.M,BM-R,BA.Middle,NA,Poviglio,Villaggio piccolo - MBA,26,Sheep/goat,O,MC1,Metacarpal,NA,NA,NA,21.7,NA,NA,NA,NA,NA,NA,NA,NA,NA,NA,NA,NA,NA,NA,NA,NA,NA,NA,NA,NA,Sheep/goat
4062,South,Bronze Age,BA.M,BM-R,BA.Middle,NA,Poviglio,Villaggio piccolo - MBA,26,Sheep/goat,O,MC1,Metacarpal,NA,NA,NA,18.3,NA,NA,NA,NA,NA,NA,NA,NA,NA,NA,NA,NA,NA,NA,NA,NA,NA,NA,NA,NA,Sheep/goat
4063,South,Bronze Age,BA.M,BM-R,BA.Middle,NA,Poviglio,Villaggio piccolo - MBA,26,Sheep/goat,O,MC1,Metacarpal,NA,NA,NA,NA,NA,NA,NA,NA,23.5,NA,NA,NA,NA,NA,NA,NA,NA,NA,NA,NA,NA,NA,NA,NA,Sheep/goat
4665,South,Iron Age,IA2,IA2,IA.Late,ExNISP,Forcello,Trentacoste PhD,84,Sheep/goat,O,MC1,Metacarpal,NA,NA,NA,NA,NA,12.7,NA,NA,NA,NA,NA,NA,NA,NA,NA,NA,NA,NA,NA,NA,NA,NA,NA,NA,Sheep/goat
4822,South,Iron Age,IA2,IA2,IA.Late,ExNISP,Forcello,Trentacoste PhD,84,Sheep/goat,O,MC1,Metacarpal,NA,NA,NA,NA,NA,11.4,NA,NA,NA,NA,NA,NA,NA,NA,NA,NA,NA,NA,NA,NA,NA,NA,NA,NA,Sheep/goat
5622,South,Iron Age,IA2,IA2,IA.Late,ExNISP,Forcello,Trentacoste PhD,84,Sheep/goat,O,MC1,Metacarpal,NA,NA,NA,NA,NA,11.4,NA,NA,NA,NA,NA,NA,NA,NA,NA,NA,NA,NA,NA,NA,NA,NA,NA,NA,Sheep/goat
8190,South,Iron Age,IA2,IA2,IA.Late,ExNISP,Forcello,Scarpa,1,Sheep/goat,O,MC1,Metacarpal,121,NA,NA,29,NA,NA,NA,NA,NA,NA,NA,NA,NA,NA,NA,NA,NA,NA,NA,NA,Bp large but but appears in publication like this,NA,NA,1,Sheep/goat
8191,South,Iron Age,IA2,IA2,IA.Late,ExNISP,Forcello,Scarpa,1,Sheep/goat,O,MC1,Metacarpal,129,NA,NA,24,NA,NA,NA,NA,NA,NA,NA,NA,NA,NA,NA,NA,NA,NA,NA,NA,NA,NA,NA,1,Sheep/goat
8192,South,Iron Age,IA2,IA2,IA.Late,ExNISP,Forcello,Scarpa,1,Sheep/goat,O,MC1,Metacarpal,130,NA,NA,23,NA,NA,NA,NA,NA,NA,NA,NA,NA,NA,NA,NA,NA,NA,NA,NA,NA,NA,NA,1,Sheep/goat
8486,North,Bronze Age,BA.R,BM-R,BA.Late,NA,Bovolone,Bertoloni et al. 2015,125,Sheep/goat,O,MC1,Metacarpal,NA,NA,NA,23,NA,11,NA,NA,NA,NA,NA,NA,NA,NA,NA,NA,NA,NA,NA,NA,NA,NA,NA,1,Sheep/goat
8487,North,Bronze Age,BA.R,BM-R,BA.Late,NA,Bovolone,Bertoloni et al. 2015,125,Sheep/goat,O,MC1,Metacarpal,NA,NA,NA,24,NA,NA,NA,NA,NA,NA,NA,NA,NA,NA,NA,NA,NA,NA,NA,NA,NA,NA,NA,1,Sheep/goat
8488,North,Bronze Age,BA.R,BM-R,BA.Late,NA,Bovolone,Bertoloni et al. 2015,125,Sheep/goat,O,MC1,Metacarpal,NA,NA,NA,NA,NA,12,NA,NA,NA,NA,NA,NA,NA,NA,NA,NA,NA,NA,NA,NA,NA,NA,NA,1,Sheep/goat
8489,North,Bronze Age,BA.R,BM-R,BA.Late,NA,Bovolone,Bertoloni et al. 2015,125,Sheep/goat,O,MC1,Metacarpal,NA,NA,NA,21,NA,12,NA,NA,NA,NA,NA,NA,NA,NA,NA,NA,NA,NA,NA,NA,NA,NA,NA,1,Sheep/goat
8490,North,Bronze Age,BA.R,BM-R,BA.Late,NA,Bovolone,Bertoloni et al. 2015,125,Sheep/goat,O,MC1,Metacarpal,NA,NA,NA,NA,NA,10,NA,NA,23,NA,NA,NA,NA,NA,NA,NA,NA,NA,NA,NA,NA,NA,NA,1*,Sheep/goat
8617,Veneto,Bronze Age,BA.R,BM-R,BA.Late,NA,Larda II,NA,148,Sheep/goat,O,MC1,Metacarpal,NA,NA,NA,NA,NA,12,NA,NA,NA,NA,NA,NA,NA,NA,NA,NA,NA,NA,NA,NA,NA,NA,NA,1,Sheep/goat
8618,Veneto,Bronze Age,BA.R,BM-R,BA.Late,NA,Larda II,NA,148,Sheep/goat,O,MC1,Metacarpal,NA,NA,NA,NA,NA,NA,NA,NA,22,NA,NA,NA,NA,NA,NA,NA,NA,NA,NA,NA,NA,NA,NA,1,Sheep/goat
8624,Veneto,Bronze Age,BA.R,BM-R,BA.Late,NA,Larda II,NA,148,Sheep/goat,O,MC1,Metacarpal,NA,NA,NA,NA,NA,NA,NA,NA,32,NA,NA,NA,NA,NA,NA,NA,NA,NA,NA,NA,NA,NA,NA,1,Sheep/goat
8787,Veneto,Bronze Age,BA.R,BM-R,BA.Late,NA,Amolara,NA,150,Sheep/goat,O,MC1,Metacarpal,NA,NA,NA,NA,NA,8,NA,NA,NA,NA,NA,NA,NA,NA,NA,NA,NA,NA,NA,NA,NA,NA,NA,1,Sheep/goat
8788,Veneto,Bronze Age,BA.R,BM-R,BA.Late,NA,Amolara,NA,150,Sheep/goat,O,MC1,Metacarpal,NA,NA,NA,NA,NA,11,NA,NA,NA,NA,NA,NA,NA,NA,NA,NA,NA,NA,NA,NA,NA,NA,NA,1,Sheep/goat
8789,Veneto,Bronze Age,BA.R,BM-R,BA.Late,NA,Amolara,NA,150,Sheep/goat,O,MC1,Metacarpal,NA,NA,NA,NA,NA,12,NA,NA,NA,NA,NA,NA,NA,NA,NA,NA,NA,NA,NA,NA,NA,NA,NA,1,Sheep/goat
9011,Veneto,Bronze Age,BA.R,BM-R,BA.Late,NA,Terranegra,Depellegrin & Tecchiati - BR,61,Sheep/goat,O,MC1,Metacarpal,NA,NA,NA,21.8,NA,12.9,NA,NA,NA,NA,NA,NA,NA,NA,NA,NA,NA,NA,NA,NA,NA,NA,NA,NA,Sheep/goat
9012,Veneto,Bronze Age,BA.R,BM-R,BA.Late,NA,Terranegra,Depellegrin & Tecchiati - BR,61,Sheep/goat,O,MC1,Metacarpal,NA,NA,NA,NA,NA,14.7,NA,NA,NA,NA,NA,NA,NA,NA,NA,NA,NA,NA,NA,NA,NA,NA,NA,NA,Sheep/goat
9013,Veneto,Bronze Age,BA.R,BM-R,BA.Late,NA,Terranegra,Depellegrin & Tecchiati - BR,61,Sheep/goat,O,MC1,Metacarpal,NA,NA,NA,20.1,NA,10.2,NA,NA,NA,NA,NA,NA,NA,NA,NA,NA,NA,NA,NA,NA,NA,NA,NA,NA,Sheep/goat
9014,Veneto,Iron Age,IA1-IA2,IA1,IA.Mid,NA,Terranegra,Depellegrin & Tecchiati - IA,156,Sheep/goat,O,MC1,Metacarpal,NA,NA,NA,NA,NA,13.4,NA,NA,NA,NA,NA,NA,NA,NA,NA,NA,NA,NA,NA,NA,NA,NA,NA,NA,Sheep/goat
9015,Veneto,Iron Age,IA1-IA2,IA1,IA.Mid,NA,Terranegra,Depellegrin & Tecchiati - IA,156,Sheep/goat,O,MC1,Metacarpal,NA,NA,NA,NA,NA,12.1,NA,NA,NA,NA,NA,NA,NA,NA,NA,NA,NA,NA,NA,NA,NA,NA,NA,NA,Sheep/goat
9016,Veneto,Iron Age,IA1-IA2,IA1,IA.Mid,NA,Terranegra,Depellegrin & Tecchiati - IA,156,Sheep/goat,O,MC1,Metacarpal,NA,NA,NA,NA,NA,15.3,NA,NA,NA,NA,NA,NA,NA,NA,NA,NA,NA,NA,NA,NA,NA,NA,NA,NA,Sheep/goat
9017,Veneto,Iron Age,IA1-IA2,IA1,IA.Mid,NA,Terranegra,Depellegrin & Tecchiati - IA,156,Sheep/goat,O,MC1,Metacarpal,NA,NA,NA,NA,NA,19.7,NA,NA,NA,NA,NA,NA,NA,NA,NA,NA,NA,NA,NA,NA,NA,NA,NA,NA,Sheep/goat
9018,Veneto,Iron Age,IA1-IA2,IA1,IA.Mid,NA,Terranegra,Depellegrin & Tecchiati - IA,156,Sheep/goat,O,MC1,Metacarpal,NA,NA,NA,23.5,NA,11,NA,NA,NA,NA,NA,NA,NA,NA,NA,NA,NA,NA,NA,NA,NA,NA,NA,NA,Sheep/goat
9019,Veneto,Iron Age,IA1-IA2,IA1,IA.Mid,NA,Terranegra,Depellegrin & Tecchiati - IA,156,Sheep/goat,O,MC1,Metacarpal,NA,NA,NA,24.7,NA,13.7,NA,NA,NA,NA,NA,NA,NA,NA,NA,NA,NA,NA,NA,NA,NA,NA,NA,NA,Sheep/goat
9020,Veneto,Iron Age,IA1-IA2,IA1,IA.Mid,NA,Terranegra,Depellegrin & Tecchiati - IA,156,Sheep/goat,O,MC1,Metacarpal,NA,NA,NA,21.8,NA,11.2,NA,NA,NA,NA,NA,NA,NA,NA,NA,NA,NA,NA,NA,NA,NA,NA,NA,NA,Sheep/goat
9437,Friuli,Iron Age,IA0-IA1,BRF-IA0,IA.Early,NA,Pozzuolo,Excavations 1980-83 Final Bronze-Iron Age,55,Sheep/goat,O,MC1,Metacarpal,NA,NA,NA,25.2,NA,NA,NA,NA,NA,NA,NA,NA,NA,NA,NA,NA,NA,NA,NA,Petrucci,NA,NA,NA,NA,Sheep/goat
9636,South,Roman,Rom.Early,Early,Roman.Early,NA,Modena,Cassa di Risparmio,132,Sheep/goat,O,MC1,Metacarpal,NA,NA,NA,26.5,19,NA,NA,NA,NA,NA,NA,NA,NA,NA,NA,NA,NA,NA,NA,NA,NA,NA,NA,0.5,Sheep/goat
9637,South,Roman,Rom.Early,Early,Roman.Early,NA,Modena,Cassa di Risparmio,132,Sheep/goat,O,MC1,Metacarpal,NA,NA,NA,25,18,13.5,10,NA,NA,NA,NA,NA,NA,NA,NA,NA,NA,NA,NA,NA,NA,NA,NA,0.5,Sheep/goat
9638,South,Roman,Rom.Early,Early,Roman.Early,NA,Modena,Cassa di Risparmio,132,Sheep/goat,O,MC1,Metacarpal,NA,NA,NA,25,18,13.5,9.5,NA,NA,NA,NA,NA,NA,NA,NA,NA,NA,NA,NA,NA,NA,NA,NA,0.5,Sheep/goat
9639,South,Roman,Rom.Early,Early,Roman.Early,NA,Modena,Cassa di Risparmio,132,Sheep/goat,O,MC1,Metacarpal,NA,NA,NA,25,18,NA,NA,NA,NA,NA,NA,NA,NA,NA,NA,NA,NA,NA,NA,NA,NA,NA,NA,0.5,Sheep/goat
9640,South,Roman,Rom.Early,Early,Roman.Early,NA,Modena,Cassa di Risparmio,132,Sheep/goat,O,MC1,Metacarpal,NA,NA,NA,25,18,NA,NA,NA,NA,NA,NA,NA,NA,NA,NA,NA,NA,NA,NA,NA,NA,NA,NA,0.5,Sheep/goat
9641,South,Roman,Rom.Early,Early,Roman.Early,NA,Modena,Cassa di Risparmio,132,Sheep/goat,O,MC1,Metacarpal,NA,NA,NA,24.5,18.5,NA,NA,NA,NA,NA,NA,NA,NA,NA,NA,NA,NA,NA,NA,NA,NA,NA,NA,0.5,Sheep/goat
9642,South,Roman,Rom.Early,Early,Roman.Early,NA,Modena,Cassa di Risparmio,132,Sheep/goat,O,MC1,Metacarpal,NA,NA,NA,24,17,NA,NA,NA,NA,NA,NA,NA,NA,NA,NA,NA,NA,NA,NA,NA,NA,NA,NA,0.5,Sheep/goat
9643,South,Roman,Rom.Early,Early,Roman.Early,NA,Modena,Cassa di Risparmio,132,Sheep/goat,O,MC1,Metacarpal,NA,NA,NA,24,16.5,NA,NA,NA,NA,NA,NA,NA,NA,NA,NA,NA,NA,NA,NA,NA,NA,NA,NA,0.5,Sheep/goat
9644,South,Roman,Rom.Early,Early,Roman.Early,NA,Modena,Cassa di Risparmio,132,Sheep/goat,O,MC1,Metacarpal,NA,NA,NA,23.5,17.5,NA,NA,NA,NA,NA,NA,NA,NA,NA,NA,NA,NA,NA,NA,NA,NA,NA,NA,0.5,Sheep/goat
9645,South,Roman,Rom.Early,Early,Roman.Early,NA,Modena,Cassa di Risparmio,132,Sheep/goat,O,MC1,Metacarpal,NA,NA,NA,23.5,17,13,10,NA,NA,NA,NA,NA,NA,NA,NA,NA,NA,NA,NA,NA,NA,NA,NA,0.5,Sheep/goat
9646,South,Roman,Rom.Early,Early,Roman.Early,NA,Modena,Cassa di Risparmio,132,Sheep/goat,O,MC1,Metacarpal,NA,NA,NA,23.5,17,NA,NA,NA,NA,NA,NA,NA,NA,NA,NA,NA,NA,NA,NA,NA,NA,NA,NA,0.5,Sheep/goat
9647,South,Roman,Rom.Early,Early,Roman.Early,NA,Modena,Cassa di Risparmio,132,Sheep/goat,O,MC1,Metacarpal,NA,NA,NA,23,17,13.5,10,NA,NA,NA,NA,NA,NA,NA,NA,NA,NA,NA,NA,NA,NA,NA,NA,0.5,Sheep/goat
9648,South,Roman,Rom.Early,Early,Roman.Early,NA,Modena,Cassa di Risparmio,132,Sheep/goat,O,MC1,Metacarpal,NA,NA,NA,23,16.5,12,8.5,NA,NA,NA,NA,NA,NA,NA,NA,NA,NA,NA,NA,NA,NA,NA,NA,0.5,Sheep/goat
9649,South,Roman,Rom.Early,Early,Roman.Early,NA,Modena,Cassa di Risparmio,132,Sheep/goat,O,MC1,Metacarpal,NA,NA,NA,23,16.5,NA,NA,NA,NA,NA,NA,NA,NA,NA,NA,NA,NA,NA,NA,NA,NA,NA,NA,0.5,Sheep/goat
9650,South,Roman,Rom.Early,Early,Roman.Early,NA,Modena,Cassa di Risparmio,132,Sheep/goat,O,MC1,Metacarpal,NA,NA,NA,23,16,13.5,9,NA,NA,NA,NA,NA,NA,NA,NA,NA,NA,NA,NA,NA,NA,NA,NA,0.5,Sheep/goat
9651,South,Roman,Rom.Early,Early,Roman.Early,NA,Modena,Cassa di Risparmio,132,Sheep/goat,O,MC1,Metacarpal,NA,NA,NA,23,16,NA,NA,NA,NA,NA,NA,NA,NA,NA,NA,NA,NA,NA,NA,NA,NA,NA,NA,0.5,Sheep/goat
9652,South,Roman,Rom.Early,Early,Roman.Early,NA,Modena,Cassa di Risparmio,132,Sheep/goat,O,MC1,Metacarpal,NA,NA,NA,22.5,17,13,9,NA,NA,NA,NA,NA,NA,NA,NA,NA,NA,NA,NA,NA,NA,NA,NA,0.5,Sheep/goat
9653,South,Roman,Rom.Early,Early,Roman.Early,NA,Modena,Cassa di Risparmio,132,Sheep/goat,O,MC1,Metacarpal,NA,NA,NA,22.5,16.5,NA,NA,NA,NA,NA,NA,NA,NA,NA,NA,NA,NA,NA,NA,NA,NA,NA,NA,0.5,Sheep/goat
9654,South,Roman,Rom.Early,Early,Roman.Early,NA,Modena,Cassa di Risparmio,132,Sheep/goat,O,MC1,Metacarpal,NA,NA,NA,22.5,NA,NA,NA,NA,NA,NA,NA,NA,NA,NA,NA,NA,NA,NA,NA,NA,NA,NA,NA,0.5,Sheep/goat
9655,South,Roman,Rom.Early,Early,Roman.Early,NA,Modena,Cassa di Risparmio,132,Sheep/goat,O,MC1,Metacarpal,NA,NA,NA,22,16,11.5,9,NA,NA,NA,NA,NA,NA,NA,NA,NA,NA,NA,NA,NA,NA,NA,NA,0.5,Sheep/goat
9656,South,Roman,Rom.Early,Early,Roman.Early,NA,Modena,Cassa di Risparmio,132,Sheep/goat,O,MC1,Metacarpal,NA,NA,NA,22,15.5,13,9,NA,NA,NA,NA,NA,NA,NA,NA,NA,NA,NA,NA,NA,NA,NA,NA,0.5,Sheep/goat
9657,South,Roman,Rom.Early,Early,Roman.Early,NA,Modena,Cassa di Risparmio,132,Sheep/goat,O,MC1,Metacarpal,NA,NA,NA,21.5,16,NA,NA,NA,NA,NA,NA,NA,NA,NA,NA,NA,NA,NA,NA,NA,NA,NA,NA,0.5,Sheep/goat
9658,South,Roman,Rom.Early,Early,Roman.Early,NA,Modena,Cassa di Risparmio,132,Sheep/goat,O,MC1,Metacarpal,NA,NA,NA,21,16,13.5,10,NA,NA,NA,NA,NA,NA,NA,NA,NA,NA,NA,NA,NA,NA,NA,NA,0.5,Sheep/goat
9748,South,Roman,Rom.Mid,Mid,Roman.Mid,NA,Spilamberto,Fase II,128,Sheep/goat,O,MC1,Metacarpal,NA,NA,NA,24,18,NA,NA,NA,NA,NA,NA,NA,NA,NA,NA,NA,NA,NA,NA,NA,NA,NA,NA,0.5,Sheep/goat
9749,South,Roman,Rom.Mid,Mid,Roman.Mid,NA,Spilamberto,Fase II,128,Sheep/goat,O,MC1,Metacarpal,NA,NA,NA,25,19,NA,NA,NA,NA,NA,NA,NA,NA,NA,NA,NA,NA,NA,NA,NA,NA,NA,NA,0.5,Sheep/goat
9750,South,Roman,Rom.M-L,Mid-Late,Roman.Mid-Late,NA,Spilamberto,Fase III,209,Sheep/goat,O,MC1,Metacarpal,127,NA,NA,23.5,19,NA,NA,NA,27,17,NA,NA,NA,NA,NA,NA,NA,NA,NA,NA,NA,NA,NA,0.5,Sheep/goat
285,South,Iron Age,IA1,IA1,IA.Mid,NA,Marzabotto,US 27/29,69,Sheep/goat,O,MT1,Metatarsal,NA,NA,NA,10.6,NA,10.6,NA,NA,NA,NA,NA,NA,NA,NA,NA,NA,NA,NA,NA,NA,NA,NA,NA,NA,Sheep/goat
286,South,Iron Age,IA1,IA1,IA.Mid,NA,Marzabotto,V 3,68,Sheep/goat,O,MT1,Metatarsal,145,NA,NA,20.6,NA,11.2,NA,NA,24.8,NA,NA,NA,NA,NA,NA,NA,NA,NA,NA,NA,NA,NA,NA,NA,Sheep/goat
287,South,Iron Age,IA1,IA1,IA.Mid,NA,Marzabotto,V 3,68,Sheep/goat,O,MT1,Metatarsal,NA,NA,NA,20.7,NA,11.2,NA,NA,23.8,NA,NA,NA,NA,NA,NA,NA,NA,NA,NA,NA,NA,NA,NA,NA,Sheep/goat
312,South,Iron Age,IA2,IA2,IA.Late,NA,Casale di Rivalta,NA,71,Sheep/goat,O,MT1,Metatarsal,118.7,NA,NA,20.6,17.4,12.5,NA,NA,23.3,15.3,NA,NA,NA,NA,NA,NA,NA,NA,NA,NA,NA,NA,NA,NA,Sheep/goat
313,South,Iron Age,IA2,IA2,IA.Late,NA,Casale di Rivalta,NA,71,Sheep/goat,O,MT1,Metatarsal,NA,NA,NA,20.6,19.5,13.7,NA,NA,NA,NA,NA,NA,NA,NA,NA,NA,NA,NA,NA,NA,NA,NA,NA,NA,Sheep/goat
314,South,Iron Age,IA2,IA2,IA.Late,NA,Casale di Rivalta,NA,71,Sheep/goat,O,MT1,Metatarsal,NA,NA,NA,19.4,18.5,11.3,NA,NA,NA,NA,NA,NA,NA,NA,NA,NA,NA,NA,NA,NA,NA,NA,NA,NA,Sheep/goat
315,South,Iron Age,IA2,IA2,IA.Late,NA,Casale di Rivalta,NA,71,Sheep/goat,O,MT1,Metatarsal,NA,NA,NA,19.1,18.6,11.2,NA,NA,NA,NA,NA,NA,NA,NA,NA,NA,NA,NA,NA,NA,NA,NA,NA,NA,Sheep/goat
316,South,Iron Age,IA2,IA2,IA.Late,NA,Casale di Rivalta,NA,71,Sheep/goat,O,MT1,Metatarsal,NA,NA,NA,NA,NA,10.2,NA,NA,22.4,15.9,NA,NA,NA,NA,NA,NA,NA,NA,NA,NA,NA,NA,NA,NA,Sheep/goat
317,South,Iron Age,IA2,IA2,IA.Late,NA,Bologna,Via S. Caterina,77,Sheep/goat,O,MT1,Metatarsal,128.9,NA,NA,18.6,NA,11.5,NA,NA,23,NA,NA,NA,NA,NA,NA,NA,NA,NA,NA,NA,NA,NA,NA,NA,Sheep/goat
318,South,Iron Age,IA2,IA2,IA.Late,NA,Bologna,Via S. Caterina,77,Sheep/goat,O,MT1,Metatarsal,NA,NA,NA,NA,NA,10.4,NA,NA,23.6,NA,NA,NA,NA,NA,NA,NA,NA,NA,NA,NA,NA,NA,NA,NA,Sheep/goat
319,South,Iron Age,IA2,IA2,IA.Late,NA,Marzabotto,US 8,78,Sheep/goat,O,MT1,Metatarsal,145,NA,NA,22.3,NA,12.3,NA,NA,25.6,NA,NA,NA,NA,NA,NA,NA,NA,NA,NA,NA,NA,NA,NA,NA,Sheep/goat
320,South,Iron Age,IA2,IA2,IA.Late,NA,Marzabotto,US 8,78,Sheep/goat,O,MT1,Metatarsal,131,NA,NA,21.8,NA,14.5,NA,NA,24.8,NA,NA,NA,NA,NA,NA,NA,NA,NA,NA,NA,NA,NA,NA,NA,Sheep/goat
321,South,Iron Age,IA2,IA2,IA.Late,NA,Marzabotto,US 8,78,Sheep/goat,O,MT1,Metatarsal,116,NA,NA,18.6,NA,12.9,NA,NA,NA,NA,NA,NA,NA,NA,NA,NA,NA,NA,NA,NA,NA,NA,NA,NA,Sheep/goat
1443,South,Iron Age,IA1,IA1,IA.Mid,NA,Fiorano Modenese,NA,65,Sheep/goat,O,MT1,Metatarsal,NA,NA,NA,18.6,NA,NA,NA,NA,NA,NA,NA,NA,NA,NA,NA,NA,NA,NA,NA,NA,NA,NA,NA,NA,Sheep/goat
1501,South,Iron Age,IA2,IA2,IA.Late,NA,Casale di Rivalta,NA,71,Sheep/goat,O,MT1,Metatarsal,NA,NA,NA,24.9,22.3,NA,NA,NA,NA,NA,NA,NA,NA,NA,NA,NA,NA,NA,NA,NA,NA,NA,NA,NA,Sheep/goat
1502,South,Iron Age,IA2,IA2,IA.Late,NA,Casale di Rivalta,NA,71,Sheep/goat,O,MT1,Metatarsal,NA,NA,NA,18.4,17.6,NA,NA,NA,NA,NA,NA,NA,NA,NA,NA,NA,NA,NA,NA,NA,NA,NA,NA,NA,Sheep/goat
1740,North,Iron Age,IA2,IA2,IA.Late,NA,Santorso,All phases,92,Sheep/goat,O,MT1,Metatarsal,NA,NA,NA,21.3,21.5,NA,NA,NA,NA,NA,NA,NA,NA,NA,NA,NA,NA,NA,NA,NA,NA,NA,NA,NA,Sheep/goat
1741,North,Iron Age,IA2,IA2,IA.Late,NA,Santorso,All phases,92,Sheep/goat,O,MT1,Metatarsal,NA,NA,NA,22.9,21.6,NA,NA,NA,NA,NA,NA,NA,NA,NA,NA,NA,NA,NA,NA,NA,NA,NA,NA,NA,Sheep/goat
2184,North,Bronze Age,BA.M,BM-R,BA.Middle,NA,Lavagnone,Sector A + E,126,Sheep/goat,O,MT1,Metatarsal,NA,NA,NA,20.2,20.5,10.4,10.2,NA,NA,NA,NA,NA,NA,NA,NA,NA,NA,NA,NA,NA,NA,NA,NA,NA,Sheep/goat
2185,North,Bronze Age,BA.M,BM-R,BA.Middle,NA,Lavagnone,Sector A + E,126,Sheep/goat,O,MT1,Metatarsal,NA,NA,NA,19.8,20,NA,NA,NA,NA,NA,NA,NA,NA,NA,NA,NA,NA,NA,NA,NA,NA,NA,NA,NA,Sheep/goat
2186,North,Bronze Age,BA.M,BM-R,BA.Middle,NA,Lavagnone,Sector A + E,126,Sheep/goat,O,MT1,Metatarsal,NA,NA,NA,17.6,17.6,NA,NA,NA,NA,NA,NA,NA,NA,NA,NA,NA,NA,NA,NA,NA,NA,NA,NA,NA,Sheep/goat
2187,North,Bronze Age,BA.M,BM-R,BA.Middle,NA,Lavagnone,Sector A + E,126,Sheep/goat,O,MT1,Metatarsal,NA,NA,NA,17.4,16.9,9.5,8.2,NA,NA,NA,NA,NA,NA,NA,NA,NA,NA,NA,NA,NA,NA,NA,NA,NA,Sheep/goat
2188,North,Bronze Age,BA.M,BM-R,BA.Middle,NA,Lavagnone,Sector A + E,126,Sheep/goat,O,MT1,Metatarsal,NA,NA,NA,16.5,NA,NA,NA,NA,NA,NA,NA,NA,NA,NA,NA,NA,NA,NA,NA,NA,NA,NA,NA,NA,Sheep/goat
2288,North,Bronze Age,BA.M,BM-R,BA.Middle,NA,Lavagnone,Sector A + E,126,Sheep/goat,O,MT1,Metatarsal,125,NA,NA,19.8,19.3,9.9,8.8,NA,22.6,14.6,NA,NA,NA,NA,NA,NA,NA,NA,NA,NA,NA,NA,NA,NA,Sheep/goat
2391,South,Bronze Age,BA.M,BM-R,BA.Middle,NA,Baggiovara,Opera Pia Bianchi,121,Sheep/goat,O,MT1,Metatarsal,NA,NA,NA,NA,NA,10.5,11,NA,22,14.8,NA,NA,NA,NA,NA,NA,NA,NA,NA,NA,NA,NA,NA,NA,Sheep/goat
2621,Appennine,Bronze Age,BA.M,BM-R,BA.Middle,NA,Solarolo,via Odriere Settore 1,123,Sheep/goat,O,MT1,Metatarsal,NA,NA,NA,18.2,NA,NA,NA,NA,NA,NA,NA,NA,NA,NA,NA,NA,NA,NA,NA,NA,NA,NA,NA,NA,Sheep/goat
2622,Appennine,Bronze Age,BA.M,BM-R,BA.Middle,NA,Solarolo,via Odriere Settore 1,123,Sheep/goat,O,MT1,Metatarsal,119.1,NA,NA,17.1,NA,9.5,NA,NA,NA,NA,NA,NA,NA,NA,NA,NA,NA,NA,NA,NA,NA,NA,NA,NA,Sheep/goat
2623,Appennine,Bronze Age,BA.M,BM-R,BA.Middle,NA,Solarolo,via Odriere Settore 1,123,Sheep/goat,O,MT1,Metatarsal,NA,NA,NA,18.6,NA,NA,NA,NA,NA,NA,NA,NA,NA,NA,NA,NA,NA,NA,NA,NA,NA,NA,NA,NA,Sheep/goat
2624,Appennine,Bronze Age,BA.M,BM-R,BA.Middle,NA,Solarolo,via Odriere Settore 1,123,Sheep/goat,O,MT1,Metatarsal,NA,NA,NA,20.9,NA,11,NA,NA,NA,NA,NA,NA,NA,NA,NA,NA,NA,NA,NA,NA,NA,NA,NA,NA,Sheep/goat
3049,South,Iron Age,IA2,IA2,IA.Late,NA,Marzabotto,Casa 1,119,Sheep/goat,O,MT1,Metatarsal,127.5,NA,NA,19.9,NA,13.6,NA,NA,NA,NA,NA,NA,NA,NA,NA,NA,NA,NA,NA,NA,NA,NA,NA,NA,Sheep/goat
3750,North,Bronze Age,BA.M-R,BM-R,BA.Middle-Late,NA,Castellaro Lagusello,NA,44,Sheep/goat,O,MT1,Metatarsal,NA,NA,NA,19.4,NA,NA,NA,NA,NA,NA,NA,NA,NA,NA,NA,NA,NA,NA,NA,NA,NA,NA,NA,NA,Sheep/goat
3751,North,Bronze Age,BA.M-R,BM-R,BA.Middle-Late,NA,Castellaro Lagusello,NA,44,Sheep/goat,O,MT1,Metatarsal,NA,NA,NA,19.5,NA,NA,NA,NA,NA,NA,NA,NA,NA,NA,NA,NA,NA,NA,NA,NA,NA,NA,NA,NA,Sheep/goat
4068,South,Bronze Age,BA.M,BM-R,BA.Middle,NA,Poviglio,Villaggio piccolo - MBA,26,Sheep/goat,O,MT1,Metatarsal,NA,NA,NA,18,NA,NA,NA,NA,NA,NA,NA,NA,NA,NA,NA,NA,NA,NA,NA,NA,NA,NA,NA,NA,Sheep/goat
4069,South,Bronze Age,BA.M,BM-R,BA.Middle,NA,Poviglio,Villaggio piccolo - MBA,26,Sheep/goat,O,MT1,Metatarsal,NA,NA,NA,18.5,NA,NA,NA,NA,NA,NA,NA,NA,NA,NA,NA,NA,NA,NA,NA,NA,NA,NA,NA,NA,Sheep/goat
4070,South,Bronze Age,BA.M,BM-R,BA.Middle,NA,Poviglio,Villaggio piccolo - MBA,26,Sheep/goat,O,MT1,Metatarsal,NA,NA,NA,18.3,NA,NA,NA,NA,NA,NA,NA,NA,NA,NA,NA,NA,NA,NA,NA,NA,NA,NA,NA,NA,Sheep/goat
5156,South,Iron Age,IA2,IA2,IA.Late,ExNISP,Forcello,Trentacoste PhD,84,Sheep/goat,O,MT1,Metatarsal,NA,NA,NA,NA,NA,13.7,NA,NA,NA,NA,NA,NA,NA,NA,NA,NA,NA,NA,NA,NA,NA,NA,NA,NA,Sheep/goat
5267,South,Iron Age,IA2,IA2,IA.Late,ExNISP,Forcello,Trentacoste PhD,84,Sheep/goat,O,MT1,Metatarsal,NA,NA,NA,NA,NA,NA,NA,NA,24.9,NA,NA,NA,NA,NA,NA,NA,NA,NA,NA,NA,NA,NA,NA,NA,Sheep/goat
5410,South,Iron Age,IA2,IA2,IA.Late,ExNISP,Forcello,Trentacoste PhD,84,Sheep/goat,O,MT1,Metatarsal,NA,NA,NA,NA,NA,12.4,NA,NA,NA,NA,NA,NA,NA,NA,NA,NA,NA,NA,NA,NA,NA,NA,NA,NA,Sheep/goat
5797,South,Iron Age,IA2,IA2,IA.Late,ExNISP,Forcello,Trentacoste PhD,84,Sheep/goat,O,MT1,Metatarsal,127,NA,NA,NA,NA,12.1,NA,NA,NA,NA,NA,NA,NA,NA,NA,NA,NA,NA,NA,NA,NA,NA,NA,NA,Sheep/goat
6100,South,Iron Age,IA2,IA2,IA.Late,ExNISP,Forcello,Trentacoste PhD,84,Sheep/goat,O,MT1,Metatarsal,NA,NA,NA,NA,NA,NA,NA,NA,23.3,NA,NA,NA,NA,NA,NA,NA,NA,NA,NA,NA,NA,NA,NA,NA,Sheep/goat
8193,South,Iron Age,IA2,IA2,IA.Late,ExNISP,Forcello,Scarpa,1,Sheep/goat,O,MT1,Metatarsal,133,NA,NA,21,NA,NA,NA,NA,NA,NA,NA,NA,NA,NA,NA,NA,NA,NA,NA,NA,NA,NA,NA,1,Sheep/goat
8501,North,Bronze Age,BA.R,BM-R,BA.Late,NA,Bovolone,Bertoloni et al. 2015,125,Sheep/goat,O,MT1,Metatarsal,NA,NA,NA,18,NA,NA,NA,NA,NA,NA,NA,NA,NA,NA,NA,NA,NA,NA,NA,NA,NA,NA,NA,1,Sheep/goat
8502,North,Bronze Age,BA.R,BM-R,BA.Late,NA,Bovolone,Bertoloni et al. 2015,125,Sheep/goat,O,MT1,Metatarsal,NA,NA,NA,NA,NA,11,NA,NA,NA,NA,NA,NA,NA,NA,NA,NA,NA,NA,NA,NA,NA,NA,NA,1,Sheep/goat
8503,North,Bronze Age,BA.R,BM-R,BA.Late,NA,Bovolone,Bertoloni et al. 2015,125,Sheep/goat,O,MT1,Metatarsal,NA,NA,NA,21,NA,NA,NA,NA,NA,NA,NA,NA,NA,NA,NA,NA,NA,NA,NA,NA,NA,NA,NA,1,Sheep/goat
8504,North,Bronze Age,BA.R,BM-R,BA.Late,NA,Bovolone,Bertoloni et al. 2015,125,Sheep/goat,O,MT1,Metatarsal,NA,NA,NA,NA,NA,10,NA,NA,23,NA,NA,NA,NA,NA,NA,NA,NA,NA,NA,NA,NA,NA,NA,1,Sheep/goat
8505,North,Bronze Age,BA.R,BM-R,BA.Late,NA,Bovolone,Bertoloni et al. 2015,125,Sheep/goat,O,MT1,Metatarsal,NA,NA,NA,19,NA,11,NA,NA,NA,NA,NA,NA,NA,NA,NA,NA,NA,NA,NA,NA,NA,NA,NA,1,Sheep/goat
8540,Veneto,Bronze Age,BA.R,BM-R,BA.Late,NA,Larda I,NA,147,Sheep/goat,O,MT1,Metatarsal,NA,NA,NA,NA,NA,8.8,8.1,NA,NA,NA,NA,NA,NA,NA,NA,NA,NA,NA,NA,NA,NA,NA,NA,1,Sheep/goat
8541,Veneto,Bronze Age,BA.R,BM-R,BA.Late,NA,Larda I,NA,147,Sheep/goat,O,MT1,Metatarsal,NA,NA,NA,NA,NA,8.1,10,NA,NA,NA,NA,NA,NA,NA,NA,NA,NA,NA,NA,NA,NA,NA,NA,1,Sheep/goat
8619,Veneto,Bronze Age,BA.R,BM-R,BA.Late,NA,Larda II,NA,148,Sheep/goat,O,MT1,Metatarsal,NA,NA,NA,NA,NA,7.1,NA,NA,NA,NA,NA,NA,NA,NA,NA,NA,NA,NA,NA,NA,NA,NA,NA,1,Sheep/goat
8620,Veneto,Bronze Age,BA.R,BM-R,BA.Late,NA,Larda II,NA,148,Sheep/goat,O,MT1,Metatarsal,NA,NA,NA,NA,NA,10,NA,NA,NA,NA,NA,NA,NA,NA,NA,NA,NA,NA,NA,NA,NA,NA,NA,1,Sheep/goat
8621,Veneto,Bronze Age,BA.R,BM-R,BA.Late,NA,Larda II,NA,148,Sheep/goat,O,MT1,Metatarsal,NA,NA,NA,NA,NA,9.5,NA,NA,NA,NA,NA,NA,NA,NA,NA,NA,NA,NA,NA,NA,NA,NA,NA,1,Sheep/goat
8625,Veneto,Bronze Age,BA.R,BM-R,BA.Late,NA,Larda II,NA,148,Sheep/goat,O,MT1,Metatarsal,NA,NA,NA,NA,NA,9,NA,NA,NA,NA,NA,NA,NA,NA,NA,NA,NA,NA,NA,NA,NA,NA,NA,1,Sheep/goat
8626,Veneto,Bronze Age,BA.R,BM-R,BA.Late,NA,Larda II,NA,148,Sheep/goat,O,MT1,Metatarsal,NA,NA,NA,NA,NA,10.4,NA,NA,NA,NA,NA,NA,NA,NA,NA,NA,NA,NA,NA,NA,NA,NA,NA,1,Sheep/goat
8627,Veneto,Bronze Age,BA.R,BM-R,BA.Late,NA,Larda II,NA,148,Sheep/goat,O,MT1,Metatarsal,NA,NA,NA,NA,NA,9,NA,NA,NA,NA,NA,NA,NA,NA,NA,NA,NA,NA,NA,NA,NA,NA,NA,1,Sheep/goat
8797,Veneto,Bronze Age,BA.R,BM-R,BA.Late,NA,Amolara,NA,150,Sheep/goat,O,MT1,Metatarsal,NA,NA,NA,NA,NA,11,NA,NA,NA,NA,NA,NA,NA,NA,NA,NA,NA,NA,NA,NA,NA,NA,NA,1,Sheep/goat
8798,Veneto,Bronze Age,BA.R,BM-R,BA.Late,NA,Amolara,NA,150,Sheep/goat,O,MT1,Metatarsal,NA,NA,NA,NA,NA,11,NA,NA,NA,NA,NA,NA,NA,NA,NA,NA,NA,NA,NA,NA,NA,NA,NA,1,Sheep/goat
9021,Veneto,Bronze Age,BA.R,BM-R,BA.Late,NA,Terranegra,Depellegrin & Tecchiati - BR,61,Sheep/goat,O,MT1,Metatarsal,NA,NA,NA,20.7,NA,10.2,NA,NA,NA,NA,NA,NA,NA,NA,NA,NA,NA,NA,NA,NA,NA,NA,NA,NA,Sheep/goat
9022,Veneto,Bronze Age,BA.R,BM-R,BA.Late,NA,Terranegra,Depellegrin & Tecchiati - BR,61,Sheep/goat,O,MT1,Metatarsal,NA,NA,NA,20.1,NA,11.8,NA,NA,NA,NA,NA,NA,NA,NA,NA,NA,NA,NA,NA,NA,NA,NA,NA,NA,Sheep/goat
9023,Veneto,Bronze Age,BA.R,BM-R,BA.Late,NA,Terranegra,Depellegrin & Tecchiati - BR,61,Sheep/goat,O,MT1,Metatarsal,NA,NA,NA,19.1,NA,NA,NA,NA,NA,NA,NA,NA,NA,NA,NA,NA,NA,NA,NA,NA,NA,NA,NA,NA,Sheep/goat
9024,Veneto,Bronze Age,BA.R,BM-R,BA.Late,NA,Terranegra,Depellegrin & Tecchiati - BR,61,Sheep/goat,O,MT1,Metatarsal,NA,NA,NA,19.1,NA,NA,NA,NA,NA,NA,NA,NA,NA,NA,NA,NA,NA,NA,NA,NA,NA,NA,NA,NA,Sheep/goat
9025,Veneto,Iron Age,IA1-IA2,IA1,IA.Mid,NA,Terranegra,Depellegrin & Tecchiati - IA,156,Sheep/goat,O,MT1,Metatarsal,NA,NA,NA,NA,NA,10.1,NA,NA,NA,NA,NA,NA,NA,NA,NA,NA,NA,NA,NA,NA,NA,NA,NA,NA,Sheep/goat
9026,Veneto,Iron Age,IA1-IA2,IA1,IA.Mid,NA,Terranegra,Depellegrin & Tecchiati - IA,156,Sheep/goat,O,MT1,Metatarsal,NA,NA,NA,19.1,NA,NA,NA,NA,NA,NA,NA,NA,NA,NA,NA,NA,NA,NA,NA,NA,NA,NA,NA,NA,Sheep/goat
9027,Veneto,Iron Age,IA1-IA2,IA1,IA.Mid,NA,Terranegra,Depellegrin & Tecchiati - IA,156,Sheep/goat,O,MT1,Metatarsal,NA,NA,NA,20.8,NA,11.2,NA,NA,NA,NA,NA,NA,NA,NA,NA,NA,NA,NA,NA,NA,NA,NA,NA,NA,Sheep/goat
9028,Veneto,Iron Age,IA1-IA2,IA1,IA.Mid,NA,Terranegra,Depellegrin & Tecchiati - IA,156,Sheep/goat,O,MT1,Metatarsal,NA,NA,NA,18.6,NA,10.6,NA,NA,NA,NA,NA,NA,NA,NA,NA,NA,NA,NA,NA,NA,NA,NA,NA,NA,Sheep/goat
9029,Veneto,Iron Age,IA1-IA2,IA1,IA.Mid,NA,Terranegra,Depellegrin & Tecchiati - IA,156,Sheep/goat,O,MT1,Metatarsal,NA,NA,NA,22.7,NA,14.1,NA,NA,NA,NA,NA,NA,NA,NA,NA,NA,NA,NA,NA,NA,NA,NA,NA,NA,Sheep/goat
9030,Veneto,Iron Age,IA1-IA2,IA1,IA.Mid,NA,Terranegra,Depellegrin & Tecchiati - IA,156,Sheep/goat,O,MT1,Metatarsal,NA,NA,NA,NA,NA,10.2,NA,NA,NA,NA,NA,NA,NA,NA,NA,NA,NA,NA,NA,NA,NA,NA,NA,NA,Sheep/goat
9031,Veneto,Iron Age,IA1-IA2,IA1,IA.Mid,NA,Terranegra,Depellegrin & Tecchiati - IA,156,Sheep/goat,O,MT1,Metatarsal,NA,NA,NA,21,NA,12.8,NA,NA,NA,NA,NA,NA,NA,NA,NA,NA,NA,NA,NA,NA,NA,NA,NA,NA,Sheep/goat
9032,Veneto,Iron Age,IA1-IA2,IA1,IA.Mid,NA,Terranegra,Depellegrin & Tecchiati - IA,156,Sheep/goat,O,MT1,Metatarsal,NA,NA,NA,NA,NA,13.7,NA,NA,NA,NA,NA,NA,NA,NA,NA,NA,NA,NA,NA,NA,NA,NA,NA,NA,Sheep/goat
9033,Veneto,Iron Age,IA1-IA2,IA1,IA.Mid,NA,Terranegra,Depellegrin & Tecchiati - IA,156,Sheep/goat,O,MT1,Metatarsal,NA,NA,NA,18.4,NA,10.8,NA,NA,NA,NA,NA,NA,NA,NA,NA,NA,NA,NA,NA,NA,NA,NA,NA,NA,Sheep/goat
9335,Friuli,Iron Age,IA0,IA1,IA.Early,NA,Gradisca,Iron Age I,169,Sheep/goat,O,MT1,Metatarsal,NA,NA,NA,22,NA,12.7,NA,NA,NA,NA,NA,NA,NA,NA,NA,NA,NA,NA,NA,NA,NA,NA,NA,NA,Sheep/goat
9336,Friuli,Iron Age,IA0,IA1,IA.Early,NA,Gradisca,Iron Age I,169,Sheep/goat,O,MT1,Metatarsal,NA,NA,NA,17.9,NA,11,NA,NA,NA,NA,NA,NA,NA,NA,NA,NA,NA,NA,NA,NA,NA,NA,NA,NA,Sheep/goat
9438,Friuli,Iron Age,IA0-IA1,BRF-IA0,IA.Early,NA,Pozzuolo,Excavations 1980-83 Final Bronze-Iron Age,55,Sheep/goat,O,MT1,Metatarsal,NA,NA,NA,19.4,NA,NA,NA,NA,NA,NA,NA,NA,NA,NA,NA,NA,NA,NA,NA,Petrucci,NA,NA,NA,NA,Sheep/goat
9439,Friuli,Iron Age,IA0-IA1,BRF-IA0,IA.Early,NA,Pozzuolo,Excavations 1980-83 Final Bronze-Iron Age,55,Sheep/goat,O,MT1,Metatarsal,NA,NA,NA,NA,NA,NA,NA,NA,22.8,NA,NA,NA,NA,NA,NA,NA,NA,NA,NA,Petrucci,NA,NA,NA,NA,Sheep/goat
9677,South,Roman,Rom.Early,Early,Roman.Early,NA,Modena,Cassa di Risparmio,132,Sheep/goat,O,MT1,Metatarsal,NA,NA,NA,23,23,10.5,NA,NA,NA,NA,NA,NA,NA,NA,NA,NA,NA,NA,NA,NA,NA,NA,NA,0.5,Sheep/goat
9678,South,Roman,Rom.Early,Early,Roman.Early,NA,Modena,Cassa di Risparmio,132,Sheep/goat,O,MT1,Metatarsal,NA,NA,NA,23,21.5,12,NA,NA,NA,NA,NA,NA,NA,NA,NA,NA,NA,NA,NA,NA,NA,NA,NA,0.5,Sheep/goat
9679,South,Roman,Rom.Early,Early,Roman.Early,NA,Modena,Cassa di Risparmio,132,Sheep/goat,O,MT1,Metatarsal,NA,NA,NA,22.5,23,12,11,NA,NA,NA,NA,NA,NA,NA,NA,NA,NA,NA,NA,NA,NA,NA,NA,0.5,Sheep/goat
9680,South,Roman,Rom.Early,Early,Roman.Early,NA,Modena,Cassa di Risparmio,132,Sheep/goat,O,MT1,Metatarsal,NA,NA,NA,22.5,22.5,NA,NA,NA,NA,NA,NA,NA,NA,NA,NA,NA,NA,NA,NA,NA,NA,NA,NA,0.5,Sheep/goat
9681,South,Roman,Rom.Early,Early,Roman.Early,NA,Modena,Cassa di Risparmio,132,Sheep/goat,O,MT1,Metatarsal,NA,NA,NA,22.5,22,14,NA,NA,NA,NA,NA,NA,NA,NA,NA,NA,NA,NA,NA,NA,NA,NA,NA,0.5,Sheep/goat
9682,South,Roman,Rom.Early,Early,Roman.Early,NA,Modena,Cassa di Risparmio,132,Sheep/goat,O,MT1,Metatarsal,NA,NA,NA,22,22.5,12,NA,NA,NA,NA,NA,NA,NA,NA,NA,NA,NA,NA,NA,NA,NA,NA,NA,0.5,Sheep/goat
9683,South,Roman,Rom.Early,Early,Roman.Early,NA,Modena,Cassa di Risparmio,132,Sheep/goat,O,MT1,Metatarsal,NA,NA,NA,22,22.5,NA,NA,NA,NA,NA,NA,NA,NA,NA,NA,NA,NA,NA,NA,NA,NA,NA,NA,0.5,Sheep/goat
9684,South,Roman,Rom.Early,Early,Roman.Early,NA,Modena,Cassa di Risparmio,132,Sheep/goat,O,MT1,Metatarsal,NA,NA,NA,22,22,12,11,NA,NA,NA,NA,NA,NA,NA,NA,NA,NA,NA,NA,NA,NA,NA,NA,0.5,Sheep/goat
9685,South,Roman,Rom.Early,Early,Roman.Early,NA,Modena,Cassa di Risparmio,132,Sheep/goat,O,MT1,Metatarsal,NA,NA,NA,22,22,12,NA,NA,NA,NA,NA,NA,NA,NA,NA,NA,NA,NA,NA,NA,NA,NA,NA,0.5,Sheep/goat
9686,South,Roman,Rom.Early,Early,Roman.Early,NA,Modena,Cassa di Risparmio,132,Sheep/goat,O,MT1,Metatarsal,NA,NA,NA,22,NA,11.5,11,NA,NA,NA,NA,NA,NA,NA,NA,NA,NA,NA,NA,NA,NA,NA,NA,0.5,Sheep/goat
9687,South,Roman,Rom.Early,Early,Roman.Early,NA,Modena,Cassa di Risparmio,132,Sheep/goat,O,MT1,Metatarsal,NA,NA,NA,21.5,NA,12,NA,NA,NA,NA,NA,NA,NA,NA,NA,NA,NA,NA,NA,NA,NA,NA,NA,0.5,Sheep/goat
9688,South,Roman,Rom.Early,Early,Roman.Early,NA,Modena,Cassa di Risparmio,132,Sheep/goat,O,MT1,Metatarsal,NA,NA,NA,21.5,21,12,NA,NA,NA,NA,NA,NA,NA,NA,NA,NA,NA,NA,NA,NA,NA,NA,NA,0.5,Sheep/goat
9689,South,Roman,Rom.Early,Early,Roman.Early,NA,Modena,Cassa di Risparmio,132,Sheep/goat,O,MT1,Metatarsal,NA,NA,NA,21.5,21,11.5,NA,NA,NA,NA,NA,NA,NA,NA,NA,NA,NA,NA,NA,NA,NA,NA,NA,0.5,Sheep/goat
9690,South,Roman,Rom.Early,Early,Roman.Early,NA,Modena,Cassa di Risparmio,132,Sheep/goat,O,MT1,Metatarsal,NA,NA,NA,21,23,12.5,11,NA,NA,NA,NA,NA,NA,NA,NA,NA,NA,NA,NA,NA,NA,NA,NA,0.5,Sheep/goat
9691,South,Roman,Rom.Early,Early,Roman.Early,NA,Modena,Cassa di Risparmio,132,Sheep/goat,O,MT1,Metatarsal,NA,NA,NA,21,23,11,NA,NA,NA,NA,NA,NA,NA,NA,NA,NA,NA,NA,NA,NA,NA,NA,NA,0.5,Sheep/goat
9692,South,Roman,Rom.Early,Early,Roman.Early,NA,Modena,Cassa di Risparmio,132,Sheep/goat,O,MT1,Metatarsal,NA,NA,NA,21,22.5,12.5,11.5,NA,NA,NA,NA,NA,NA,NA,NA,NA,NA,NA,NA,NA,NA,NA,NA,0.5,Sheep/goat
9693,South,Roman,Rom.Early,Early,Roman.Early,NA,Modena,Cassa di Risparmio,132,Sheep/goat,O,MT1,Metatarsal,NA,NA,NA,21,22,12,10.5,NA,NA,NA,NA,NA,NA,NA,NA,NA,NA,NA,NA,NA,NA,NA,NA,0.5,Sheep/goat
9694,South,Roman,Rom.Early,Early,Roman.Early,NA,Modena,Cassa di Risparmio,132,Sheep/goat,O,MT1,Metatarsal,NA,NA,NA,21,22,12,NA,NA,NA,NA,NA,NA,NA,NA,NA,NA,NA,NA,NA,NA,NA,NA,NA,0.5,Sheep/goat
9695,South,Roman,Rom.Early,Early,Roman.Early,NA,Modena,Cassa di Risparmio,132,Sheep/goat,O,MT1,Metatarsal,NA,NA,NA,21,22,11,10.5,NA,NA,NA,NA,NA,NA,NA,NA,NA,NA,NA,NA,NA,NA,NA,NA,0.5,Sheep/goat
9696,South,Roman,Rom.Early,Early,Roman.Early,NA,Modena,Cassa di Risparmio,132,Sheep/goat,O,MT1,Metatarsal,NA,NA,NA,21,22,11,NA,NA,NA,NA,NA,NA,NA,NA,NA,NA,NA,NA,NA,NA,NA,NA,NA,0.5,Sheep/goat
9697,South,Roman,Rom.Early,Early,Roman.Early,NA,Modena,Cassa di Risparmio,132,Sheep/goat,O,MT1,Metatarsal,NA,NA,NA,21,22,11,NA,NA,NA,NA,NA,NA,NA,NA,NA,NA,NA,NA,NA,NA,NA,NA,NA,0.5,Sheep/goat
9698,South,Roman,Rom.Early,Early,Roman.Early,NA,Modena,Cassa di Risparmio,132,Sheep/goat,O,MT1,Metatarsal,NA,NA,NA,21,22,NA,NA,NA,NA,NA,NA,NA,NA,NA,NA,NA,NA,NA,NA,NA,NA,NA,NA,0.5,Sheep/goat
9699,South,Roman,Rom.Early,Early,Roman.Early,NA,Modena,Cassa di Risparmio,132,Sheep/goat,O,MT1,Metatarsal,NA,NA,NA,21,21.5,10,10,NA,NA,NA,NA,NA,NA,NA,NA,NA,NA,NA,NA,NA,NA,NA,NA,0.5,Sheep/goat
9700,South,Roman,Rom.Early,Early,Roman.Early,NA,Modena,Cassa di Risparmio,132,Sheep/goat,O,MT1,Metatarsal,NA,NA,NA,21,21,10.5,NA,NA,NA,NA,NA,NA,NA,NA,NA,NA,NA,NA,NA,NA,NA,NA,NA,0.5,Sheep/goat
9701,South,Roman,Rom.Early,Early,Roman.Early,NA,Modena,Cassa di Risparmio,132,Sheep/goat,O,MT1,Metatarsal,NA,NA,NA,21,NA,12,11,NA,NA,NA,NA,NA,NA,NA,NA,NA,NA,NA,NA,NA,NA,NA,NA,0.5,Sheep/goat
9702,South,Roman,Rom.Early,Early,Roman.Early,NA,Modena,Cassa di Risparmio,132,Sheep/goat,O,MT1,Metatarsal,NA,NA,NA,20.5,20,11,10.5,NA,NA,NA,NA,NA,NA,NA,NA,NA,NA,NA,NA,NA,NA,NA,NA,0.5,Sheep/goat
9703,South,Roman,Rom.Early,Early,Roman.Early,NA,Modena,Cassa di Risparmio,132,Sheep/goat,O,MT1,Metatarsal,NA,NA,NA,20,23,11,9,NA,NA,NA,NA,NA,NA,NA,NA,NA,NA,NA,NA,NA,NA,NA,NA,0.5,Sheep/goat
9704,South,Roman,Rom.Early,Early,Roman.Early,NA,Modena,Cassa di Risparmio,132,Sheep/goat,O,MT1,Metatarsal,NA,NA,NA,20,22,12,11,NA,NA,NA,NA,NA,NA,NA,NA,NA,NA,NA,NA,NA,NA,NA,NA,0.5,Sheep/goat
9705,South,Roman,Rom.Early,Early,Roman.Early,NA,Modena,Cassa di Risparmio,132,Sheep/goat,O,MT1,Metatarsal,NA,NA,NA,20,22,11,NA,NA,NA,NA,NA,NA,NA,NA,NA,NA,NA,NA,NA,NA,NA,NA,NA,0.5,Sheep/goat
9706,South,Roman,Rom.Early,Early,Roman.Early,NA,Modena,Cassa di Risparmio,132,Sheep/goat,O,MT1,Metatarsal,NA,NA,NA,20,21,11,10.5,NA,NA,NA,NA,NA,NA,NA,NA,NA,NA,NA,NA,NA,NA,NA,NA,0.5,Sheep/goat
9707,South,Roman,Rom.Early,Early,Roman.Early,NA,Modena,Cassa di Risparmio,132,Sheep/goat,O,MT1,Metatarsal,NA,NA,NA,20,21,11,10,NA,NA,NA,NA,NA,NA,NA,NA,NA,NA,NA,NA,NA,NA,NA,NA,0.5,Sheep/goat
9708,South,Roman,Rom.Early,Early,Roman.Early,NA,Modena,Cassa di Risparmio,132,Sheep/goat,O,MT1,Metatarsal,NA,NA,NA,20,21,NA,NA,NA,NA,NA,NA,NA,NA,NA,NA,NA,NA,NA,NA,NA,NA,NA,NA,0.5,Sheep/goat
9709,South,Roman,Rom.Early,Early,Roman.Early,NA,Modena,Cassa di Risparmio,132,Sheep/goat,O,MT1,Metatarsal,NA,NA,NA,20,20,10.5,NA,NA,NA,NA,NA,NA,NA,NA,NA,NA,NA,NA,NA,NA,NA,NA,NA,0.5,Sheep/goat
9710,South,Roman,Rom.Early,Early,Roman.Early,NA,Modena,Cassa di Risparmio,132,Sheep/goat,O,MT1,Metatarsal,NA,NA,NA,20,20,10,9.5,NA,NA,NA,NA,NA,NA,NA,NA,NA,NA,NA,NA,NA,NA,NA,NA,0.5,Sheep/goat
9711,South,Roman,Rom.Early,Early,Roman.Early,NA,Modena,Cassa di Risparmio,132,Sheep/goat,O,MT1,Metatarsal,NA,NA,NA,20,19,9,NA,NA,NA,NA,NA,NA,NA,NA,NA,NA,NA,NA,NA,NA,NA,NA,NA,0.5,Sheep/goat
9712,South,Roman,Rom.Early,Early,Roman.Early,NA,Modena,Cassa di Risparmio,132,Sheep/goat,O,MT1,Metatarsal,NA,NA,NA,20,NA,11,NA,NA,NA,NA,NA,NA,NA,NA,NA,NA,NA,NA,NA,NA,NA,NA,NA,0.5,Sheep/goat
9713,South,Roman,Rom.Early,Early,Roman.Early,NA,Modena,Cassa di Risparmio,132,Sheep/goat,O,MT1,Metatarsal,NA,NA,NA,19,19,9,NA,NA,NA,NA,NA,NA,NA,NA,NA,NA,NA,NA,NA,NA,NA,NA,NA,0.5,Sheep/goat
9751,South,Roman,Rom.Mid,Mid,Roman.Mid,NA,Spilamberto,Fase II,128,Sheep/goat,O,MT1,Metatarsal,NA,NA,NA,20.5,20,NA,NA,NA,NA,NA,NA,NA,NA,NA,NA,NA,NA,NA,NA,NA,NA,NA,NA,0.5,Sheep/goat
9859,Veneto,Roman,Rom.Mid,Mid,Roman.Mid,NA,Ca Tron,sito M,189,Sheep/goat,O,MT1,Metatarsal,NA,NA,NA,NA,NA,NA,NA,NA,24.3,NA,NA,NA,NA,NA,NA,NA,NA,NA,NA,NA,NA,NA,NA,NA,Sheep/goat
10207,Friuli,Roman,Rom.M-L,Mid-Late,Roman.Mid-Late,NA,Aquileia,Foro Ovest 93-94,196,Sheep/goat,O,MT1,Metatarsal,NA,NA,NA,NA,NA,NA,NA,NA,26.6,17.9,NA,NA,NA,NA,NA,NA,NA,NA,NA,NA,NA,NA,NA,NA,Sheep/goat
NA,South,Bronze Age,BA.M-R,BM-R,BA.Middle-Late,NA,Zenerigolo,trincea 4,444,Sheep/goat,O,MC,NA,NA,NA,NA,22.6,NA,NA,NA,NA,NA,NA,NA,NA,NA,NA,NA,NA,NA,NA,NA,NA,NA,NA,NA,NA,Sheep/goat
NA,Appennine,Bronze Age,BA.M-R,BM-R,BA.Middle-Late,NA,Case Missiroli,NA,453,Sheep/goat,O,MC,NA,NA,NA,NA,22.5,NA,NA,NA,NA,NA,NA,NA,NA,NA,NA,NA,NA,NA,NA,NA,NA,NA,NA,NA,NA,Sheep/goat
1462,South,Iron Age,IA2,IA2,IA.Late,NA,Bologna,Via S. Caterina,77,Sheep/goat,O,RA,Radius,NA,NA,NA,31.4,NA,NA,NA,NA,NA,NA,NA,NA,NA,NA,NA,NA,NA,NA,NA,NA,NA,NA,NA,NA,Sheep/goat
1463,South,Iron Age,IA2,IA2,IA.Late,NA,Bologna,Via S. Caterina,77,Sheep/goat,O,RA,Radius,NA,NA,NA,32.4,NA,NA,NA,NA,NA,NA,NA,NA,NA,NA,NA,NA,NA,NA,NA,NA,NA,NA,NA,NA,Sheep/goat
1468,South,Iron Age,IA1,IA1,IA.Mid,NA,Marzabotto,US 27/29,69,Sheep/goat,O,RA,Radius,NA,NA,NA,NA,NA,NA,NA,NA,27.7,NA,NA,NA,NA,NA,NA,NA,NA,NA,NA,NA,NA,NA,NA,NA,Sheep/goat
1469,South,Iron Age,IA2,IA2,IA.Late,NA,Marzabotto,US 8,78,Sheep/goat,O,RA,Radius,NA,NA,NA,29.2,NA,NA,NA,NA,NA,NA,NA,NA,NA,NA,NA,NA,NA,NA,NA,NA,NA,NA,NA,NA,Sheep/goat
1493,South,Iron Age,IA2,IA2,IA.Late,NA,Casale di Rivalta,NA,71,Sheep/goat,O,RA,Radius,NA,NA,NA,29.2,NA,NA,NA,NA,25.3,NA,NA,NA,NA,NA,NA,NA,NA,NA,NA,NA,NA,NA,NA,NA,Sheep/goat
1495,South,Iron Age,IA2,IA2,IA.Late,NA,Casale di Rivalta,NA,71,Sheep/goat,O,RA,Radius,NA,NA,NA,28.5,NA,NA,NA,NA,NA,NA,NA,NA,NA,NA,NA,NA,NA,NA,NA,NA,NA,NA,NA,NA,Sheep/goat
1496,South,Iron Age,IA2,IA2,IA.Late,NA,Casale di Rivalta,NA,71,Sheep/goat,O,RA,Radius,NA,NA,NA,28,NA,NA,NA,NA,NA,NA,NA,NA,NA,NA,NA,NA,NA,NA,NA,NA,NA,NA,NA,NA,Sheep/goat
1578,South,Bronze Age,BA.M,BM-R,BA.Middle,NA,Tabina di Margreta,Bronze Age,22,Sheep/goat,O,RA,Radius,NA,NA,NA,29,17,17,NA,NA,NA,NA,NA,NA,NA,NA,NA,NA,NA,NA,NA,NA,NA,NA,NA,0.5,Sheep/goat
2157,North,Bronze Age,BA.M,BM-R,BA.Middle,NA,Lavagnone,Sector A + E,126,Sheep/goat,O,RA,Radius,NA,NA,NA,NA,NA,NA,NA,NA,28.3,19.3,NA,NA,NA,NA,NA,NA,NA,24.5,NA,NA,NA,NA,NA,NA,Sheep/goat
2379,South,Bronze Age,BA.M,BM-R,BA.Middle,NA,Baggiovara,Opera Pia Bianchi,121,Sheep/goat,O,RA,Radius,NA,NA,NA,24.5,14.2,NA,NA,NA,NA,NA,NA,NA,NA,NA,NA,NA,NA,NA,NA,NA,NA,NA,NA,NA,Sheep/goat
2380,South,Bronze Age,BA.M,BM-R,BA.Middle,NA,Baggiovara,Opera Pia Bianchi,121,Sheep/goat,O,RA,Radius,NA,NA,NA,NA,NA,NA,NA,NA,24.1,15.2,NA,NA,NA,NA,NA,NA,NA,NA,NA,NA,NA,NA,NA,NA,Sheep/goat
2385,South,Bronze Age,BA.M,BM-R,BA.Middle,NA,Baggiovara,Opera Pia Bianchi,121,Sheep/goat,O,RA,Radius,NA,NA,NA,27.7,NA,NA,NA,NA,NA,NA,NA,NA,NA,NA,NA,NA,NA,NA,26,NA,NA,NA,NA,NA,Sheep/goat
2386,South,Bronze Age,BA.M,BM-R,BA.Middle,NA,Baggiovara,Opera Pia Bianchi,121,Sheep/goat,O,RA,Radius,NA,NA,NA,27.5,14.6,NA,NA,NA,NA,NA,NA,NA,NA,NA,NA,NA,NA,NA,NA,NA,NA,NA,NA,NA,Sheep/goat
2604,Appennine,Bronze Age,BA.M,BM-R,BA.Middle,NA,Solarolo,via Odriere Settore 1,123,Sheep/goat,O,RA,Radius,NA,NA,NA,28,NA,NA,NA,NA,NA,NA,NA,NA,NA,NA,NA,NA,NA,NA,NA,NA,NA,NA,NA,NA,Sheep/goat
2605,Appennine,Bronze Age,BA.M,BM-R,BA.Middle,NA,Solarolo,via Odriere Settore 1,123,Sheep/goat,O,RA,Radius,NA,NA,NA,NA,NA,NA,NA,NA,26,NA,NA,NA,NA,NA,NA,NA,NA,NA,NA,NA,NA,NA,NA,NA,Sheep/goat
2606,Appennine,Bronze Age,BA.M,BM-R,BA.Middle,NA,Solarolo,via Odriere Settore 1,123,Sheep/goat,O,RA,Radius,NA,NA,NA,30,NA,NA,NA,NA,NA,NA,NA,NA,NA,NA,NA,NA,NA,NA,27.1,NA,NA,NA,NA,NA,Sheep/goat
2669,South,Bronze Age,BA.M,BM-R,BA.Middle,Rit,Noceto,*Vasca lignea,39,Sheep/goat,O,RA,Radius,NA,NA,NA,NA,NA,NA,NA,NA,27.9,17.9,NA,NA,NA,NA,NA,NA,NA,NA,NA,NA,NA,NA,NA,NA,Sheep/goat
2670,South,Bronze Age,BA.M,BM-R,BA.Middle,Rit,Noceto,*Vasca lignea,39,Sheep/goat,O,RA,Radius,NA,NA,NA,NA,NA,NA,NA,NA,27.8,18.4,NA,NA,NA,NA,NA,NA,NA,NA,NA,NA,NA,NA,NA,NA,Sheep/goat
2916,North,Bronze Age,BA.M,BM-R,BA.Middle,NA,Quarto del Tormine,Mozzecane,18,Sheep/goat,O,RA,Radius,NA,NA,NA,29.4,NA,NA,NA,NA,NA,NA,NA,NA,NA,NA,NA,NA,NA,NA,27.4,NA,NA,NA,NA,NA,Sheep/goat
2917,North,Bronze Age,BA.M,BM-R,BA.Middle,NA,Quarto del Tormine,Mozzecane,18,Sheep/goat,O,RA,Radius,NA,NA,NA,24.8,NA,NA,NA,NA,NA,NA,NA,NA,NA,NA,NA,NA,NA,NA,23.6,NA,NA,NA,NA,NA,Sheep/goat
2985,South,Iron Age,IA2,IA2,IA.Late,ExNISP,Monte Bibele,Just Ambiente/Casa 14,79,Sheep/goat,O,RA,Radius,162.8,NA,NA,NA,NA,NA,NA,NA,32.1,NA,NA,NA,NA,NA,NA,NA,NA,NA,NA,NA,NA,NA,NA,NA,Sheep/goat
3150,North,Bronze Age,BA.R-F,BRF-IA0,BA.Late,NA,Cavalzara,Riedel 1979,20,Sheep/goat,O,RA,Radius,NA,NA,NA,32.6,NA,NA,NA,NA,NA,NA,NA,NA,NA,NA,NA,NA,NA,NA,29.8,NA,NA,NA,NA,NA,Sheep/goat
3737,North,Bronze Age,BA.M-R,BM-R,BA.Middle-Late,NA,Castellaro Lagusello,NA,44,Sheep/goat,O,RA,Radius,NA,NA,NA,26.1,NA,NA,NA,NA,NA,NA,NA,NA,NA,NA,NA,NA,NA,NA,NA,NA,NA,NA,NA,NA,Sheep/goat
3738,North,Bronze Age,BA.M-R,BM-R,BA.Middle-Late,NA,Castellaro Lagusello,NA,44,Sheep/goat,O,RA,Radius,NA,NA,NA,NA,NA,13.3,NA,NA,NA,NA,NA,NA,NA,NA,NA,NA,NA,NA,NA,NA,NA,NA,NA,NA,Sheep/goat
3739,North,Bronze Age,BA.M-R,BM-R,BA.Middle-Late,NA,Castellaro Lagusello,NA,44,Sheep/goat,O,RA,Radius,NA,NA,NA,NA,NA,15.8,NA,NA,NA,NA,NA,NA,NA,NA,NA,NA,NA,NA,NA,NA,NA,NA,NA,NA,Sheep/goat
3740,North,Bronze Age,BA.M-R,BM-R,BA.Middle-Late,NA,Castellaro Lagusello,NA,44,Sheep/goat,O,RA,Radius,NA,NA,NA,NA,NA,15.5,NA,NA,NA,NA,NA,NA,NA,NA,NA,NA,NA,NA,NA,NA,NA,NA,NA,NA,Sheep/goat
4160,South,Bronze Age,BA.M,BM-R,BA.Middle,NA,Poviglio,Villaggio piccolo - MBA,26,Sheep/goat,O,RA,Radius,NA,NA,NA,NA,NA,NA,NA,NA,27.4,NA,NA,NA,NA,NA,NA,NA,NA,NA,NA,NA,NA,NA,NA,NA,Sheep/goat
8483,North,Bronze Age,BA.R,BM-R,BA.Late,NA,Bovolone,Bertoloni et al. 2015,125,Sheep/goat,O,RA,Radius,NA,NA,NA,32,NA,NA,NA,NA,NA,NA,NA,NA,NA,NA,NA,NA,NA,NA,NA,NA,NA,NA,NA,1*,Sheep/goat
8484,North,Bronze Age,BA.R,BM-R,BA.Late,NA,Bovolone,Bertoloni et al. 2015,125,Sheep/goat,O,RA,Radius,NA,NA,NA,NA,NA,16,NA,NA,NA,NA,NA,NA,NA,NA,NA,NA,NA,NA,NA,NA,NA,NA,NA,1,Sheep/goat
8485,North,Bronze Age,BA.R,BM-R,BA.Late,NA,Bovolone,Bertoloni et al. 2015,125,Sheep/goat,O,RA,Radius,NA,NA,NA,NA,NA,16,NA,NA,NA,NA,NA,NA,NA,NA,NA,NA,NA,NA,NA,NA,NA,NA,NA,1,Sheep/goat
8525,Veneto,Bronze Age,BA.R,BM-R,BA.Late,NA,Larda I,NA,147,Sheep/goat,O,RA,Radius,NA,NA,NA,NA,NA,16.9,NA,NA,NA,NA,NA,NA,NA,NA,NA,NA,NA,NA,NA,NA,NA,NA,NA,1,Sheep/goat
8526,Veneto,Bronze Age,BA.R,BM-R,BA.Late,NA,Larda I,NA,147,Sheep/goat,O,RA,Radius,NA,NA,NA,NA,NA,9.8,NA,NA,NA,NA,NA,NA,NA,NA,NA,NA,NA,NA,NA,NA,NA,NA,NA,1,Sheep/goat
8527,Veneto,Bronze Age,BA.R,BM-R,BA.Late,NA,Larda I,NA,147,Sheep/goat,O,RA,Radius,NA,NA,NA,NA,NA,8,NA,NA,NA,NA,NA,NA,NA,NA,NA,NA,NA,NA,NA,NA,NA,NA,NA,1,Sheep/goat
8528,Veneto,Bronze Age,BA.R,BM-R,BA.Late,NA,Larda I,NA,147,Sheep/goat,O,RA,Radius,NA,NA,NA,NA,NA,8.2,NA,NA,NA,NA,NA,NA,NA,NA,NA,NA,NA,NA,NA,NA,NA,NA,NA,1,Sheep/goat
8615,Veneto,Bronze Age,BA.R,BM-R,BA.Late,NA,Larda II,NA,148,Sheep/goat,O,RA,Radius,NA,NA,NA,NA,NA,15,NA,NA,NA,NA,NA,NA,NA,NA,NA,NA,NA,NA,NA,NA,NA,NA,NA,1,Sheep/goat
8616,Veneto,Bronze Age,BA.R,BM-R,BA.Late,NA,Larda II,NA,148,Sheep/goat,O,RA,Radius,NA,NA,NA,NA,NA,15,NA,NA,NA,NA,NA,NA,NA,NA,NA,NA,NA,NA,NA,NA,NA,NA,NA,1,Sheep/goat
8786,Veneto,Bronze Age,BA.R,BM-R,BA.Late,NA,Amolara,NA,150,Sheep/goat,O,RA,Radius,NA,NA,NA,27,NA,14,NA,NA,NA,NA,NA,NA,NA,NA,NA,NA,NA,NA,NA,NA,NA,NA,NA,1,Sheep/goat
8871,Veneto,Bronze Age,BA.R,BM-R,BA.Late,NA,Terranegra,Depellegrin & Tecchiati - BR,61,Sheep/goat,O,RA,Radius,NA,NA,NA,NA,NA,15.1,NA,NA,25.1,NA,NA,NA,NA,NA,NA,NA,NA,NA,NA,NA,NA,NA,NA,*,Sheep/goat
8872,Veneto,Iron Age,IA1-IA2,IA1,IA.Mid,NA,Terranegra,Depellegrin & Tecchiati - IA,156,Sheep/goat,O,RA,Radius,NA,NA,NA,26,NA,12.4,NA,NA,NA,NA,NA,NA,NA,NA,NA,NA,NA,NA,NA,NA,NA,NA,NA,NA,Sheep/goat
9435,Friuli,Iron Age,IA0-IA1,BRF-IA0,IA.Early,NA,Pozzuolo,Excavations 1980-83 Final Bronze-Iron Age,55,Sheep/goat,O,RA,Radius,NA,NA,NA,NA,NA,NA,NA,NA,26.7,NA,NA,NA,NA,NA,NA,NA,NA,22.5,NA,Petrucci,NA,NA,NA,NA,Sheep/goat
9436,Friuli,Iron Age,IA0-IA1,BRF-IA0,IA.Early,NA,Pozzuolo,Excavations 1980-83 Final Bronze-Iron Age,55,Sheep/goat,O,RA,Radius,NA,NA,NA,NA,NA,NA,NA,NA,25.7,NA,NA,NA,NA,NA,NA,NA,NA,22.3,NA,Petrucci,NA,NA,NA,NA,Sheep/goat
9628,South,Roman,Rom.Early,Early,Roman.Early,NA,Modena,Cassa di Risparmio,132,Sheep/goat,O,RA,Radius,NA,NA,NA,33.5,18,NA,NA,NA,NA,NA,NA,NA,NA,NA,NA,NA,NA,NA,NA,NA,NA,NA,NA,0.5,Sheep/goat
9629,South,Roman,Rom.Early,Early,Roman.Early,NA,Modena,Cassa di Risparmio,132,Sheep/goat,O,RA,Radius,NA,NA,NA,30.5,16,NA,NA,NA,NA,NA,NA,NA,NA,NA,NA,NA,NA,NA,NA,NA,NA,NA,NA,0.5,Sheep/goat
9630,South,Roman,Rom.Early,Early,Roman.Early,NA,Modena,Cassa di Risparmio,132,Sheep/goat,O,RA,Radius,NA,NA,NA,30.5,16,NA,NA,NA,NA,NA,NA,NA,NA,NA,NA,NA,NA,NA,NA,NA,NA,NA,NA,0.5,Sheep/goat
9631,South,Roman,Rom.Early,Early,Roman.Early,NA,Modena,Cassa di Risparmio,132,Sheep/goat,O,RA,Radius,NA,NA,NA,30,NA,NA,NA,NA,NA,NA,NA,NA,NA,NA,NA,NA,NA,NA,NA,NA,NA,NA,NA,0.5,Sheep/goat
9632,South,Roman,Rom.Early,Early,Roman.Early,NA,Modena,Cassa di Risparmio,132,Sheep/goat,O,RA,Radius,NA,NA,NA,26.5,14.5,NA,NA,NA,NA,NA,NA,NA,NA,NA,NA,NA,NA,NA,NA,NA,NA,NA,NA,0.5,Sheep/goat
9633,South,Roman,Rom.Early,Early,Roman.Early,NA,Modena,Cassa di Risparmio,132,Sheep/goat,O,RA,Radius,NA,NA,NA,NA,NA,NA,NA,NA,33,21.5,NA,NA,NA,NA,NA,NA,NA,NA,NA,NA,NA,NA,NA,0.5,Sheep/goat
9738,South,Roman,Rom.Mid,Mid,Roman.Mid,NA,Spilamberto,Fase II,128,Sheep/goat,O,RA,Radius,NA,NA,NA,28.5,NA,NA,NA,NA,29,NA,NA,NA,NA,NA,NA,NA,NA,NA,NA,NA,NA,NA,NA,0.5,Sheep/goat
9739,South,Roman,Rom.M-L,Mid-Late,Roman.Mid-Late,NA,Spilamberto,Fase III,209,Sheep/goat,O,RA,Radius,NA,NA,NA,31,NA,NA,NA,NA,NA,NA,NA,NA,NA,NA,NA,NA,NA,NA,NA,NA,NA,NA,NA,0.5,Sheep/goat
9854,Veneto,Roman,Rom.Mid,Mid,Roman.Mid,NA,Ca Tron,sito M,189,Sheep/goat,O,RA,Radius,NA,NA,NA,28.3,NA,NA,NA,NA,NA,NA,NA,NA,NA,NA,NA,NA,NA,NA,26.5,NA,NA,NA,NA,NA,Sheep/goat
10747,Friuli,Roman,Rom.Mid,Mid,Roman.Mid,NA,Trieste,Crosada - Phase 3,236,Sheep/goat,O,RA,Radius,NA,NA,NA,31.6,NA,NA,NA,NA,NA,NA,NA,NA,NA,NA,NA,NA,NA,NA,29,NA,NA,NA,NA,NA,Sheep/goat
104,South,Iron Age,IA1,IA1,IA.Mid,NA,Bologna,Via Foscolo-Frassinago (IA),60,Sheep/goat,O,TI,Tibia,NA,NA,NA,NA,NA,NA,NA,NA,25.4,19.5,NA,NA,NA,NA,NA,NA,NA,NA,NA,NA,NA,NA,NA,NA,Sheep/goat
105,South,Iron Age,IA1,IA1,IA.Mid,NA,Bologna,Via Foscolo-Frassinago (IA),60,Sheep/goat,O,TI,Tibia,NA,NA,NA,NA,NA,NA,NA,NA,22.1,17.1,NA,NA,NA,NA,NA,NA,NA,NA,NA,NA,NA,NA,NA,NA,Sheep/goat
277,South,Iron Age,IA1,IA1,IA.Mid,NA,Marzabotto,US 27/29,69,Sheep/goat,O,TI,Tibia,NA,NA,NA,NA,NA,NA,NA,NA,25.1,NA,NA,NA,NA,NA,NA,NA,NA,NA,NA,NA,NA,NA,NA,NA,Sheep/goat
278,South,Iron Age,IA1,IA1,IA.Mid,NA,Marzabotto,V 3,68,Sheep/goat,O,TI,Tibia,NA,NA,NA,NA,NA,NA,NA,NA,28.4,NA,NA,NA,NA,NA,NA,NA,NA,NA,NA,NA,NA,NA,NA,NA,Sheep/goat
279,South,Iron Age,IA1,IA1,IA.Mid,NA,Marzabotto,V 3,68,Sheep/goat,O,TI,Tibia,NA,NA,NA,NA,NA,NA,NA,NA,25.6,NA,NA,NA,NA,NA,NA,NA,NA,NA,NA,NA,NA,NA,NA,NA,Sheep/goat
280,South,Iron Age,IA1,IA1,IA.Mid,NA,Marzabotto,V 3,68,Sheep/goat,O,TI,Tibia,NA,NA,NA,NA,NA,NA,NA,NA,25.5,NA,NA,NA,NA,NA,NA,NA,NA,NA,NA,NA,NA,NA,NA,NA,Sheep/goat
294,South,Iron Age,IA2,IA2,IA.Late,NA,Casale di Rivalta,NA,71,Sheep/goat,O,TI,Tibia,NA,NA,NA,NA,NA,NA,NA,NA,26.9,NA,NA,NA,NA,NA,NA,NA,NA,NA,NA,NA,NA,NA,NA,NA,Sheep/goat
295,South,Iron Age,IA2,IA2,IA.Late,NA,Casale di Rivalta,NA,71,Sheep/goat,O,TI,Tibia,NA,NA,NA,NA,NA,NA,NA,NA,26.8,NA,NA,NA,NA,NA,NA,NA,NA,NA,NA,NA,NA,NA,NA,NA,Sheep/goat
296,South,Iron Age,IA2,IA2,IA.Late,NA,Casale di Rivalta,NA,71,Sheep/goat,O,TI,Tibia,NA,NA,NA,NA,NA,NA,NA,NA,25.8,NA,NA,NA,NA,NA,NA,NA,NA,NA,NA,NA,NA,NA,NA,NA,Sheep/goat
297,South,Iron Age,IA2,IA2,IA.Late,NA,Casale di Rivalta,NA,71,Sheep/goat,O,TI,Tibia,NA,NA,NA,NA,NA,NA,NA,NA,25.4,NA,NA,NA,NA,NA,NA,NA,NA,NA,NA,NA,NA,NA,NA,NA,Sheep/goat
298,South,Iron Age,IA2,IA2,IA.Late,NA,Casale di Rivalta,NA,71,Sheep/goat,O,TI,Tibia,NA,NA,NA,NA,NA,NA,NA,NA,22.8,NA,NA,NA,NA,NA,NA,NA,NA,NA,NA,NA,NA,NA,NA,NA,Sheep/goat
299,South,Iron Age,IA2,IA2,IA.Late,NA,Casale di Rivalta,NA,71,Sheep/goat,O,TI,Tibia,NA,NA,NA,NA,NA,NA,NA,NA,22.3,NA,NA,NA,NA,NA,NA,NA,NA,NA,NA,NA,NA,NA,NA,NA,Sheep/goat
300,South,Iron Age,IA2,IA2,IA.Late,NA,Case Vandelli,NA,74,Sheep/goat,O,TI,Tibia,NA,NA,NA,NA,NA,NA,NA,NA,25.1,NA,NA,NA,NA,NA,NA,NA,NA,NA,NA,NA,NA,NA,NA,NA,Sheep/goat
301,South,Iron Age,IA2,IA2,IA.Late,NA,Bologna,Via S. Caterina,77,Sheep/goat,O,TI,Tibia,NA,NA,NA,NA,NA,NA,NA,NA,22.6,NA,NA,NA,NA,NA,NA,NA,NA,NA,NA,NA,NA,NA,NA,NA,Sheep/goat
304,South,Iron Age,IA2,IA2,IA.Late,NA,Marzabotto,US 8,78,Sheep/goat,O,TI,Tibia,NA,NA,NA,NA,NA,NA,NA,NA,23.7,NA,NA,NA,NA,NA,NA,NA,NA,NA,NA,NA,NA,NA,NA,NA,Sheep/goat
427,North,Iron Age,IA2,IA2,IA.Late,NA,Colognola ai Colli,NA,54,Sheep/goat,O,TI,Tibia,NA,NA,NA,NA,NA,NA,NA,NA,28.2,NA,NA,NA,NA,NA,NA,NA,NA,NA,NA,NA,NA,NA,NA,NA,Sheep/goat
1580,South,Bronze Age,BA.M,BM-R,BA.Middle,NA,Tabina di Margreta,Bronze Age,22,Sheep/goat,O,TI,Tibia,NA,NA,NA,NA,NA,14,NA,NA,25,18,NA,NA,NA,NA,NA,NA,NA,NA,NA,NA,NA,NA,NA,0.5,Sheep/goat
1581,South,Bronze Age,BA.M,BM-R,BA.Middle,NA,Tabina di Margreta,Bronze Age,22,Sheep/goat,O,TI,Tibia,NA,NA,NA,NA,NA,NA,NA,NA,22,17,NA,NA,NA,NA,NA,NA,NA,NA,NA,NA,NA,NA,NA,0.5,Sheep/goat
1582,South,Bronze Age,BA.M,BM-R,BA.Middle,NA,Tabina di Margreta,Bronze Age,22,Sheep/goat,O,TI,Tibia,NA,NA,NA,NA,NA,NA,NA,NA,21,18,NA,NA,NA,NA,NA,NA,NA,NA,NA,NA,NA,NA,NA,0.5,Sheep/goat
2160,North,Bronze Age,BA.M,BM-R,BA.Middle,NA,Lavagnone,Sector A + E,126,Sheep/goat,O,TI,Tibia,NA,NA,NA,40.2,35,NA,NA,NA,NA,NA,NA,NA,NA,NA,NA,NA,NA,NA,NA,NA,NA,NA,NA,NA,Sheep/goat
2161,North,Bronze Age,BA.M,BM-R,BA.Middle,NA,Lavagnone,Sector A + E,126,Sheep/goat,O,TI,Tibia,NA,NA,NA,NA,NA,NA,NA,NA,25.6,19.2,NA,NA,NA,NA,NA,NA,NA,NA,NA,NA,NA,NA,NA,NA,Sheep/goat
2162,North,Bronze Age,BA.M,BM-R,BA.Middle,NA,Lavagnone,Sector A + E,126,Sheep/goat,O,TI,Tibia,NA,NA,NA,NA,NA,14.4,NA,NA,24.7,19.8,NA,NA,NA,NA,NA,NA,NA,NA,NA,NA,NA,NA,NA,NA,Sheep/goat
2163,North,Bronze Age,BA.M,BM-R,BA.Middle,NA,Lavagnone,Sector A + E,126,Sheep/goat,O,TI,Tibia,NA,NA,NA,NA,NA,NA,11,NA,24.7,NA,NA,NA,NA,NA,NA,NA,NA,NA,NA,NA,NA,NA,NA,NA,Sheep/goat
2164,North,Bronze Age,BA.M,BM-R,BA.Middle,NA,Lavagnone,Sector A + E,126,Sheep/goat,O,TI,Tibia,NA,NA,NA,NA,NA,NA,NA,NA,24.4,NA,NA,NA,NA,NA,NA,NA,NA,NA,NA,NA,NA,NA,NA,NA,Sheep/goat
2165,North,Bronze Age,BA.M,BM-R,BA.Middle,NA,Lavagnone,Sector A + E,126,Sheep/goat,O,TI,Tibia,NA,NA,NA,NA,NA,NA,NA,NA,24.3,17.7,NA,NA,NA,NA,NA,NA,NA,NA,NA,NA,NA,NA,NA,NA,Sheep/goat
2166,North,Bronze Age,BA.M,BM-R,BA.Middle,NA,Lavagnone,Sector A + E,126,Sheep/goat,O,TI,Tibia,NA,NA,NA,NA,NA,11.9,10,NA,24.1,NA,NA,NA,NA,NA,NA,NA,NA,NA,NA,NA,NA,NA,NA,NA,Sheep/goat
2167,North,Bronze Age,BA.M,BM-R,BA.Middle,NA,Lavagnone,Sector A + E,126,Sheep/goat,O,TI,Tibia,NA,NA,NA,NA,NA,NA,NA,NA,24,NA,NA,NA,NA,NA,NA,NA,NA,NA,NA,NA,NA,NA,NA,NA,Sheep/goat
2168,North,Bronze Age,BA.M,BM-R,BA.Middle,NA,Lavagnone,Sector A + E,126,Sheep/goat,O,TI,Tibia,NA,NA,NA,NA,NA,10.8,10.9,NA,23.9,18.8,NA,NA,NA,NA,NA,NA,NA,NA,NA,NA,NA,NA,NA,NA,Sheep/goat
2169,North,Bronze Age,BA.M,BM-R,BA.Middle,NA,Lavagnone,Sector A + E,126,Sheep/goat,O,TI,Tibia,NA,NA,NA,NA,NA,NA,NA,NA,23.9,18.5,NA,NA,NA,NA,NA,NA,NA,NA,NA,NA,NA,NA,NA,NA,Sheep/goat
2170,North,Bronze Age,BA.M,BM-R,BA.Middle,NA,Lavagnone,Sector A + E,126,Sheep/goat,O,TI,Tibia,NA,NA,NA,NA,NA,NA,NA,NA,23.5,17.6,NA,NA,NA,NA,NA,NA,NA,NA,NA,NA,NA,NA,NA,NA,Sheep/goat
2171,North,Bronze Age,BA.M,BM-R,BA.Middle,NA,Lavagnone,Sector A + E,126,Sheep/goat,O,TI,Tibia,NA,NA,NA,NA,NA,NA,NA,NA,23.5,NA,NA,NA,NA,NA,NA,NA,NA,NA,NA,NA,NA,NA,NA,NA,Sheep/goat
2172,North,Bronze Age,BA.M,BM-R,BA.Middle,NA,Lavagnone,Sector A + E,126,Sheep/goat,O,TI,Tibia,NA,NA,NA,NA,NA,NA,NA,NA,23.1,NA,NA,NA,NA,NA,NA,NA,NA,NA,NA,NA,NA,NA,NA,NA,Sheep/goat
2173,North,Bronze Age,BA.M,BM-R,BA.Middle,NA,Lavagnone,Sector A + E,126,Sheep/goat,O,TI,Tibia,NA,NA,NA,NA,NA,12.3,10,NA,22.9,18.3,NA,NA,NA,NA,NA,NA,NA,NA,NA,NA,NA,NA,NA,NA,Sheep/goat
2174,North,Bronze Age,BA.M,BM-R,BA.Middle,NA,Lavagnone,Sector A + E,126,Sheep/goat,O,TI,Tibia,NA,NA,NA,NA,NA,NA,NA,NA,22.8,17.9,NA,NA,NA,NA,NA,NA,NA,NA,NA,NA,NA,NA,NA,NA,Sheep/goat
2175,North,Bronze Age,BA.M,BM-R,BA.Middle,NA,Lavagnone,Sector A + E,126,Sheep/goat,O,TI,Tibia,NA,NA,NA,NA,NA,12.4,10.3,NA,22.7,NA,NA,NA,NA,NA,NA,NA,NA,NA,NA,NA,NA,NA,NA,NA,Sheep/goat
2176,North,Bronze Age,BA.M,BM-R,BA.Middle,NA,Lavagnone,Sector A + E,126,Sheep/goat,O,TI,Tibia,NA,NA,NA,NA,NA,12.3,10.3,NA,22.6,17.8,NA,NA,NA,NA,NA,NA,NA,NA,NA,NA,NA,NA,NA,NA,Sheep/goat
2177,North,Bronze Age,BA.M,BM-R,BA.Middle,NA,Lavagnone,Sector A + E,126,Sheep/goat,O,TI,Tibia,NA,NA,NA,NA,NA,NA,NA,NA,22,17,NA,NA,NA,NA,NA,NA,NA,NA,NA,NA,NA,NA,NA,NA,Sheep/goat
2178,North,Bronze Age,BA.M,BM-R,BA.Middle,NA,Lavagnone,Sector A + E,126,Sheep/goat,O,TI,Tibia,NA,NA,NA,NA,NA,NA,NA,NA,20.5,17.4,NA,NA,NA,NA,NA,NA,NA,NA,NA,NA,NA,NA,NA,NA,Sheep/goat
2179,North,Bronze Age,BA.M,BM-R,BA.Middle,NA,Lavagnone,Sector A + E,126,Sheep/goat,O,TI,Tibia,NA,NA,NA,NA,NA,NA,11.9,NA,20,NA,NA,NA,NA,NA,NA,NA,NA,NA,NA,NA,NA,NA,NA,NA,Sheep/goat
2200,North,Bronze Age,BA.M,BM-R,BA.Middle,NA,Lavagnone,Sector A + E,126,Sheep/goat,O,TI,Tibia,NA,NA,NA,NA,NA,NA,NA,NA,23.5,18.3,NA,NA,NA,NA,NA,NA,NA,NA,NA,NA,NA,NA,NA,NA,Sheep/goat
2384,South,Bronze Age,BA.M,BM-R,BA.Middle,NA,Baggiovara,Opera Pia Bianchi,121,Sheep/goat,O,TI,Tibia,NA,NA,NA,NA,NA,NA,NA,NA,25,17,NA,NA,NA,NA,NA,NA,NA,NA,NA,NA,NA,NA,NA,NA,Sheep/goat
2388,South,Bronze Age,BA.M,BM-R,BA.Middle,NA,Baggiovara,Opera Pia Bianchi,121,Sheep/goat,O,TI,Tibia,NA,NA,NA,NA,NA,NA,NA,NA,23.2,NA,NA,NA,NA,NA,NA,NA,NA,NA,NA,NA,NA,NA,NA,NA,Sheep/goat
2389,South,Bronze Age,BA.M,BM-R,BA.Middle,NA,Baggiovara,Opera Pia Bianchi,121,Sheep/goat,O,TI,Tibia,NA,NA,NA,NA,NA,NA,NA,NA,22.6,17.3,NA,NA,NA,NA,NA,NA,NA,NA,NA,NA,NA,NA,NA,NA,Sheep/goat
2393,South,Bronze Age,BA.M,BM-R,BA.Middle,NA,Baggiovara,Opera Pia Bianchi,121,Sheep/goat,O,TI,Tibia,NA,NA,NA,NA,NA,NA,NA,NA,24.2,17.8,NA,NA,NA,NA,NA,NA,NA,NA,NA,NA,NA,NA,NA,NA,Sheep/goat
2394,South,Bronze Age,BA.M,BM-R,BA.Middle,NA,Baggiovara,Opera Pia Bianchi,121,Sheep/goat,O,TI,Tibia,NA,NA,NA,NA,NA,NA,NA,NA,23.7,17.8,NA,NA,NA,NA,NA,NA,NA,NA,NA,NA,NA,NA,NA,NA,Sheep/goat
2395,South,Bronze Age,BA.M,BM-R,BA.Middle,NA,Baggiovara,Opera Pia Bianchi,121,Sheep/goat,O,TI,Tibia,NA,NA,NA,NA,NA,NA,NA,NA,22.8,18.4,NA,NA,NA,NA,NA,NA,NA,NA,NA,NA,NA,NA,NA,NA,Sheep/goat
2450,South,Bronze Age,BA.M,BM-R,BA.Middle,NA,Gaggio,Struttura 1 + capanna alfa,122,Sheep/goat,O,TI,Tibia,NA,NA,NA,NA,NA,NA,NA,NA,23.4,NA,NA,NA,NA,NA,NA,NA,NA,NA,NA,NA,NA,NA,NA,NA,Sheep/goat
2620,Appennine,Bronze Age,BA.M,BM-R,BA.Middle,NA,Solarolo,via Odriere Settore 1,123,Sheep/goat,O,TI,Tibia,NA,NA,NA,NA,NA,NA,NA,NA,22.8,17.4,NA,NA,NA,NA,NA,NA,NA,NA,NA,NA,NA,NA,NA,NA,Sheep/goat
2677,South,Bronze Age,BA.M,BM-R,BA.Middle,Rit,Noceto,*Vasca lignea,39,Sheep/goat,O,TI,Tibia,NA,NA,NA,NA,NA,NA,NA,NA,27.5,21,NA,NA,NA,NA,NA,NA,NA,NA,NA,NA,NA,NA,NA,NA,Sheep/goat
2678,South,Bronze Age,BA.M,BM-R,BA.Middle,Rit,Noceto,*Vasca lignea,39,Sheep/goat,O,TI,Tibia,NA,NA,NA,NA,NA,NA,NA,NA,26.8,19.5,NA,NA,NA,NA,NA,NA,NA,NA,NA,NA,NA,NA,NA,NA,Sheep/goat
2679,South,Bronze Age,BA.M,BM-R,BA.Middle,Rit,Noceto,*Vasca lignea,39,Sheep/goat,O,TI,Tibia,NA,NA,NA,NA,NA,NA,NA,NA,26.5,20.5,NA,NA,NA,NA,NA,NA,NA,NA,NA,NA,NA,NA,NA,NA,Sheep/goat
2680,South,Bronze Age,BA.M,BM-R,BA.Middle,Rit,Noceto,*Vasca lignea,39,Sheep/goat,O,TI,Tibia,NA,NA,NA,NA,NA,14.3,11.2,NA,26.1,18.5,NA,NA,NA,NA,NA,NA,NA,NA,NA,NA,NA,NA,NA,NA,Sheep/goat
2681,South,Bronze Age,BA.M,BM-R,BA.Middle,Rit,Noceto,*Vasca lignea,39,Sheep/goat,O,TI,Tibia,NA,NA,NA,NA,NA,15.3,12.4,NA,26,21.6,NA,NA,NA,NA,NA,NA,NA,NA,NA,NA,NA,NA,NA,NA,Sheep/goat
2682,South,Bronze Age,BA.M,BM-R,BA.Middle,Rit,Noceto,*Vasca lignea,39,Sheep/goat,O,TI,Tibia,NA,NA,NA,NA,NA,NA,NA,NA,25.9,19.8,NA,NA,NA,NA,NA,NA,NA,NA,NA,NA,NA,NA,NA,NA,Sheep/goat
2683,South,Bronze Age,BA.M,BM-R,BA.Middle,Rit,Noceto,*Vasca lignea,39,Sheep/goat,O,TI,Tibia,NA,NA,NA,NA,NA,14.1,12,NA,25.5,20,NA,NA,NA,NA,NA,NA,NA,NA,NA,NA,NA,NA,NA,NA,Sheep/goat
2684,South,Bronze Age,BA.M,BM-R,BA.Middle,Rit,Noceto,*Vasca lignea,39,Sheep/goat,O,TI,Tibia,NA,NA,NA,NA,NA,14.3,11.4,NA,25.5,19.4,NA,NA,NA,NA,NA,NA,NA,NA,NA,NA,NA,NA,NA,NA,Sheep/goat
2685,South,Bronze Age,BA.M,BM-R,BA.Middle,Rit,Noceto,*Vasca lignea,39,Sheep/goat,O,TI,Tibia,NA,NA,NA,NA,NA,NA,NA,NA,24.6,17.2,NA,NA,NA,NA,NA,NA,NA,NA,NA,NA,NA,NA,NA,NA,Sheep/goat
2686,South,Bronze Age,BA.M,BM-R,BA.Middle,Rit,Noceto,*Vasca lignea,39,Sheep/goat,O,TI,Tibia,NA,NA,NA,NA,NA,NA,NA,NA,24.2,19.4,NA,NA,NA,NA,NA,NA,NA,NA,NA,NA,NA,NA,NA,NA,Sheep/goat
2788,Appennine,Iron Age,IA1,IA1,IA.Mid,NA,Verucchio,Scavo 1963,80,Sheep/goat,O,TI,Tibia,NA,NA,NA,NA,NA,13.2,11,NA,23.2,18.1,NA,NA,NA,NA,NA,NA,NA,NA,NA,NA,NA,NA,NA,NA,Sheep/goat
2789,Appennine,Iron Age,IA1,IA1,IA.Mid,NA,Verucchio,Scavo 1963,80,Sheep/goat,O,TI,Tibia,NA,NA,NA,NA,NA,14.1,11.8,NA,23.3,17.3,NA,NA,NA,NA,NA,NA,NA,NA,NA,NA,NA,NA,NA,NA,Sheep/goat
2790,Appennine,Iron Age,IA1,IA1,IA.Mid,NA,Verucchio,Scavo 1963,80,Sheep/goat,O,TI,Tibia,NA,NA,NA,NA,NA,14.6,12.7,NA,26.6,20,NA,NA,NA,NA,NA,NA,NA,NA,NA,NA,NA,NA,NA,NA,Sheep/goat
2791,Appennine,Iron Age,IA1,IA1,IA.Mid,NA,Verucchio,Scavo 1963,80,Sheep/goat,O,TI,Tibia,NA,NA,NA,NA,NA,13.7,10.8,NA,23.5,18.2,NA,NA,NA,NA,NA,NA,NA,NA,NA,NA,NA,NA,NA,NA,Sheep/goat
2792,Appennine,Iron Age,IA1,IA1,IA.Mid,NA,Verucchio,Scavo 1963,80,Sheep/goat,O,TI,Tibia,NA,NA,NA,NA,NA,13.5,10.8,NA,23.6,18.3,NA,NA,NA,NA,NA,NA,NA,NA,NA,NA,NA,NA,NA,NA,Sheep/goat
2793,Appennine,Iron Age,IA1,IA1,IA.Mid,NA,Verucchio,Scavo 1963,80,Sheep/goat,O,TI,Tibia,NA,NA,NA,NA,NA,12.1,9.8,NA,21.5,16.8,NA,NA,NA,NA,NA,NA,NA,NA,NA,NA,NA,NA,NA,NA,Sheep/goat
2794,Appennine,Iron Age,IA1,IA1,IA.Mid,NA,Verucchio,Scavo 1963,80,Sheep/goat,O,TI,Tibia,NA,NA,NA,NA,NA,11.4,9.5,NA,23.2,17.5,NA,NA,NA,NA,NA,NA,NA,NA,NA,NA,NA,NA,NA,NA,Sheep/goat
2795,Appennine,Iron Age,IA1,IA1,IA.Mid,NA,Verucchio,Scavo 1963,80,Sheep/goat,O,TI,Tibia,NA,NA,NA,NA,NA,13.5,10.8,NA,25.3,19.1,NA,NA,NA,NA,NA,NA,NA,NA,NA,NA,NA,NA,NA,NA,Sheep/goat
2796,Appennine,Iron Age,IA1,IA1,IA.Mid,NA,Verucchio,Scavo 1963,80,Sheep/goat,O,TI,Tibia,NA,NA,NA,NA,NA,10.9,9.5,NA,21.5,16.8,NA,NA,NA,NA,NA,NA,NA,NA,NA,NA,NA,NA,NA,NA,Sheep/goat
2919,North,Bronze Age,BA.M,BM-R,BA.Middle,NA,Quarto del Tormine,Mozzecane,18,Sheep/goat,O,TI,Tibia,NA,NA,NA,NA,NA,NA,NA,NA,23.8,NA,NA,NA,NA,NA,NA,NA,NA,NA,NA,NA,NA,NA,NA,NA,Sheep/goat
2920,North,Bronze Age,BA.M,BM-R,BA.Middle,NA,Quarto del Tormine,Mozzecane,18,Sheep/goat,O,TI,Tibia,NA,NA,NA,NA,NA,NA,NA,NA,24.33,NA,NA,NA,NA,NA,NA,NA,NA,NA,NA,NA,NA,NA,NA,NA,Sheep/goat
2921,North,Bronze Age,BA.M,BM-R,BA.Middle,NA,Quarto del Tormine,Mozzecane,18,Sheep/goat,O,TI,Tibia,NA,NA,NA,NA,NA,NA,NA,NA,25.8,NA,NA,NA,NA,NA,NA,NA,NA,NA,NA,NA,NA,NA,NA,NA,Sheep/goat
2948,South,Iron Age,IA2,IA2,IA.Late,NA,Mirandola,Barchessone Cappello,83,Sheep/goat,O,TI,Tibia,NA,NA,NA,NA,NA,14.5,NA,NA,25.5,NA,NA,NA,NA,NA,NA,NA,NA,NA,NA,NA,NA,NA,NA,NA,Sheep/goat
2949,South,Iron Age,IA2,IA2,IA.Late,NA,Mirandola,Barchessone Cappello,83,Sheep/goat,O,TI,Tibia,NA,NA,NA,NA,NA,13.8,NA,NA,NA,NA,NA,NA,NA,NA,NA,NA,NA,NA,NA,NA,NA,NA,NA,NA,Sheep/goat
2996,South,Iron Age,IA2,IA2,IA.Late,ExNISP,Monte Bibele,Just Ambiente/Casa 14,79,Sheep/goat,O,TI,Tibia,NA,NA,NA,NA,NA,NA,NA,NA,26.5,21,NA,NA,NA,NA,NA,NA,NA,NA,NA,NA,NA,NA,NA,NA,Sheep/goat
2997,South,Iron Age,IA2,IA2,IA.Late,ExNISP,Monte Bibele,Just Ambiente/Casa 14,79,Sheep/goat,O,TI,Tibia,NA,NA,NA,NA,NA,NA,NA,NA,22.6,19.2,NA,NA,NA,NA,NA,NA,NA,NA,NA,NA,NA,NA,NA,NA,Sheep/goat
2998,South,Iron Age,IA2,IA2,IA.Late,ExNISP,Monte Bibele,Just Ambiente/Casa 14,79,Sheep/goat,O,TI,Tibia,NA,NA,NA,NA,NA,NA,NA,NA,26.8,22.3,NA,NA,NA,NA,NA,NA,NA,NA,NA,NA,NA,NA,NA,NA,Sheep/goat
3292,North,Bronze Age,BA.R,BM-R,BA.Late,NA,Isolone,NA,16,Sheep/goat,O,TI,Tibia,196,NA,NA,36.7,NA,12.5,NA,NA,22.9,NA,NA,NA,NA,NA,NA,NA,NA,NA,NA,NA,NA,NA,NA,NA,Sheep/goat
3293,North,Bronze Age,BA.R,BM-R,BA.Late,NA,Isolone,NA,16,Sheep/goat,O,TI,Tibia,185.7,NA,NA,29.9,NA,10.3,NA,NA,21,NA,NA,NA,NA,NA,NA,NA,NA,NA,NA,NA,NA,NA,NA,NA,Sheep/goat
3294,North,Bronze Age,BA.R,BM-R,BA.Late,NA,Isolone,NA,16,Sheep/goat,O,TI,Tibia,NA,NA,NA,34.7,NA,11.5,NA,NA,NA,NA,NA,NA,NA,NA,NA,NA,NA,NA,NA,NA,NA,NA,NA,NA,Sheep/goat
3752,North,Bronze Age,BA.M-R,BM-R,BA.Middle-Late,NA,Castellaro Lagusello,NA,44,Sheep/goat,O,TI,Tibia,NA,NA,NA,NA,NA,11.2,NA,NA,NA,NA,NA,NA,NA,NA,NA,NA,NA,NA,NA,NA,NA,NA,NA,NA,Sheep/goat
3753,North,Bronze Age,BA.M-R,BM-R,BA.Middle-Late,NA,Castellaro Lagusello,NA,44,Sheep/goat,O,TI,Tibia,NA,NA,NA,NA,NA,11.4,NA,NA,NA,NA,NA,NA,NA,NA,NA,NA,NA,NA,NA,NA,NA,NA,NA,NA,Sheep/goat
3754,North,Bronze Age,BA.M-R,BM-R,BA.Middle-Late,NA,Castellaro Lagusello,NA,44,Sheep/goat,O,TI,Tibia,NA,NA,NA,NA,NA,12.7,NA,NA,24.2,NA,NA,NA,NA,NA,NA,NA,NA,NA,NA,NA,NA,NA,NA,NA,Sheep/goat
3755,North,Bronze Age,BA.M-R,BM-R,BA.Middle-Late,NA,Castellaro Lagusello,NA,44,Sheep/goat,O,TI,Tibia,NA,NA,NA,NA,NA,12.5,NA,NA,NA,NA,NA,NA,NA,NA,NA,NA,NA,NA,NA,NA,NA,NA,NA,NA,Sheep/goat
3756,North,Bronze Age,BA.M-R,BM-R,BA.Middle-Late,NA,Castellaro Lagusello,NA,44,Sheep/goat,O,TI,Tibia,NA,NA,NA,NA,NA,10.8,NA,NA,NA,NA,NA,NA,NA,NA,NA,NA,NA,NA,NA,NA,NA,NA,NA,NA,Sheep/goat
4043,South,Bronze Age,BA.M,BM-R,BA.Middle,NA,Poviglio,Villaggio piccolo - MBA,26,Sheep/goat,O,TI,Tibia,NA,NA,NA,36.5,NA,NA,NA,NA,NA,NA,NA,NA,NA,NA,NA,NA,NA,NA,NA,NA,NA,NA,NA,NA,Sheep/goat
4044,South,Bronze Age,BA.M,BM-R,BA.Middle,NA,Poviglio,Villaggio piccolo - MBA,26,Sheep/goat,O,TI,Tibia,NA,NA,NA,37.4,NA,NA,NA,NA,NA,NA,NA,NA,NA,NA,NA,NA,NA,NA,NA,NA,NA,NA,NA,NA,Sheep/goat
4045,South,Bronze Age,BA.M,BM-R,BA.Middle,NA,Poviglio,Villaggio piccolo - MBA,26,Sheep/goat,O,TI,Tibia,NA,NA,NA,38.2,NA,NA,NA,NA,NA,NA,NA,NA,NA,NA,NA,NA,NA,NA,NA,NA,NA,NA,NA,NA,Sheep/goat
4575,North,Bronze Age,BA.M,BM-R,BA.Middle,NA,Muraiola,NA,13,Sheep/goat,O,TI,Tibia,187,NA,NA,NA,NA,NA,NA,NA,NA,NA,NA,NA,NA,NA,NA,NA,NA,NA,NA,NA,NA,NA,NA,NA,Sheep/goat
4789,South,Iron Age,IA2,IA2,IA.Late,ExNISP,Forcello,Trentacoste PhD,84,Sheep/goat,O,TI,Tibia,NA,NA,NA,NA,NA,17.1,NA,NA,NA,NA,NA,NA,NA,NA,NA,NA,NA,NA,NA,NA,NA,NA,NA,NA,Sheep/goat
5470,South,Iron Age,IA2,IA2,IA.Late,ExNISP,Forcello,Trentacoste PhD,84,Sheep/goat,O,TI,Tibia,NA,NA,NA,NA,NA,NA,NA,NA,27.5,19.6,NA,NA,NA,NA,NA,NA,NA,NA,NA,Possible join 0BB,NA,84.3,NA,NA,Sheep/goat
5668,South,Iron Age,IA2,IA2,IA.Late,ExNISP,Forcello,Trentacoste PhD,84,Sheep/goat,O,TI,Tibia,NA,NA,NA,NA,NA,NA,NA,NA,25.6,NA,NA,NA,NA,NA,NA,NA,NA,NA,NA,NA,NA,NA,NA,NA,Sheep/goat
5729,South,Iron Age,IA2,IA2,IA.Late,ExNISP,Forcello,Trentacoste PhD,84,Sheep/goat,O,TI,Tibia,NA,NA,NA,NA,NA,NA,NA,NA,25,NA,NA,NA,NA,NA,NA,NA,NA,NA,NA,NA,NA,NA,NA,NA,Sheep/goat
5763,South,Iron Age,IA2,IA2,IA.Late,ExNISP,Forcello,Trentacoste PhD,84,Sheep/goat,O,TI,Tibia,NA,NA,NA,NA,NA,NA,NA,NA,23.1,16.4,NA,NA,NA,NA,NA,NA,NA,NA,NA,NA,NA,NA,NA,NA,Sheep/goat
8187,South,Iron Age,IA2,IA2,IA.Late,ExNISP,Forcello,Scarpa,1,Sheep/goat,O,TI,Tibia,NA,NA,NA,NA,NA,NA,NA,NA,24,21,NA,NA,NA,NA,NA,NA,NA,NA,NA,NA,NA,NA,NA,1,Sheep/goat
8188,South,Iron Age,IA2,IA2,IA.Late,ExNISP,Forcello,Scarpa,1,Sheep/goat,O,TI,Tibia,NA,NA,NA,NA,NA,NA,NA,NA,26,21,NA,NA,NA,NA,NA,NA,NA,NA,NA,NA,NA,NA,NA,1,Sheep/goat
8189,South,Iron Age,IA2,IA2,IA.Late,ExNISP,Forcello,Scarpa,1,Sheep/goat,O,TI,Tibia,NA,NA,NA,NA,NA,NA,NA,NA,29,25,NA,NA,NA,NA,NA,NA,NA,NA,NA,NA,NA,NA,NA,1,Sheep/goat
8491,North,Bronze Age,BA.R,BM-R,BA.Late,NA,Bovolone,Bertoloni et al. 2015,125,Sheep/goat,O,TI,Tibia,NA,NA,NA,NA,NA,10,NA,NA,NA,NA,NA,NA,NA,NA,NA,NA,NA,NA,NA,NA,NA,NA,NA,1,Sheep/goat
8492,North,Bronze Age,BA.R,BM-R,BA.Late,NA,Bovolone,Bertoloni et al. 2015,125,Sheep/goat,O,TI,Tibia,NA,NA,NA,NA,NA,13,NA,NA,NA,NA,NA,NA,NA,NA,NA,NA,NA,NA,NA,NA,NA,NA,NA,1,Sheep/goat
8493,North,Bronze Age,BA.R,BM-R,BA.Late,NA,Bovolone,Bertoloni et al. 2015,125,Sheep/goat,O,TI,Tibia,NA,NA,NA,NA,NA,13,NA,NA,23,NA,NA,NA,NA,NA,NA,NA,NA,NA,NA,NA,NA,NA,NA,1,Sheep/goat
8494,North,Bronze Age,BA.R,BM-R,BA.Late,NA,Bovolone,Bertoloni et al. 2015,125,Sheep/goat,O,TI,Tibia,NA,NA,NA,NA,NA,16,NA,NA,NA,NA,NA,NA,NA,NA,NA,NA,NA,NA,NA,NA,NA,NA,NA,1,Sheep/goat
8495,North,Bronze Age,BA.R,BM-R,BA.Late,NA,Bovolone,Bertoloni et al. 2015,125,Sheep/goat,O,TI,Tibia,NA,NA,NA,NA,NA,16,NA,NA,NA,NA,NA,NA,NA,NA,NA,NA,NA,NA,NA,NA,NA,NA,NA,1,Sheep/goat
8496,North,Bronze Age,BA.R,BM-R,BA.Late,NA,Bovolone,Bertoloni et al. 2015,125,Sheep/goat,O,TI,Tibia,NA,NA,NA,NA,NA,14,NA,NA,27,NA,NA,NA,NA,NA,NA,NA,NA,NA,NA,NA,NA,NA,NA,1,Sheep/goat
8497,North,Bronze Age,BA.R,BM-R,BA.Late,NA,Bovolone,Bertoloni et al. 2015,125,Sheep/goat,O,TI,Tibia,NA,NA,NA,NA,NA,NA,NA,NA,27,NA,NA,NA,NA,NA,NA,NA,NA,NA,NA,NA,NA,NA,NA,1,Sheep/goat
8498,North,Bronze Age,BA.R,BM-R,BA.Late,NA,Bovolone,Bertoloni et al. 2015,125,Sheep/goat,O,TI,Tibia,NA,NA,NA,NA,NA,12,NA,NA,NA,NA,NA,NA,NA,NA,NA,NA,NA,NA,NA,NA,NA,NA,NA,1,Sheep/goat
8499,North,Bronze Age,BA.R,BM-R,BA.Late,NA,Bovolone,Bertoloni et al. 2015,125,Sheep/goat,O,TI,Tibia,NA,NA,NA,NA,NA,15,NA,NA,NA,NA,NA,NA,NA,NA,NA,NA,NA,NA,NA,NA,NA,NA,NA,1,Sheep/goat
8500,North,Bronze Age,BA.R,BM-R,BA.Late,NA,Bovolone,Bertoloni et al. 2015,125,Sheep/goat,O,TI,Tibia,NA,NA,NA,NA,NA,13,NA,NA,25,NA,NA,NA,NA,NA,NA,NA,NA,NA,NA,NA,NA,NA,NA,1,Sheep/goat
8622,Veneto,Bronze Age,BA.R,BM-R,BA.Late,NA,Larda II,NA,148,Sheep/goat,O,TI,Tibia,NA,NA,NA,NA,NA,10,NA,NA,NA,NA,NA,NA,NA,NA,NA,NA,NA,NA,NA,NA,NA,NA,NA,1,Sheep/goat
8623,Veneto,Bronze Age,BA.R,BM-R,BA.Late,NA,Larda II,NA,148,Sheep/goat,O,TI,Tibia,NA,NA,NA,NA,NA,11.4,NA,NA,NA,NA,NA,NA,NA,NA,NA,NA,NA,NA,NA,NA,NA,NA,NA,1,Sheep/goat
8628,Veneto,Bronze Age,BA.R,BM-R,BA.Late,NA,Larda II,NA,148,Sheep/goat,O,TI,Tibia,NA,NA,NA,NA,NA,NA,NA,NA,23,NA,NA,NA,NA,NA,NA,NA,NA,NA,NA,NA,NA,NA,NA,1,Sheep/goat
8629,Veneto,Bronze Age,BA.R,BM-R,BA.Late,NA,Larda II,NA,148,Sheep/goat,O,TI,Tibia,NA,NA,NA,NA,NA,NA,NA,NA,23,NA,NA,NA,NA,NA,NA,NA,NA,NA,NA,NA,NA,NA,NA,1,Sheep/goat
8630,Veneto,Bronze Age,BA.R,BM-R,BA.Late,NA,Larda II,NA,148,Sheep/goat,O,TI,Tibia,NA,NA,NA,NA,NA,10,NA,NA,20.1,NA,NA,NA,NA,NA,NA,NA,NA,NA,NA,NA,NA,NA,NA,1,Sheep/goat
8631,Veneto,Bronze Age,BA.R,BM-R,BA.Late,NA,Larda II,NA,148,Sheep/goat,O,TI,Tibia,NA,NA,NA,NA,NA,12,NA,NA,NA,NA,NA,NA,NA,NA,NA,NA,NA,NA,NA,NA,NA,NA,NA,1,Sheep/goat
8688,Veneto,Bronze Age,BA.R,BM-R,BA.Late,NA,Campestrin,NA,149,Sheep/goat,O,TI,Tibia,NA,NA,NA,17,NA,NA,NA,NA,25,NA,NA,NA,NA,NA,NA,NA,NA,NA,NA,NA,NA,NA,NA,1,Sheep/goat
8791,Veneto,Bronze Age,BA.R,BM-R,BA.Late,NA,Amolara,NA,150,Sheep/goat,O,TI,Tibia,NA,NA,NA,NA,NA,11,NA,NA,NA,NA,NA,NA,NA,NA,NA,NA,NA,NA,NA,NA,NA,NA,NA,1,Sheep/goat
8792,Veneto,Bronze Age,BA.R,BM-R,BA.Late,NA,Amolara,NA,150,Sheep/goat,O,TI,Tibia,NA,NA,NA,NA,NA,10,NA,NA,NA,NA,NA,NA,NA,NA,NA,NA,NA,NA,NA,NA,NA,NA,NA,1,Sheep/goat
8793,Veneto,Bronze Age,BA.R,BM-R,BA.Late,NA,Amolara,NA,150,Sheep/goat,O,TI,Tibia,NA,NA,NA,NA,NA,12,NA,NA,NA,NA,NA,NA,NA,NA,NA,NA,NA,NA,NA,NA,NA,NA,NA,1,Sheep/goat
8794,Veneto,Bronze Age,BA.R,BM-R,BA.Late,NA,Amolara,NA,150,Sheep/goat,O,TI,Tibia,NA,NA,NA,NA,NA,11,NA,NA,NA,NA,NA,NA,NA,NA,NA,NA,NA,NA,NA,NA,NA,NA,NA,1,Sheep/goat
8795,Veneto,Bronze Age,BA.R,BM-R,BA.Late,NA,Amolara,NA,150,Sheep/goat,O,TI,Tibia,NA,NA,NA,NA,NA,10,NA,NA,NA,NA,NA,NA,NA,NA,NA,NA,NA,NA,NA,NA,NA,NA,NA,1,Sheep/goat
8796,Veneto,Bronze Age,BA.R,BM-R,BA.Late,NA,Amolara,NA,150,Sheep/goat,O,TI,Tibia,NA,NA,NA,NA,NA,11,NA,NA,NA,NA,NA,NA,NA,NA,NA,NA,NA,NA,NA,NA,NA,NA,NA,1,Sheep/goat
8890,Veneto,Bronze Age,BA.R,BM-R,BA.Late,NA,Terranegra,Depellegrin & Tecchiati - BR,61,Sheep/goat,O,TI,Tibia,NA,NA,NA,NA,NA,NA,NA,NA,25.1,NA,NA,NA,NA,NA,NA,NA,NA,NA,NA,NA,NA,NA,NA,NA,Sheep/goat
8891,Veneto,Bronze Age,BA.R,BM-R,BA.Late,NA,Terranegra,Depellegrin & Tecchiati - BR,61,Sheep/goat,O,TI,Tibia,NA,NA,NA,NA,NA,14.8,NA,NA,26.8,NA,NA,NA,NA,NA,NA,NA,NA,NA,NA,NA,NA,NA,NA,NA,Sheep/goat
8892,Veneto,Bronze Age,BA.R,BM-R,BA.Late,NA,Terranegra,Depellegrin & Tecchiati - BR,61,Sheep/goat,O,TI,Tibia,NA,NA,NA,NA,NA,13.3,NA,NA,25.1,NA,NA,NA,NA,NA,NA,NA,NA,NA,NA,NA,NA,NA,NA,NA,Sheep/goat
8893,Veneto,Bronze Age,BA.R,BM-R,BA.Late,NA,Terranegra,Depellegrin & Tecchiati - BR,61,Sheep/goat,O,TI,Tibia,NA,NA,NA,NA,NA,NA,NA,NA,25,NA,NA,NA,NA,NA,NA,NA,NA,NA,NA,NA,NA,NA,NA,NA,Sheep/goat
8894,Veneto,Bronze Age,BA.R,BM-R,BA.Late,NA,Terranegra,Depellegrin & Tecchiati - BR,61,Sheep/goat,O,TI,Tibia,NA,NA,NA,NA,NA,25.3,NA,NA,26.8,NA,NA,NA,NA,NA,NA,NA,NA,NA,NA,NA,NA,NA,NA,NA,Sheep/goat
8895,Veneto,Bronze Age,BA.R,BM-R,BA.Late,NA,Terranegra,Depellegrin & Tecchiati - BR,61,Sheep/goat,O,TI,Tibia,NA,NA,NA,NA,NA,15.1,NA,NA,29.5,NA,NA,NA,NA,NA,NA,NA,NA,NA,NA,NA,NA,NA,NA,NA,Sheep/goat
8896,Veneto,Bronze Age,BA.R,BM-R,BA.Late,NA,Terranegra,Depellegrin & Tecchiati - BR,61,Sheep/goat,O,TI,Tibia,NA,NA,NA,NA,NA,11.1,NA,NA,22.4,NA,NA,NA,NA,NA,NA,NA,NA,NA,NA,NA,NA,NA,NA,*,Sheep/goat
8897,Veneto,Bronze Age,BA.R,BM-R,BA.Late,NA,Terranegra,Depellegrin & Tecchiati - BR,61,Sheep/goat,O,TI,Tibia,NA,NA,NA,NA,NA,NA,NA,NA,25,NA,NA,NA,NA,NA,NA,NA,NA,NA,NA,NA,NA,NA,NA,NA,Sheep/goat
8898,Veneto,Bronze Age,BA.R,BM-R,BA.Late,NA,Terranegra,Depellegrin & Tecchiati - BR,61,Sheep/goat,O,TI,Tibia,NA,NA,NA,NA,NA,13.4,NA,NA,26.8,NA,NA,NA,NA,NA,NA,NA,NA,NA,NA,NA,NA,NA,NA,NA,Sheep/goat
8899,Veneto,Bronze Age,BA.R,BM-R,BA.Late,NA,Terranegra,Depellegrin & Tecchiati - BR,61,Sheep/goat,O,TI,Tibia,NA,NA,NA,NA,NA,13.8,NA,NA,24,NA,NA,NA,NA,NA,NA,NA,NA,NA,NA,NA,NA,NA,NA,NA,Sheep/goat
8900,Veneto,Bronze Age,BA.R,BM-R,BA.Late,NA,Terranegra,Depellegrin & Tecchiati - BR,61,Sheep/goat,O,TI,Tibia,NA,NA,NA,NA,NA,15,NA,NA,26.1,NA,NA,NA,NA,NA,NA,NA,NA,NA,NA,NA,NA,NA,NA,NA,Sheep/goat
8901,Veneto,Bronze Age,BA.R,BM-R,BA.Late,NA,Terranegra,Depellegrin & Tecchiati - BR,61,Sheep/goat,O,TI,Tibia,NA,NA,NA,NA,NA,16.6,NA,NA,27.9,NA,NA,NA,NA,NA,NA,NA,NA,NA,NA,NA,NA,NA,NA,NA,Sheep/goat
8902,Veneto,Iron Age,IA1-IA2,IA1,IA.Mid,NA,Terranegra,Depellegrin & Tecchiati - IA,156,Sheep/goat,O,TI,Tibia,NA,NA,NA,NA,NA,14.1,NA,NA,26,NA,NA,NA,NA,NA,NA,NA,NA,NA,NA,NA,NA,NA,NA,NA,Sheep/goat
8903,Veneto,Iron Age,IA1-IA2,IA1,IA.Mid,NA,Terranegra,Depellegrin & Tecchiati - IA,156,Sheep/goat,O,TI,Tibia,NA,NA,NA,NA,NA,NA,NA,NA,21.4,NA,NA,NA,NA,NA,NA,NA,NA,NA,NA,NA,NA,NA,NA,NA,Sheep/goat
8904,Veneto,Iron Age,IA1-IA2,IA1,IA.Mid,NA,Terranegra,Depellegrin & Tecchiati - IA,156,Sheep/goat,O,TI,Tibia,NA,NA,NA,NA,NA,NA,NA,NA,24.7,NA,NA,NA,NA,NA,NA,NA,NA,NA,NA,NA,NA,NA,NA,NA,Sheep/goat
8905,Veneto,Iron Age,IA1-IA2,IA1,IA.Mid,NA,Terranegra,Depellegrin & Tecchiati - IA,156,Sheep/goat,O,TI,Tibia,NA,NA,NA,NA,NA,NA,NA,NA,30.3,NA,NA,NA,NA,NA,NA,NA,NA,NA,NA,NA,NA,NA,NA,NA,Sheep/goat
8906,Veneto,Iron Age,IA1-IA2,IA1,IA.Mid,NA,Terranegra,Depellegrin & Tecchiati - IA,156,Sheep/goat,O,TI,Tibia,NA,NA,NA,NA,NA,NA,NA,NA,27.6,NA,NA,NA,NA,NA,NA,NA,NA,NA,NA,NA,NA,NA,NA,NA,Sheep/goat
8907,Veneto,Iron Age,IA1-IA2,IA1,IA.Mid,NA,Terranegra,Depellegrin & Tecchiati - IA,156,Sheep/goat,O,TI,Tibia,NA,NA,NA,NA,NA,15.1,NA,NA,25.4,NA,NA,NA,NA,NA,NA,NA,NA,NA,NA,NA,NA,NA,NA,NA,Sheep/goat
8908,Veneto,Iron Age,IA1-IA2,IA1,IA.Mid,NA,Terranegra,Depellegrin & Tecchiati - IA,156,Sheep/goat,O,TI,Tibia,NA,NA,NA,NA,NA,15.4,NA,NA,25.4,NA,NA,NA,NA,NA,NA,NA,NA,NA,NA,NA,NA,NA,NA,NA,Sheep/goat
8909,Veneto,Iron Age,IA1-IA2,IA1,IA.Mid,NA,Terranegra,Depellegrin & Tecchiati - IA,156,Sheep/goat,O,TI,Tibia,NA,NA,NA,NA,NA,NA,NA,NA,23.1,NA,NA,NA,NA,NA,NA,NA,NA,NA,NA,NA,NA,NA,NA,NA,Sheep/goat
8910,Veneto,Iron Age,IA1-IA2,IA1,IA.Mid,NA,Terranegra,Depellegrin & Tecchiati - IA,156,Sheep/goat,O,TI,Tibia,NA,NA,NA,NA,NA,15,NA,NA,29.6,NA,NA,NA,NA,NA,NA,NA,NA,NA,NA,NA,NA,NA,NA,NA,Sheep/goat
8911,Veneto,Iron Age,IA1-IA2,IA1,IA.Mid,NA,Terranegra,Depellegrin & Tecchiati - IA,156,Sheep/goat,O,TI,Tibia,NA,NA,NA,NA,NA,13.9,NA,NA,NA,NA,NA,NA,NA,NA,NA,NA,NA,NA,NA,NA,NA,NA,NA,NA,Sheep/goat
8912,Veneto,Iron Age,IA1-IA2,IA1,IA.Mid,NA,Terranegra,Depellegrin & Tecchiati - IA,156,Sheep/goat,O,TI,Tibia,NA,NA,NA,NA,NA,13.2,NA,NA,27.8,NA,NA,NA,NA,NA,NA,NA,NA,NA,NA,NA,NA,NA,NA,NA,Sheep/goat
8913,Veneto,Iron Age,IA1-IA2,IA1,IA.Mid,NA,Terranegra,Depellegrin & Tecchiati - IA,156,Sheep/goat,O,TI,Tibia,NA,NA,NA,NA,NA,NA,NA,NA,27.6,NA,NA,NA,NA,NA,NA,NA,NA,NA,NA,NA,NA,NA,NA,NA,Sheep/goat
9395,Friuli,Iron Age,IA2,IA2,IA.Late,NA,Gradisca,Iron Age II,170,Sheep/goat,O,TI,Tibia,NA,NA,NA,NA,NA,NA,NA,NA,25,17.6,NA,NA,NA,NA,NA,NA,NA,NA,NA,NA,NA,NA,NA,NA,Sheep/goat
9661,South,Roman,Rom.Early,Early,Roman.Early,NA,Modena,Cassa di Risparmio,132,Sheep/goat,O,TI,Tibia,NA,NA,NA,NA,NA,NA,NA,NA,25,18,NA,NA,NA,NA,NA,NA,NA,NA,NA,NA,NA,NA,NA,0.5,Sheep/goat
9741,South,Roman,Rom.Mid,Mid,Roman.Mid,NA,Spilamberto,Fase II,128,Sheep/goat,O,TI,Tibia,NA,NA,NA,NA,NA,NA,NA,NA,29,20.5,NA,NA,NA,NA,NA,NA,NA,NA,NA,NA,NA,NA,NA,0.5,Sheep/goat
9742,South,Roman,Rom.Mid,Mid,Roman.Mid,NA,Spilamberto,Fase II,128,Sheep/goat,O,TI,Tibia,NA,NA,NA,NA,NA,NA,NA,NA,27,21.5,NA,NA,NA,NA,NA,NA,NA,NA,NA,NA,NA,NA,NA,0.5,Sheep/goat
9743,South,Roman,Rom.Mid,Mid,Roman.Mid,NA,Spilamberto,Fase II,128,Sheep/goat,O,TI,Tibia,NA,NA,NA,NA,NA,NA,NA,NA,27.5,20.5,NA,NA,NA,NA,NA,NA,NA,NA,NA,NA,NA,NA,NA,0.5,Sheep/goat
9744,South,Roman,Rom.M-L,Mid-Late,Roman.Mid-Late,NA,Spilamberto,Fase III,209,Sheep/goat,O,TI,Tibia,NA,NA,NA,NA,NA,NA,NA,NA,28,20,NA,NA,NA,NA,NA,NA,NA,NA,NA,NA,NA,NA,NA,0.5,Sheep/goat
9745,South,Roman,Rom.M-L,Mid-Late,Roman.Mid-Late,NA,Spilamberto,Fase III,209,Sheep/goat,O,TI,Tibia,NA,NA,NA,NA,NA,NA,NA,NA,26,19,NA,NA,NA,NA,NA,NA,NA,NA,NA,NA,NA,NA,NA,0.5,Sheep/goat
9746,South,Roman,Rom.M-L,Mid-Late,Roman.Mid-Late,NA,Spilamberto,Fase III,209,Sheep/goat,O,TI,Tibia,NA,NA,NA,NA,NA,NA,NA,NA,27,18,NA,NA,NA,NA,NA,NA,NA,NA,NA,NA,NA,NA,NA,0.5,Sheep/goat
9857,Veneto,Roman,Rom.Mid,Mid,Roman.Mid,NA,Ca Tron,sito M,189,Sheep/goat,O,TI,Tibia,NA,NA,NA,NA,NA,NA,NA,NA,25.3,NA,NA,NA,NA,NA,NA,NA,NA,NA,NA,NA,NA,NA,NA,NA,Sheep/goat
9858,Veneto,Roman,Rom.Mid,Mid,Roman.Mid,NA,Ca Tron,sito M,189,Sheep/goat,O,TI,Tibia,NA,NA,NA,NA,NA,NA,NA,NA,26.2,NA,NA,NA,NA,NA,NA,NA,NA,NA,NA,NA,NA,NA,NA,NA,Sheep/goat
10268,Friuli,Roman,Rom.Late,Late,Roman.Late,NA,Aquileia,area a est del foro - Riedel 1994,175,Sheep/goat,O,TI,Tibia,NA,NA,NA,NA,NA,NA,NA,NA,27,NA,NA,NA,NA,NA,NA,NA,NA,NA,NA,NA,NA,NA,NA,NA,Sheep/goat
10269,Friuli,Roman,Rom.Late,Late,Roman.Late,NA,Aquileia,area a est del foro - Riedel 1994,175,Sheep/goat,O,TI,Tibia,NA,NA,NA,NA,NA,NA,NA,NA,29.5,NA,NA,NA,NA,NA,NA,NA,NA,NA,NA,NA,NA,NA,NA,NA,Sheep/goat
11340,Friuli,Bronze Age,BA.R,BRF-IA0,BA.Late,NA,Rividischia,Cjamps dai Cjastilirs,248,Sheep/goat,O,TI,Tibia,NA,NA,NA,NA,NA,NA,NA,NA,22.4,NA,NA,NA,NA,NA,NA,NA,NA,NA,NA,NA,NA,NA,NA,NA,Sheep/goat
11474,Veneto,Roman,Rom.M-L,Mid-Late,Roman.Mid-Late,NA,Torcello,Late Imperial II-VIII 2nd-4th c. AD,256,Sheep/goat,O,TI,Tibia,NA,NA,NA,NA,NA,NA,NA,NA,25,NA,NA,NA,NA,NA,NA,NA,NA,NA,NA,NA,NA,NA,NA,NA,Sheep/goat
12362,South,Roman,Rom.Early,Early,Roman.Early,NA,Calvatone,Wilkens - Bio data from academia,253,Sheep/goat,O,TI,Tibia,NA,NA,NA,NA,NA,NA,NA,NA,26.1,19.7,NA,NA,NA,NA,NA,NA,NA,NA,NA,NA,NA,NA,NA,NA,Sheep/goat
12363,South,Roman,Rom.Early,Early,Roman.Early,NA,Calvatone,Wilkens - Bio data from academia,253,Sheep/goat,O,TI,Tibia,NA,NA,NA,NA,NA,NA,NA,NA,29.3,23.5,NA,NA,NA,NA,NA,NA,NA,NA,NA,NA,NA,NA,NA,NA,Sheep/goat
12364,South,Roman,Rom.Early,Early,Roman.Early,NA,Calvatone,Wilkens - Bio data from academia,253,Sheep/goat,O,TI,Tibia,NA,NA,NA,NA,NA,NA,NA,NA,28,NA,NA,NA,NA,NA,NA,NA,NA,NA,NA,NA,NA,NA,NA,NA,Sheep/goat
12365,South,Roman,Rom.Early,Early,Roman.Early,NA,Calvatone,Wilkens - Bio data from academia,253,Sheep/goat,O,TI,Tibia,NA,NA,NA,NA,NA,NA,NA,NA,25.8,20.1,NA,NA,NA,NA,NA,NA,NA,NA,NA,NA,NA,NA,NA,NA,Sheep/goat
12366,South,Roman,Rom.Early,Early,Roman.Early,NA,Calvatone,Wilkens - Bio data from academia,253,Sheep/goat,O,TI,Tibia,NA,NA,NA,NA,NA,NA,NA,NA,27,NA,NA,NA,NA,NA,NA,NA,NA,NA,NA,NA,NA,NA,NA,NA,Sheep/goat
12367,South,Roman,Rom.Early,Early,Roman.Early,NA,Calvatone,Wilkens - Bio data from academia,253,Sheep/goat,O,TI,Tibia,NA,NA,NA,NA,NA,NA,NA,NA,26,21.1,NA,NA,NA,NA,NA,NA,NA,NA,NA,NA,NA,NA,NA,NA,Sheep/goat
1517,South,Iron Age,IA2,IA2,IA.Late,NA,Casale di Rivalta,NA,71,Wild boar,SS,AS,Astragalus,NA,50.2,48,NA,NA,NA,NA,NA,NA,NA,NA,NA,NA,NA,NA,NA,NA,NA,NA,NA,NA,NA,NA,NA,Wildboar
2645,Appennine,Bronze Age,BA.M,BM-R,BA.Middle,NA,Solarolo,via Odriere Settore 1,123,Wild boar,SS,AS,Astragalus,NA,52.5,27,NA,NA,NA,NA,NA,NA,NA,NA,NA,NA,NA,NA,NA,NA,NA,NA,NA,NA,NA,NA,NA,Wildboar
2722,South,Bronze Age,BA.M,BM-R,BA.Middle,NA,Baggiovara,Opera Pia Bianchi,121,Wild boar,SS,AS,Astragalus,NA,50.7,52.7,NA,NA,NA,NA,27,31.5,NA,NA,NA,NA,NA,NA,NA,NA,NA,NA,NA,NA,NA,NA,NA,Wildboar
2723,South,Bronze Age,BA.M,BM-R,BA.Middle,NA,Baggiovara,Opera Pia Bianchi,121,Wild boar,SS,AS,Astragalus,NA,44.9,43.6,NA,NA,NA,NA,25.5,29,NA,NA,NA,NA,NA,NA,NA,NA,NA,NA,NA,NA,NA,NA,NA,Wildboar
4196,South,Bronze Age,BA.M,BM-R,BA.Middle,NA,Poviglio,Villaggio piccolo - MBA,26,Wild boar,SS,AS,Astragalus,NA,50.5,NA,NA,NA,NA,NA,NA,NA,NA,NA,NA,NA,NA,NA,NA,NA,NA,NA,NA,NA,NA,NA,NA,Wildboar
4197,South,Bronze Age,BA.M,BM-R,BA.Middle,NA,Poviglio,Villaggio piccolo - MBA,26,Wild boar,SS,AS,Astragalus,NA,52.6,NA,NA,NA,NA,NA,NA,NA,NA,NA,NA,NA,NA,NA,NA,NA,NA,NA,NA,NA,NA,NA,NA,Wildboar
7868,North,Bronze Age,BA.M,BM-R,BA.Middle,NA,Nogarole Rocca,I Camponi,17,Wild boar,SS,AS,Astragalus,NA,53.6,NA,NA,NA,NA,NA,NA,NA,NA,NA,NA,NA,NA,NA,NA,NA,NA,NA,NA,NA,NA,NA,NA,Wildboar
9227,Veneto,Iron Age,IA1-IA2,IA1,IA.Mid,NA,Terranegra,Depellegrin & Tecchiati - IA,156,Wild boar,SS,AS,Astragalus,NA,53.1,47.9,NA,NA,NA,NA,NA,NA,NA,NA,NA,NA,NA,NA,NA,NA,NA,NA,NA,NA,NA,NA,NA,Wildboar
481,North,Iron Age,IA2,IA2,IA.Late,NA,Colognola ai Colli,NA,54,Wild boar,SS,CA,Calcaneum,98.5,NA,NA,NA,NA,NA,NA,NA,NA,NA,NA,NA,NA,NA,NA,NA,25.6,NA,NA,NA,NA,NA,NA,NA,Wildboar
2644,Appennine,Bronze Age,BA.M,BM-R,BA.Middle,NA,Solarolo,via Odriere Settore 1,123,Wild boar,SS,CA,Calcaneum,99,NA,NA,NA,NA,NA,NA,NA,NA,NA,NA,NA,NA,NA,NA,NA,29.5,NA,NA,NA,NA,NA,NA,NA,Wildboar
2726,South,Bronze Age,BA.M,BM-R,BA.Middle,NA,Baggiovara,Opera Pia Bianchi,121,Wild boar,SS,CA,Calcaneum,106.2,NA,NA,NA,NA,NA,NA,NA,NA,NA,NA,NA,NA,NA,NA,NA,30,NA,NA,NA,NA,NA,NA,NA,Wildboar
4632,North,Bronze Age,BA.M,BM-R,BA.Middle,NA,Muraiola,NA,13,Wild boar,SS,CA,Calcaneum,109.9,NA,NA,NA,NA,NA,NA,NA,NA,NA,NA,NA,NA,NA,NA,NA,NA,NA,NA,NA,NA,NA,NA,NA,Wildboar
7869,North,Bronze Age,BA.M,BM-R,BA.Middle,NA,Nogarole Rocca,I Camponi,17,Wild boar,SS,CA,Calcaneum,90,NA,NA,NA,NA,NA,NA,NA,NA,NA,NA,NA,NA,NA,NA,NA,NA,NA,NA,NA,NA,NA,NA,NA,Wildboar
7870,North,Bronze Age,BA.M,BM-R,BA.Middle,NA,Nogarole Rocca,I Camponi,17,Wild boar,SS,CA,Calcaneum,96,NA,NA,NA,NA,NA,NA,NA,NA,NA,NA,NA,NA,NA,NA,NA,NA,NA,NA,NA,NA,NA,NA,NA,Wildboar
7871,North,Bronze Age,BA.M,BM-R,BA.Middle,NA,Nogarole Rocca,I Camponi,17,Wild boar,SS,CA,Calcaneum,106.5,NA,NA,NA,NA,NA,NA,NA,NA,NA,NA,NA,NA,NA,NA,NA,NA,NA,NA,NA,NA,NA,NA,NA,Wildboar
8697,Veneto,Bronze Age,BA.R,BM-R,BA.Late,NA,Amolara,NA,150,Wild boar,SS,CA,Calcaneum,102,NA,NA,NA,NA,NA,NA,NA,NA,NA,NA,NA,NA,NA,NA,NA,25,NA,NA,NA,NA,NA,NA,1,Wildboar
2841,Appennine,Iron Age,IA1,IA1,IA.Mid,NA,Verucchio,Scavo 1963,80,Wild boar,SS,FE,Femur,NA,NA,NA,NA,NA,NA,NA,NA,48.5,NA,NA,NA,NA,NA,NA,NA,NA,NA,NA,NA,NA,NA,NA,NA,Wildboar
4630,North,Bronze Age,BA.M,BM-R,BA.Middle,NA,Muraiola,NA,13,Wild boar,SS,FE,Femur,NA,NA,NA,48.6,NA,NA,NA,NA,NA,NA,NA,NA,NA,NA,NA,NA,NA,NA,NA,NA,NA,NA,NA,NA,Wildboar
4631,North,Bronze Age,BA.M,BM-R,BA.Middle,NA,Muraiola,NA,13,Wild boar,SS,FE,Femur,NA,NA,NA,54.3,NA,NA,NA,NA,NA,NA,NA,NA,NA,NA,NA,NA,NA,NA,NA,NA,NA,NA,NA,NA,Wildboar
10213,Friuli,Roman,Rom.Late,Late,Roman.Late,NA,Aquileia,area a est del foro - Riedel 1994,175,Wild boar,SS,FE,Femur,NA,NA,NA,NA,NA,NA,NA,NA,58,NA,NA,NA,NA,NA,NA,NA,NA,NA,NA,NA,NA,NA,NA,NA,Wildboar
2953,South,Iron Age,IA2,IA2,IA.Late,NA,Mirandola,Barchessone Cappello,83,Wild boar,SS,HU,Humerus,NA,NA,NA,NA,NA,NA,NA,NA,NA,NA,40.5,NA,NA,NA,NA,NA,NA,NA,NA,NA,NA,NA,NA,NA,Wildboar
2954,South,Iron Age,IA2,IA2,IA.Late,NA,Mirandola,Barchessone Cappello,83,Wild boar,SS,HU,Humerus,NA,NA,NA,NA,NA,NA,NA,NA,49.8,NA,40.4,NA,NA,NA,NA,NA,NA,NA,NA,NA,NA,NA,NA,NA,Wildboar
4190,South,Bronze Age,BA.M,BM-R,BA.Middle,NA,Poviglio,Villaggio piccolo - MBA,26,Wild boar,SS,HU,Humerus,NA,NA,NA,NA,NA,NA,NA,NA,55.5,NA,NA,NA,NA,NA,NA,NA,NA,NA,NA,NA,NA,NA,NA,NA,Wildboar
4191,South,Bronze Age,BA.M,BM-R,BA.Middle,NA,Poviglio,Villaggio piccolo - MBA,26,Wild boar,SS,HU,Humerus,NA,NA,NA,NA,NA,NA,NA,NA,55.7,NA,NA,NA,NA,NA,NA,NA,NA,NA,NA,NA,NA,NA,NA,NA,Wildboar
4245,Veneto,Bronze Age,BA.M,BM-R,BA.Middle,NA,Tombola,NA,146,Wild boar,SS,HU,Humerus,NA,NA,NA,NA,NA,17,NA,NA,38,NA,31,NA,NA,NA,NA,NA,NA,NA,NA,NA,NA,NA,NA,1,Wildboar
4439,North,Bronze Age,BA.R,BM-R,BA.Late,NA,Bovolone,Bertoloni et al. 2015,125,Wild boar,SS,HU,Humerus,NA,NA,NA,NA,NA,16,NA,NA,NA,NA,NA,NA,NA,NA,NA,NA,NA,NA,NA,NA,NA,NA,NA,1,Wildboar
4440,North,Bronze Age,BA.R,BM-R,BA.Late,NA,Bovolone,Bertoloni et al. 2015,125,Wild boar,SS,HU,Humerus,NA,NA,NA,NA,NA,13,NA,NA,NA,NA,29,NA,NA,NA,NA,NA,NA,NA,NA,NA,NA,NA,NA,1,Wildboar
4441,North,Bronze Age,BA.R,BM-R,BA.Late,NA,Bovolone,Bertoloni et al. 2015,125,Wild boar,SS,HU,Humerus,NA,NA,NA,NA,NA,15,NA,NA,NA,NA,NA,NA,NA,NA,NA,NA,NA,NA,NA,NA,NA,NA,NA,1,Wildboar
4442,North,Bronze Age,BA.R,BM-R,BA.Late,NA,Bovolone,Bertoloni et al. 2015,125,Wild boar,SS,HU,Humerus,NA,NA,NA,NA,NA,NA,NA,NA,39,NA,NA,NA,NA,NA,NA,NA,NA,NA,NA,NA,NA,NA,NA,1,Wildboar
4624,North,Bronze Age,BA.M,BM-R,BA.Middle,NA,Muraiola,NA,13,Wild boar,SS,HU,Humerus,NA,NA,NA,81.6,NA,NA,NA,NA,NA,NA,NA,NA,NA,NA,NA,NA,NA,NA,NA,NA,NA,NA,NA,NA,Wildboar
4625,North,Bronze Age,BA.M,BM-R,BA.Middle,NA,Muraiola,NA,13,Wild boar,SS,HU,Humerus,NA,NA,NA,NA,NA,NA,NA,NA,49,NA,NA,NA,NA,NA,NA,NA,NA,NA,NA,NA,NA,NA,NA,NA,Wildboar
7856,North,Bronze Age,BA.M,BM-R,BA.Middle,NA,Nogarole Rocca,I Camponi,17,Wild boar,SS,HU,Humerus,NA,NA,NA,59.7,81.4,NA,NA,NA,NA,NA,NA,NA,NA,NA,NA,NA,NA,NA,NA,NA,NA,NA,NA,NA,Wildboar
8692,Veneto,Bronze Age,BA.R,BM-R,BA.Late,NA,Amolara,NA,150,Wild boar,SS,HU,Humerus,NA,NA,NA,NA,NA,16,NA,NA,31,NA,NA,NA,NA,NA,NA,NA,NA,NA,NA,NA,NA,NA,NA,1,Wildboar
8693,Veneto,Bronze Age,BA.R,BM-R,BA.Late,NA,Amolara,NA,150,Wild boar,SS,HU,Humerus,NA,NA,NA,NA,NA,NA,NA,NA,37,NA,NA,NA,NA,NA,NA,NA,NA,NA,NA,NA,NA,NA,NA,1,Wildboar
10729,Friuli,Roman,Rom.Early,Early,Roman.Early,NA,Trieste,Crosada - Phase 2,235,Wild boar,SS,HU,Humerus,NA,NA,NA,67.4,NA,NA,NA,NA,NA,NA,NA,NA,NA,NA,NA,NA,NA,NA,NA,NA,NA,NA,NA,NA,Wildboar
10730,Friuli,Roman,Rom.Early,Early,Roman.Early,NA,Trieste,Crosada - Phase 2,235,Wild boar,SS,HU,Humerus,NA,NA,NA,NA,NA,NA,NA,NA,50,NA,NA,NA,NA,NA,NA,NA,NA,NA,NA,Estimated,NA,NA,NA,NA,Wildboar
2730,Appennine,Bronze Age,BA.M-R,BM-R,BA.Middle-Late,NA,Riccione,IperCoop,129,Wild boar,SS,MCIII,Metacarpal III,97.6,NA,NA,28.1,NA,NA,NA,NA,23.8,NA,NA,NA,NA,NA,NA,NA,NA,NA,NA,NA,NA,NA,NA,NA,Wildboar
4633,North,Bronze Age,BA.M,BM-R,BA.Middle,NA,Muraiola,NA,13,Wild boar,SS,MCIII,Metacarpal III,91.4,NA,NA,NA,NA,NA,NA,NA,21.7,NA,NA,NA,NA,NA,NA,NA,NA,NA,NA,NA,NA,NA,NA,NA,Wildboar
4634,North,Bronze Age,BA.M,BM-R,BA.Middle,NA,Muraiola,NA,13,Wild boar,SS,MCIII,Metacarpal III,96.4,NA,NA,NA,NA,NA,NA,NA,22.3,NA,NA,NA,NA,NA,NA,NA,NA,NA,NA,NA,NA,NA,NA,NA,Wildboar
7859,North,Bronze Age,BA.M,BM-R,BA.Middle,NA,Nogarole Rocca,I Camponi,17,Wild boar,SS,MCIII,Metacarpal III,89.3,NA,NA,NA,NA,NA,NA,NA,21,NA,NA,NA,NA,NA,NA,NA,NA,NA,NA,NA,NA,NA,NA,NA,Wildboar
7861,North,Bronze Age,BA.M,BM-R,BA.Middle,NA,Nogarole Rocca,I Camponi,17,Wild boar,SS,MCIII,Metacarpal III,104.2,NA,NA,NA,NA,NA,NA,NA,24.7,NA,NA,NA,NA,NA,NA,NA,NA,NA,NA,NA,NA,NA,NA,NA,Wildboar
8694,Veneto,Bronze Age,BA.R,BM-R,BA.Late,NA,Amolara,NA,150,Wild boar,SS,MCIII,Metacarpal III,NA,NA,NA,NA,NA,NA,NA,NA,17,NA,NA,NA,NA,NA,NA,NA,NA,NA,NA,NA,NA,NA,NA,1,Wildboar
9228,Veneto,Iron Age,IA1-IA2,IA1,IA.Mid,NA,Terranegra,Depellegrin & Tecchiati - IA,156,Wild boar,SS,MCIII,Metacarpal III,NA,NA,NA,21.3,NA,NA,NA,NA,NA,NA,NA,NA,NA,NA,NA,NA,NA,NA,NA,NA,NA,NA,NA,NA,Wildboar
9229,Veneto,Iron Age,IA1-IA2,IA1,IA.Mid,NA,Terranegra,Depellegrin & Tecchiati - IA,156,Wild boar,SS,MCIII,Metacarpal III,100.1,NA,NA,25.8,NA,NA,NA,NA,24,NA,NA,NA,NA,NA,NA,NA,NA,NA,NA,NA,NA,NA,NA,NA,Wildboar
10731,Friuli,Roman,Rom.Early,Early,Roman.Early,NA,Trieste,Crosada - Phase 2,235,Wild boar,SS,MCIII,Metacarpal III,99.8,NA,NA,28.2,NA,20.1,NA,NA,26.7,NA,NA,NA,NA,NA,NA,NA,NA,NA,NA,NA,Bd large but appears in publication like this,NA,NA,NA,Wildboar
NA,Appennine,Bronze Age,BA.M-R,BM-R,BA.Middle-Late,NA,Case Missiroli,NA,453,Wild boar,SS,MCIII,Metacarpal III,NA,NA,NA,22.6,NA,NA,NA,NA,NA,NA,NA,NA,NA,NA,NA,NA,NA,NA,NA,NA,NA,NA,NA,NA,Wildboar
3002,South,Iron Age,IA2,IA2,IA.Late,ExNISP,Monte Bibele,Just Ambiente/Casa 14,79,Wild boar,SS,MCIV,Metacarpal IV,85,NA,NA,NA,NA,13,NA,NA,19,NA,NA,NA,NA,NA,NA,NA,NA,NA,NA,NA,NA,NA,NA,NA,Wildboar
3463,North,Iron Age,IA2,IA2,IA.Late,NA,Colognola ai Colli,NA,54,Wild boar,SS,MCIV,Metacarpal IV,101,NA,NA,NA,NA,NA,NA,NA,22.3,NA,NA,NA,NA,NA,NA,NA,NA,NA,NA,NA,NA,NA,NA,NA,Wildboar
3464,North,Iron Age,IA2,IA2,IA.Late,NA,Colognola ai Colli,NA,54,Wild boar,SS,MCIV,Metacarpal IV,NA,NA,NA,NA,NA,NA,NA,NA,22.4,NA,NA,NA,NA,NA,NA,NA,NA,NA,NA,NA,NA,NA,NA,NA,Wildboar
4443,North,Bronze Age,BA.R,BM-R,BA.Late,NA,Bovolone,Bertoloni et al. 2015,125,Wild boar,SS,MCIV,Metacarpal IV,NA,NA,NA,14,NA,NA,NA,NA,NA,NA,NA,NA,NA,NA,NA,NA,NA,NA,NA,NA,NA,NA,NA,1,Wildboar
7862,North,Bronze Age,BA.M,BM-R,BA.Middle,NA,Nogarole Rocca,I Camponi,17,Wild boar,SS,MCIV,Metacarpal IV,94.2,NA,NA,NA,NA,NA,NA,NA,21,NA,NA,NA,NA,NA,NA,NA,NA,NA,NA,NA,NA,NA,NA,NA,Wildboar
7863,North,Bronze Age,BA.M,BM-R,BA.Middle,NA,Nogarole Rocca,I Camponi,17,Wild boar,SS,MCIV,Metacarpal IV,97.2,NA,NA,NA,NA,NA,NA,NA,23,NA,NA,NA,NA,NA,NA,NA,NA,NA,NA,NA,NA,NA,NA,NA,Wildboar
7864,North,Bronze Age,BA.M,BM-R,BA.Middle,NA,Nogarole Rocca,I Camponi,17,Wild boar,SS,MCIV,Metacarpal IV,106.7,NA,NA,NA,NA,NA,NA,NA,24.2,NA,NA,NA,NA,NA,NA,NA,NA,NA,NA,NA,NA,NA,NA,*,Wildboar
9441,Friuli,Iron Age,IA0-IA1,BRF-IA0,IA.Early,NA,Pozzuolo,Excavations 1980-83 Final Bronze-Iron Age,55,Wild boar,SS,MCIV,Metacarpal IV,99,NA,NA,23.5,NA,NA,NA,NA,23.2,NA,NA,NA,NA,NA,NA,NA,NA,NA,NA,Petrucci,NA,NA,NA,NA,Wildboar
2724,South,Bronze Age,BA.M,BM-R,BA.Middle,NA,Baggiovara,Opera Pia Bianchi,121,Wild boar,SS,MTIII,Metatarsal III,NA,NA,NA,18.6,NA,NA,NA,NA,NA,NA,NA,NA,NA,NA,NA,NA,NA,NA,NA,NA,NA,NA,NA,NA,Wildboar
8698,Veneto,Bronze Age,BA.R,BM-R,BA.Late,NA,Amolara,NA,150,Wild boar,SS,MTIII,Metatarsal III,109,NA,NA,NA,NA,NA,NA,NA,21,NA,NA,NA,NA,NA,NA,NA,NA,NA,NA,NA,NA,NA,NA,1,Wildboar
NA,South,Bronze Age,BA.M-R,BM-R,BA.Middle-Late,NA,Montirone,NA,442,Wild boar,SS,MTIII,Metatarsal III,NA,NA,NA,16.4,NA,NA,NA,NA,18.1,NA,NA,NA,NA,NA,NA,NA,NA,NA,NA,NA,NA,NA,NA,NA,Wildboar
3698,Friuli,Iron Age,IA0-IA1,BRF-IA0,IA.Early,NA,Pozzuolo,Excavations 1980-83 Final Bronze-Iron Age,55,Wild boar,SS,MTIV,Metatarsal IV,105,NA,NA,NA,NA,NA,NA,NA,24.7,NA,NA,NA,NA,NA,NA,NA,NA,NA,NA,NA,NA,NA,NA,NA,Wildboar
8699,Veneto,Bronze Age,BA.R,BM-R,BA.Late,NA,Amolara,NA,150,Wild boar,SS,MTIV,Metatarsal IV,97,NA,NA,14,NA,NA,NA,NA,17,NA,NA,NA,NA,NA,NA,NA,NA,NA,NA,NA,NA,NA,NA,1,Wildboar
10777,Friuli,Roman,Rom,Mid,Roman.Mid,Rit,Trieste,*Crosada - Phase 4c,178,Wild boar,SS,MTIV,Metatarsal IV,NA,NA,NA,29,NA,NA,NA,NA,NA,NA,NA,NA,NA,NA,NA,NA,NA,NA,NA,NA,NA,NA,NA,NA,Wildboar
NA,Veneto,Iron Age,IA1,IA1,IA.Mid,NA,Padova,"Via S. Canziano, phases I-III",466,Wild boar,SS,MTIV,Metatarsal IV,118.4,NA,NA,18.6,NA,18.1,NA,NA,22.7,NA,NA,NA,NA,NA,NA,NA,NA,NA,NA,NA,NA,NA,NA,NA,Wildboar
10732,Friuli,Roman,Rom.Early,Early,Roman.Early,NA,Trieste,Crosada - Phase 2,235,Wild boar,SS,P1,Phalanx I,46.7,NA,NA,25.3,NA,19.2,NA,NA,21.2,NA,NA,NA,NA,NA,NA,NA,NA,NA,NA,NA,NA,NA,NA,NA,Wildboar
1516,South,Iron Age,IA2,IA2,IA.Late,NA,Casale di Rivalta,NA,71,Wild boar,SS,RA,Radius,NA,NA,NA,42.8,NA,NA,NA,NA,NA,NA,NA,NA,NA,NA,NA,NA,NA,NA,NA,NA,NA,NA,NA,NA,Wildboar
3462,North,Iron Age,IA2,IA2,IA.Late,NA,Colognola ai Colli,NA,54,Wild boar,SS,RA,Radius,NA,NA,NA,34.2,NA,NA,NA,NA,NA,NA,NA,NA,NA,NA,NA,NA,NA,NA,NA,NA,NA,NA,NA,NA,Wildboar
4192,South,Bronze Age,BA.M,BM-R,BA.Middle,NA,Poviglio,Villaggio piccolo - MBA,26,Wild boar,SS,RA,Radius,NA,NA,NA,44,NA,NA,NA,NA,NA,NA,NA,NA,NA,NA,NA,NA,NA,NA,NA,NA,NA,NA,NA,NA,Wildboar
4193,South,Bronze Age,BA.M,BM-R,BA.Middle,NA,Poviglio,Villaggio piccolo - MBA,26,Wild boar,SS,RA,Radius,NA,NA,NA,39.4,NA,NA,NA,NA,NA,NA,NA,NA,NA,NA,NA,NA,NA,NA,NA,NA,NA,NA,NA,NA,Wildboar
4626,North,Bronze Age,BA.M,BM-R,BA.Middle,NA,Muraiola,NA,13,Wild boar,SS,RA,Radius,NA,NA,NA,35.8,NA,NA,NA,NA,NA,NA,NA,NA,NA,NA,NA,NA,NA,NA,NA,NA,NA,NA,NA,NA,Wildboar
4627,North,Bronze Age,BA.M,BM-R,BA.Middle,NA,Muraiola,NA,13,Wild boar,SS,RA,Radius,NA,NA,NA,39.2,NA,NA,NA,NA,NA,NA,NA,NA,NA,NA,NA,NA,NA,NA,NA,NA,NA,NA,NA,NA,Wildboar
4628,North,Bronze Age,BA.M,BM-R,BA.Middle,NA,Muraiola,NA,13,Wild boar,SS,RA,Radius,NA,NA,NA,40.6,NA,NA,NA,NA,NA,NA,NA,NA,NA,NA,NA,NA,NA,NA,NA,NA,NA,NA,NA,NA,Wildboar
4629,North,Bronze Age,BA.M,BM-R,BA.Middle,NA,Muraiola,NA,13,Wild boar,SS,RA,Radius,NA,NA,NA,NA,NA,NA,NA,NA,49,NA,NA,NA,NA,NA,NA,NA,NA,NA,NA,NA,NA,NA,NA,NA,Wildboar
7857,North,Bronze Age,BA.M,BM-R,BA.Middle,NA,Nogarole Rocca,I Camponi,17,Wild boar,SS,RA,Radius,NA,NA,NA,37.6,NA,NA,NA,NA,NA,NA,NA,NA,NA,NA,NA,NA,NA,NA,NA,NA,NA,NA,NA,NA,Wildboar
7858,North,Bronze Age,BA.M,BM-R,BA.Middle,NA,Nogarole Rocca,I Camponi,17,Wild boar,SS,RA,Radius,NA,NA,NA,NA,NA,NA,NA,NA,42.2,NA,NA,NA,NA,NA,NA,NA,NA,NA,NA,NA,NA,NA,NA,*,Wildboar
11329,Friuli,Bronze Age,BA.R-F,BRF-IA0,BA.Late,NA,Udine,'Late Bronze Age',247,Wild boar,SS,RA,Radius,NA,NA,NA,40.3,NA,NA,NA,NA,NA,NA,NA,NA,NA,NA,NA,NA,NA,NA,NA,NA,NA,NA,NA,NA,Wildboar
NA,South,Bronze Age,BA.R,BM-R,BA.Late,NA,Monterenzio Vecchio,NA,446,Wild boar,SS,RA,Radius,NA,NA,NA,41.5,NA,NA,NA,NA,NA,NA,NA,NA,NA,NA,NA,NA,NA,NA,NA,NA,NA,NA,NA,NA,Wildboar
478,North,Iron Age,IA2,IA2,IA.Late,NA,Colognola ai Colli,NA,54,Wild boar,SS,TI,Tibia,NA,NA,NA,NA,NA,NA,NA,NA,36,NA,NA,NA,NA,NA,NA,NA,NA,NA,NA,NA,NA,NA,NA,NA,Wildboar
479,North,Iron Age,IA2,IA2,IA.Late,NA,Colognola ai Colli,NA,54,Wild boar,SS,TI,Tibia,NA,NA,NA,NA,NA,NA,NA,NA,37.6,NA,NA,NA,NA,NA,NA,NA,NA,NA,NA,NA,NA,NA,NA,NA,Wildboar
480,North,Iron Age,IA2,IA2,IA.Late,NA,Colognola ai Colli,NA,54,Wild boar,SS,TI,Tibia,NA,NA,NA,NA,NA,NA,NA,NA,39.4,NA,NA,NA,NA,NA,NA,NA,NA,NA,NA,NA,NA,NA,NA,NA,Wildboar
2721,South,Bronze Age,BA.M,BM-R,BA.Middle,NA,Baggiovara,Opera Pia Bianchi,121,Wild boar,SS,TI,Tibia,NA,NA,NA,NA,NA,NA,NA,NA,37.2,29.8,NA,NA,NA,NA,NA,NA,NA,NA,NA,NA,NA,NA,NA,NA,Wildboar
2842,Appennine,Iron Age,IA1,IA1,IA.Mid,NA,Verucchio,Scavo 1963,80,Wild boar,SS,TI,Tibia,NA,NA,NA,NA,NA,NA,20,NA,37.5,35.6,NA,NA,NA,NA,NA,NA,NA,NA,NA,NA,NA,NA,NA,NA,Wildboar
4194,South,Bronze Age,BA.M,BM-R,BA.Middle,NA,Poviglio,Villaggio piccolo - MBA,26,Wild boar,SS,TI,Tibia,NA,NA,NA,38,NA,NA,NA,NA,NA,NA,NA,NA,NA,NA,NA,NA,NA,NA,NA,NA,NA,NA,NA,NA,Wildboar
4195,South,Bronze Age,BA.M,BM-R,BA.Middle,NA,Poviglio,Villaggio piccolo - MBA,26,Wild boar,SS,TI,Tibia,NA,NA,NA,39,NA,NA,NA,NA,NA,NA,NA,NA,NA,NA,NA,NA,NA,NA,NA,NA,NA,NA,NA,NA,Wildboar
7867,North,Bronze Age,BA.M,BM-R,BA.Middle,NA,Nogarole Rocca,I Camponi,17,Wild boar,SS,TI,Tibia,NA,NA,NA,NA,NA,NA,NA,NA,39.2,NA,NA,NA,NA,NA,NA,NA,NA,NA,NA,NA,NA,NA,NA,NA,Wildboar
9225,Veneto,Bronze Age,BA.R,BM-R,BA.Late,NA,Terranegra,Depellegrin & Tecchiati - BR,61,Wild boar,SS,TI,Tibia,NA,NA,NA,57.8,NA,NA,NA,NA,NA,NA,NA,NA,NA,NA,NA,NA,NA,NA,NA,NA,NA,NA,NA,NA,Wildboar
9226,Veneto,Bronze Age,BA.R,BM-R,BA.Late,NA,Terranegra,Depellegrin & Tecchiati - BR,61,Wild boar,SS,TI,Tibia,NA,NA,NA,NA,NA,NA,NA,NA,37.7,NA,NA,NA,NA,NA,NA,NA,NA,NA,NA,NA,NA,NA,NA,NA,Wildboar
11330,Friuli,Bronze Age,BA.R-F,BRF-IA0,BA.Late,NA,Udine,'Late Bronze Age',247,Wild boar,SS,TI,Tibia,NA,NA,NA,NA,NA,NA,NA,NA,41.5,NA,NA,NA,NA,NA,NA,NA,NA,NA,NA,NA,NA,NA,NA,NA,Wildboar
